URL,Repository URL,Labels URL,Comments URL,Events URL,HTML URL,ID,Node ID,Number,Title,User,Labels,State,Locked,Assignee,Assignees,Milestone,Comments,Created At,Updated At,Closed At,Author Association,Body
https://api.github.com/repos/snakemake/snakemake-interface-executor-plugins/issues/55,https://api.github.com/repos/snakemake/snakemake-interface-executor-plugins,https://api.github.com/repos/snakemake/snakemake-interface-executor-plugins/issues/55/labels{/name},https://api.github.com/repos/snakemake/snakemake-interface-executor-plugins/issues/55/comments,https://api.github.com/repos/snakemake/snakemake-interface-executor-plugins/issues/55/events,https://github.com/snakemake/snakemake-interface-executor-plugins/issues/55,2086675303,I_kwDOJ18qq858YCNn,55,"A bare ""export"" command is generated for spawning job",ghbore,,open,False,,,,1,2024-01-17T17:45:59Z,2024-01-17T20:33:08Z,,NONE,"[This piece of code](https://github.com/snakemake/snakemake-interface-executor-plugins/blob/9cc7e01d386bfbc78b5092fe98227c87fb98a494/snakemake_interface_executor_plugins/executors/real.py#L134) probably could generate a bare ""export"" command which will display wall of text, for example snakemake/snakemake#2624.

  ```python
    def get_envvar_declarations(self):
        if self.common_settings.pass_envvar_declarations_to_cmd:
            defs = "" "".join(
                f""{var}={repr(value)}"" for var, value in self.envvars().items()
            )
            return f""export {defs} &&""
        else:
            return """"
  ```"
https://api.github.com/repos/snakemake/snakemake-interface-executor-plugins/issues/53,https://api.github.com/repos/snakemake/snakemake-interface-executor-plugins,https://api.github.com/repos/snakemake/snakemake-interface-executor-plugins/issues/53/labels{/name},https://api.github.com/repos/snakemake/snakemake-interface-executor-plugins/issues/53/comments,https://api.github.com/repos/snakemake/snakemake-interface-executor-plugins/issues/53/events,https://github.com/snakemake/snakemake-interface-executor-plugins/issues/53,2063122771,I_kwDOJ18qq856-MFT,53,Remote executors cannot detect the config.yaml file under initial workspace. ,y9c,,open,False,,,,0,2024-01-03T01:09:47Z,2024-01-03T01:09:47Z,,NONE,"This bug might be relative to this repo. move here:
https://github.com/snakemake/snakemake/issues/2572"
https://api.github.com/repos/snakemake/snakemake-interface-executor-plugins/issues/44,https://api.github.com/repos/snakemake/snakemake-interface-executor-plugins,https://api.github.com/repos/snakemake/snakemake-interface-executor-plugins/issues/44/labels{/name},https://api.github.com/repos/snakemake/snakemake-interface-executor-plugins/issues/44/comments,https://api.github.com/repos/snakemake/snakemake-interface-executor-plugins/issues/44/events,https://github.com/snakemake/snakemake-interface-executor-plugins/issues/44,1999849440,I_kwDOJ18qq853M0fg,44,Unable to test plugin with `--executor` flag -- probably user error,jhiemstrawisc,,closed,False,,,,2,2023-11-17T20:09:22Z,2023-12-18T21:38:22Z,2023-12-18T21:38:22Z,NONE,"I'm working on a plugin for HTCondor job submission, and I'm in the process of porting an old semi-functioning prototype from before all of this was made more pluggable. I'm at a point where it would be useful to try running my plugin (with the expectation that it doesn't work yet), but I can't figure out how to get any version of snakemake to use the executor.

From the example documentation for the flux plugin, it seems like I should be able to run something like:
`snakemake --cores 1 --executor htcondor`
to run against my snakefile. When I try this, I get a snakemake error:
`snakemake: error: unrecognized arguments: --executor`

I'm assuming this is because I don't have a compatible version of snakemake (currently running `v7.32.4`, the latest release from github), but I can't figure out where I need to pull from."
https://api.github.com/repos/snakemake/snakemake-interface-executor-plugins/issues/43,https://api.github.com/repos/snakemake/snakemake-interface-executor-plugins,https://api.github.com/repos/snakemake/snakemake-interface-executor-plugins/issues/43/labels{/name},https://api.github.com/repos/snakemake/snakemake-interface-executor-plugins/issues/43/comments,https://api.github.com/repos/snakemake/snakemake-interface-executor-plugins/issues/43/events,https://github.com/snakemake/snakemake-interface-executor-plugins/issues/43,1988644635,I_kwDOJ18qq852iE8b,43,Question: looking for means to run a final job step (that will be run locally),vsoch,,open,False,,,,0,2023-11-11T01:53:23Z,2023-11-11T01:53:23Z,,CONTRIBUTOR,"I'm developing the kueue executor, and as a final step I either want to pull the final artifact from the registry, OR tell snakemake that we should not expect output locally (and then instruct the user to pull). I am not able to pull during the completion of the job step because as it is using asyncio I can't call portforward:

```
asyncio.run() cannot be called from a running event loop
``` 
And I can't figure out the other two ways, so I want to ask for help."
https://api.github.com/repos/snakemake/snakemake-interface-executor-plugins/issues/40,https://api.github.com/repos/snakemake/snakemake-interface-executor-plugins,https://api.github.com/repos/snakemake/snakemake-interface-executor-plugins/issues/40/labels{/name},https://api.github.com/repos/snakemake/snakemake-interface-executor-plugins/issues/40/comments,https://api.github.com/repos/snakemake/snakemake-interface-executor-plugins/issues/40/events,https://github.com/snakemake/snakemake-interface-executor-plugins/issues/40,1953069083,I_kwDOJ18qq850aXgb,40,Bug: debug mode cannot be used with non-local execution,vsoch,,open,False,,,,0,2023-10-19T21:17:27Z,2023-10-19T21:17:27Z,,CONTRIBUTOR,"I think this is likely a bug? I don't see why I can't run `self.logger.debug`:

> Error: debug mode cannot be used with non-local execution

@johanneskoester you mentioned it was fixed, but I pulled latest from all the repos and it's still triggering so I'm opening the issue. I'll use self.logger.info for now!"
https://api.github.com/repos/snakemake/snakemake-interface-executor-plugins/issues/36,https://api.github.com/repos/snakemake/snakemake-interface-executor-plugins,https://api.github.com/repos/snakemake/snakemake-interface-executor-plugins/issues/36/labels{/name},https://api.github.com/repos/snakemake/snakemake-interface-executor-plugins/issues/36/comments,https://api.github.com/repos/snakemake/snakemake-interface-executor-plugins/issues/36/events,https://github.com/snakemake/snakemake-interface-executor-plugins/issues/36,1946368560,I_kwDOJ18qq850Azow,36,feature: support any argument as a step argument,vsoch,,closed,False,,,,1,2023-10-17T01:47:31Z,2023-10-18T10:06:39Z,2023-10-18T10:06:38Z,CONTRIBUTOR,"Following up on #32, I think we should have a function on the executor base class that is able to allow for any value in self.executor_settings to also derive from a step resource. E.g., I just wrote this function:

```
    def get_param(self, job, param):
        """"""
		Simple courtesy function to get a job resource and fall back to defaults.
		
		1. First preference goes to googlebatch_ directive in step
		2. Second preference goes to command line flag
		3. Third preference falls back to default
		""""""
		return job.resources.get(f""googlebatch_{param}"") or getattr(self.executor_settings, param, None)
```
And using it like this:

```
# Get all variables associated with job. 
# First preference goes to step resources, then command line, then defaults
machine_type = self.get_param(job, ""machine_type"") 
machine_family = self.get_param(job, ""machine_family"") 
```
But instead of needing to do that a million times for each thing, it would be nice to just do something like:

```
# If it's on the executor settings
self.executor_settings.for_job(job)

# Or just what I have above added to the executor module here:
self.get_param(job, ""param_name"")
```
Or something that provides convenience! The UI is up for grabs, but I'm thinking out loud since I'll need this functionality across the class. For now I'll just use the above."
https://api.github.com/repos/snakemake/snakemake-interface-executor-plugins/issues/34,https://api.github.com/repos/snakemake/snakemake-interface-executor-plugins,https://api.github.com/repos/snakemake/snakemake-interface-executor-plugins/issues/34/labels{/name},https://api.github.com/repos/snakemake/snakemake-interface-executor-plugins/issues/34/comments,https://api.github.com/repos/snakemake/snakemake-interface-executor-plugins/issues/34/events,https://github.com/snakemake/snakemake-interface-executor-plugins/issues/34,1932270813,I_kwDOJ18qq85zLBzd,34,Example needed for boolean argument,vsoch,,open,False,,,,3,2023-10-09T04:13:47Z,2023-12-08T07:24:29Z,,CONTRIBUTOR,"I tried:

```python
...
    insecure: Optional[bool]=field(
        default=False,
        metadata={
            ""help"": ""Insecure registry using http and not https?"", 
            ""env_var"": False,
            ""required"": False,
        }
    )
```
But it is expecting a value:

```
                 [--kueue-queue-name VALUE]
                 [--kueue-registry VALUE]
                 [--kueue-container VALUE]
                 [--kueue-insecure VALUE]
                 [--kueue-namespace VALUE]
```"
https://api.github.com/repos/snakemake/snakemake-interface-executor-plugins/issues/33,https://api.github.com/repos/snakemake/snakemake-interface-executor-plugins,https://api.github.com/repos/snakemake/snakemake-interface-executor-plugins/issues/33/labels{/name},https://api.github.com/repos/snakemake/snakemake-interface-executor-plugins/issues/33/comments,https://api.github.com/repos/snakemake/snakemake-interface-executor-plugins/issues/33/events,https://github.com/snakemake/snakemake-interface-executor-plugins/issues/33,1932135098,I_kwDOJ18qq85zKgq6,33,Miscellaneous bugs with new design,vsoch,,closed,False,,,,7,2023-10-09T00:41:15Z,2023-12-08T07:16:16Z,2023-12-08T07:16:15Z,CONTRIBUTOR,"I will leave these here instead of opening a PR since last time you already had one underway! Firstly, for the case when I'm running a job and it fails, I see there is an error that job has no attribute output:

```
Traceback (most recent call last):
  File ""/home/vanessa/Desktop/Code/snek/snakemake/snakemake/cli.py"", line 1978, in args_to_api
    dag_api.execute_workflow(
  File ""/home/vanessa/Desktop/Code/snek/snakemake/snakemake/api.py"", line 454, in execute_workflow
    workflow.execute(
  File ""/home/vanessa/Desktop/Code/snek/snakemake/snakemake/workflow.py"", line 1078, in execute
    self.dag.cleanup_workdir()
  File ""/home/vanessa/Desktop/Code/snek/snakemake/snakemake/dag.py"", line 237, in cleanup_workdir
    for io_file in chain(job.output, job.input)
                         ^^^^^^^^^^
AttributeError: 'str' object has no attribute 'output'
```
Secondly, within the job (the reason it failed) is because the command generated from the executor (the base I'm using is `RemoteExecutor):

```bash
python -m snakemake --snakefile '/home/vanessa/Desktop/Code/snek/snakemake-executor-plugin-kueue/example/hello-world/Snakefile' --target-jobs 'hello_world:greeting=hola' --allowed-rules 'hello_world' --cores 'all' --attempt 1 --force-use-threads   --force --target-files-omit-workdir-adjustment --keep-remote --max-inventory-time 0 --nocolor --notemp --no-hooks --nolock --ignore-incomplete --rerun-triggers params input mtime code software-env --conda-frontend 'mamba' --wrapper-prefix 'https://github.com/snakemake/snakemake-wrappers/raw/' --latency-wait 5 --scheduler 'greedy' --default-resources 'tmpdir=system_tmpdir' --mode 'remote'
```
I'm guessing that the latest snakemake container build (where this is running) is not from main or latest, so I'm going to try building a custom one that is. Will report back!"
https://api.github.com/repos/snakemake/snakemake-interface-executor-plugins/issues/32,https://api.github.com/repos/snakemake/snakemake-interface-executor-plugins,https://api.github.com/repos/snakemake/snakemake-interface-executor-plugins/issues/32/labels{/name},https://api.github.com/repos/snakemake/snakemake-interface-executor-plugins/issues/32/comments,https://api.github.com/repos/snakemake/snakemake-interface-executor-plugins/issues/32/events,https://github.com/snakemake/snakemake-interface-executor-plugins/issues/32,1931943620,I_kwDOJ18qq85zJx7E,32,feature: Ability to add custom resources to executor,vsoch,,open,False,,,,4,2023-10-08T17:39:37Z,2023-10-08T19:08:51Z,,CONTRIBUTOR,"It would be good for the executor interface to have, akin to the command line arguments, an easy way to add custom resources to a step. I had tried adding these for the Kueue executor I was working on https://github.com/snakemake/snakemake-executor-kueue#job-resources but ran into bugs / issues (I think I reported somewhere but don't remember off the top of my head now!)

Now that the interface is more established, I am going to go back to Kueue and give it another look, and I can possibly make suggestions about how to go about it. I'm actually starting on the skeleton for Google Batch this morning - I'm just about ready to record my talk (thank goodness) so time should be opening up shortly and I'm super excited to get this underway!

I'll report back here if I make some time to work on the executor interface. My thinking is that we want something that mirrors the command line arguments, eg..,

```python
from snakemake_interface_executor_plugins.resources import ExecutorResourcesBase

# Optional:
# Define custom resources for your executor
# They will be looked for as <executor-name>-<resource-name> in  each step.
# All step resources must be optional
@dataclass
class ExecutorResources(ExecutorResourcesBase):
    container: Optional[string]=field(
        default=None,
        metadata={
            ""help"": ""The name of the container to use for the step."", 
            ""env_var"": False,
        }
    )
```

The above would be acceptable as:

```yaml
rule a:
    input:     ...
    output:    ...
    resources:
        kueue_container=ghcr.io/rse-ops/mamba:app-mamba
    shell:
        ""...""
```
I'll see if I can prototype something today after batch and the kueue refactor!"
https://api.github.com/repos/snakemake/snakemake-interface-executor-plugins/issues/16,https://api.github.com/repos/snakemake/snakemake-interface-executor-plugins,https://api.github.com/repos/snakemake/snakemake-interface-executor-plugins/issues/16/labels{/name},https://api.github.com/repos/snakemake/snakemake-interface-executor-plugins/issues/16/comments,https://api.github.com/repos/snakemake/snakemake-interface-executor-plugins/issues/16/events,https://github.com/snakemake/snakemake-interface-executor-plugins/issues/16,1871105659,I_kwDOJ18qq85vhs57,16,The latest version will cause snakemake import error,agil27,,closed,False,,,,1,2023-08-29T07:55:25Z,2023-10-18T09:54:23Z,2023-10-18T09:54:22Z,NONE,"Trace info:
```
Traceback (most recent call last):
  File ""/usr/local/bin/snakemake"", line 5, in <module>
    from snakemake.cli import main
  File ""/usr/local/lib/python3.10/dist-packages/snakemake/__init__.py"", line 9, in <module>
    from snakemake.shell import shell
  File ""/usr/local/lib/python3.10/dist-packages/snakemake/shell.py"", line 16, in <module>
    from snakemake.utils import format, argvquote, cmd_exe_quote
  File ""/usr/local/lib/python3.10/dist-packages/snakemake/utils.py"", line 19, in <module>
    from snakemake.io import regex, Namedlist, Wildcards, _load_configfile
  File ""/usr/local/lib/python3.10/dist-packages/snakemake/io.py"", line 27, in <module>
    from snakemake.exceptions import (
  File ""/usr/local/lib/python3.10/dist-packages/snakemake/exceptions.py"", line 10, in <module>
    from snakemake.logging import logger
  File ""/usr/local/lib/python3.10/dist-packages/snakemake/logging.py"", line 18, in <module>
    from snakemake_interface_executor_plugins.utils import ExecMode
ImportError: cannot import name 'ExecMode' from 'snakemake_interface_executor_plugins.utils' (/usr/local/lib/python3.10/dist-packages/snakemake_interface_executor_plugins/utils.py)
```"
https://api.github.com/repos/snakemake/snakemake-interface-executor-plugins/issues/13,https://api.github.com/repos/snakemake/snakemake-interface-executor-plugins,https://api.github.com/repos/snakemake/snakemake-interface-executor-plugins/issues/13/labels{/name},https://api.github.com/repos/snakemake/snakemake-interface-executor-plugins/issues/13/comments,https://api.github.com/repos/snakemake/snakemake-interface-executor-plugins/issues/13/events,https://github.com/snakemake/snakemake-interface-executor-plugins/issues/13,1847592627,I_kwDOJ18qq85uIAaz,13,Desired for eventual template,vsoch,,open,False,,,,1,2023-08-12T00:29:16Z,2023-09-08T08:03:24Z,,CONTRIBUTOR,"We will eventually be putting this into a template for others to make plugins, and desired features include the following:

 - [ ] dummy hello world executor plugin (this is the base requirement, of course!)
 - [ ] example testing setup
 - [ ] documentation template to render on GitHub pages, with instructions for where to link from Snakemake

Feel free to add to this list! We can transfer over to a template repository if/when needed.
"
