URL,Repository URL,Labels URL,Comments URL,Events URL,HTML URL,ID,Node ID,Number,Title,User,Labels,State,Locked,Assignee,Assignees,Milestone,Comments,Created At,Updated At,Closed At,Author Association,Body
https://api.github.com/repos/snakemake/snakemake-storage-plugin-s3/issues/24,https://api.github.com/repos/snakemake/snakemake-storage-plugin-s3,https://api.github.com/repos/snakemake/snakemake-storage-plugin-s3/issues/24/labels{/name},https://api.github.com/repos/snakemake/snakemake-storage-plugin-s3/issues/24/comments,https://api.github.com/repos/snakemake/snakemake-storage-plugin-s3/issues/24/events,https://github.com/snakemake/snakemake-storage-plugin-s3/issues/24,2214219679,I_kwDOKZJ1ec6D-k-f,24,`StorageObject.inventory` iterates over all objects in the bucket,veprbl,,open,False,,,,0,2024-03-28T21:45:17Z,2024-03-28T21:45:17Z,,NONE,This makes it impossible to init the DAG that references large buckets.
https://api.github.com/repos/snakemake/snakemake-storage-plugin-s3/issues/21,https://api.github.com/repos/snakemake/snakemake-storage-plugin-s3,https://api.github.com/repos/snakemake/snakemake-storage-plugin-s3/issues/21/labels{/name},https://api.github.com/repos/snakemake/snakemake-storage-plugin-s3/issues/21/comments,https://api.github.com/repos/snakemake/snakemake-storage-plugin-s3/issues/21/events,https://github.com/snakemake/snakemake-storage-plugin-s3/issues/21,2182777731,I_kwDOKZJ1ec6CGouD,21,InsecureRequestWarning: Unverified HTTPS request is being made to host,Ulthran,,open,False,,,,2,2024-03-12T22:11:59Z,2024-03-19T17:22:01Z,,NONE,"When I use this plugin my output gets flooded with the below warning:

```
  warnings.warn(
/home/ec2-user/miniconda3/envs/-------/lib/python3.12/site-packages/urllib3/connectionpool.py:1100: InsecureRequestWarning: Unverified HTTPS request is being made to host '-------.s3.amazonaws.com'. Adding certificate verification is strongly advised. See: https://urllib3.readthedocs.io/en/latest/advanced-usage.html#tls-warnings
```

Not breaking anything but there are many of these messages for every rule in the output and it makes it a pain to find anything."
https://api.github.com/repos/snakemake/snakemake-storage-plugin-s3/issues/15,https://api.github.com/repos/snakemake/snakemake-storage-plugin-s3,https://api.github.com/repos/snakemake/snakemake-storage-plugin-s3/issues/15/labels{/name},https://api.github.com/repos/snakemake/snakemake-storage-plugin-s3/issues/15/comments,https://api.github.com/repos/snakemake/snakemake-storage-plugin-s3/issues/15/events,https://github.com/snakemake/snakemake-storage-plugin-s3/issues/15,2112596886,I_kwDOKZJ1ec5966uW,15,Provider query must not be a list,vschnei,bug,closed,False,vschnei,vschnei,,4,2024-02-01T14:01:48Z,2024-02-06T08:03:51Z,2024-02-05T17:35:09Z,NONE,"**Snakemake version**
8.3.2

**Snakemake-storage-plugin-s3**
0.2.8

**Describe the bug**
Calling n-files located in a s3 storage throws a WorkflowError.
The problem is that the result of expand() is a list which is not a valid s3 query. A valid one would look like:
`query='s3://mybucket/myfile.txt` and not `query=['s3://mybucket/myfile.txt']`.

**Logs**
File "".../snakemake/storage.py"", line 163, in _storage_object
    raise WorkflowError(
Error applying storage provider s3 (see https://snakemake.github.io/snakemake-plugin-catalog/plugins/storage/<snakemake_storage_plugin_s3.StorageProvider object at 0x7f2f79815490>.html). query ['s3://BUCKET_PATH/a_logo_size.txt', 's3://BUCKET_PATH/b_logo_size.txt', 's3://BUCKET_PATH/c_logo_size.txt', 's3://BUCKET_PATH/d_logo_size.txt'] is invalid: cannot be parsed as URL ('list' object has no attribute 'decode'))

**Additional context**
To overcome the problem one could use one of the suggestions:
1) Introduce anothe rule which copies the files to the compute infrastructure, modifies them and copies back to the s3 storage
2) query gets different typing.  Instead of `query: str` `query: Union[str, List(str)]`   in  snakemake_storage_plugin_s3/\_\_init__.py
   And adjustment of all interrelated methods etc.
   
@johanneskoester Not sure if there is anything else to consider regarding my second suggestion but if that is not the case I could try to make a PR for that issue.

"
