URL,Repository URL,Labels URL,Comments URL,Events URL,HTML URL,ID,Node ID,Number,Title,User,Labels,State,Locked,Assignee,Assignees,Milestone,Comments,Created At,Updated At,Closed At,Author Association,Body
https://api.github.com/repos/snakemake/snakemake-lsh-tutorial-data/issues/1,https://api.github.com/repos/snakemake/snakemake-lsh-tutorial-data,https://api.github.com/repos/snakemake/snakemake-lsh-tutorial-data/issues/1/labels{/name},https://api.github.com/repos/snakemake/snakemake-lsh-tutorial-data/issues/1/comments,https://api.github.com/repos/snakemake/snakemake-lsh-tutorial-data/issues/1/events,https://github.com/snakemake/snakemake-lsh-tutorial-data/issues/1,878983489,MDU6SXNzdWU4Nzg5ODM0ODk=,1,Specify resources for each rule,mw55309,,open,False,,,,0,2021-05-07T13:14:30Z,2021-05-07T13:14:30Z,,NONE,"Hey

When I run this workflow on google life sciences as per the tutorial, it assigns resources that are too small:

```
resources: mem_mb=1000, disk_mb=1000
```

This results in a google cloud error

```
  message: ""Execution failed: allocating: creating instance: inserting instance: Invalid\
    \ value for field 'resource.disks[0].initializeParams.diskSizeGb': '1'. Requested\
    \ disk size cannot be smaller than the image size (10 GB)""
```

The fix to this is to specify resources needed per rule

I am running snakemake v 6.3.0

Cheers
Mick

"
