URL,Repository URL,Labels URL,Comments URL,Events URL,HTML URL,ID,Node ID,Number,Title,User,Labels,State,Locked,Assignee,Assignees,Milestone,Comments,Created At,Updated At,Closed At,Author Association,Body
https://api.github.com/repos/snakemake/snakemake-storage-plugin-xrootd/issues/2,https://api.github.com/repos/snakemake/snakemake-storage-plugin-xrootd,https://api.github.com/repos/snakemake/snakemake-storage-plugin-xrootd/issues/2/labels{/name},https://api.github.com/repos/snakemake/snakemake-storage-plugin-xrootd/issues/2/comments,https://api.github.com/repos/snakemake/snakemake-storage-plugin-xrootd/issues/2/events,https://github.com/snakemake/snakemake-storage-plugin-xrootd/issues/2,2211992545,I_kwDOK5rGzc6D2FPh,2,ValueError: Plugin xrootd supports tagged values but specifies args with multiple values in its settings class.,veprbl,,closed,False,,,,1,2024-03-27T22:13:10Z,2024-04-26T12:48:05Z,2024-04-26T12:48:04Z,NONE,"```
Traceback (most recent call last):
  File ""/lib/python3.11/site-packages/snakemake/cli.py"", line 2054, in main
    parser, args = parse_args(argv)
                   ^^^^^^^^^^^^^^^^
  File ""/lib/python3.11/site-packages/snakemake/cli.py"", line 1643, in parse_args
    parser = get_argument_parser()
             ^^^^^^^^^^^^^^^^^^^^^
  File ""/lib/python3.11/site-packages/snakemake/cli.py"", line 1626, in get_argument_parser
    StoragePluginRegistry().register_cli_args(parser)
  File ""/lib/python3.11/site-packages/snakemake_interface_common/plugin_registry/__init__.py"", line 60, in register_cli_args
    plugin.register_cli_args(argparser)
  File ""/lib/python3.11/site-packages/snakemake_interface_common/plugin_registry/plugin.py"", line 147, in register_cli_args
    raise ValueError(
ValueError: Plugin xrootd supports tagged values but specifies args with multiple values in its settings class. This is not supported and a bug in the plugin. Please file an issue in the plugin repository.
```"
https://api.github.com/repos/snakemake/snakemake-storage-plugin-xrootd/issues/1,https://api.github.com/repos/snakemake/snakemake-storage-plugin-xrootd,https://api.github.com/repos/snakemake/snakemake-storage-plugin-xrootd/issues/1/labels{/name},https://api.github.com/repos/snakemake/snakemake-storage-plugin-xrootd/issues/1/comments,https://api.github.com/repos/snakemake/snakemake-storage-plugin-xrootd/issues/1/events,https://github.com/snakemake/snakemake-storage-plugin-xrootd/issues/1,2041477528,I_kwDOK5rGzc55rnmY,1,Maintainer?,johanneskoester,,open,False,,,,0,2023-12-14T11:12:47Z,2023-12-14T11:12:47Z,,CONTRIBUTOR,"Hi @chrisburr, do you want to become an official maintainer of the new XRootD plugin for Snakemake 8? It is largely inspired by your old remote provider code (with still untested modifications). I am currently trying to set up testing here in CI."
