URL,Repository URL,Labels URL,Comments URL,Events URL,HTML URL,ID,Node ID,Number,Title,User,Labels,State,Locked,Assignee,Assignees,Milestone,Comments,Created At,Updated At,Closed At,Author Association,Body
https://api.github.com/repos/snakemake/snakemake-executor-plugin-aws-batch/issues/4,https://api.github.com/repos/snakemake/snakemake-executor-plugin-aws-batch,https://api.github.com/repos/snakemake/snakemake-executor-plugin-aws-batch/issues/4/labels{/name},https://api.github.com/repos/snakemake/snakemake-executor-plugin-aws-batch/issues/4/comments,https://api.github.com/repos/snakemake/snakemake-executor-plugin-aws-batch/issues/4/events,https://github.com/snakemake/snakemake-executor-plugin-aws-batch/issues/4,2221111409,I_kwDOK3yyHs6EY3hx,4,Fields of ExecutorSettings must have a help string,Ulthran,,open,False,,,,1,2024-04-02T17:59:44Z,2024-04-29T11:17:38Z,,NONE,"When I try to use this executor I get:

```
Error: Error loading Snakemake plugin aws-batch: Fields of ExecutorSettings must have a help string. (field: Field(name='fsap_id',type=typing.Optional[str],default=(Field(name=None,type=None,default=None,default_factory=<dataclasses._MISSING_TYPE object at 0x7f97588dbda0>,init=True,repr=True,hash=None,compare=True,metadata=mappingproxy({'help': 'The fsap id of the EFS instance you want to use that is shared with your local environment', 'env_var': False, 'required': False}),kw_only=<dataclasses._MISSING_TYPE object at 0x7f97588dbda0>,_field_type=None),),default_factory=<dataclasses._MISSING_TYPE object at 0x7f97588dbda0>,init=True,repr=True,hash=None,compare=True,metadata=mappingproxy({}),kw_only=False,_field_type=_FIELD))
```

When I remove the EFS fields from ExecutorSettings and fix type hints on the others, I run into this error:

```
Traceback (most recent call last):

  File ""/home/ec2-user/miniconda3/envs/sunbeam/lib/python3.12/site-packages/snakemake/cli.py"", line 2055, in args_to_api
    dag_api.execute_workflow(

  File ""/home/ec2-user/miniconda3/envs/sunbeam/lib/python3.12/site-packages/snakemake/api.py"", line 589, in execute_workflow
    workflow.execute(

  File ""/home/ec2-user/miniconda3/envs/sunbeam/lib/python3.12/site-packages/snakemake/workflow.py"", line 1143, in execute
    self.upload_sources()

  File ""/home/ec2-user/miniconda3/envs/sunbeam/lib/python3.12/site-packages/snakemake/workflow.py"", line 273, in upload_sources
    self.write_source_archive(Path(f.name))

  File ""/home/ec2-user/miniconda3/envs/sunbeam/lib/python3.12/site-packages/snakemake/workflow.py"", line 317, in write_source_archive
    for f in get_files():

  File ""/home/ec2-user/miniconda3/envs/sunbeam/lib/python3.12/site-packages/snakemake/workflow.py"", line 293, in get_files
    if f.startswith(""..""):
       ^^^^^^^^^^^^

AttributeError: 'PosixPath' object has no attribute 'startswith'
```

At this point it's not clear to me what's going wrong. What's the state of development for this plugin? Is there any progress on getting this picked up by AWS?"
https://api.github.com/repos/snakemake/snakemake-executor-plugin-aws-batch/issues/3,https://api.github.com/repos/snakemake/snakemake-executor-plugin-aws-batch,https://api.github.com/repos/snakemake/snakemake-executor-plugin-aws-batch/issues/3/labels{/name},https://api.github.com/repos/snakemake/snakemake-executor-plugin-aws-batch/issues/3/comments,https://api.github.com/repos/snakemake/snakemake-executor-plugin-aws-batch/issues/3/events,https://github.com/snakemake/snakemake-executor-plugin-aws-batch/issues/3,2034620928,I_kwDOK3yyHs55RdoA,3,Find an AWS account sponsor for testing,jakevc,,open,False,,,,0,2023-12-11T00:47:13Z,2023-12-11T00:47:13Z,,COLLABORATOR,
https://api.github.com/repos/snakemake/snakemake-executor-plugin-aws-batch/issues/2,https://api.github.com/repos/snakemake/snakemake-executor-plugin-aws-batch,https://api.github.com/repos/snakemake/snakemake-executor-plugin-aws-batch/issues/2/labels{/name},https://api.github.com/repos/snakemake/snakemake-executor-plugin-aws-batch/issues/2/comments,https://api.github.com/repos/snakemake/snakemake-executor-plugin-aws-batch/issues/2/events,https://github.com/snakemake/snakemake-executor-plugin-aws-batch/issues/2,2034620540,I_kwDOK3yyHs55Rdh8,2,mock testing,jakevc,,open,False,,,,0,2023-12-11T00:46:39Z,2023-12-11T00:46:39Z,,COLLABORATOR,
