URL,Repository URL,Labels URL,Comments URL,Events URL,HTML URL,ID,Node ID,Number,Title,User,Labels,State,Locked,Assignee,Assignees,Milestone,Comments,Created At,Updated At,Closed At,Author Association,Body
https://api.github.com/repos/snakemake/snakemake-storage-plugin-irods/issues/4,https://api.github.com/repos/snakemake/snakemake-storage-plugin-irods,https://api.github.com/repos/snakemake/snakemake-storage-plugin-irods/issues/4/labels{/name},https://api.github.com/repos/snakemake/snakemake-storage-plugin-irods/issues/4/comments,https://api.github.com/repos/snakemake/snakemake-storage-plugin-irods/issues/4/events,https://github.com/snakemake/snakemake-storage-plugin-irods/issues/4,2119230027,I_kwDOK5WwZ85-UOJL,4,Proposed change: allow irods_environment.json to override default settings,stsnel,,open,False,,,,2,2024-02-05T18:41:42Z,2024-03-08T16:31:47Z,,NONE,"In the current version of the iRODS storage plugin, default setting values other than `None` have priority over configured settings in the `irods_environment.json` file. For example: even if `irods_environment.json` has  `irods_authentication_scheme` set to `pam`, the plugin will still use `native` (the default value in `StorageProviderSettings`).

I think it would be useful to have the plugin always use settings in the environment file, so that users don't have to copy settings from the iRODS environment file to (for example) the Snakefile. This could either be default behaviour or could be controlled by a boolean plugin setting that controls whether or not iRODS environment file settings have priority. 

If this proposed change is okay, I'd be happy to submit a PR.

"
