URL,Repository URL,Labels URL,Comments URL,Events URL,HTML URL,ID,Node ID,Number,Title,User,Labels,State,Locked,Assignee,Assignees,Milestone,Comments,Created At,Updated At,Closed At,Author Association,Body
https://api.github.com/repos/snakemake/snakemake-interface-storage-plugins/issues/47,https://api.github.com/repos/snakemake/snakemake-interface-storage-plugins,https://api.github.com/repos/snakemake/snakemake-interface-storage-plugins/issues/47/labels{/name},https://api.github.com/repos/snakemake/snakemake-interface-storage-plugins/issues/47/comments,https://api.github.com/repos/snakemake/snakemake-interface-storage-plugins/issues/47/events,https://github.com/snakemake/snakemake-interface-storage-plugins/issues/47,2252677945,I_kwDOKWk3JM6GRSM5,47,Allow using cached files if connection failure,FabianHofmann,,open,False,,,,0,2024-04-19T10:51:07Z,2024-04-19T10:51:33Z,,NONE,"### Context 
I'm experiencing an issue with Snakemake where workflows fail when there is no internet connectivity, even though the required files are already cached locally. The storage function with keep_local=True is supposed to cache files locally, but Snakemake still tries to verify the presence of these files online before deciding to use the cached version. This behavior is problematic in environments with intermittent internet access or when working offline.

A feature or an argument enhancement in the storage function would be helpful that allows Snakemake to automatically use cached files if they are present, without attempting to check the remote file source. This would be particularly useful for ensuring that workflows are robust to network outages and do not require internet access if the necessary data is already cached.

For instance, an argument like use_cache_if_available=True could be added to the storage function, which would make Snakemake check the local cache first and proceed if the file is available, only falling back to a remote check if it is not.

### Possible workaround
As a workaround, I have considered manually writing custom logic to handle file checks and determine whether to use a local copy or download a new one. However, this approach requires additional boilerplate code and deviates from Snakemake’s streamlined workflow management.

The use of local caches without remote checks would greatly improve the efficiency and reliability of data-driven workflows, especially in computational environments with limited or unreliable internet access. "
https://api.github.com/repos/snakemake/snakemake-interface-storage-plugins/issues/32,https://api.github.com/repos/snakemake/snakemake-interface-storage-plugins,https://api.github.com/repos/snakemake/snakemake-interface-storage-plugins/issues/32/labels{/name},https://api.github.com/repos/snakemake/snakemake-interface-storage-plugins/issues/32/comments,https://api.github.com/repos/snakemake/snakemake-interface-storage-plugins/issues/32/events,https://github.com/snakemake/snakemake-interface-storage-plugins/issues/32,2111915241,I_kwDOKWk3JM594UTp,32,Abstract method `StorageObjectBase.local_suffix` missing return type,Hugovdberg,,open,False,,,,0,2024-02-01T08:52:08Z,2024-02-01T08:52:08Z,,NONE,"The code for `StorageObjectBase.local_suffix` is missing a return type, while the concrete implementation 
in the readme returns `str`. This raises an incompatible method override error on type checking. Is this always supposed to return a string? Or are there other valid return types for the abstract method?

Abstract method:
https://github.com/snakemake/snakemake-interface-storage-plugins/blob/a07d75014174df0951526eb7645858dddd6dac5b/snakemake_interface_storage_plugins/storage_object.py#L99-L105

Example implementation:
https://github.com/snakemake/snakemake-interface-storage-plugins/blob/a07d75014174df0951526eb7645858dddd6dac5b/README.md?plain=1#L146-L148"
https://api.github.com/repos/snakemake/snakemake-interface-storage-plugins/issues/26,https://api.github.com/repos/snakemake/snakemake-interface-storage-plugins,https://api.github.com/repos/snakemake/snakemake-interface-storage-plugins/issues/26/labels{/name},https://api.github.com/repos/snakemake/snakemake-interface-storage-plugins/issues/26/comments,https://api.github.com/repos/snakemake/snakemake-interface-storage-plugins/issues/26/events,https://github.com/snakemake/snakemake-interface-storage-plugins/issues/26,2056761228,I_kwDOKWk3JM56l6-M,26,issue registering command line arguments,mkiyer,,open,False,,,,0,2023-12-26T23:21:57Z,2023-12-26T23:21:57Z,,NONE,"I used bioconda to install snakemake 8.0.1 

and then installed snakemake-storage-plugin-ftp

Now if I type ""snakemake"" I get the following error:

$ snakemake
Traceback (most recent call last):
  File ""/hpc/group/peterallen/mki3/sw/miniforge3/envs/smk/lib/python3.12/site-packages/snakemake/cli.py"", line 2045, in main
    parser, args = parse_args(argv)
                   ^^^^^^^^^^^^^^^^
  File ""/hpc/group/peterallen/mki3/sw/miniforge3/envs/smk/lib/python3.12/site-packages/snakemake/cli.py"", line 1637, in parse_args
    parser = get_argument_parser()
             ^^^^^^^^^^^^^^^^^^^^^
  File ""/hpc/group/peterallen/mki3/sw/miniforge3/envs/smk/lib/python3.12/site-packages/snakemake/cli.py"", line 1620, in get_argument_parser
    StoragePluginRegistry().register_cli_args(parser)
  File ""/hpc/group/peterallen/mki3/sw/miniforge3/envs/smk/lib/python3.12/site-packages/snakemake_interface_common/plugin_registry/__init__.py"", line 60, in register_cli_args
    plugin.register_cli_args(argparser)
  File ""/hpc/group/peterallen/mki3/sw/miniforge3/envs/smk/lib/python3.12/site-packages/snakemake_interface_common/plugin_registry/plugin.py"", line 152, in register_cli_args
    settings.add_argument(*args, **kwargs)
  File ""/hpc/group/peterallen/mki3/sw/miniforge3/envs/smk/lib/python3.12/site-packages/snakemake/common/argparse.py"", line 32, in add_argument
    super().add_argument(*args, **kwargs)
  File ""/hpc/group/peterallen/mki3/sw/miniforge3/envs/smk/lib/python3.12/site-packages/configargparse.py"", line 1399, in add_argument
    action = self.original_add_argument_method(*args, **kwargs)
             ^^^^^^^^^^^^^^^^^^^^^^^^^^^^^^^^^^^^^^^^^^^^^^^^^^
  File ""/hpc/group/peterallen/mki3/sw/miniforge3/envs/smk/lib/python3.12/argparse.py"", line 1472, in add_argument
    action = action_class(**kwargs)
             ^^^^^^^^^^^^^^^^^^^^^^
TypeError: _StoreTrueAction.__init__() got an unexpected keyword argument 'metavar'

I think there is some issue with adding plugins. Command line arguments need to be registered and there is a ""store_true"" command line argument that breaks the registration because ""metavar"" shouldn't be used. I'm not sure. Please help as I would love to upgrade to the next version of snakemake

https://stackoverflow.com/questions/11999416/python-argparse-metavar-and-action-store-true-together"
