URL,Repository URL,Labels URL,Comments URL,Events URL,HTML URL,ID,Node ID,Number,Title,User,Labels,State,Locked,Assignee,Assignees,Milestone,Comments,Created At,Updated At,Closed At,Author Association,Body
https://api.github.com/repos/snakemake/snakemake-tutorial-data/issues/11,https://api.github.com/repos/snakemake/snakemake-tutorial-data,https://api.github.com/repos/snakemake/snakemake-tutorial-data/issues/11/labels{/name},https://api.github.com/repos/snakemake/snakemake-tutorial-data/issues/11/comments,https://api.github.com/repos/snakemake/snakemake-tutorial-data/issues/11/events,https://github.com/snakemake/snakemake-tutorial-data/issues/11,2098750281,I_kwDODLb7ec59GGNJ,11,environment.yaml specifies old snakemake version,tanaes,,closed,False,cmeesters,cmeesters,,4,2024-01-24T17:26:57Z,2024-02-20T09:42:52Z,2024-02-20T09:42:33Z,NONE,"The tutorial steps outlined in the [8.x documentation](https://snakemake.readthedocs.io/en/stable/tutorial/setup.html#step-3-creating-an-environment-with-the-required-software) point to this environment.yaml, which specifies version ≥7.3. Given the breaking changes in architecture with ≥8.0, would it not be preferable to go ahead and update this version requirement? "
https://api.github.com/repos/snakemake/snakemake-tutorial-data/issues/8,https://api.github.com/repos/snakemake/snakemake-tutorial-data,https://api.github.com/repos/snakemake/snakemake-tutorial-data/issues/8/labels{/name},https://api.github.com/repos/snakemake/snakemake-tutorial-data/issues/8/comments,https://api.github.com/repos/snakemake/snakemake-tutorial-data/issues/8/events,https://github.com/snakemake/snakemake-tutorial-data/issues/8,1002712781,I_kwDODLb7ec47xC7N,8,suggest - register graphviz plugins for plotting snakemake DAG,sbamin,,closed,False,,,,2,2021-09-21T15:27:48Z,2021-11-29T11:34:59Z,2021-10-17T14:30:16Z,CONTRIBUTOR,"When plotting DAG as in [snakemake tutorial](https://snakemake.readthedocs.io/en/stable/tutorial/basics.html#step-4-indexing-read-alignments-and-visualizing-the-dag-of-jobs), I get an error `Format:_ ""png"" not recognized. Use one ### of:`.

```sh
snakemake --dag | dot -Tpng > dag.png
```

```
Format: ""png"" not recognized. Use one of:
Building DAG of jobs...
Exception ignored in: <_io.TextIOWrapper name='<stdout>' mode='w' encoding='utf-8'>
BrokenPipeError: [Errno 32] Broken pipe
```

Per [this post](https://stackoverflow.com/a/37297273/1243763), this could be fixed by adding `RUN dot -c && dot -v` in Dockerfile to register required plugins.

Thanks a lot for creating this container - quite useful for teaching software carpentry class on snakemake 101."
https://api.github.com/repos/snakemake/snakemake-tutorial-data/issues/7,https://api.github.com/repos/snakemake/snakemake-tutorial-data,https://api.github.com/repos/snakemake/snakemake-tutorial-data/issues/7/labels{/name},https://api.github.com/repos/snakemake/snakemake-tutorial-data/issues/7/comments,https://api.github.com/repos/snakemake/snakemake-tutorial-data/issues/7/events,https://github.com/snakemake/snakemake-tutorial-data/issues/7,875843713,MDU6SXNzdWU4NzU4NDM3MTM=,7,Missing Script,hakanozadam,,closed,False,,,,1,2021-05-04T21:15:17Z,2021-11-29T11:36:27Z,2021-11-29T11:36:27Z,NONE,"In the current version (as of my trial, it is https://github.com/snakemake/snakemake-tutorial-data/tree/2eff276175d23f3b33f8d04346984ae2cd2e61a3 ), the file `scripts/plot-quals.py` is missing which is mentioned in the tutorial in [readthedocs](https://snakemake.readthedocs.io/en/stable/tutorial/basics.html#step-6-using-custom-scripts). "
https://api.github.com/repos/snakemake/snakemake-tutorial-data/issues/5,https://api.github.com/repos/snakemake/snakemake-tutorial-data,https://api.github.com/repos/snakemake/snakemake-tutorial-data/issues/5/labels{/name},https://api.github.com/repos/snakemake/snakemake-tutorial-data/issues/5/comments,https://api.github.com/repos/snakemake/snakemake-tutorial-data/issues/5/events,https://github.com/snakemake/snakemake-tutorial-data/issues/5,774904956,MDU6SXNzdWU3NzQ5MDQ5NTY=,5,Default resources on Google Cloud Life sciences Tutorial,glickmac,,closed,False,,,,1,2020-12-26T17:08:41Z,2020-12-26T18:21:51Z,2020-12-26T18:21:50Z,NONE,"I notice the default resources when initiating your tutorial is 1GB for both ram and memory. Your output uses 
```resources: mem_mb=15360, disk_mb=128000```. How does one change the default resources requested by snakemake in the tutorial?"
https://api.github.com/repos/snakemake/snakemake-tutorial-data/issues/3,https://api.github.com/repos/snakemake/snakemake-tutorial-data,https://api.github.com/repos/snakemake/snakemake-tutorial-data/issues/3/labels{/name},https://api.github.com/repos/snakemake/snakemake-tutorial-data/issues/3/comments,https://api.github.com/repos/snakemake/snakemake-tutorial-data/issues/3/events,https://github.com/snakemake/snakemake-tutorial-data/issues/3,677176760,MDU6SXNzdWU2NzcxNzY3NjA=,3,environment.yaml wrong extension,kdbinder,,closed,False,,,,1,2020-08-11T20:29:52Z,2021-11-29T11:35:58Z,2021-11-29T11:35:58Z,NONE,I believe it should be `environment.yml` not `environment.yaml`
