URL,Repository URL,Labels URL,Comments URL,Events URL,HTML URL,ID,Node ID,Number,Title,User,Labels,State,Locked,Assignee,Assignees,Milestone,Comments,Created At,Updated At,Closed At,Author Association,Body
https://api.github.com/repos/snakemake/poetry-snakemake-plugin/issues/7,https://api.github.com/repos/snakemake/poetry-snakemake-plugin,https://api.github.com/repos/snakemake/poetry-snakemake-plugin/issues/7/labels{/name},https://api.github.com/repos/snakemake/poetry-snakemake-plugin/issues/7/comments,https://api.github.com/repos/snakemake/poetry-snakemake-plugin/issues/7/events,https://github.com/snakemake/poetry-snakemake-plugin/issues/7,1957993267,I_kwDOKPqWYs50tJsz,7,storage plugin does not work to scaffold,vsoch,,closed,False,,,,0,2023-10-23T20:44:24Z,2023-12-08T03:54:16Z,2023-12-08T03:54:16Z,NONE,"E.g.,

```bash
$ poetry scaffold-snakemake-storage-plugin
```
```console
The command ""scaffold-snakemake-storage-plugin"" does not exist.

Did you mean this?
    scaffold-snakemake-executor-plugin

```"
