URL,Repository URL,Labels URL,Comments URL,Events URL,HTML URL,ID,Node ID,Number,Title,User,Labels,State,Locked,Assignee,Assignees,Milestone,Comments,Created At,Updated At,Closed At,Author Association,Body
https://api.github.com/repos/snakemake/snakemake-workflow-catalog/issues/27,https://api.github.com/repos/snakemake/snakemake-workflow-catalog,https://api.github.com/repos/snakemake/snakemake-workflow-catalog/issues/27/labels{/name},https://api.github.com/repos/snakemake/snakemake-workflow-catalog/issues/27/comments,https://api.github.com/repos/snakemake/snakemake-workflow-catalog/issues/27/events,https://github.com/snakemake/snakemake-workflow-catalog/issues/27,2289426556,I_kwDOE1mwts6IdeB8,27,missing cff file,cmeesters,"documentation, enhancement",open,False,,,,0,2024-05-10T10:08:42Z,2024-05-10T10:08:57Z,,NONE,"Hi,

just wanted to cite the workflow catalogue in a paper and realized that a cff file in this repo is missing. This is no big issue, but unfortunate. Should we add some?"
https://api.github.com/repos/snakemake/snakemake-workflow-catalog/issues/26,https://api.github.com/repos/snakemake/snakemake-workflow-catalog,https://api.github.com/repos/snakemake/snakemake-workflow-catalog/issues/26/labels{/name},https://api.github.com/repos/snakemake/snakemake-workflow-catalog/issues/26/comments,https://api.github.com/repos/snakemake/snakemake-workflow-catalog/issues/26/events,https://github.com/snakemake/snakemake-workflow-catalog/issues/26,2086246421,I_kwDOE1mwts58WZgV,26,Add information about the workflow status,deliaBlue,,open,False,,,,1,2024-01-17T13:54:48Z,2024-02-28T11:19:50Z,,NONE,"After opening an issue to test whether or not the workflow meets the criteria to be on the _""Standardized usage""_ and passing the tests in the GitHub actions, the user is left alone with no more information about its workflow status.

To avoid this uncertainty, it would be great to add the following information:

1. The schedule/policy to check the different workflows in the catalog and include them (if they meet the criteria) in the _""Standardized usage""_  section.
2. A timestamp to tell when the last run was triggered. This will prevent the user from keep refactoring the workflow (when it is already in a good condition) following the logs in the Snakemake workflow catalog.
3. Whether there is, or not, a way to manually trigger a re-run of the pipeline for a specific workflow."
https://api.github.com/repos/snakemake/snakemake-workflow-catalog/issues/25,https://api.github.com/repos/snakemake/snakemake-workflow-catalog,https://api.github.com/repos/snakemake/snakemake-workflow-catalog/issues/25/labels{/name},https://api.github.com/repos/snakemake/snakemake-workflow-catalog/issues/25/comments,https://api.github.com/repos/snakemake/snakemake-workflow-catalog/issues/25/events,https://github.com/snakemake/snakemake-workflow-catalog/issues/25,2019070172,I_kwDOE1mwts54WJDc,25,Workflow not included even after following the guidelines,deliaBlue,,closed,False,,,,17,2023-11-30T16:46:18Z,2024-02-29T11:17:46Z,2024-02-29T11:03:56Z,NONE,"The [MIRFLOWZ](https://github.com/zavolanlab/mirflowz) workflow does not appear in the _Standardized workflows_ section nor passes the test even after making the appropriate changes.
"
https://api.github.com/repos/snakemake/snakemake-workflow-catalog/issues/24,https://api.github.com/repos/snakemake/snakemake-workflow-catalog,https://api.github.com/repos/snakemake/snakemake-workflow-catalog/issues/24/labels{/name},https://api.github.com/repos/snakemake/snakemake-workflow-catalog/issues/24/comments,https://api.github.com/repos/snakemake/snakemake-workflow-catalog/issues/24/events,https://github.com/snakemake/snakemake-workflow-catalog/issues/24,2012568780,I_kwDOE1mwts539VzM,24,stars shown in catalogue are not updating,franciscozorrilla,,open,False,,,,2,2023-11-27T15:45:40Z,2024-02-29T11:34:21Z,,NONE,"Hello, just reporting a small bug: I noticed that the actions are no longer failing in this repo, but the stars have not been updating for the repos shown in the catalogue website.

Best,
Francisco"
https://api.github.com/repos/snakemake/snakemake-workflow-catalog/issues/23,https://api.github.com/repos/snakemake/snakemake-workflow-catalog,https://api.github.com/repos/snakemake/snakemake-workflow-catalog/issues/23/labels{/name},https://api.github.com/repos/snakemake/snakemake-workflow-catalog/issues/23/comments,https://api.github.com/repos/snakemake/snakemake-workflow-catalog/issues/23/events,https://github.com/snakemake/snakemake-workflow-catalog/issues/23,1983049696,I_kwDOE1mwts52Mu_g,23,Change usage text,niekwit,,closed,False,,,,1,2023-11-08T08:44:57Z,2023-11-28T10:46:40Z,2023-11-28T10:46:40Z,NONE,"I am wondering how one would change the text that shows up (Step 1-5) when you click on the usage button in the workflow catalog: 

![IMG_3931](https://github.com/snakemake/snakemake-workflow-catalog/assets/41302859/4622a36e-e79e-4dee-b733-f5936f4918c4)
![IMG_3932](https://github.com/snakemake/snakemake-workflow-catalog/assets/41302859/a77df7bb-137d-4ab9-a84f-4f1b7af5d5c1)

I have checked in existing repos but cannot find a file that has this text.

Thank you for making this catalog!
"
https://api.github.com/repos/snakemake/snakemake-workflow-catalog/issues/22,https://api.github.com/repos/snakemake/snakemake-workflow-catalog,https://api.github.com/repos/snakemake/snakemake-workflow-catalog/issues/22/labels{/name},https://api.github.com/repos/snakemake/snakemake-workflow-catalog/issues/22/comments,https://api.github.com/repos/snakemake/snakemake-workflow-catalog/issues/22/events,https://github.com/snakemake/snakemake-workflow-catalog/issues/22,1877082133,I_kwDOE1mwts5v4gAV,22,GitHub action generate catalogue fails,DavideBrex,,closed,False,,,,1,2023-09-01T09:30:49Z,2023-10-02T08:03:19Z,2023-10-02T08:03:19Z,NONE,"<!-- Please describe the issue here -->
Hi all,
I think there is a problem with the generation of the catalogue. The github action fails, and the last success is of two months ago:

![errorCatalog](https://github.com/snakemake/snakemake-workflow-catalog/assets/48018596/2f792003-ccd9-4abc-862a-eaea1a5c7476)

"
https://api.github.com/repos/snakemake/snakemake-workflow-catalog/issues/21,https://api.github.com/repos/snakemake/snakemake-workflow-catalog,https://api.github.com/repos/snakemake/snakemake-workflow-catalog/issues/21/labels{/name},https://api.github.com/repos/snakemake/snakemake-workflow-catalog/issues/21/comments,https://api.github.com/repos/snakemake/snakemake-workflow-catalog/issues/21/events,https://github.com/snakemake/snakemake-workflow-catalog/issues/21,1877068619,I_kwDOE1mwts5v4ctL,21,My snakemake repo is not included in the catalog,DavideBrex,,closed,False,,,,3,2023-09-01T09:22:31Z,2023-10-02T08:03:27Z,2023-10-02T08:03:27Z,NONE,"<!-- Please describe the issue here -->
My repo https://github.com/DavideBrex/ChIP-Rx-snakemake is not included in the catalogue, although I think I matched all the criteria.

<!-- If you are missing a repository that should appear, consider posting a comment after you have created your issue, with the content `/catalog test repo <owner>/<repo>`. This will instruct github actions to just test your repo of interest and post the result here. -->
"
https://api.github.com/repos/snakemake/snakemake-workflow-catalog/issues/20,https://api.github.com/repos/snakemake/snakemake-workflow-catalog,https://api.github.com/repos/snakemake/snakemake-workflow-catalog/issues/20/labels{/name},https://api.github.com/repos/snakemake/snakemake-workflow-catalog/issues/20/comments,https://api.github.com/repos/snakemake/snakemake-workflow-catalog/issues/20/events,https://github.com/snakemake/snakemake-workflow-catalog/issues/20,1616013393,I_kwDOE1mwts5gUmhR,20,"Workflow not included, unclear why",semenko,,closed,False,,,,6,2023-03-08T22:03:15Z,2023-11-30T16:37:29Z,2023-11-30T16:03:44Z,NONE,"I can't quite figure out why my workflow isn't included, despite (I think) following the instructions for my pipeline here: https://github.com/semenko/serpent-methylation-pipeline

(I'll try posting the debug comment next...)
"
https://api.github.com/repos/snakemake/snakemake-workflow-catalog/issues/19,https://api.github.com/repos/snakemake/snakemake-workflow-catalog,https://api.github.com/repos/snakemake/snakemake-workflow-catalog/issues/19/labels{/name},https://api.github.com/repos/snakemake/snakemake-workflow-catalog/issues/19/comments,https://api.github.com/repos/snakemake/snakemake-workflow-catalog/issues/19/events,https://github.com/snakemake/snakemake-workflow-catalog/issues/19,1586336656,I_kwDOE1mwts5ejZOQ,19,Datatype of `.snakemake-workflow-catalog.yml` > `mandatory-flags` > `flags`,charmoniumQ,,open,False,,,,0,2023-02-15T18:23:30Z,2023-02-15T18:23:30Z,,NONE,"The [documentation](https://github.com/snakemake/snakemake-workflow-catalog/blob/main/index.html#L326) says to put your flags in this variable. Should they be stored as a list of flags or a string?

```yaml
usage:
  mandatory-flags:
    flags: ""--profile test""
---

usage:
  mandatory-flags:
    flags: [""--profile"", ""test""]
```"
https://api.github.com/repos/snakemake/snakemake-workflow-catalog/issues/18,https://api.github.com/repos/snakemake/snakemake-workflow-catalog,https://api.github.com/repos/snakemake/snakemake-workflow-catalog/issues/18/labels{/name},https://api.github.com/repos/snakemake/snakemake-workflow-catalog/issues/18/comments,https://api.github.com/repos/snakemake/snakemake-workflow-catalog/issues/18/events,https://github.com/snakemake/snakemake-workflow-catalog/issues/18,1145120760,I_kwDOE1mwts5EQSf4,18,feat: storing snakemake workflows in a subdirectory of a repository,aryarm,enhancement,closed,False,,,,2,2022-02-20T20:07:28Z,2022-02-23T12:21:14Z,2022-02-23T12:21:14Z,MEMBER,"There have been times where I've created a Snakemake workflow that isn't the main content in a repository.

In those cases, it would be nice if there was a way to specify that my Snakemake workflow is in a subdirectory of my repository. Let's say, for example, that I place everything in a subdirectory named `snakemake/`:

```
repository
├── .snakemake-workflow-catalog.yml
├── --other files and directories--
└── snakemake
    ├── README.md
    ├── results
    ├── resources
    ├── config
    │   ├── README.md
    │   └── config.yml
    └── workflow
        ├── rules
        ├── envs
        ├── notebooks
        └── scripts
```"
https://api.github.com/repos/snakemake/snakemake-workflow-catalog/issues/17,https://api.github.com/repos/snakemake/snakemake-workflow-catalog,https://api.github.com/repos/snakemake/snakemake-workflow-catalog/issues/17/labels{/name},https://api.github.com/repos/snakemake/snakemake-workflow-catalog/issues/17/comments,https://api.github.com/repos/snakemake/snakemake-workflow-catalog/issues/17/events,https://github.com/snakemake/snakemake-workflow-catalog/issues/17,1115825143,I_kwDOE1mwts5CgiP3,17,Formatting of some snakemake-workflows workflows,johanneskoester,,open,False,,,,22,2022-01-27T06:30:02Z,2022-01-27T16:24:18Z,,CONTRIBUTOR,"Some workflows from snakemake-workflows seem to trigger formatting warnings, maybe caused by inconsistent snakefmt behavior. Let's investigate that here.
"
https://api.github.com/repos/snakemake/snakemake-workflow-catalog/issues/16,https://api.github.com/repos/snakemake/snakemake-workflow-catalog,https://api.github.com/repos/snakemake/snakemake-workflow-catalog/issues/16/labels{/name},https://api.github.com/repos/snakemake/snakemake-workflow-catalog/issues/16/comments,https://api.github.com/repos/snakemake/snakemake-workflow-catalog/issues/16/events,https://github.com/snakemake/snakemake-workflow-catalog/issues/16,1114818212,I_kwDOE1mwts5Ccsak,16,dbg,johanneskoester,,closed,False,,,,26,2022-01-26T09:43:17Z,2022-01-26T21:06:33Z,2022-01-26T21:06:33Z,CONTRIBUTOR,@catalog test repo snakemake-workflows/dna-seq-varlociraptor
https://api.github.com/repos/snakemake/snakemake-workflow-catalog/issues/15,https://api.github.com/repos/snakemake/snakemake-workflow-catalog,https://api.github.com/repos/snakemake/snakemake-workflow-catalog/issues/15/labels{/name},https://api.github.com/repos/snakemake/snakemake-workflow-catalog/issues/15/comments,https://api.github.com/repos/snakemake/snakemake-workflow-catalog/issues/15/events,https://github.com/snakemake/snakemake-workflow-catalog/issues/15,1112732619,I_kwDOE1mwts5CUvPL,15,Missing repository?,rbpatt2019,,closed,False,,,,5,2022-01-24T14:37:29Z,2022-01-27T14:57:34Z,2022-01-27T06:27:29Z,NONE,"Hi all, thanks for maintaining this excellent resources!

I have a question about how repositories are found. I have a repository (https://github.com/IMS-Bio2Core-Facility/polya_liftover) that, to the best of my knowledge, should meet the requirements for ""Standardised Usage"" - it has the necessary title in the README, a `workflow/Snakefile`, etc. It was originally private (professional obligations) though about 2 weeks ago I made it public.  Yet, I can't find it in the catalogue regardless of whether I look in standardised usage. I doubled checked that the search would return correctly (https://github.com/search?q=polya_liftover+snakemake+workflow+in%3AREADME.md), and it is, so I'm fairly confident that it should be hit by the catalogue's search. I can see from the cron job in the GitHub Action that it should run every day at 0500, so I'm a bit surprised it hasn't been found. 

I'm a big fan of the standardised installation instructions you provide, and was hoping to be able to link out to them in a manuscript I'm preparing for publication. If I'm missing something obvious in my repository structure, or can provide anything else to help, please let me know! Cheers 👍 "
https://api.github.com/repos/snakemake/snakemake-workflow-catalog/issues/13,https://api.github.com/repos/snakemake/snakemake-workflow-catalog,https://api.github.com/repos/snakemake/snakemake-workflow-catalog/issues/13/labels{/name},https://api.github.com/repos/snakemake/snakemake-workflow-catalog/issues/13/comments,https://api.github.com/repos/snakemake/snakemake-workflow-catalog/issues/13/events,https://github.com/snakemake/snakemake-workflow-catalog/issues/13,1068178934,I_kwDOE1mwts4_qx32,13,Requirements satisfied (?) but my workflow does not appear in the workflow catalog,felixleopoldo,,closed,False,,,,5,2021-12-01T09:40:33Z,2022-01-27T06:28:25Z,2022-01-27T06:28:25Z,NONE,"Hi, 

I have created a Snakemake workflow [https://github.com/felixleopoldo/benchpress](https://github.com/felixleopoldo/benchpress) called benchpress for benchmarking structure learning algorithms for graphical models. I think it should satisfy the requirements for showing up at the snakemake workflow catalog ([https://snakemake.github.io/snakemake-workflow-catalog/](https://snakemake.github.io/snakemake-workflow-catalog/)) but is doesnt. Do you perhaps know what could be the problem? Maybe I missed something.

Thanks in advance!

Felix"
https://api.github.com/repos/snakemake/snakemake-workflow-catalog/issues/12,https://api.github.com/repos/snakemake/snakemake-workflow-catalog,https://api.github.com/repos/snakemake/snakemake-workflow-catalog/issues/12/labels{/name},https://api.github.com/repos/snakemake/snakemake-workflow-catalog/issues/12/comments,https://api.github.com/repos/snakemake/snakemake-workflow-catalog/issues/12/events,https://github.com/snakemake/snakemake-workflow-catalog/issues/12,1064474017,I_kwDOE1mwts4_cpWh,12,Mamba missing in snakemake environment,sneuensc,,closed,False,,,,1,2021-11-26T13:25:07Z,2021-12-13T09:52:43Z,2021-12-13T09:52:43Z,NONE,"Thank you for the workflow catalog, it is a great initiative.

There is an inconsistency in the 'Usage' instructions for the 'standardized usage packages'.

In step 1 (install Snakemake and Snakedeploy) the conda environment is generated
`mamba create -c bioconda -c conda-forge --name snakemake snakemake snakedeploy`

In step 4 (run workflow) the recommendation to run the workflow is 
`snakemake --cores all --use-conda `

By default the local conda environments are generated and loaded using **mamba**, however mama was never installed. I recommend installing mamba within step 1."
https://api.github.com/repos/snakemake/snakemake-workflow-catalog/issues/10,https://api.github.com/repos/snakemake/snakemake-workflow-catalog,https://api.github.com/repos/snakemake/snakemake-workflow-catalog/issues/10/labels{/name},https://api.github.com/repos/snakemake/snakemake-workflow-catalog/issues/10/comments,https://api.github.com/repos/snakemake/snakemake-workflow-catalog/issues/10/events,https://github.com/snakemake/snakemake-workflow-catalog/issues/10,933141235,MDU6SXNzdWU5MzMxNDEyMzU=,10,Snakefile detection,AntonieV,,closed,False,,,,1,2021-06-29T22:07:57Z,2022-01-27T06:28:51Z,2022-01-27T06:28:51Z,NONE,"Hi @johanneskoester,

thanks for implementing this catalog, this is a great idea! 
I noticed that the RADSeq workflow does not appear there. At first I thought that the repository is not small enough and so I removed the results files. But it still did not appear at this state: 
https://github.com/AntonieV/NodeRAD/commit/3a6c2244b3c0f6cf5521f33bd77d66a063388092

According to the rules for inclusion the repository may also contains the Snakefile outside the workflow directory. But only when I moved the Snakefile to workflow/Snakefile two weeks later, the workflow appeared in the catalog:

https://github.com/AntonieV/NodeRAD/commit/9546cbcb14abb0c20df1a91c6775da2219a113ae

Thanks and best regards, 
Antonie"
https://api.github.com/repos/snakemake/snakemake-workflow-catalog/issues/9,https://api.github.com/repos/snakemake/snakemake-workflow-catalog,https://api.github.com/repos/snakemake/snakemake-workflow-catalog/issues/9/labels{/name},https://api.github.com/repos/snakemake/snakemake-workflow-catalog/issues/9/comments,https://api.github.com/repos/snakemake/snakemake-workflow-catalog/issues/9/events,https://github.com/snakemake/snakemake-workflow-catalog/issues/9,923068934,MDU6SXNzdWU5MjMwNjg5MzQ=,9,Still updating? ,mrvollger,,closed,False,,,,2,2021-06-16T20:30:18Z,2021-06-17T15:45:02Z,2021-06-17T15:45:02Z,NONE,"Hello,

Thanks for making this, I think this is a great idea! 

But is the catalog still being updated? I have a few repos that I would expect to see or that are out of date. 

It's possible that I am just missing some requirement, in which case it would be kinda cool to know in which ways my repos did not meet the requirements. 

github.com/mrvollger/rustybam
https://github.com/mrvollger/StainedGlass
https://github.com/mrvollger/PhaseONT
https://github.com/mrvollger/SmkTemplate

Thanks,
Mitchell
"
https://api.github.com/repos/snakemake/snakemake-workflow-catalog/issues/3,https://api.github.com/repos/snakemake/snakemake-workflow-catalog,https://api.github.com/repos/snakemake/snakemake-workflow-catalog/issues/3/labels{/name},https://api.github.com/repos/snakemake/snakemake-workflow-catalog/issues/3/comments,https://api.github.com/repos/snakemake/snakemake-workflow-catalog/issues/3/events,https://github.com/snakemake/snakemake-workflow-catalog/issues/3,809083907,MDU6SXNzdWU4MDkwODM5MDc=,3,Workflow disappeared from catalog,supermaxiste,,closed,False,,,,4,2021-02-16T08:07:51Z,2021-05-11T14:07:02Z,2021-05-11T14:07:02Z,NONE,"Hi @johanneskoester,

this catalog is a great idea and since its inception, I've worked a bit to adjust my workflow ([ARPEGGIO](https://github.com/supermaxiste/ARPEGGIO)) to follow all the formatting and linting standards.

Unfortunately the last action fix caused my workflow to disappear from the catalog and I'm not sure why. I tried to look into this, but I wasn't able to find any clue.

Best,
Stefan"
https://api.github.com/repos/snakemake/snakemake-workflow-catalog/issues/1,https://api.github.com/repos/snakemake/snakemake-workflow-catalog,https://api.github.com/repos/snakemake/snakemake-workflow-catalog/issues/1/labels{/name},https://api.github.com/repos/snakemake/snakemake-workflow-catalog/issues/1/comments,https://api.github.com/repos/snakemake/snakemake-workflow-catalog/issues/1/events,https://github.com/snakemake/snakemake-workflow-catalog/issues/1,788545504,MDU6SXNzdWU3ODg1NDU1MDQ=,1,Action seems to be broken,elliothershberg,,closed,False,,,,1,2021-01-18T21:03:28Z,2021-02-10T22:54:12Z,2021-02-10T22:54:11Z,NONE,"Hi @johanneskoester ! This is a really great resource for Snakemake developers 😃 

I recently added ""workflow"" to the README of https://github.com/beliveau-lab/PaintSHOP_pipeline to get it picked up by this list, and when I checked back I noticed that the action to generate the catalog seems to be failing right now:

https://github.com/snakemake/snakemake-workflow-catalog/actions/runs/492814135

Just a heads up. Thanks again for the great resource, and I'm excited to see our pipeline end up in there soon 👍 "
