URL,Repository URL,Labels URL,Comments URL,Events URL,HTML URL,ID,Node ID,Number,Title,User,Labels,State,Locked,Assignee,Assignees,Milestone,Comments,Created At,Updated At,Closed At,Author Association,Body
https://api.github.com/repos/snakemake/snakemake-executor-plugin-tes/issues/4,https://api.github.com/repos/snakemake/snakemake-executor-plugin-tes,https://api.github.com/repos/snakemake/snakemake-executor-plugin-tes/issues/4/labels{/name},https://api.github.com/repos/snakemake/snakemake-executor-plugin-tes/issues/4/comments,https://api.github.com/repos/snakemake/snakemake-executor-plugin-tes/issues/4/events,https://github.com/snakemake/snakemake-executor-plugin-tes/issues/4,1925217407,I_kwDOKSBq3M5ywHx_,4,Rename repository/plugin,uniqueg,,open,False,,,,0,2023-10-04T01:18:48Z,2023-10-04T01:19:00Z,,NONE,"Related to #3 (""native"" TES executor): As it is probably a good idea to keep this executor implementation around, at least until a better one is available, it may be a good idea to rename this repository and plugin, then implement #3 in a separate repository.

Possible names I could think of are `snakemake-executor-plugin-tes-smk` (to highlight that it wraps TES tasks in Snakemake calls) or `snakemake-executor-plugin-tes-legacy` (to highlight that this represents the old/first way of using the TES backend in Snakemake).

The new implementation could perhaps be named `snakemake-executor-plugin-tes` (the name of _this_ repo/plugin; to highlight that we at least plan that to be the preferred version) or `snakemake-executor-plugin-tes-native` (to highlight that more responsibility will be put on TES implementations in the way envisioned by TES creators and maintainers).

@vsmalladi @MattMcL4475 @svedziok @vschnei @kellrott"
https://api.github.com/repos/snakemake/snakemake-executor-plugin-tes/issues/3,https://api.github.com/repos/snakemake/snakemake-executor-plugin-tes,https://api.github.com/repos/snakemake/snakemake-executor-plugin-tes/issues/3/labels{/name},https://api.github.com/repos/snakemake/snakemake-executor-plugin-tes/issues/3/comments,https://api.github.com/repos/snakemake/snakemake-executor-plugin-tes/issues/3/events,https://github.com/snakemake/snakemake-executor-plugin-tes/issues/3,1925206468,I_kwDOKSBq3M5ywFHE,3,"Implement ""native"" TES executor",uniqueg,,open,False,,,,5,2023-10-04T01:07:01Z,2023-12-24T10:52:25Z,,NONE,"## Problem

The current GA4GH TES executor wraps every TES task in a Snakemake command, essentially making them 1-step Snakemake workflows. While this design choice aligned with that of other executors and provides a high degree of compatibility in terms of features supported by Snakemake, it comes at a considerable cost:

- **Performance**
  - Running Snakemake for each task incurs an overhead on runtime, CPU, memory and storage requirements
- **Clarity**
  - An additional output stream layer from the workflow engine clobbers the logs and makes debugging more difficult
  - The Snakemake workflow descriptor file and executor script always need to be attached, by content, to each TES call, slowing down requests and clobbering logs and working directories; in many cases, additional descriptor files, scripts and config files need to be attached by content as well
  - As it is difficult to ascertain which files are required by a given Snakemake-wrapped TES call, currently all files in the current working directory are attached
  - It requires deep introspection to understand what command is actually being executed in a given TES task as every `tesTask.executors[].command` is a `snakemake` call
- **Compatibility**
  - Passing files by content may be [limited by compliant TES implementations to 128 KiB](https://github.com/ga4gh/task-execution-schemas/blob/1df37d34242f74d3f03475c6b9de3324b8094054/openapi/task_execution_service.openapi.yaml#L470-L480), which may easily be exceeded if large files reside in the working directory
  - The current implementation requires all files Snakemake needs to run a given TES task to be available in the same directory, thus severely limiting the number of workflows that can be supported through this executor; in fact, this executor cannot be used to run any workflows that follow Snakemake's [best practices](https://snakemake.readthedocs.io/en/stable/snakefiles/best_practices.html) and [recommendations on directory structure](https://snakemake.readthedocs.io/en/stable/snakefiles/deployment.html#distribution-and-reproducibility) or that adhere to the Snakemake Workflow Catalog's [standardized usage](https://snakemake.readthedocs.io/en/stable/snakefiles/deployment.html#distribution-and-reproducibility)
  - The compatibility benefits stemming from wrapping task's in Snakemake obfuscate the capabilities (or lack thereof) of a given TES implementation; for example, users may be suprised to find that a TES call has led to output being written to an S3 bucket, when the TES implementation doesn't know how to do that
  - Having to encode Snakemake storage providers (and possibly credentials) in the workflow descriptors severely limits the (re)usability of Snakemake workflows, particularly in the cloud (the auto remote plugin didn't work very well in my hands, and passing the providers via the `configfile` to forego changing the workflow descriptors when using different remote storage providers was not supported when I tried; admittedly, those could be errors on my side); a native TES executor could deal with cloud storage instead
  
## Solution

Implement a ""native"" TES executor, i.e., implement the executor in such a way that commands to be executed are not wrapped by Snakemake. Instead, `tesTask.executors[].command` should take the value of the command to be executed, `tesTask.executors.image` should take on the value of the (Docker) image or Conda environment (for supported TES implementations) in which the command is to be executed, and `tesTask.inputs[]` and `tesTask.outputs[]` should contain the actual command inputs and outputs.

@vsmalladi @MattMcL4475 @svedziok @vschnei @kellrott"
