URL,Repository URL,Labels URL,Comments URL,Events URL,HTML URL,ID,Node ID,Number,Title,User,Labels,State,Locked,Assignee,Assignees,Milestone,Comments,Created At,Updated At,Closed At,Author Association,Body
https://api.github.com/repos/snakemake/snakemake-storage-plugin-fs/issues/14,https://api.github.com/repos/snakemake/snakemake-storage-plugin-fs,https://api.github.com/repos/snakemake/snakemake-storage-plugin-fs/issues/14/labels{/name},https://api.github.com/repos/snakemake/snakemake-storage-plugin-fs/issues/14/comments,https://api.github.com/repos/snakemake/snakemake-storage-plugin-fs/issues/14/events,https://github.com/snakemake/snakemake-storage-plugin-fs/issues/14,2177794912,I_kwDOKtyFCM6BzoNg,14,wrong path mapping,cmeesters,,closed,False,,,,5,2024-03-10T16:29:06Z,2024-04-16T15:06:21Z,2024-04-16T15:06:21Z,NONE,"I'm afraid, my testing for the resolution in #7 was incomplete.

With the configuration

```
$ cat ~/.config/snakemake/config.yaml 
__use_yte__: true

__definitions__:
  - import os
  - from pathlib import Path

executor: slurm
latency-wait: 5
default-storage-provider: fs
shared-fs-usage:
  - persistence
  - sources
  - source-cache
?if ""SLURM_JOB_ID"" in os.environ:
    local-storage-prefix: /localscratch/$SLURM_JOB_ID
?else:
    local-storage-prefix: /dev/shm/$USER/snakemake
``` 
(and the env pointing to it), I can see that a directory `/localscratch/snakemake<random_string>` gets created on the node. However, jobs fail, because within a SLURM job context they are pointed to another directory, i.e. `minimap2 -t 4  -d .snakemake/storage/fs/...` which simply fails, for no input can be expected there. 

Out commenting the fs-plugin-lines in the config help. Yet, eventually, my hope is for better scaling with a proper stage-in. ;-)

The rule in question is defined as

```
rule build_minimap_index: ## build minimap2 index
    input:
        genome = config[""transcriptome""]
    output:
        index = ""index/transcriptome_index.mmi""
    params:
        opts = config[""minimap_index_opts""]
    conda: ""envs/env.yml""
    shell:""""""
    minimap2 -t {resources.cpus_per_task} {params.opts} -d {output.index} {input.genome}
    """"""
```
(the workflow in question is ""work-in-progress"", a student of mine will take over) and so far, this rule strictly speaking does not require stage-in/-out. 

Any pointer is appreciated!
"
https://api.github.com/repos/snakemake/snakemake-storage-plugin-fs/issues/7,https://api.github.com/repos/snakemake/snakemake-storage-plugin-fs,https://api.github.com/repos/snakemake/snakemake-storage-plugin-fs/issues/7/labels{/name},https://api.github.com/repos/snakemake/snakemake-storage-plugin-fs/issues/7/comments,https://api.github.com/repos/snakemake/snakemake-storage-plugin-fs/issues/7/events,https://github.com/snakemake/snakemake-storage-plugin-fs/issues/7,2125626508,I_kwDOKtyFCM5-snyM,7,unsure usage,cmeesters,,closed,False,,,,8,2024-02-08T16:43:40Z,2024-02-28T06:40:25Z,2024-02-28T06:40:25Z,NONE,"Finally got to trying the profile with the storage plugin. With a setup analogue to the sample in the docs:

```
default-storage-provider: fs
shared-fs-usage:
  - persistence
  - sources
  - source-cache
local-storage-prefix: /localscratch/$SLURM_JOB_ID
```
and the current release 0.1.5 , I get 

```
WorkflowError:
Failed to create local storage prefix /localscratch/$SLURM_JOB_ID/fs
PermissionError: [Errno 13] Permission denied: '/localscratch/$SLURM_JOB_ID'
```
This is logical: snakemake is invoked on the head node of a cluster, the selected storage prefix only exists in a job context. The aim is to stage-in input files in a slurm job context. Hence, the stage-in needs to be delayed until the job starts. Which is the way to achieve this? (The profile yaml exists on a global parallel file system.)"
