URL,Repository URL,Labels URL,Comments URL,Events URL,HTML URL,ID,Node ID,Number,Title,User,Labels,State,Locked,Assignee,Assignees,Milestone,Comments,Created At,Updated At,Closed At,Author Association,Body
https://api.github.com/repos/snakemake/snakemake-lang-vscode-plugin/issues/33,https://api.github.com/repos/snakemake/snakemake-lang-vscode-plugin,https://api.github.com/repos/snakemake/snakemake-lang-vscode-plugin/issues/33/labels{/name},https://api.github.com/repos/snakemake/snakemake-lang-vscode-plugin/issues/33/comments,https://api.github.com/repos/snakemake/snakemake-lang-vscode-plugin/issues/33/events,https://github.com/snakemake/snakemake-lang-vscode-plugin/issues/33,2228292696,I_kwDOFJl0E86E0QxY,33,Python code syntax highlighting + suggestions,mhoangvslev,,open,False,,,,0,2024-04-05T15:22:36Z,2024-04-05T15:22:36Z,,NONE,- The SnakeCharm plugin for PyCharm also does suggestions for snakemake component as well as for Python component.
https://api.github.com/repos/snakemake/snakemake-lang-vscode-plugin/issues/32,https://api.github.com/repos/snakemake/snakemake-lang-vscode-plugin,https://api.github.com/repos/snakemake/snakemake-lang-vscode-plugin/issues/32/labels{/name},https://api.github.com/repos/snakemake/snakemake-lang-vscode-plugin/issues/32/comments,https://api.github.com/repos/snakemake/snakemake-lang-vscode-plugin/issues/32/events,https://github.com/snakemake/snakemake-lang-vscode-plugin/issues/32,2047716996,I_kwDOFJl0E856Da6E,32,Make type checker aware of `snakemake` global in script files,jlumpe,,open,False,,,,0,2023-12-19T00:32:00Z,2023-12-19T00:32:00Z,,NONE,"Don't know how easy this is to do with an extension, but an annoyance of writing workflows in VS Code is the implicitly defined `snakemake` global variable. The type checker is not aware of this and will generate an ""undefined variable"" warning for each usage.

I'm using the following workaround for this:

```python
from typing import TYPE_CHECKING

if TYPE_CHECKING:
    from snakemake.script import Snakemake
    snakemake: Snakemake
    snakemake = None  # type: ignore
```

But it would be really great if this could be automatically applied somehow."
https://api.github.com/repos/snakemake/snakemake-lang-vscode-plugin/issues/29,https://api.github.com/repos/snakemake/snakemake-lang-vscode-plugin,https://api.github.com/repos/snakemake/snakemake-lang-vscode-plugin/issues/29/labels{/name},https://api.github.com/repos/snakemake/snakemake-lang-vscode-plugin/issues/29/comments,https://api.github.com/repos/snakemake/snakemake-lang-vscode-plugin/issues/29/events,https://github.com/snakemake/snakemake-lang-vscode-plugin/issues/29,1928994133,I_kwDOFJl0E85y-h1V,29,Publishing PAT has expired,rroutsong,,open,False,,,,0,2023-10-05T20:21:13Z,2023-10-05T20:21:13Z,,NONE,"PAT for publishing the extension to visual studio market has [expired](https://github.com/snakemake/snakemake-lang-vscode-plugin/actions/runs/5783366892/job/15671998705): 

Error: Error: ﻿{""$id"":""1"",""customProperties"":{""Descriptor"":null,""IdentityDisplayName"":null,""Token"":null,""RequestedPermissions"":0,""NamespaceId"":""00000000-0000-0000-0000-000000000000""},""innerException"":null,""message"":""Access Denied: The Personal Access Token used has expired."",""typeName"":""Microsoft.VisualStudio.Services.Security.AccessCheckException, Microsoft.VisualStudio.Services.WebApi"",""typeKey"":""AccessCheckException"",""errorCode"":0,""eventId"":3000}"
https://api.github.com/repos/snakemake/snakemake-lang-vscode-plugin/issues/26,https://api.github.com/repos/snakemake/snakemake-lang-vscode-plugin,https://api.github.com/repos/snakemake/snakemake-lang-vscode-plugin/issues/26/labels{/name},https://api.github.com/repos/snakemake/snakemake-lang-vscode-plugin/issues/26/comments,https://api.github.com/repos/snakemake/snakemake-lang-vscode-plugin/issues/26/events,https://github.com/snakemake/snakemake-lang-vscode-plugin/issues/26,1762189644,I_kwDOFJl0E85pCOFM,26,String highlighting as comment,yeyun1999,,open,False,,,,1,2023-06-18T08:59:26Z,2023-07-18T06:41:19Z,,NONE,"Strings are highlighted as comments, especially when used as commands
```
rule hostname:
    output: 
        ""out/{id}.txt""
    threads:
        1
    resources:
        tmpdir="".tmp""
    conda:
        'base'
    shell:
        '''
        sleep 2;echo `hostname` > {output}
        echo fdf >> {resources.tmpdir}/fdf
        
        '''
```
The strings in the shell, output, and conda parts are all recognized as comments and highlighted in green"
https://api.github.com/repos/snakemake/snakemake-lang-vscode-plugin/issues/25,https://api.github.com/repos/snakemake/snakemake-lang-vscode-plugin,https://api.github.com/repos/snakemake/snakemake-lang-vscode-plugin/issues/25/labels{/name},https://api.github.com/repos/snakemake/snakemake-lang-vscode-plugin/issues/25/comments,https://api.github.com/repos/snakemake/snakemake-lang-vscode-plugin/issues/25/events,https://github.com/snakemake/snakemake-lang-vscode-plugin/issues/25,1685824826,I_kwDOFJl0E85ke6U6,25,Missing keywords from syntax highlighter and wrongly highlighted built-in functions,jannisspeer,,open,False,,,,0,2023-04-26T22:20:17Z,2023-04-26T22:20:59Z,,NONE,"A lot of snakemake keywords are not highlighted.
Especially rule  params like mentioned in issue #23, #18 and #14.
The following rule params are not highlighted:
- shellcmd
- name
- norun
- conda_env
- container_img
- is_containerized
- env_modules
- shadow_depth
- docstring
- notebook
- template_engine
- cache
- path_modifier
- handover
- default_target
- localrule

Besides this, also no PEP keywords are highlighted #22 and, to my knowledge, also the kewords:
- envvars
- module

It would be nice to have a script which collects all keywords.
This is maybe possible from the [parser.py file](https://github.com/snakemake/snakemake/blob/main/snakemake/parser.py).
For the rule params the [ruleinfo.py scripyt](https://github.com/snakemake/snakemake/blob/main/snakemake/ruleinfo.py) would be also possible.

As explained issue #15 built-in functions like `expand` are not highlighted properly.
This can be fixed by integrating the snakemake rules in the MagicPython grammar.
In my [fork](https://github.com/jannisspeer/snakemake-lang-vscode-plugin) of this repo, I could implement this by copying and modifying the whole MagicPython grammar.
Unfortunately, I did not find a way to just use the `include` rule key to load the MagicPython grammar and overwrite the rules that I wanted to include the sankemake rules in."
https://api.github.com/repos/snakemake/snakemake-lang-vscode-plugin/issues/23,https://api.github.com/repos/snakemake/snakemake-lang-vscode-plugin,https://api.github.com/repos/snakemake/snakemake-lang-vscode-plugin/issues/23/labels{/name},https://api.github.com/repos/snakemake/snakemake-lang-vscode-plugin/issues/23/comments,https://api.github.com/repos/snakemake/snakemake-lang-vscode-plugin/issues/23/events,https://github.com/snakemake/snakemake-lang-vscode-plugin/issues/23,1673375437,I_kwDOFJl0E85jva7N,23,New `localrule` directive is not highlighted/linted correctly,corneliusroemer,,closed,False,,,,0,2023-04-18T15:29:15Z,2023-08-07T09:14:39Z,2023-08-07T09:14:39Z,CONTRIBUTOR,"Snakemake PR https://github.com/snakemake/snakemake/pull/2180/files added the `localrule` directive.

This directive needs to be added to the extension's keywords (I think) so that it gets highlighted correctly.

That's what it looks like at the moment:

<img width=""700"" alt=""image"" src=""https://user-images.githubusercontent.com/25161793/232826710-db780e00-f66d-487e-a538-941662861292.png"">


"
https://api.github.com/repos/snakemake/snakemake-lang-vscode-plugin/issues/22,https://api.github.com/repos/snakemake/snakemake-lang-vscode-plugin,https://api.github.com/repos/snakemake/snakemake-lang-vscode-plugin/issues/22/labels{/name},https://api.github.com/repos/snakemake/snakemake-lang-vscode-plugin/issues/22/comments,https://api.github.com/repos/snakemake/snakemake-lang-vscode-plugin/issues/22/events,https://github.com/snakemake/snakemake-lang-vscode-plugin/issues/22,1622277603,I_kwDOFJl0E85gsf3j,22,PEP support,johnyaku,,open,False,,,,0,2023-03-13T21:17:15Z,2023-03-13T21:17:15Z,,NONE,"Please add appropriate syntax highlighting for `pepfile` and `pepschema`.
https://snakemake.readthedocs.io/en/stable/snakefiles/configuration.html#configuring-scientific-experiments-via-peps

Thanks!"
https://api.github.com/repos/snakemake/snakemake-lang-vscode-plugin/issues/21,https://api.github.com/repos/snakemake/snakemake-lang-vscode-plugin,https://api.github.com/repos/snakemake/snakemake-lang-vscode-plugin/issues/21/labels{/name},https://api.github.com/repos/snakemake/snakemake-lang-vscode-plugin/issues/21/comments,https://api.github.com/repos/snakemake/snakemake-lang-vscode-plugin/issues/21/events,https://github.com/snakemake/snakemake-lang-vscode-plugin/issues/21,1412663525,I_kwDOFJl0E85UM4jl,21,Choose Python interpreter per file based on conda directive,timtroendle,,open,False,,,,0,2022-10-18T06:47:30Z,2022-10-18T06:47:30Z,,NONE,"It would be great if this plugin could infer script-env dependencies from the rule files and set the Python interpreter for each Python script file accordingly. Otherwise, as it is now, Python interpreters do not match the chosen env in Snakemake.

Not sure if this is technically possible or in-scope of this plug-in. Just saying that such a feature would be great."
https://api.github.com/repos/snakemake/snakemake-lang-vscode-plugin/issues/18,https://api.github.com/repos/snakemake/snakemake-lang-vscode-plugin,https://api.github.com/repos/snakemake/snakemake-lang-vscode-plugin/issues/18/labels{/name},https://api.github.com/repos/snakemake/snakemake-lang-vscode-plugin/issues/18/comments,https://api.github.com/repos/snakemake/snakemake-lang-vscode-plugin/issues/18/events,https://github.com/snakemake/snakemake-lang-vscode-plugin/issues/18,1373038328,I_kwDOFJl0E85R1ub4,18,Rule `retries` keyword missing from syntax highlighter ,hermidalc,,open,False,,,,0,2022-09-14T13:59:28Z,2022-09-14T14:00:32Z,,NONE,`retries` directive keyword not syntax highlighted properly
https://api.github.com/repos/snakemake/snakemake-lang-vscode-plugin/issues/15,https://api.github.com/repos/snakemake/snakemake-lang-vscode-plugin,https://api.github.com/repos/snakemake/snakemake-lang-vscode-plugin/issues/15/labels{/name},https://api.github.com/repos/snakemake/snakemake-lang-vscode-plugin/issues/15/comments,https://api.github.com/repos/snakemake/snakemake-lang-vscode-plugin/issues/15/events,https://github.com/snakemake/snakemake-lang-vscode-plugin/issues/15,1315758862,I_kwDOFJl0E85ObOMO,15,"Variables starting with the word ""expand"" are syntax highlighted incorrectly",hermidalc,,open,False,,,,0,2022-07-23T22:34:51Z,2022-07-23T22:34:51Z,,NONE,"Variables starting with the word `expand`, such as ""expand_fields"" are syntax highlighted incorrectly. The expand part is yellow and the rest white. The syntax highlighter parser thinks the beginning should be highlighted like `expand` in the Snakemake function call."
https://api.github.com/repos/snakemake/snakemake-lang-vscode-plugin/issues/14,https://api.github.com/repos/snakemake/snakemake-lang-vscode-plugin,https://api.github.com/repos/snakemake/snakemake-lang-vscode-plugin/issues/14/labels{/name},https://api.github.com/repos/snakemake/snakemake-lang-vscode-plugin/issues/14/comments,https://api.github.com/repos/snakemake/snakemake-lang-vscode-plugin/issues/14/events,https://github.com/snakemake/snakemake-lang-vscode-plugin/issues/14,1309790469,I_kwDOFJl0E85OEdEF,14,Rule `cache` keyword missing from syntax highlighter ,hermidalc,,open,False,,,,1,2022-07-19T16:43:03Z,2023-04-17T15:23:49Z,,NONE,"The rule `cache` keyword seems to be missing from the syntax highlighter grammar, as it doesn't seem to be highlighted properly like `params`, `input`, `output`, `wrapper`, etc."
https://api.github.com/repos/snakemake/snakemake-lang-vscode-plugin/issues/13,https://api.github.com/repos/snakemake/snakemake-lang-vscode-plugin,https://api.github.com/repos/snakemake/snakemake-lang-vscode-plugin/issues/13/labels{/name},https://api.github.com/repos/snakemake/snakemake-lang-vscode-plugin/issues/13/comments,https://api.github.com/repos/snakemake/snakemake-lang-vscode-plugin/issues/13/events,https://github.com/snakemake/snakemake-lang-vscode-plugin/issues/13,1302233311,I_kwDOFJl0E85NnoDf,13,Make syntax and compile errors highlight/underline issues inline inside the code file,hermidalc,,closed,False,,,,1,2022-07-12T15:35:39Z,2022-09-14T13:52:37Z,2022-09-14T13:52:36Z,NONE,"It would be nice if this plugin worked like other language plugins and it underlined syntax or compile errors inline inside the code file, where also just like other plugins if you hovered over the underlined issue it would give you more information."
https://api.github.com/repos/snakemake/snakemake-lang-vscode-plugin/issues/12,https://api.github.com/repos/snakemake/snakemake-lang-vscode-plugin,https://api.github.com/repos/snakemake/snakemake-lang-vscode-plugin/issues/12/labels{/name},https://api.github.com/repos/snakemake/snakemake-lang-vscode-plugin/issues/12/comments,https://api.github.com/repos/snakemake/snakemake-lang-vscode-plugin/issues/12/events,https://github.com/snakemake/snakemake-lang-vscode-plugin/issues/12,1302229638,I_kwDOFJl0E85NnnKG,12,Clear output windows previous syntax error or compile messages when saving and there are no more errors,hermidalc,,closed,False,,,,1,2022-07-12T15:32:29Z,2022-09-14T13:53:31Z,2022-09-14T13:53:30Z,NONE,"Just an annoyance, if I previously had syntax error(s) in my snakemake file and there's message output from those, when I've fixed them and I save the file the previous messages are still there in the output window and I'm no certain that the syntax or compile errors are gone. "
https://api.github.com/repos/snakemake/snakemake-lang-vscode-plugin/issues/7,https://api.github.com/repos/snakemake/snakemake-lang-vscode-plugin,https://api.github.com/repos/snakemake/snakemake-lang-vscode-plugin/issues/7/labels{/name},https://api.github.com/repos/snakemake/snakemake-lang-vscode-plugin/issues/7/comments,https://api.github.com/repos/snakemake/snakemake-lang-vscode-plugin/issues/7/events,https://github.com/snakemake/snakemake-lang-vscode-plugin/issues/7,1078982618,I_kwDOFJl0E85AT_fa,7,Highlight syntax in shell blocks as bash,ivan-aksamentov,,open,False,,,,0,2021-12-13T20:33:47Z,2021-12-13T20:33:47Z,,NONE,"Currently shell blocks are treated as strings. Would be nice if they could have syntax highlighting for shell scripts instead. Bash is probably the most common. 

```Python
rule:
	shell:
       """"""
       what=""world""
       echo ""Hello ${what}""
       """"""

rule:
    run: shell(""echo Hello world"")
```
"
https://api.github.com/repos/snakemake/snakemake-lang-vscode-plugin/issues/4,https://api.github.com/repos/snakemake/snakemake-lang-vscode-plugin,https://api.github.com/repos/snakemake/snakemake-lang-vscode-plugin/issues/4/labels{/name},https://api.github.com/repos/snakemake/snakemake-lang-vscode-plugin/issues/4/comments,https://api.github.com/repos/snakemake/snakemake-lang-vscode-plugin/issues/4/events,https://github.com/snakemake/snakemake-lang-vscode-plugin/issues/4,994589742,MDU6SXNzdWU5OTQ1ODk3NDI=,4,Snakefile not recognized,pawelqs,,closed,False,,,,2,2021-09-13T08:13:31Z,2023-08-07T09:23:07Z,2023-08-07T09:23:07Z,NONE,"Hi,

I have found, that snakemake plugin does not recognize Snakefile as smakemake file. Everything is ok for .smk files, but most content of Snakefile is underlined with red. How can I fix it?

I am using Smakemake Language v0.1.6.

Thanks,
Paweł"
https://api.github.com/repos/snakemake/snakemake-lang-vscode-plugin/issues/2,https://api.github.com/repos/snakemake/snakemake-lang-vscode-plugin,https://api.github.com/repos/snakemake/snakemake-lang-vscode-plugin/issues/2/labels{/name},https://api.github.com/repos/snakemake/snakemake-lang-vscode-plugin/issues/2/comments,https://api.github.com/repos/snakemake/snakemake-lang-vscode-plugin/issues/2/events,https://github.com/snakemake/snakemake-lang-vscode-plugin/issues/2,924419482,MDU6SXNzdWU5MjQ0MTk0ODI=,2,Go to definition is not enabled,amirshams84,,open,False,,,,0,2021-06-17T23:42:40Z,2021-06-17T23:42:40Z,,NONE,vscode Go to definition is not enabled
https://api.github.com/repos/snakemake/snakemake-lang-vscode-plugin/issues/1,https://api.github.com/repos/snakemake/snakemake-lang-vscode-plugin,https://api.github.com/repos/snakemake/snakemake-lang-vscode-plugin/issues/1/labels{/name},https://api.github.com/repos/snakemake/snakemake-lang-vscode-plugin/issues/1/comments,https://api.github.com/repos/snakemake/snakemake-lang-vscode-plugin/issues/1/events,https://github.com/snakemake/snakemake-lang-vscode-plugin/issues/1,828986172,MDU6SXNzdWU4Mjg5ODYxNzI=,1,Build targets in sidebar,Hugovdberg,,open,False,,,,2,2021-03-11T09:54:30Z,2021-03-16T07:38:00Z,,NONE,"It would be nice to have a panel in the sidebar that lists all the targets in the Snakefile so you can quickly run a target, perhaps including a [Force run] button, and an option to quickly jump to the definition.

A plain text mockup:

- all [> [!> [\
- download_data  [> [!> [\
- preprocess_data [> [!> [\

using the following definitions for the symbold:

- [> Run selected rule, call `snakemake {rule}`
- [!> Force run selected rule, call `snakemake --force {rule}
- [\ Edit rule definition, open file and go to line

Some things that need to be considered:

- [ ] visualise modular rules
- [ ] handle multiple open folders in the current workspace
- [ ] select profile to use (per open folder)
- [ ] how and when to update the list of rules as building the list can be slow
- [ ] visualise running rules, can we allow starting multiple rules in parallel?

Finally, I don't have any experience building VS Code plugins, but I figure it should be possible. "
