URL,Repository URL,Labels URL,Comments URL,Events URL,HTML URL,ID,Node ID,Number,Title,User,Labels,State,Locked,Assignee,Assignees,Milestone,Comments,Created At,Updated At,Closed At,Author Association,Body
https://api.github.com/repos/snakemake/snakemake-executor-plugin-drmaa/issues/9,https://api.github.com/repos/snakemake/snakemake-executor-plugin-drmaa,https://api.github.com/repos/snakemake/snakemake-executor-plugin-drmaa/issues/9/labels{/name},https://api.github.com/repos/snakemake/snakemake-executor-plugin-drmaa/issues/9/comments,https://api.github.com/repos/snakemake/snakemake-executor-plugin-drmaa/issues/9/events,https://github.com/snakemake/snakemake-executor-plugin-drmaa/issues/9,2188500671,I_kwDOKQSXGs6Ccd6_,9,Bug when setting drmaa-log-dir in profile,jonca79,,open,False,,,,1,2024-03-15T13:19:26Z,2024-03-15T13:27:50Z,,NONE,"When drmaa-log-dir is set in the profile the workflow crashes as there is an attempt to concatenate a string with a non-string.

                jt.outputPath = "":"" + self.drmaa_log_dir
                jt.errorPath = "":"" + self.drmaa_log_dir

This issue could be solved by using f-string.

https://github.com/snakemake/snakemake-executor-plugin-drmaa/blob/919359018047de7180780ef4504438332697d05d/snakemake_executor_plugin_drmaa/__init__.py#L118

snakemake==8.7.0
snakemake-executor-plugin-drmaa==0.1.4"
https://api.github.com/repos/snakemake/snakemake-executor-plugin-drmaa/issues/8,https://api.github.com/repos/snakemake/snakemake-executor-plugin-drmaa,https://api.github.com/repos/snakemake/snakemake-executor-plugin-drmaa/issues/8/labels{/name},https://api.github.com/repos/snakemake/snakemake-executor-plugin-drmaa/issues/8/comments,https://api.github.com/repos/snakemake/snakemake-executor-plugin-drmaa/issues/8/events,https://github.com/snakemake/snakemake-executor-plugin-drmaa/issues/8,2188481403,I_kwDOKQSXGs6CcZN7,8,Bug in message of jobid for suspended jobs,jonca79,,open,False,,,,1,2024-03-15T13:09:06Z,2024-03-15T13:27:16Z,,NONE,"When jobs are suspended by slurm a message is written to the terminal:
Job 2509 (DRMAA id: 1605507) was suspended by user.
However, there is a bug in the retrieval of the DRMAA id. Instead of active_job.jobid (which does not exist) it should be active_job.external_jobid.
This bug crashes the workflow when jobs are suspended.

https://github.com/snakemake/snakemake-executor-plugin-drmaa/blob/919359018047de7180780ef4504438332697d05d/snakemake_executor_plugin_drmaa/__init__.py#L187

Running:
snakemake==8.7.0
snakemake-executor-plugin-drmaa==0.1.4"
