URL,Repository URL,Labels URL,Comments URL,Events URL,HTML URL,ID,Node ID,Number,Title,User,Labels,State,Locked,Assignee,Assignees,Milestone,Comments,Created At,Updated At,Closed At,Author Association,Body
https://api.github.com/repos/snakemake/snakemake-executor-plugin-kubernetes/issues/19,https://api.github.com/repos/snakemake/snakemake-executor-plugin-kubernetes,https://api.github.com/repos/snakemake/snakemake-executor-plugin-kubernetes/issues/19/labels{/name},https://api.github.com/repos/snakemake/snakemake-executor-plugin-kubernetes/issues/19/comments,https://api.github.com/repos/snakemake/snakemake-executor-plugin-kubernetes/issues/19/events,https://github.com/snakemake/snakemake-executor-plugin-kubernetes/issues/19,2264117411,I_kwDOKQqd0c6G87Cj,19,unrecognized arguments: --storage-http-allow-redirects when using HTTP storage provider ,jjjermiah,,open,False,,,,2,2024-04-25T17:25:11Z,2024-04-25T18:09:37Z,,NONE,"It seems like when I use the http storage plugin with the kubernetes executer, it submits the job but with an added argument `--storage-http-allow-redirects`. 

Snakefile:

```python
storage HTTP:
    provider=""http""

rule all:
    input:
        ""results/summary.txt""

rule get_file:
    input:
        storage.HTTP(""https://example-files.online-convert.com/document/txt/example.txt"")
    output:
        ""results/summary.txt""
    shell:
        ""cat {input} > {output}""
```

profile:

```yaml
storage-gcs-project: orcestra-388613
default-storage-provider: gcs 
default-storage-prefix: gs://orcestradata/snakemake8_test

executor: kubernetes
jobs: 5
```

log:

```bash
pixi run snake --verbose --workflow-profile default -F
✨ Pixi task (snake in default): snakemake -c1 --verbose --workflow-profile default -F
Using workflow specific profile default for setting default command line arguments.
Path results/summary.txt, converted to .snakemake/storage/gcs/orcestradata/snakemake8_test/results/summary.txt
Path results/summary.txt, converted to .snakemake/storage/gcs/orcestradata/snakemake8_test/results/summary.txt
Building DAG of jobs...
shared_storage_local_copies: False
remote_exec: False
Uploading source archive to storage provider...
Checking status of 0 jobs
Using snakemake/snakemake:v8.10.8 for Kubernetes jobs.
Using shell: /bin/bash
Provided remote nodes: 5
Job stats:
job         count
--------  -------
all             1
get_file        1
total           2

Resources before job selection: {'_cores': 9223372036854775807, '_nodes': 5}
Ready jobs (1)
Select jobs to execute...
Using greedy selector because only single job has to be scheduled.
Selected jobs (1)
Resources after job selection: {'_cores': 9223372036854775806, '_nodes': 4}
Execute 1 jobs...

[Thu Apr 25 13:22:45 2024]
rule get_file:
    output: gs://orcestradata/snakemake8_test/results/summary.txt (send to storage)
    jobid: 1
    reason: Forced execution
    resources: tmpdir=<TBD>

General args: ['--force', '--target-files-omit-workdir-adjustment', '--keep-storage-local-copies', '--max-inventory-time 0', '--nocolor', '--notemp', '--no-hooks', '--nolock', '--ignore-incomplete', '', '--verbose ', '--rerun-triggers params software-env mtime code input', '', '', '', '--conda-frontend mamba', '', '', '', '', '', '--shared-fs-usage none', '', '--wrapper-prefix https://github.com/snakemake/snakemake-wrappers/raw/', '', '', '', '', '', '--latency-wait 5', '--scheduler ilp', '--local-storage-prefix .snakemake/storage', '', '', '', '', '', '--storage-gcs-retries 5', '--storage-http-allow-redirects True', '', '', '--default-storage-prefix gs://orcestradata/snakemake8_test --default-storage-provider gcs', '--default-resources base64//dG1wZGlyPXN5c3RlbV90bXBkaXI=']
Executing job: pip install --target '.snakemake/pip-deployments' snakemake-storage-plugin-gcs && python -m snakemake --deploy-sources gs://orcestradata/snakemake8_test/snakemake-workflow-sources.aa2971cef4d04f37d9a1a2a2ba973d589bf0fb2e4c198081e94539acfe32f4fc.tar.xz aa2971cef4d04f37d9a1a2a2ba973d589bf0fb2e4c198081e94539acfe32f4fc --default-storage-prefix gs://orcestradata/snakemake8_test --default-storage-provider gcs   --storage-gcs-retries 5 --storage-http-allow-redirects True && python -m snakemake --snakefile Snakefile --target-jobs 'get_file:' --allowed-rules 'get_file' --cores 1 --attempt 1 --force-use-threads   --force --target-files-omit-workdir-adjustment --keep-storage-local-copies --max-inventory-time 0 --nocolor --notemp --no-hooks --nolock --ignore-incomplete --verbose  --rerun-triggers params software-env mtime code input --conda-frontend mamba --shared-fs-usage none --wrapper-prefix https://github.com/snakemake/snakemake-wrappers/raw/ --latency-wait 5 --scheduler ilp --local-storage-prefix .snakemake/storage --storage-gcs-retries 5 --storage-http-allow-redirects True --default-storage-prefix gs://orcestradata/snakemake8_test --default-storage-provider gcs --default-resources base64//dG1wZGlyPXN5c3RlbV90bXBkaXI= --mode remote
job resources:  {'_cores': 1, '_nodes': 1, 'tmpdir': '<TBD>'}
k8s pod resources: {'cpu': '950m'}
Get status with:
kubectl describe pod snakejob-baa55f88-7989-50a6-9ecf-3c49ed01bedc
kubectl logs snakejob-baa55f88-7989-50a6-9ecf-3c49ed01bedc
Checking status of 1 jobs
Checking status of 1 jobs
[Thu Apr 25 13:23:05 2024]
Error in rule get_file:
    message: For details, please issue:
kubectl describe pod snakejob-baa55f88-7989-50a6-9ecf-3c49ed01bedc
kubectl logs snakejob-baa55f88-7989-50a6-9ecf-3c49ed01bedcFor further error details see the cluster/cloud log and the log files of the involved rule(s).
    jobid: 1
    output: gs://orcestradata/snakemake8_test/results/summary.txt (send to storage)
    log: /var/folders/8t/rwh6rzg93jxfqkb63gt2n4940000gn/T/snakemakex_xytdlb/persistence/auxiliary/kubernetes-logs/snakejob-baa55f88-7989-50a6-9ecf-3c49ed01bedc.log (check log file(s) for error details)
    shell:
        wget https://example-files.online-convert.com/document/txt/example.txt -O results/summary.txt
        (one of the commands exited with non-zero exit code; note that snakemake uses bash strict mode!)
    external_jobid: snakejob-baa55f88-7989-50a6-9ecf-3c49ed01bedc

Shutting down, this might take some time.
Exiting because a job execution failed. Look above for error message
Complete log: .snakemake/log/2024-04-25T132244.819888.snakemake.log
```


bold text in the logged command shows where its inserted:

Executing job: pip install --target '.snakemake/pip-deployments' snakemake-storage-plugin-gcs && python -m snakemake --deploy-sources gs://orcestradata/snakemake8_test/snakemake-workflow-sources.aa2971cef4d04f37d9a1a2a2ba973d589bf0fb2e4c198081e94539acfe32f4fc.tar.xz aa2971cef4d04f37d9a1a2a2ba973d589bf0fb2e4c198081e94539acfe32f4fc --default-storage-prefix gs://orcestradata/snakemake8_test --default-storage-provider gcs   --storage-gcs-retries 5 --storage-http-allow-redirects True && python -m snakemake --snakefile Snakefile --target-jobs 'get_file:' --allowed-rules 'get_file' --cores 1 --attempt 1 --force-use-threads   --force --target-files-omit-workdir-adjustment --keep-storage-local-copies --max-inventory-time 0 --nocolor --notemp --no-hooks --nolock --ignore-incomplete --verbose  --rerun-triggers params software-env mtime code input --conda-frontend mamba --shared-fs-usage none --wrapper-prefix https://github.com/snakemake/snakemake-wrappers/raw/ --latency-wait 5 --scheduler ilp --local-storage-prefix .snakemake/storage --storage-gcs-retries 5 **_--storage-http-allow-redirects_** True --default-storage-prefix gs://orcestradata/snakemake8_test --default-storage-provider gcs --default-resources base64//dG1wZGlyPXN5c3RlbV90bXBkaXI= --mode remote


"
https://api.github.com/repos/snakemake/snakemake-executor-plugin-kubernetes/issues/18,https://api.github.com/repos/snakemake/snakemake-executor-plugin-kubernetes,https://api.github.com/repos/snakemake/snakemake-executor-plugin-kubernetes/issues/18/labels{/name},https://api.github.com/repos/snakemake/snakemake-executor-plugin-kubernetes/issues/18/comments,https://api.github.com/repos/snakemake/snakemake-executor-plugin-kubernetes/issues/18/events,https://github.com/snakemake/snakemake-executor-plugin-kubernetes/issues/18,2238784315,I_kwDOKQqd0c6FcSM7,18,cross-referencing between jobid and pod,jjjermiah,,open,False,,,,0,2024-04-11T23:47:29Z,2024-04-11T23:48:03Z,,NONE,"- interest in extending the log_handlers to have some cross-reference between a job and its pods (or create pods tagged with the job-id) 


default handler by kubernetes outputs this:

```json
{
    ""indent"": false,
    ""level"": ""info"",
    ""msg"": ""Get status with:\nkubectl describe pod snakejob-32bcd598-8ead-5239-8dc6-e7e543e1b5f5\nkubectl logs snakejob-32bcd598-8ead-5239-8dc6-e7e543e1b5f5"",
    ""timestamp"": 1712877002.715246
}
```

from my understanding the pod name **_is_** called `jobid` in the kubernetes executor, but differs from the `jobid` snakemake assigns to a job. 

Goal is to try to get a log message of this form:

```json
{
    ""level"": ""debug"",
    ""msg"" : {
        ""jobid"": 0,
        ""k8pod"": ""snakejob-32bcd598-8ead-5239-8dc6-e7e543e1b5f5"",
        ""k8namespace"": ""default""
    },
    ""timestamp"": <time> 
}
```


some idea of a solution that I'm looking to implement

1) extend the logger :

```
class LoggerExecutorInterface(ABC):
    @abstractmethod
    def info(self, msg: str) -> None:
        ...


    @abstractmethod
    def error(self, msg: str) -> None:
        ...


    @abstractmethod
    def debug(self, msg: str) -> None:
        ...
```

or 

2) update logging messages in 

https://github.com/snakemake/snakemake-executor-plugin-kubernetes/blob/127bedf2887c15d49dfd1b5690233c57de53f02e/snakemake_executor_plugin_kubernetes/__init__.py#L214-L218

_________________________

I dont mind working on this but does anyone have any idea on where to start?
The levels of abstraction with the plugins are hard a bit difficult to follow

"
https://api.github.com/repos/snakemake/snakemake-executor-plugin-kubernetes/issues/11,https://api.github.com/repos/snakemake/snakemake-executor-plugin-kubernetes,https://api.github.com/repos/snakemake/snakemake-executor-plugin-kubernetes/issues/11/labels{/name},https://api.github.com/repos/snakemake/snakemake-executor-plugin-kubernetes/issues/11/comments,https://api.github.com/repos/snakemake/snakemake-executor-plugin-kubernetes/issues/11/events,https://github.com/snakemake/snakemake-executor-plugin-kubernetes/issues/11,2123900072,I_kwDOKQqd0c5-mCSo,11,snakemake-storage-plugin-gcs not in container image when using remote storage,jeffhsu3,,closed,False,,,,2,2024-02-07T21:09:41Z,2024-02-14T18:27:28Z,2024-02-14T18:27:28Z,NONE,"Getting this error when trying to run --executor kubernetes:

ERROR: Could not find a version that satisfies the requirement snakemake-storage-plugin-gcs (from versions: none)
ERROR: No matching distribution found for snakemake-storage-plugin-gcs

snakemake version: commit 6f345d3183101d1d01c0600d40a470cff7b99094

Does snakemake/snakemake:vget_last_stable_version() need to have snakemake-storage-plugin-gcs installed on it? 
"
