URL,Repository URL,Labels URL,Comments URL,Events URL,HTML URL,ID,Node ID,Number,Title,User,Labels,State,Locked,Assignee,Assignees,Milestone,Comments,Created At,Updated At,Closed At,Author Association,Body
https://api.github.com/repos/snakemake/snakemake-executor-plugin-kueue/issues/2,https://api.github.com/repos/snakemake/snakemake-executor-plugin-kueue,https://api.github.com/repos/snakemake/snakemake-executor-plugin-kueue/issues/2/labels{/name},https://api.github.com/repos/snakemake/snakemake-executor-plugin-kueue/issues/2/comments,https://api.github.com/repos/snakemake/snakemake-executor-plugin-kueue/issues/2/events,https://github.com/snakemake/snakemake-executor-plugin-kueue/issues/2,1797944560,I_kwDOJ5pP1c5rKnTw,2,Strategy for Output / Non-shared Fileystem,vsoch,,closed,False,,,,2,2023-07-11T02:15:34Z,2024-01-31T00:27:50Z,2024-01-31T00:27:50Z,COLLABORATOR,"@johanneskoester and @alculquicondor I want to bring you in for discussion and updates here!

With the current push, I have the most basic skeleton of running a hello world batch Job (starting with this before venturing into other CRD types, because there are many small problems to solve) with Snakemake via Kueue. This is the log from running the snakemake step in the container:

![image](https://github.com/snakemake/snakemake-executor-kueue/assets/814322/1ecde509-7394-4267-8fdb-717559e6ac88)

The Kubernetes job succeeds - `JobStatus.SUCCEEDED` is linked to the succeeded status of the job == the completions.

![image](https://github.com/snakemake/snakemake-executor-kueue/assets/814322/0e2a7214-5b28-4b6e-b8d7-bc916e85c691)

But of course as Snakemake is expecting output files, and we have neither a shared filesystem nor a way to get them back immediately, the snakemake run fails. There are several problems:

- I'm using a ConfigMap for the Snakefile, which totally disregards any additional context of the local working directory
- The working directory where the job runs needs write, so I use an EmptyVolume to avoid setting up something complicated for development.

Thus we need solutions for:

- Handling a working directory and getting it into a pod or some volume for pods.
- That volume needing write
- The results of the run being able to be passed back / saved somewhere.

I wanted to open these questions for discussion, and I'm thinking for early prototyping we could require output files to be sent to some remote (e.g., gs://) and then maybe there could be a way to not expect an actual file, but to see some text result in logs? 

On a higher level, this is likely going to be a bigger problem as we try to support many different environments with snakemake, where everyone uses a different cloud / different storage/ different file-types. My experiences with using Kubernetes and setting up storage is that it's really hard (and adds developer and user toil that we should want to avoid). For Google LifeSciences + Snakemake we assume using Google Storage, and for the working directory we upload it and download it on startup. We could do something similar here, but then we face the challenge of needing to support multiple clouds. Paulo from Nextflow is working on fusion that minimally can do a flexible fuse-style mount, but it's not an open source project. Services like Google Filestore are also really nice, but again, we can't assume being on Google Cloud.

Let me know your thoughts - and chat tomorrow @johanneskoester !"
