URL,Repository URL,Labels URL,Comments URL,Events URL,HTML URL,ID,Node ID,Number,Title,User,Labels,State,Locked,Assignee,Assignees,Milestone,Comments,Created At,Updated At,Closed At,Author Association,Body
https://api.github.com/repos/snakemake/snakemake-hpc-teaching-material/issues/86,https://api.github.com/repos/snakemake/snakemake-hpc-teaching-material,https://api.github.com/repos/snakemake/snakemake-hpc-teaching-material/issues/86/labels{/name},https://api.github.com/repos/snakemake/snakemake-hpc-teaching-material/issues/86/comments,https://api.github.com/repos/snakemake/snakemake-hpc-teaching-material/issues/86/events,https://github.com/snakemake/snakemake-hpc-teaching-material/issues/86,2278153111,I_kwDOKoPJx86HyduX,86,Readme badges,cmeesters,,open,False,,,,0,2024-05-03T17:48:02Z,2024-05-03T17:48:03Z,,COLLABORATOR,"We could use some readme badges, too:
- for tests passing
- the license
- social media badges (e.g. mastodon)"
https://api.github.com/repos/snakemake/snakemake-hpc-teaching-material/issues/85,https://api.github.com/repos/snakemake/snakemake-hpc-teaching-material,https://api.github.com/repos/snakemake/snakemake-hpc-teaching-material/issues/85/labels{/name},https://api.github.com/repos/snakemake/snakemake-hpc-teaching-material/issues/85/comments,https://api.github.com/repos/snakemake/snakemake-hpc-teaching-material/issues/85/events,https://github.com/snakemake/snakemake-hpc-teaching-material/issues/85,2275370317,I_kwDOKoPJx86Hn2VN,85,add copyrights and attributions,cmeesters,,open,False,cmeesters,cmeesters,,0,2024-05-02T12:02:56Z,2024-05-02T12:02:56Z,,COLLABORATOR,"for all images, either generically for own images or specifically for third party ones, add copyright and licence information in an appendix"
https://api.github.com/repos/snakemake/snakemake-hpc-teaching-material/issues/82,https://api.github.com/repos/snakemake/snakemake-hpc-teaching-material,https://api.github.com/repos/snakemake/snakemake-hpc-teaching-material/issues/82/labels{/name},https://api.github.com/repos/snakemake/snakemake-hpc-teaching-material/issues/82/comments,https://api.github.com/repos/snakemake/snakemake-hpc-teaching-material/issues/82/events,https://github.com/snakemake/snakemake-hpc-teaching-material/issues/82,2256046475,I_kwDOKoPJx86GeImL,82,Certificate generator: organizations give different participant list formats,cmeesters,enhancement,open,False,cmeesters,cmeesters,,1,2024-04-22T09:29:12Z,2024-05-01T12:58:55Z,,COLLABORATOR,"- Whether a header line in an export file needs to be skipped, needs to be configurable
- there should be a CI part for this"
https://api.github.com/repos/snakemake/snakemake-hpc-teaching-material/issues/80,https://api.github.com/repos/snakemake/snakemake-hpc-teaching-material,https://api.github.com/repos/snakemake/snakemake-hpc-teaching-material/issues/80/labels{/name},https://api.github.com/repos/snakemake/snakemake-hpc-teaching-material/issues/80/comments,https://api.github.com/repos/snakemake/snakemake-hpc-teaching-material/issues/80/events,https://github.com/snakemake/snakemake-hpc-teaching-material/issues/80,2252812912,I_kwDOKoPJx86GRzJw,80,new questions for 'Teaching Elsewhere',cmeesters,,open,False,cmeesters,cmeesters,,0,2024-04-19T12:07:00Z,2024-04-19T12:07:01Z,,COLLABORATOR,"Recent experience showed, that basic cluster features may not be taken for granted:

- visualization software for simple plots
- a scratch file system

Also, with `magnetic` reservations, there is no need to write `--reservation=` - we then do not need to explain that for the day a reservation needs to be spcified."
https://api.github.com/repos/snakemake/snakemake-hpc-teaching-material/issues/77,https://api.github.com/repos/snakemake/snakemake-hpc-teaching-material,https://api.github.com/repos/snakemake/snakemake-hpc-teaching-material/issues/77/labels{/name},https://api.github.com/repos/snakemake/snakemake-hpc-teaching-material/issues/77/comments,https://api.github.com/repos/snakemake/snakemake-hpc-teaching-material/issues/77/events,https://github.com/snakemake/snakemake-hpc-teaching-material/issues/77,2240343704,I_kwDOKoPJx86FiO6Y,77,Complementing using curated workflows slides,cmeesters,,closed,False,cmeesters,cmeesters,,1,2024-04-12T15:05:39Z,2024-04-15T15:06:28Z,2024-04-15T15:06:28Z,COLLABORATOR,Right now the `users/Selecting_Workflows` file is in shambles. snakedeploy need to be shown in combination with the update software install slides from PR #75
https://api.github.com/repos/snakemake/snakemake-hpc-teaching-material/issues/73,https://api.github.com/repos/snakemake/snakemake-hpc-teaching-material,https://api.github.com/repos/snakemake/snakemake-hpc-teaching-material/issues/73/labels{/name},https://api.github.com/repos/snakemake/snakemake-hpc-teaching-material/issues/73/comments,https://api.github.com/repos/snakemake/snakemake-hpc-teaching-material/issues/73/events,https://github.com/snakemake/snakemake-hpc-teaching-material/issues/73,2222361189,I_kwDOKoPJx86Edopl,73,"Move slide rendering to Python script, improve configurability by using yaml instead of LaTeX",mptrsen,,closed,False,cmeesters,cmeesters,,1,2024-04-03T09:10:23Z,2024-04-03T09:11:39Z,2024-04-03T09:11:39Z,COLLABORATOR,"The previous makefile based rendering was fine, but the fact that the configuration was LaTeX-only is a big hurdle for further configurability of the layout.

Task: implement and proposes a first rendering script, which is Python-based, parses a yaml configuration, renders a template, copies all files into a temporary directory and saves the PDF in slides.

Implemented in #71
"
https://api.github.com/repos/snakemake/snakemake-hpc-teaching-material/issues/62,https://api.github.com/repos/snakemake/snakemake-hpc-teaching-material,https://api.github.com/repos/snakemake/snakemake-hpc-teaching-material/issues/62/labels{/name},https://api.github.com/repos/snakemake/snakemake-hpc-teaching-material/issues/62/comments,https://api.github.com/repos/snakemake/snakemake-hpc-teaching-material/issues/62/events,https://github.com/snakemake/snakemake-hpc-teaching-material/issues/62,2102077479,I_kwDOKoPJx859Sygn,62,"typos and minor changes on ""snakemake workflows catalogue"" slide",mptrsen,,closed,False,,,,0,2024-01-26T11:38:43Z,2024-01-26T17:36:36Z,2024-01-26T17:36:36Z,COLLABORATOR,"fix some typos, reword the list a little"
https://api.github.com/repos/snakemake/snakemake-hpc-teaching-material/issues/60,https://api.github.com/repos/snakemake/snakemake-hpc-teaching-material,https://api.github.com/repos/snakemake/snakemake-hpc-teaching-material/issues/60/labels{/name},https://api.github.com/repos/snakemake/snakemake-hpc-teaching-material/issues/60/comments,https://api.github.com/repos/snakemake/snakemake-hpc-teaching-material/issues/60/events,https://github.com/snakemake/snakemake-hpc-teaching-material/issues/60,2102062166,I_kwDOKoPJx859SuxW,60,"fix editing artifact in PhD comics (""data analysis"" page)",mptrsen,,closed,False,,,,0,2024-01-26T11:25:33Z,2024-01-29T14:10:35Z,2024-01-29T14:10:35Z,COLLABORATOR,Remove the small cropping artifacts in the left-only image from PhD comics.
https://api.github.com/repos/snakemake/snakemake-hpc-teaching-material/issues/58,https://api.github.com/repos/snakemake/snakemake-hpc-teaching-material,https://api.github.com/repos/snakemake/snakemake-hpc-teaching-material/issues/58/labels{/name},https://api.github.com/repos/snakemake/snakemake-hpc-teaching-material/issues/58/comments,https://api.github.com/repos/snakemake/snakemake-hpc-teaching-material/issues/58/events,https://github.com/snakemake/snakemake-hpc-teaching-material/issues/58,2101973003,I_kwDOKoPJx859SZAL,58,make date configurable,mptrsen,,closed,False,mptrsen,mptrsen,,0,2024-01-26T10:31:45Z,2024-01-26T19:50:19Z,2024-01-26T19:50:19Z,COLLABORATOR,"hardcoded date in preamble goes outdated quickly, move to config param"
https://api.github.com/repos/snakemake/snakemake-hpc-teaching-material/issues/57,https://api.github.com/repos/snakemake/snakemake-hpc-teaching-material,https://api.github.com/repos/snakemake/snakemake-hpc-teaching-material/issues/57/labels{/name},https://api.github.com/repos/snakemake/snakemake-hpc-teaching-material/issues/57/comments,https://api.github.com/repos/snakemake/snakemake-hpc-teaching-material/issues/57/events,https://github.com/snakemake/snakemake-hpc-teaching-material/issues/57,2086725482,I_kwDOKoPJx858YOdq,57,--directory vs workflow.source_path,cmeesters,enhancement,open,False,cmeesters,cmeesters,,0,2024-01-17T18:16:59Z,2024-01-18T14:07:58Z,,COLLABORATOR,"On clusters, we are dealing with different file systems. For support personal, it is advantageous to have

- a Snakefile in HOME, along with all the scripts, configs, etc.
- data somewhere else

Specifying `--directory /filesystem/project/data` will result in snakemake not finding its config and script files. Using `workflow.source_path(...)` will make a workflow robust in this regard. "
https://api.github.com/repos/snakemake/snakemake-hpc-teaching-material/issues/56,https://api.github.com/repos/snakemake/snakemake-hpc-teaching-material,https://api.github.com/repos/snakemake/snakemake-hpc-teaching-material/issues/56/labels{/name},https://api.github.com/repos/snakemake/snakemake-hpc-teaching-material/issues/56/comments,https://api.github.com/repos/snakemake/snakemake-hpc-teaching-material/issues/56/events,https://github.com/snakemake/snakemake-hpc-teaching-material/issues/56,2078656180,I_kwDOKoPJx8575ca0,56,Admin section: describe potential global configuration settings for v8+,cmeesters,"content, enhancement",open,False,,,,0,2024-01-12T11:43:39Z,2024-01-12T11:43:40Z,,COLLABORATOR,
https://api.github.com/repos/snakemake/snakemake-hpc-teaching-material/issues/55,https://api.github.com/repos/snakemake/snakemake-hpc-teaching-material,https://api.github.com/repos/snakemake/snakemake-hpc-teaching-material/issues/55/labels{/name},https://api.github.com/repos/snakemake/snakemake-hpc-teaching-material/issues/55/comments,https://api.github.com/repos/snakemake/snakemake-hpc-teaching-material/issues/55/events,https://github.com/snakemake/snakemake-hpc-teaching-material/issues/55,2078259724,I_kwDOKoPJx85737oM,55,Updating Job Submission to v8+,cmeesters,"content, enhancement",open,False,cmeesters,cmeesters,,1,2024-01-12T07:48:13Z,2024-05-01T13:00:06Z,,COLLABORATOR,see title
https://api.github.com/repos/snakemake/snakemake-hpc-teaching-material/issues/54,https://api.github.com/repos/snakemake/snakemake-hpc-teaching-material,https://api.github.com/repos/snakemake/snakemake-hpc-teaching-material/issues/54/labels{/name},https://api.github.com/repos/snakemake/snakemake-hpc-teaching-material/issues/54/comments,https://api.github.com/repos/snakemake/snakemake-hpc-teaching-material/issues/54/events,https://github.com/snakemake/snakemake-hpc-teaching-material/issues/54,2078244217,I_kwDOKoPJx8573315,54,Migrate Software part to Snakemake v8+,cmeesters,"content, enhancement",closed,False,cmeesters,cmeesters,,1,2024-01-12T07:36:37Z,2024-04-12T14:38:38Z,2024-04-12T14:38:38Z,COLLABORATOR,"- Describe the dependencies to be installed
- Describe the deployment method(s) with snakemake"
https://api.github.com/repos/snakemake/snakemake-hpc-teaching-material/issues/51,https://api.github.com/repos/snakemake/snakemake-hpc-teaching-material,https://api.github.com/repos/snakemake/snakemake-hpc-teaching-material/issues/51/labels{/name},https://api.github.com/repos/snakemake/snakemake-hpc-teaching-material/issues/51/comments,https://api.github.com/repos/snakemake/snakemake-hpc-teaching-material/issues/51/events,https://github.com/snakemake/snakemake-hpc-teaching-material/issues/51,2043687294,I_kwDOKoPJx8550DF-,51,Designing a Question List for teaching,cmeesters,"enhancement, help wanted",closed,False,cmeesters,cmeesters,,2,2023-12-15T12:58:36Z,2024-01-29T10:35:47Z,2024-01-29T10:35:47Z,COLLABORATOR,"When teaching ""elsewhere"" a number of questions need answering.

We should have a Document to tick off those questions:

- How does the course room look like?
  - How many seats?
  - Presenter PC?
  - Possible to plug in Laptop?
  - HDMI?
  - projector situation?
  - Adaptor Needed?
  - Participant PC OS?
  - Software to log in? (putty, mobaxterm, powershell or plain ssh via Linux)
  - 2FA setup in place?
  - ssh-keys - are they to be prepared? 
  - course accounts?
  - possibility to do paired programming
- Cluster?
  - shared file space for the setup to be copied to?
  - editor choices?
  - SLURM reservation?
  - number of days?
  - colleagues who want to be trained as trainers?
 

Is there anything else you can think of? @all"
https://api.github.com/repos/snakemake/snakemake-hpc-teaching-material/issues/50,https://api.github.com/repos/snakemake/snakemake-hpc-teaching-material,https://api.github.com/repos/snakemake/snakemake-hpc-teaching-material/issues/50/labels{/name},https://api.github.com/repos/snakemake/snakemake-hpc-teaching-material/issues/50/comments,https://api.github.com/repos/snakemake/snakemake-hpc-teaching-material/issues/50/events,https://github.com/snakemake/snakemake-hpc-teaching-material/issues/50,2036163705,I_kwDOKoPJx855XWR5,50,creators: show how to create Reports,cmeesters,enhancement,closed,False,cmeesters,cmeesters,,1,2023-12-11T17:26:39Z,2024-04-13T15:13:20Z,2024-04-13T15:13:20Z,COLLABORATOR,
https://api.github.com/repos/snakemake/snakemake-hpc-teaching-material/issues/49,https://api.github.com/repos/snakemake/snakemake-hpc-teaching-material,https://api.github.com/repos/snakemake/snakemake-hpc-teaching-material/issues/49/labels{/name},https://api.github.com/repos/snakemake/snakemake-hpc-teaching-material/issues/49/comments,https://api.github.com/repos/snakemake/snakemake-hpc-teaching-material/issues/49/events,https://github.com/snakemake/snakemake-hpc-teaching-material/issues/49,2032478430,I_kwDOKoPJx855JSje,49,Snakemake logo on title page and improve Snakemake typesetting ,cmeesters,enhancement,closed,False,cmeesters,cmeesters,,2,2023-12-08T11:26:00Z,2024-02-13T14:29:27Z,2024-02-13T14:29:27Z,COLLABORATOR,"Currently, Snakemake is typeset as `\texttt{Snakemake}` over and over again. This goes along with the philosophy of having projects set in true type fonts. (program invocations are set as verbatim - this should not be confused)

However, the logo itself should be part of the title page and Snakemake overall displayed nicer. 
"
https://api.github.com/repos/snakemake/snakemake-hpc-teaching-material/issues/48,https://api.github.com/repos/snakemake/snakemake-hpc-teaching-material,https://api.github.com/repos/snakemake/snakemake-hpc-teaching-material/issues/48/labels{/name},https://api.github.com/repos/snakemake/snakemake-hpc-teaching-material/issues/48/comments,https://api.github.com/repos/snakemake/snakemake-hpc-teaching-material/issues/48/events,https://github.com/snakemake/snakemake-hpc-teaching-material/issues/48,2032335673,I_kwDOKoPJx855Ivs5,48,User slides: file latency,cmeesters,enhancement,closed,False,,,,1,2023-12-08T09:50:51Z,2024-05-06T11:30:31Z,2024-05-06T11:30:30Z,COLLABORATOR,"Explain

`--latency-wait`"
https://api.github.com/repos/snakemake/snakemake-hpc-teaching-material/issues/47,https://api.github.com/repos/snakemake/snakemake-hpc-teaching-material,https://api.github.com/repos/snakemake/snakemake-hpc-teaching-material/issues/47/labels{/name},https://api.github.com/repos/snakemake/snakemake-hpc-teaching-material/issues/47/comments,https://api.github.com/repos/snakemake/snakemake-hpc-teaching-material/issues/47/events,https://github.com/snakemake/snakemake-hpc-teaching-material/issues/47,2032334019,I_kwDOKoPJx855IvTD,47,User Slides: setting the rate limiter,cmeesters,enhancement,open,False,cmeesters,cmeesters,,0,2023-12-08T09:49:42Z,2024-05-06T09:58:46Z,,COLLABORATOR,"Explain

 `--max-jobs-per-second MAX_JOBS_PER_SECOND`
 `--max-status-checks-per-second MAX_STATUS_CHECKS_PER_SECOND`"
https://api.github.com/repos/snakemake/snakemake-hpc-teaching-material/issues/46,https://api.github.com/repos/snakemake/snakemake-hpc-teaching-material,https://api.github.com/repos/snakemake/snakemake-hpc-teaching-material/issues/46/labels{/name},https://api.github.com/repos/snakemake/snakemake-hpc-teaching-material/issues/46/comments,https://api.github.com/repos/snakemake/snakemake-hpc-teaching-material/issues/46/events,https://github.com/snakemake/snakemake-hpc-teaching-material/issues/46,2016188842,I_kwDOKoPJx854LJmq,46,Admin Section: add slide for slurm taskprolog temp-directory settings,cmeesters,enhancement,open,False,cmeesters,cmeesters,,0,2023-11-29T09:41:46Z,2023-11-29T09:41:46Z,,COLLABORATOR,"In case a cluster does not provide it, recomment the SLURM taskprolog:

```
#!/bin/bash
# set UNIX standard variables
# setting TMP is without effect?
#echo export TMP=""/localscratch/${SLURM_JOB_ID}""
echo export TEMP=""/localscratch/${SLURM_JOB_ID}""
echo export TMPDIR=""/localscratch/${SLURM_JOB_ID}""
echo export TEMPDIR=""/localscratch/${SLURM_JOB_ID}""
```

@all does anyone know why the tmp line takes no effect? On our cluster outcommenting this line has no effect either: There seems to be no default and in either case the variable is not set.
"
https://api.github.com/repos/snakemake/snakemake-hpc-teaching-material/issues/45,https://api.github.com/repos/snakemake/snakemake-hpc-teaching-material,https://api.github.com/repos/snakemake/snakemake-hpc-teaching-material/issues/45/labels{/name},https://api.github.com/repos/snakemake/snakemake-hpc-teaching-material/issues/45/comments,https://api.github.com/repos/snakemake/snakemake-hpc-teaching-material/issues/45/events,https://github.com/snakemake/snakemake-hpc-teaching-material/issues/45,2009507780,I_kwDOKoPJx853xqfE,45,"ALL Sections: Add Installation update, with Snakemake 8.0 release",cmeesters,"content, enhancement",closed,False,cmeesters,cmeesters,,1,2023-11-24T10:44:54Z,2024-04-12T14:38:57Z,2024-04-12T14:38:57Z,COLLABORATOR,currently the installation _can_ be performed with conda (or eb or ...) and native SLURM support is given. With Snakemake 8.0 the SLURM Executors are plugins. 
https://api.github.com/repos/snakemake/snakemake-hpc-teaching-material/issues/44,https://api.github.com/repos/snakemake/snakemake-hpc-teaching-material,https://api.github.com/repos/snakemake/snakemake-hpc-teaching-material/issues/44/labels{/name},https://api.github.com/repos/snakemake/snakemake-hpc-teaching-material/issues/44/comments,https://api.github.com/repos/snakemake/snakemake-hpc-teaching-material/issues/44/events,https://github.com/snakemake/snakemake-hpc-teaching-material/issues/44,2009318011,I_kwDOKoPJx853w8J7,44,coding wrappers,cmeesters,enhancement,closed,False,brand-fabian,brand-fabian,,7,2023-11-24T08:36:07Z,2024-02-08T14:28:46Z,2024-02-08T14:28:46Z,COLLABORATOR,"new section on how to code wrappers, assigned to @brand-fabian according to meeting notes from 2023-11-10"
https://api.github.com/repos/snakemake/snakemake-hpc-teaching-material/issues/41,https://api.github.com/repos/snakemake/snakemake-hpc-teaching-material,https://api.github.com/repos/snakemake/snakemake-hpc-teaching-material/issues/41/labels{/name},https://api.github.com/repos/snakemake/snakemake-hpc-teaching-material/issues/41/comments,https://api.github.com/repos/snakemake/snakemake-hpc-teaching-material/issues/41/events,https://github.com/snakemake/snakemake-hpc-teaching-material/issues/41,2002668629,I_kwDOKoPJx853XkxV,41,No licence!,cmeesters,question,closed,False,mptrsen,"mptrsen, cmeesters, AasishKumarSharma, brand-fabian, mlpgwdg, lukashellmann",,8,2023-11-20T17:21:05Z,2023-12-08T09:51:30Z,2023-12-08T09:51:30Z,COLLABORATOR,"To distribute, we need a licence! I propose CC BY 4.0 as this is non-code material mostly. However, this requires a consensus.

Opinions?"
https://api.github.com/repos/snakemake/snakemake-hpc-teaching-material/issues/40,https://api.github.com/repos/snakemake/snakemake-hpc-teaching-material,https://api.github.com/repos/snakemake/snakemake-hpc-teaching-material/issues/40/labels{/name},https://api.github.com/repos/snakemake/snakemake-hpc-teaching-material/issues/40/comments,https://api.github.com/repos/snakemake/snakemake-hpc-teaching-material/issues/40/events,https://github.com/snakemake/snakemake-hpc-teaching-material/issues/40,1999754203,I_kwDOKoPJx853MdPb,40,"USERS: Add section ""How to report Issues""",cmeesters,,closed,False,cmeesters,cmeesters,,1,2023-11-17T19:10:08Z,2023-12-15T14:49:57Z,2023-12-15T14:49:57Z,COLLABORATOR,
https://api.github.com/repos/snakemake/snakemake-hpc-teaching-material/issues/38,https://api.github.com/repos/snakemake/snakemake-hpc-teaching-material,https://api.github.com/repos/snakemake/snakemake-hpc-teaching-material/issues/38/labels{/name},https://api.github.com/repos/snakemake/snakemake-hpc-teaching-material/issues/38/comments,https://api.github.com/repos/snakemake/snakemake-hpc-teaching-material/issues/38/events,https://github.com/snakemake/snakemake-hpc-teaching-material/issues/38,1999224775,I_kwDOKoPJx853Kb_H,38,"update the adapt_sections script to accomodate for the split into creators, users, admins",cmeesters,"bug, enhancement",closed,False,cmeesters,cmeesters,,1,2023-11-17T14:11:24Z,2024-04-03T13:32:11Z,2024-04-03T13:32:11Z,COLLABORATOR,"the `adapt_sections.py` script adapts the outline for the number of chapters (sections) present and ensures a balanced outline per section. With the split in (a future) three master scripts, we ought to update this script to scan and adapt the tex files listed in a given master and nothing else."
https://api.github.com/repos/snakemake/snakemake-hpc-teaching-material/issues/37,https://api.github.com/repos/snakemake/snakemake-hpc-teaching-material,https://api.github.com/repos/snakemake/snakemake-hpc-teaching-material/issues/37/labels{/name},https://api.github.com/repos/snakemake/snakemake-hpc-teaching-material/issues/37/comments,https://api.github.com/repos/snakemake/snakemake-hpc-teaching-material/issues/37/events,https://github.com/snakemake/snakemake-hpc-teaching-material/issues/37,1999205524,I_kwDOKoPJx853KXSU,37,split Report section in Reports and Benchmarking,cmeesters,,closed,False,cmeesters,cmeesters,,1,2023-11-17T14:01:36Z,2024-05-14T09:41:16Z,2024-05-14T09:41:16Z,COLLABORATOR,"- reports require further work
- Benchmarking is a separate chapter and also merits polishing

A split seems necessary."
https://api.github.com/repos/snakemake/snakemake-hpc-teaching-material/issues/34,https://api.github.com/repos/snakemake/snakemake-hpc-teaching-material,https://api.github.com/repos/snakemake/snakemake-hpc-teaching-material/issues/34/labels{/name},https://api.github.com/repos/snakemake/snakemake-hpc-teaching-material/issues/34/comments,https://api.github.com/repos/snakemake/snakemake-hpc-teaching-material/issues/34/events,https://github.com/snakemake/snakemake-hpc-teaching-material/issues/34,1998887140,I_kwDOKoPJx853JJjk,34,"write ""Onboarding SOP"" for newcomers",cmeesters,,closed,False,,,,2,2023-11-17T11:23:21Z,2023-11-17T13:50:26Z,2023-11-17T13:50:26Z,COLLABORATOR,as part of the README file
https://api.github.com/repos/snakemake/snakemake-hpc-teaching-material/issues/32,https://api.github.com/repos/snakemake/snakemake-hpc-teaching-material,https://api.github.com/repos/snakemake/snakemake-hpc-teaching-material/issues/32/labels{/name},https://api.github.com/repos/snakemake/snakemake-hpc-teaching-material/issues/32/comments,https://api.github.com/repos/snakemake/snakemake-hpc-teaching-material/issues/32/events,https://github.com/snakemake/snakemake-hpc-teaching-material/issues/32,1998572512,I_kwDOKoPJx853H8vg,32,Add logo and contributors for Uni Bonn,mptrsen,,closed,False,mptrsen,mptrsen,,1,2023-11-17T08:49:30Z,2023-11-17T12:22:03Z,2023-11-17T12:22:03Z,COLLABORATOR,"- [x] Add UBonn logo
- [x] Add Malte Petersen
- [x] Add Fabian Brand
- [x] Add Florian Boecker"
https://api.github.com/repos/snakemake/snakemake-hpc-teaching-material/issues/30,https://api.github.com/repos/snakemake/snakemake-hpc-teaching-material,https://api.github.com/repos/snakemake/snakemake-hpc-teaching-material/issues/30/labels{/name},https://api.github.com/repos/snakemake/snakemake-hpc-teaching-material/issues/30/comments,https://api.github.com/repos/snakemake/snakemake-hpc-teaching-material/issues/30/events,https://github.com/snakemake/snakemake-hpc-teaching-material/issues/30,1998416016,I_kwDOKoPJx853HWiQ,30,"write ""lecturer SOP""",cmeesters,,closed,False,cmeesters,cmeesters,,1,2023-11-17T07:06:04Z,2023-11-17T13:52:52Z,2023-11-17T13:52:52Z,COLLABORATOR,"we need a ""lecturer SOP"": all the things which lecturers need to adapt, to get ""their"" slide set. "
https://api.github.com/repos/snakemake/snakemake-hpc-teaching-material/issues/29,https://api.github.com/repos/snakemake/snakemake-hpc-teaching-material,https://api.github.com/repos/snakemake/snakemake-hpc-teaching-material/issues/29/labels{/name},https://api.github.com/repos/snakemake/snakemake-hpc-teaching-material/issues/29/comments,https://api.github.com/repos/snakemake/snakemake-hpc-teaching-material/issues/29/events,https://github.com/snakemake/snakemake-hpc-teaching-material/issues/29,1997268931,I_kwDOKoPJx853C-fD,29,sample condarc shows reference to mogon,cmeesters,,closed,False,cmeesters,cmeesters,,1,2023-11-16T16:33:31Z,2023-11-17T12:22:29Z,2023-11-17T12:22:29Z,COLLABORATOR,make the condarc slide configurable
https://api.github.com/repos/snakemake/snakemake-hpc-teaching-material/issues/27,https://api.github.com/repos/snakemake/snakemake-hpc-teaching-material,https://api.github.com/repos/snakemake/snakemake-hpc-teaching-material/issues/27/labels{/name},https://api.github.com/repos/snakemake/snakemake-hpc-teaching-material/issues/27/comments,https://api.github.com/repos/snakemake/snakemake-hpc-teaching-material/issues/27/events,https://github.com/snakemake/snakemake-hpc-teaching-material/issues/27,1996948368,I_kwDOKoPJx853BwOQ,27,remove references to mogon,cmeesters,,closed,False,cmeesters,cmeesters,,1,2023-11-16T14:11:08Z,2023-11-21T17:13:16Z,2023-11-21T17:13:15Z,COLLABORATOR,The slideset(s) ought to be agnostic. No references to a specific cluster should be present (unless introduced by configuration(s)).
https://api.github.com/repos/snakemake/snakemake-hpc-teaching-material/issues/25,https://api.github.com/repos/snakemake/snakemake-hpc-teaching-material,https://api.github.com/repos/snakemake/snakemake-hpc-teaching-material/issues/25/labels{/name},https://api.github.com/repos/snakemake/snakemake-hpc-teaching-material/issues/25/comments,https://api.github.com/repos/snakemake/snakemake-hpc-teaching-material/issues/25/events,https://github.com/snakemake/snakemake-hpc-teaching-material/issues/25,1996568411,I_kwDOKoPJx853ATdb,25,Unify preambles for the different slidesets,mptrsen,,closed,False,,,,2,2023-11-16T10:42:12Z,2023-11-16T14:10:14Z,2023-11-16T14:10:14Z,COLLABORATOR,"We don't want to keep them all synchronised, and the layout, general settings, `\newcommand`s will be the same anyway.

I propose:

1. Create a `preamble.tex` to contain stuff that is the same in all slidesets
2. `\include` that in `Snakemake_HPC_Users.tex` and `Snakemake_HPC_Creators.tex`"
https://api.github.com/repos/snakemake/snakemake-hpc-teaching-material/issues/24,https://api.github.com/repos/snakemake/snakemake-hpc-teaching-material,https://api.github.com/repos/snakemake/snakemake-hpc-teaching-material/issues/24/labels{/name},https://api.github.com/repos/snakemake/snakemake-hpc-teaching-material/issues/24/comments,https://api.github.com/repos/snakemake/snakemake-hpc-teaching-material/issues/24/events,https://github.com/snakemake/snakemake-hpc-teaching-material/issues/24,1996549695,I_kwDOKoPJx853AO4_,24,Decide on British English or American English,mptrsen,,closed,False,,,,3,2023-11-16T10:32:17Z,2023-11-21T17:12:50Z,2023-11-21T17:12:50Z,COLLABORATOR,"For example ""Honour"" vs. ""Honor"" (slide 2), ""standardized"" vs ""standardised"" (slide 10, Snakemake catalogue (actually: ""catalogue"" vs ""catalog""))"
https://api.github.com/repos/snakemake/snakemake-hpc-teaching-material/issues/22,https://api.github.com/repos/snakemake/snakemake-hpc-teaching-material,https://api.github.com/repos/snakemake/snakemake-hpc-teaching-material/issues/22/labels{/name},https://api.github.com/repos/snakemake/snakemake-hpc-teaching-material/issues/22/comments,https://api.github.com/repos/snakemake/snakemake-hpc-teaching-material/issues/22/events,https://github.com/snakemake/snakemake-hpc-teaching-material/issues/22,1996539093,I_kwDOKoPJx853AMTV,22,Remove navigation buttons,mptrsen,,closed,False,,,,3,2023-11-16T10:26:06Z,2023-11-16T12:56:28Z,2023-11-16T12:56:28Z,COLLABORATOR,"Remove the nav buttons that nobody uses.

In the preamble:

    \setbeamertemplate{navigation symbols}{}"
https://api.github.com/repos/snakemake/snakemake-hpc-teaching-material/issues/20,https://api.github.com/repos/snakemake/snakemake-hpc-teaching-material,https://api.github.com/repos/snakemake/snakemake-hpc-teaching-material/issues/20/labels{/name},https://api.github.com/repos/snakemake/snakemake-hpc-teaching-material/issues/20/comments,https://api.github.com/repos/snakemake/snakemake-hpc-teaching-material/issues/20/events,https://github.com/snakemake/snakemake-hpc-teaching-material/issues/20,1987338759,I_kwDOKoPJx852dGIH,20,new team name,cmeesters,,closed,False,cmeesters,cmeesters,,1,2023-11-10T10:20:01Z,2023-11-14T13:22:27Z,2023-11-14T13:22:27Z,COLLABORATOR,to be put into the README and title slide
https://api.github.com/repos/snakemake/snakemake-hpc-teaching-material/issues/19,https://api.github.com/repos/snakemake/snakemake-hpc-teaching-material,https://api.github.com/repos/snakemake/snakemake-hpc-teaching-material/issues/19/labels{/name},https://api.github.com/repos/snakemake/snakemake-hpc-teaching-material/issues/19/comments,https://api.github.com/repos/snakemake/snakemake-hpc-teaching-material/issues/19/events,https://github.com/snakemake/snakemake-hpc-teaching-material/issues/19,1987337832,I_kwDOKoPJx852dF5o,19,create configurable editor recommendation slide set,cmeesters,,closed,False,cmeesters,cmeesters,,1,2023-11-10T10:19:25Z,2023-12-11T17:26:10Z,2023-12-11T17:26:09Z,COLLABORATOR,
https://api.github.com/repos/snakemake/snakemake-hpc-teaching-material/issues/18,https://api.github.com/repos/snakemake/snakemake-hpc-teaching-material,https://api.github.com/repos/snakemake/snakemake-hpc-teaching-material/issues/18/labels{/name},https://api.github.com/repos/snakemake/snakemake-hpc-teaching-material/issues/18/comments,https://api.github.com/repos/snakemake/snakemake-hpc-teaching-material/issues/18/events,https://github.com/snakemake/snakemake-hpc-teaching-material/issues/18,1987334625,I_kwDOKoPJx852dFHh,18,create slide set - using wrappers,cmeesters,,closed,False,cmeesters,cmeesters,,1,2023-11-10T10:17:16Z,2023-12-15T14:37:41Z,2023-12-15T14:37:41Z,COLLABORATOR,should go into 'common' and be used in the for users and for creators presentations
https://api.github.com/repos/snakemake/snakemake-hpc-teaching-material/issues/17,https://api.github.com/repos/snakemake/snakemake-hpc-teaching-material,https://api.github.com/repos/snakemake/snakemake-hpc-teaching-material/issues/17/labels{/name},https://api.github.com/repos/snakemake/snakemake-hpc-teaching-material/issues/17/comments,https://api.github.com/repos/snakemake/snakemake-hpc-teaching-material/issues/17/events,https://github.com/snakemake/snakemake-hpc-teaching-material/issues/17,1987333391,I_kwDOKoPJx852dE0P,17,erase all puns,cmeesters,,closed,False,brand-fabian,brand-fabian,,3,2023-11-10T10:16:27Z,2024-02-13T14:31:56Z,2024-02-13T14:31:55Z,COLLABORATOR,"This issue applies to all. As noted by @brand-fabian some slides contain ""funny"" remarks (puns, jokes), we may or may not come across depending on the presenter. Anything like that, anything remotely prone to misunderstanding (on a personal level) ought to be removed."
https://api.github.com/repos/snakemake/snakemake-hpc-teaching-material/issues/16,https://api.github.com/repos/snakemake/snakemake-hpc-teaching-material,https://api.github.com/repos/snakemake/snakemake-hpc-teaching-material/issues/16/labels{/name},https://api.github.com/repos/snakemake/snakemake-hpc-teaching-material/issues/16/comments,https://api.github.com/repos/snakemake/snakemake-hpc-teaching-material/issues/16/events,https://github.com/snakemake/snakemake-hpc-teaching-material/issues/16,1987301676,I_kwDOKoPJx852c9Es,16,Add all pecularities to README,cmeesters,,closed,False,cmeesters,cmeesters,,1,2023-11-10T09:58:28Z,2023-11-14T13:23:11Z,2023-11-14T13:23:11Z,COLLABORATOR,"To ease the onboarding, add the LaTeX specialities for this repo, particularly:

- the config file parameters (see #8  )
- the \altverb command
- potentially others"
https://api.github.com/repos/snakemake/snakemake-hpc-teaching-material/issues/15,https://api.github.com/repos/snakemake/snakemake-hpc-teaching-material,https://api.github.com/repos/snakemake/snakemake-hpc-teaching-material/issues/15/labels{/name},https://api.github.com/repos/snakemake/snakemake-hpc-teaching-material/issues/15/comments,https://api.github.com/repos/snakemake/snakemake-hpc-teaching-material/issues/15/events,https://github.com/snakemake/snakemake-hpc-teaching-material/issues/15,1987298389,I_kwDOKoPJx852c8RV,15,Remove all aux file from repo ,cmeesters,,closed,False,cmeesters,cmeesters,,1,2023-11-10T09:56:23Z,2023-11-14T13:23:27Z,2023-11-14T13:23:26Z,COLLABORATOR,Got in there accidentally
https://api.github.com/repos/snakemake/snakemake-hpc-teaching-material/issues/14,https://api.github.com/repos/snakemake/snakemake-hpc-teaching-material,https://api.github.com/repos/snakemake/snakemake-hpc-teaching-material/issues/14/labels{/name},https://api.github.com/repos/snakemake/snakemake-hpc-teaching-material/issues/14/comments,https://api.github.com/repos/snakemake/snakemake-hpc-teaching-material/issues/14/events,https://github.com/snakemake/snakemake-hpc-teaching-material/issues/14,1987247273,I_kwDOKoPJx852cvyp,14,"Refactor the ""genomic variant calling workflow"" intro",mptrsen,enhancement,closed,False,mptrsen,mptrsen,,3,2023-11-10T09:29:16Z,2024-02-15T08:50:40Z,2024-02-15T08:50:39Z,COLLABORATOR,"https://github.com/cmeesters/snakemake-hpc-teaching-material/blob/a40c30a8c9095342efcd69f2056cae8d346c1fe1/slides/creators/Getting_Started.tex#L39

Make it more easily digestible for non-biologists"
https://api.github.com/repos/snakemake/snakemake-hpc-teaching-material/issues/12,https://api.github.com/repos/snakemake/snakemake-hpc-teaching-material,https://api.github.com/repos/snakemake/snakemake-hpc-teaching-material/issues/12/labels{/name},https://api.github.com/repos/snakemake/snakemake-hpc-teaching-material/issues/12/comments,https://api.github.com/repos/snakemake/snakemake-hpc-teaching-material/issues/12/events,https://github.com/snakemake/snakemake-hpc-teaching-material/issues/12,1985729348,I_kwDOKoPJx852W9NE,12,check cloze script files (matching the content?),cmeesters,,closed,False,cmeesters,cmeesters,,1,2023-11-09T14:20:45Z,2024-02-04T13:52:56Z,2024-02-04T13:52:56Z,COLLABORATOR,see title
https://api.github.com/repos/snakemake/snakemake-hpc-teaching-material/issues/8,https://api.github.com/repos/snakemake/snakemake-hpc-teaching-material,https://api.github.com/repos/snakemake/snakemake-hpc-teaching-material/issues/8/labels{/name},https://api.github.com/repos/snakemake/snakemake-hpc-teaching-material/issues/8/comments,https://api.github.com/repos/snakemake/snakemake-hpc-teaching-material/issues/8/events,https://github.com/snakemake/snakemake-hpc-teaching-material/issues/8,1979318185,I_kwDOKoPJx851-f-p,8,create a config file template ...,cmeesters,enhancement,closed,False,cmeesters,cmeesters,,1,2023-11-06T14:33:54Z,2023-11-16T15:16:16Z,2023-11-16T15:16:15Z,COLLABORATOR,"... and the code to read the configuration

e.g. for path to exercises and similar parameters."
https://api.github.com/repos/snakemake/snakemake-hpc-teaching-material/issues/6,https://api.github.com/repos/snakemake/snakemake-hpc-teaching-material,https://api.github.com/repos/snakemake/snakemake-hpc-teaching-material/issues/6/labels{/name},https://api.github.com/repos/snakemake/snakemake-hpc-teaching-material/issues/6/comments,https://api.github.com/repos/snakemake/snakemake-hpc-teaching-material/issues/6/events,https://github.com/snakemake/snakemake-hpc-teaching-material/issues/6,1974103813,I_kwDOKoPJx851qm8F,6,all bclogo-related newcommands into LaTeX environments,cmeesters,enhancement,closed,False,cmeesters,cmeesters,,0,2023-11-02T12:01:29Z,2023-11-08T09:36:15Z,2023-11-08T09:36:15Z,COLLABORATOR,"instead of 

```
\newcommand{\task}[2][Over to you]{\begin{bclogo}[arrondi=0.1,logo=\bcoutil]{#1} #2 \end{bclogo}}
```
rather

```
\newenvironment{question}[1][Question]{\bclogo[arrondi=0.1,logo=\bcquestion]{#1}}{\endbclogo}
```

This goes for all such commands. The requirement is to move all code from `\task` to `\begin{task} ... \end{task}` and similar and test all results.

Reason behind this issues: the non-environment setup is not compatible with verbatim text and hence listings. "
https://api.github.com/repos/snakemake/snakemake-hpc-teaching-material/issues/5,https://api.github.com/repos/snakemake/snakemake-hpc-teaching-material,https://api.github.com/repos/snakemake/snakemake-hpc-teaching-material/issues/5/labels{/name},https://api.github.com/repos/snakemake/snakemake-hpc-teaching-material/issues/5/comments,https://api.github.com/repos/snakemake/snakemake-hpc-teaching-material/issues/5/events,https://github.com/snakemake/snakemake-hpc-teaching-material/issues/5,1974097552,I_kwDOKoPJx851qlaQ,5,create a github CI,cmeesters,enhancement,closed,False,brand-fabian,brand-fabian,,2,2023-11-02T11:57:29Z,2023-11-20T17:23:26Z,2023-11-20T17:23:25Z,COLLABORATOR,"This repo needs a GitHub compliant CI. The CI should reflect the setup from #4, as new slides sets require new checks. In particular, it should run pdflatex/latexmk -pdf -pdflatex to check whether a particular slide check compiles.

The GitLab-CI script should be removed.

"
https://api.github.com/repos/snakemake/snakemake-hpc-teaching-material/issues/4,https://api.github.com/repos/snakemake/snakemake-hpc-teaching-material,https://api.github.com/repos/snakemake/snakemake-hpc-teaching-material/issues/4/labels{/name},https://api.github.com/repos/snakemake/snakemake-hpc-teaching-material/issues/4/comments,https://api.github.com/repos/snakemake/snakemake-hpc-teaching-material/issues/4/events,https://github.com/snakemake/snakemake-hpc-teaching-material/issues/4,1974087940,I_kwDOKoPJx851qjEE,4,Modularization,cmeesters,enhancement,closed,False,cmeesters,cmeesters,,1,2023-11-02T11:51:06Z,2023-11-09T10:20:09Z,2023-11-09T10:20:09Z,COLLABORATOR,"This material has different audiences: workflow creators, only users, admins - all on HPC system. Hence, the proposal to move the content (slides) into 3 different directories to reflect this aim:

- creator_slides
- user_slides
- admin_slides
- in addition: common_slides"
https://api.github.com/repos/snakemake/snakemake-hpc-teaching-material/issues/3,https://api.github.com/repos/snakemake/snakemake-hpc-teaching-material,https://api.github.com/repos/snakemake/snakemake-hpc-teaching-material/issues/3/labels{/name},https://api.github.com/repos/snakemake/snakemake-hpc-teaching-material/issues/3/comments,https://api.github.com/repos/snakemake/snakemake-hpc-teaching-material/issues/3/events,https://github.com/snakemake/snakemake-hpc-teaching-material/issues/3,1974082356,I_kwDOKoPJx851qhs0,3,remove logo from title,cmeesters,enhancement,closed,False,cmeesters,cmeesters,,1,2023-11-02T11:48:35Z,2023-11-08T10:23:53Z,2023-11-08T10:23:53Z,COLLABORATOR,move to 2nd extra page containing contributor logos
https://api.github.com/repos/snakemake/snakemake-hpc-teaching-material/issues/2,https://api.github.com/repos/snakemake/snakemake-hpc-teaching-material,https://api.github.com/repos/snakemake/snakemake-hpc-teaching-material/issues/2/labels{/name},https://api.github.com/repos/snakemake/snakemake-hpc-teaching-material/issues/2/comments,https://api.github.com/repos/snakemake/snakemake-hpc-teaching-material/issues/2/events,https://github.com/snakemake/snakemake-hpc-teaching-material/issues/2,1973950226,I_kwDOKoPJx851qBcS,2,correct README,cmeesters,content,closed,False,,,,0,2023-11-02T10:29:35Z,2023-11-02T12:25:41Z,2023-11-02T12:25:41Z,COLLABORATOR,"README is the boilerplate README from GitLab

- erase repo URL
- describe the brange & merge procedure, briefly
- describe project, briefly"
https://api.github.com/repos/snakemake/snakemake-hpc-teaching-material/issues/1,https://api.github.com/repos/snakemake/snakemake-hpc-teaching-material,https://api.github.com/repos/snakemake/snakemake-hpc-teaching-material/issues/1/labels{/name},https://api.github.com/repos/snakemake/snakemake-hpc-teaching-material/issues/1/comments,https://api.github.com/repos/snakemake/snakemake-hpc-teaching-material/issues/1/events,https://github.com/snakemake/snakemake-hpc-teaching-material/issues/1,1973940637,I_kwDOKoPJx851p_Gd,1,Micromamba,cmeesters,enhancement,closed,False,cmeesters,cmeesters,,1,2023-11-02T10:23:53Z,2023-11-08T09:36:04Z,2023-11-08T09:36:04Z,COLLABORATOR,"Complete Micromamba-slides (environment creation):

- complete and control slide set
- highlight differences between Conda/Miniconda/Mamba/Micromamba
- highlight advantages of Micromamba"
