URL,Repository URL,Labels URL,Comments URL,Events URL,HTML URL,ID,Node ID,Number,Title,User,Labels,State,Locked,Assignee,Assignees,Milestone,Comments,Created At,Updated At,Closed At,Author Association,Body
https://api.github.com/repos/snakemake/snakemake-interface-common/issues/45,https://api.github.com/repos/snakemake/snakemake-interface-common,https://api.github.com/repos/snakemake/snakemake-interface-common/issues/45/labels{/name},https://api.github.com/repos/snakemake/snakemake-interface-common/issues/45/comments,https://api.github.com/repos/snakemake/snakemake-interface-common/issues/45/events,https://github.com/snakemake/snakemake-interface-common/issues/45,2211209872,I_kwDOKLT8pM6DzGKQ,45,TypeError: InvalidPluginException.__init__() missing 1 required positional argument: 'message',Ulthran,,open,False,,,,0,2024-03-27T16:10:43Z,2024-03-27T16:10:43Z,,CONTRIBUTOR,"Three of the four `InvalidPluginException`s raised in `plugin.py` don't specify the `plugin_name` field.

https://github.com/snakemake/snakemake-interface-common/blob/2e3fdb644846288926a07cd6691fae177e82ec3f/snakemake_interface_common/plugin_registry/plugin.py#L120"
https://api.github.com/repos/snakemake/snakemake-interface-common/issues/42,https://api.github.com/repos/snakemake/snakemake-interface-common,https://api.github.com/repos/snakemake/snakemake-interface-common/issues/42/labels{/name},https://api.github.com/repos/snakemake/snakemake-interface-common/issues/42/comments,https://api.github.com/repos/snakemake/snakemake-interface-common/issues/42/events,https://github.com/snakemake/snakemake-interface-common/issues/42,2143409471,I_kwDOKLT8pM5_wdU_,42,Can't import lchmod,henrykironde,,closed,False,,,,1,2024-02-20T02:24:10Z,2024-02-21T10:43:39Z,2024-02-21T10:43:39Z,NONE,"ImportError: cannot import name 'lchmod' from 'snakemake_interface_common.utils' (MyTools/lib/python3.11/site-packages/snakemake_interface_common/utils.py)

Could this be something that was introduced in the recent new release?
"
