URL,Repository URL,Labels URL,Comments URL,Events URL,HTML URL,ID,Node ID,Number,Title,User,Labels,State,Locked,Assignee,Assignees,Milestone,Comments,Created At,Updated At,Closed At,Author Association,Body
https://api.github.com/repos/snakemake/snakemake-executor-plugin-cluster-generic/issues/14,https://api.github.com/repos/snakemake/snakemake-executor-plugin-cluster-generic,https://api.github.com/repos/snakemake/snakemake-executor-plugin-cluster-generic/issues/14/labels{/name},https://api.github.com/repos/snakemake/snakemake-executor-plugin-cluster-generic/issues/14/comments,https://api.github.com/repos/snakemake/snakemake-executor-plugin-cluster-generic/issues/14/events,https://github.com/snakemake/snakemake-executor-plugin-cluster-generic/issues/14,2150999151,I_kwDOKP0tKs6ANaRv,14,Missing documentation/ How to use,JessicaTiebel,,open,False,,,,7,2024-02-23T12:36:06Z,2024-05-08T04:21:45Z,,NONE,"Hi
I am using Snakemake for some months now, previously on a Slurm cluster where I used the slurm executer plugin.
Now I am workin on a LSF cluster and I wanted to adapt my workflow to the new cluster using this plugin. Unfourtunately I find it quite hard to use it, since there is little to no documentation how to use it.

How and where can I define the needed ressources?

Do I have to define the status, commit and cancel commands in the command line or can I also to that in a config file?

Is there anything else I need to specify?
"
