URL,Repository URL,Labels URL,Comments URL,Events URL,HTML URL,ID,Node ID,Number,Title,User,Labels,State,Locked,Assignee,Assignees,Milestone,Comments,Created At,Updated At,Closed At,Author Association,Body
https://api.github.com/repos/snakemake/snakemake-executor-plugin-google-lifesciences/issues/3,https://api.github.com/repos/snakemake/snakemake-executor-plugin-google-lifesciences,https://api.github.com/repos/snakemake/snakemake-executor-plugin-google-lifesciences/issues/3/labels{/name},https://api.github.com/repos/snakemake/snakemake-executor-plugin-google-lifesciences/issues/3/comments,https://api.github.com/repos/snakemake/snakemake-executor-plugin-google-lifesciences/issues/3/events,https://github.com/snakemake/snakemake-executor-plugin-google-lifesciences/issues/3,2132871275,I_kwDOKSFcXM5_IQhr,3,LS API python dep error when running in GCP Jupyter env,kyleoconnell,,open,False,,,,0,2024-02-13T17:59:37Z,2024-02-13T17:59:37Z,,NONE,"Hello,

I am trying to run snakemake 8.4.8 with the Life Sciences API. I cloned this repo into my Python site-packages path where the google batch plugin installed and called snakemake with the following: 
`snakemake --exector google-lifesciences`, and the below error. If I have this dir in my site-packages at all, I end up getting this error with any snakemake command. Any advice on how to get LS API running with newer versions of Snakemake? Batch is not yet approved in my GCP environment so I have to use LS API.

(snakemake) jupyter@benchmarking-1-31:~$ cp -r snakemake-executor-plugin-google-lifesciences/snakemake_executor_plugin_google_lifesciences/ ~/mambaforge/envs/snakemake/lib/python3.12/site-packages/
(snakemake) jupyter@benchmarking-1-31:~$ snakemake --exector google-lifesciences
Traceback (most recent call last):
  File ""/home/jupyter/mambaforge/envs/snakemake/bin/snakemake"", line 6, in <module>
    from snakemake.cli import main
  File ""/home/jupyter/mambaforge/envs/snakemake/lib/python3.12/site-packages/snakemake/cli.py"", line 20, in <module>
    from snakemake.api import SnakemakeApi, _get_executor_plugin_registry, resolve_snakefile
  File ""/home/jupyter/mambaforge/envs/snakemake/lib/python3.12/site-packages/snakemake/api.py"", line 48, in <module>
    from snakemake.workflow import Workflow
  File ""/home/jupyter/mambaforge/envs/snakemake/lib/python3.12/site-packages/snakemake/workflow.py"", line 63, in <module>
    from snakemake.scheduler import JobScheduler
  File ""/home/jupyter/mambaforge/envs/snakemake/lib/python3.12/site-packages/snakemake/scheduler.py"", line 28, in <module>
    registry = ExecutorPluginRegistry()
               ^^^^^^^^^^^^^^^^^^^^^^^^
  File ""/home/jupyter/mambaforge/envs/snakemake/lib/python3.12/site-packages/snakemake_interface_common/plugin_registry/__init__.py"", line 31, in __init__
    self.collect_plugins()
  File ""/home/jupyter/mambaforge/envs/snakemake/lib/python3.12/site-packages/snakemake_interface_common/plugin_registry/__init__.py"", line 77, in collect_plugins
    module = importlib.import_module(moduleinfo.name)
             ^^^^^^^^^^^^^^^^^^^^^^^^^^^^^^^^^^^^^^^^
  File ""/home/jupyter/mambaforge/envs/snakemake/lib/python3.12/importlib/__init__.py"", line 90, in import_module
    return _bootstrap._gcd_import(name[level:], package, level)
           ^^^^^^^^^^^^^^^^^^^^^^^^^^^^^^^^^^^^^^^^^^^^^^^^^^^^
  File ""/home/jupyter/mambaforge/envs/snakemake/lib/python3.12/site-packages/snakemake_executor_plugin_google_lifesciences/__init__.py"", line 31, in <module>
    from snakemake_interface_executor_plugins import ExecutorSettingsBase, CommonSettings
ImportError: cannot import name 'ExecutorSettingsBase' from 'snakemake_interface_executor_plugins' (/home/jupyter/mambaforge/envs/snakemake/lib/python3.12/site-packages/snakemake_interface_executor_plugins/__init__.py)
(snakemake) jupyter@benchmarking-1-31:~$ snakemake --version
Traceback (most recent call last):
  File ""/home/jupyter/mambaforge/envs/snakemake/bin/snakemake"", line 6, in <module>
    from snakemake.cli import main
  File ""/home/jupyter/mambaforge/envs/snakemake/lib/python3.12/site-packages/snakemake/cli.py"", line 20, in <module>
    from snakemake.api import SnakemakeApi, _get_executor_plugin_registry, resolve_snakefile
  File ""/home/jupyter/mambaforge/envs/snakemake/lib/python3.12/site-packages/snakemake/api.py"", line 48, in <module>
    from snakemake.workflow import Workflow
  File ""/home/jupyter/mambaforge/envs/snakemake/lib/python3.12/site-packages/snakemake/workflow.py"", line 63, in <module>
    from snakemake.scheduler import JobScheduler
  File ""/home/jupyter/mambaforge/envs/snakemake/lib/python3.12/site-packages/snakemake/scheduler.py"", line 28, in <module>
    registry = ExecutorPluginRegistry()
               ^^^^^^^^^^^^^^^^^^^^^^^^
  File ""/home/jupyter/mambaforge/envs/snakemake/lib/python3.12/site-packages/snakemake_interface_common/plugin_registry/__init__.py"", line 31, in __init__
    self.collect_plugins()
  File ""/home/jupyter/mambaforge/envs/snakemake/lib/python3.12/site-packages/snakemake_interface_common/plugin_registry/__init__.py"", line 77, in collect_plugins
    module = importlib.import_module(moduleinfo.name)
             ^^^^^^^^^^^^^^^^^^^^^^^^^^^^^^^^^^^^^^^^
  File ""/home/jupyter/mambaforge/envs/snakemake/lib/python3.12/importlib/__init__.py"", line 90, in import_module
    return _bootstrap._gcd_import(name[level:], package, level)
           ^^^^^^^^^^^^^^^^^^^^^^^^^^^^^^^^^^^^^^^^^^^^^^^^^^^^
  File ""/home/jupyter/mambaforge/envs/snakemake/lib/python3.12/site-packages/snakemake_executor_plugin_google_lifesciences/__init__.py"", line 31, in <module>
    from snakemake_interface_executor_plugins import ExecutorSettingsBase, CommonSettings
ImportError: cannot import name 'ExecutorSettingsBase' from 'snakemake_interface_executor_plugins' (/home/jupyter/mambaforge/envs/snakemake/lib/python3.12/site-packages/snakemake_interface_executor_plugins/__init__.py)
(snakemake) jupyter@benchmarking-1-31:~$ snakemake
Traceback (most recent call last):
  File ""/home/jupyter/mambaforge/envs/snakemake/bin/snakemake"", line 6, in <module>
    from snakemake.cli import main
  File ""/home/jupyter/mambaforge/envs/snakemake/lib/python3.12/site-packages/snakemake/cli.py"", line 20, in <module>
    from snakemake.api import SnakemakeApi, _get_executor_plugin_registry, resolve_snakefile
  File ""/home/jupyter/mambaforge/envs/snakemake/lib/python3.12/site-packages/snakemake/api.py"", line 48, in <module>
    from snakemake.workflow import Workflow
  File ""/home/jupyter/mambaforge/envs/snakemake/lib/python3.12/site-packages/snakemake/workflow.py"", line 63, in <module>
    from snakemake.scheduler import JobScheduler
  File ""/home/jupyter/mambaforge/envs/snakemake/lib/python3.12/site-packages/snakemake/scheduler.py"", line 28, in <module>
    registry = ExecutorPluginRegistry()
               ^^^^^^^^^^^^^^^^^^^^^^^^
  File ""/home/jupyter/mambaforge/envs/snakemake/lib/python3.12/site-packages/snakemake_interface_common/plugin_registry/__init__.py"", line 31, in __init__
    self.collect_plugins()
  File ""/home/jupyter/mambaforge/envs/snakemake/lib/python3.12/site-packages/snakemake_interface_common/plugin_registry/__init__.py"", line 77, in collect_plugins
    module = importlib.import_module(moduleinfo.name)
             ^^^^^^^^^^^^^^^^^^^^^^^^^^^^^^^^^^^^^^^^
  File ""/home/jupyter/mambaforge/envs/snakemake/lib/python3.12/importlib/__init__.py"", line 90, in import_module
    return _bootstrap._gcd_import(name[level:], package, level)
           ^^^^^^^^^^^^^^^^^^^^^^^^^^^^^^^^^^^^^^^^^^^^^^^^^^^^
  File ""/home/jupyter/mambaforge/envs/snakemake/lib/python3.12/site-packages/snakemake_executor_plugin_google_lifesciences/__init__.py"", line 31, in <module>
    from snakemake_interface_executor_plugins import ExecutorSettingsBase, CommonSettings
ImportError: cannot import name 'ExecutorSettingsBase' from 'snakemake_interface_executor_plugins' (/home/jupyter/mambaforge/envs/snakemake/lib/python3.12/site-packages/snakemake_interface_executor_plugins/__init__.py)
"
