URL,Repository URL,Labels URL,Comments URL,Events URL,HTML URL,ID,Node ID,Number,Title,User,Labels,State,Locked,Assignee,Assignees,Milestone,Comments,Created At,Updated At,Closed At,Author Association,Body
https://api.github.com/repos/dask/marketing/issues/13,https://api.github.com/repos/dask/marketing,https://api.github.com/repos/dask/marketing/issues/13/labels{/name},https://api.github.com/repos/dask/marketing/issues/13/comments,https://api.github.com/repos/dask/marketing/issues/13/events,https://github.com/dask/marketing/issues/13,1262365531,I_kwDODFcGIM5LPitb,13,Archive this repository?,jrbourbeau,,open,True,,,,2,2022-06-06T20:19:45Z,2022-06-07T14:09:39Z,,MEMBER,"@scharlottej13 mentioned (xref https://github.com/dask/dask/pull/9167#issuecomment-1147863935) that marketing.dask.org is getting migrated over to dask.org/style-guide as part of the Dask website redesign. Given that, should we archive this repository? Looking at dask.org/style-guide, it appears that page will replace the content in https://marketing.dask.org/en/latest/colors.html, but there is still other content in this repo, like https://marketing.dask.org/en/latest/tone.html, and I'm wondering if that will also be migrated over to dask.org/style-guide (or some other dask.org page) 

cc @jacobtomlinson @jsignell 

"
https://api.github.com/repos/dask/marketing/issues/10,https://api.github.com/repos/dask/marketing,https://api.github.com/repos/dask/marketing/issues/10/labels{/name},https://api.github.com/repos/dask/marketing/issues/10/comments,https://api.github.com/repos/dask/marketing/issues/10/events,https://github.com/dask/marketing/issues/10,931540329,MDU6SXNzdWU5MzE1NDAzMjk=,10,Slide templates for talks on Dask,GenevieveBuckley,,open,True,,,,2,2021-06-28T12:55:08Z,2021-07-01T01:49:10Z,,CONTRIBUTOR,"Perhaps it would be useful to have slide templates available for talks, etc. The style guide page is nice, but it's kind of a hassle picking out the right hex colours, fonts, etc. from scratch and I'd prefer to have a template available.

I put these google slide themes together for myself, and could share them or something similar here. We could put something together for powerpoint as well.

* Dark theme: https://docs.google.com/presentation/d/1jkpmB83ijzaOmeaKhJtmcJpnLDCyD1bWXxLJx-ApMdM/template/preview
* Light theme: https://docs.google.com/presentation/d/1i-lHFwfQnFyKd-1XsthELmUZW11a7jXZrBUkLgBr15k/template/preview


"
https://api.github.com/repos/dask/marketing/issues/7,https://api.github.com/repos/dask/marketing,https://api.github.com/repos/dask/marketing/issues/7/labels{/name},https://api.github.com/repos/dask/marketing/issues/7/comments,https://api.github.com/repos/dask/marketing/issues/7/events,https://github.com/dask/marketing/issues/7,528839297,MDU6SXNzdWU1Mjg4MzkyOTc=,7,5-10 minute Dask overview screencast,mrocklin,,open,True,,,,1,2019-11-26T16:32:22Z,2019-12-10T16:50:19Z,,MEMBER,"We have a variety of screencasts explaining different parts of Dask.  It would be useful to have an overview screencast that gave a brief summary of the project.  This would be at a high level, and aimed at both developers and non-developers."
https://api.github.com/repos/dask/marketing/issues/6,https://api.github.com/repos/dask/marketing,https://api.github.com/repos/dask/marketing/issues/6/labels{/name},https://api.github.com/repos/dask/marketing/issues/6/comments,https://api.github.com/repos/dask/marketing/issues/6/events,https://github.com/dask/marketing/issues/6,504151341,MDU6SXNzdWU1MDQxNTEzNDE=,6,Diagrams sprint,mrocklin,,open,True,,,,27,2019-10-08T16:33:29Z,2020-03-02T23:09:12Z,,MEMBER,"We have a few diagrams that have been frequently used in docs, notebooks, slides, and so on.  These weren't particularly well made in the past, but they seem to have a great deal of value. 

@jrbourbeau and I may choose to sprint on making some more diagrams, in hopes that they improve our level of style, and also increase the impact that we have visually.

I think that there are two questions to answer before this sprint:

1.  What diagrams should we make?
2.  How should our style look like?

To start conversation, here are two existing drawings by @jrbourbeau , showing the client/scheduler/workers relationship and the collections/graphs/schedulers relationship:

![distributed-overview](https://user-images.githubusercontent.com/306380/66413985-27111600-e9be-11e9-9995-8f418ff48f8a.png)

![dask-overview (1)](https://user-images.githubusercontent.com/306380/66414592-5a07d980-e9bf-11e9-9e97-45dcffe418f7.png)


So stylistically we might ask questions like:

1.  What is our color palette?
2.  What fonts should we use
3.  Should we round corners, use bolder lines, ...

In terms of content we might consider the following diagrams (please feel free to edit)

- [x] Client/Scheduler/Worker relationship
- [x] collections -> graph -> schedulers
- [ ] What is a Dask worker (thread pool, data storage, connections to other workers, connections to scheduler)
- [x] Decide on a standardized dask array / dask dataframe image (there are a few lying around)
- [ ] How does Dask-XGBoost work?
- [x] scikit-learn & distributed joblib (the video https://ml.dask.org/joblib.html has an example diagram)
- [ ] Hyperband (prioritizes high-performing models, penalizes poor models. Check @stsievert's paper / scipy talk for an example).
- [x] The value of adaptivity
- [ ] Dask Gateway (cc @jcrist)
- [x] Deployment in general.  How does Dask relate to Kubernetes/Yarn/Job schedulers, and so on
- [ ] Beyond MapReduce.  Why dask delayed/futures are valuable
    [Slides from Mathew Lodge](https://www.slideshare.net/continuumio/cloud-native-data-science-mathew-lodge-strata-data-london?qid=29b54dc4-a3ee-44b0-845e-91adfd362f06&v=&b=&from_search=1) See 24-27.
- [ ] Dask futures and real-time processing
- [ ] Maybe something about the dashboard, and how it exposes scheduler state?
    [Here is a nice image that mixes a complex scheduler with steampunk](https://upload.wikimedia.org/wikipedia/commons/4/4a/Building_services_coordinated_drawing.JPG)
- [ ] Something for the Spark comparison page (high pageview count)
- [ ] Dask's relationship with GPUs
- [ ] Dependency diagram?  Maybe there is some way to highlight Xarray/RAPIDS/Prefect/...

I encourage others to add to this list.  If you have edit rights please exercise them.

cc @jrbourbeau @TomAugspurger @jcrist @birdsarah (in case you have time to briefly weigh in stylistically on the diagram above)
"
https://api.github.com/repos/dask/marketing/issues/3,https://api.github.com/repos/dask/marketing,https://api.github.com/repos/dask/marketing/issues/3/labels{/name},https://api.github.com/repos/dask/marketing/issues/3/comments,https://api.github.com/repos/dask/marketing/issues/3/events,https://github.com/dask/marketing/issues/3,493459349,MDU6SXNzdWU0OTM0NTkzNDk=,3,Redirect to marketing.dask.org,jrbourbeau,,closed,True,,,,3,2019-09-13T18:25:52Z,2019-09-13T18:47:07Z,2019-09-13T18:47:07Z,MEMBER,I'd like to redirect https://dask-marketing.readthedocs.io/en/latest/ to marketing.dask.org. This probably requires some changes to our cloudflare settings. @quasiben did you go through a similar process with your recent work on https://tutorial.dask.org/?
https://api.github.com/repos/dask/marketing/issues/2,https://api.github.com/repos/dask/marketing,https://api.github.com/repos/dask/marketing/issues/2/labels{/name},https://api.github.com/repos/dask/marketing/issues/2/comments,https://api.github.com/repos/dask/marketing/issues/2/events,https://github.com/dask/marketing/issues/2,490692908,MDU6SXNzdWU0OTA2OTI5MDg=,2,Deploy built sphinx docs,jrbourbeau,,closed,True,,,,2,2019-09-08T00:02:49Z,2019-09-13T18:50:47Z,2019-09-13T18:50:47Z,MEMBER,We should build and publish the docs in this repo to marketing.dask.org. I'll plan to do this using [`doctr`](https://github.com/drdoctr/doctr) + Travis CI tomorrow unless someone beats me to it
