URL,Repository URL,Labels URL,Comments URL,Events URL,HTML URL,ID,Node ID,Number,Title,User,Labels,State,Locked,Assignee,Assignees,Milestone,Comments,Created At,Updated At,Closed At,Author Association,Body
https://api.github.com/repos/dask/dask-sphinx-theme/issues/86,https://api.github.com/repos/dask/dask-sphinx-theme,https://api.github.com/repos/dask/dask-sphinx-theme/issues/86/labels{/name},https://api.github.com/repos/dask/dask-sphinx-theme/issues/86/comments,https://api.github.com/repos/dask/dask-sphinx-theme/issues/86/events,https://github.com/dask/dask-sphinx-theme/issues/86,2168003689,I_kwDOCM2Q9c6BORxp,86,Update Dask Docs Theme,mrocklin,,open,False,,,,14,2024-03-04T23:47:28Z,2024-03-05T19:21:35Z,,MEMBER,"This theme hasn't been touched in a while.  Maybe it's time for a refresh.

I notice folks using the [`material` theme of MkDocs](https://github.com/squidfunk/mkdocs-material) often these days, and I'll admit to being a little jealous.  That would probably be a bigger lift, but maybe worth it?  (looking good in docs is important).

cc @scharlottej13 @jacobtomlinson @jrbourbeau @quasiben "
https://api.github.com/repos/dask/dask-sphinx-theme/issues/85,https://api.github.com/repos/dask/dask-sphinx-theme,https://api.github.com/repos/dask/dask-sphinx-theme/issues/85/labels{/name},https://api.github.com/repos/dask/dask-sphinx-theme/issues/85/comments,https://api.github.com/repos/dask/dask-sphinx-theme/issues/85/events,https://github.com/dask/dask-sphinx-theme/issues/85,1868550832,I_kwDOCM2Q9c5vX9Kw,85,RFE: please start making github releases,kloczek,,open,False,,,,0,2023-08-27T16:19:46Z,2023-08-27T16:19:46Z,,NONE,"Is it possible next time on release new version make the github release to have entry on https://github.com/dask/dask-sphinx-theme/releases? 🤔

I'm asking because only on make gh release is spread notification about new release to those who have set watch->releases.

More about gh releases is possible to find on
https://docs.github.com/en/repositories/releasing-projects-on-github/managing-releases-in-a-repository
https://github.com/marketplace/actions/github-release
https://pgjones.dev/blog/trusted-plublishing-2023/
"
https://api.github.com/repos/dask/dask-sphinx-theme/issues/82,https://api.github.com/repos/dask/dask-sphinx-theme,https://api.github.com/repos/dask/dask-sphinx-theme/issues/82/labels{/name},https://api.github.com/repos/dask/dask-sphinx-theme/issues/82/comments,https://api.github.com/repos/dask/dask-sphinx-theme/issues/82/events,https://github.com/dask/dask-sphinx-theme/issues/82,1688894940,I_kwDOCM2Q9c5kqn3c,82,Release 3.0.4,jrbourbeau,,closed,False,,,,3,2023-04-28T17:26:21Z,2023-05-03T14:08:56Z,2023-05-02T18:54:56Z,MEMBER,"When building the `distributed` docs today I noticed there was a warning emitted that has been resolved on `main` by https://github.com/dask/dask-sphinx-theme/pull/80. I'd like to push out a new theme release with that update included. Will plan to do so next Tuesday if there are no blockers raised. 

cc @jacobtomlinson for visibility "
https://api.github.com/repos/dask/dask-sphinx-theme/issues/78,https://api.github.com/repos/dask/dask-sphinx-theme,https://api.github.com/repos/dask/dask-sphinx-theme/issues/78/labels{/name},https://api.github.com/repos/dask/dask-sphinx-theme/issues/78/comments,https://api.github.com/repos/dask/dask-sphinx-theme/issues/78/events,https://github.com/dask/dask-sphinx-theme/issues/78,1635641482,I_kwDOCM2Q9c5hfeiK,78,extension does not declare if it is safe for parallel reading,graingert,,closed,False,,,,0,2023-03-22T12:04:48Z,2023-03-22T15:36:00Z,2023-03-22T15:36:00Z,MEMBER,"when running sphinx with `-W`, builds fail with ""the dask_sphinx_theme extension does not declare if it is safe for parallel reading, assuming it isn't - please ask the extension author to check and make it explicit"""
https://api.github.com/repos/dask/dask-sphinx-theme/issues/76,https://api.github.com/repos/dask/dask-sphinx-theme,https://api.github.com/repos/dask/dask-sphinx-theme/issues/76/labels{/name},https://api.github.com/repos/dask/dask-sphinx-theme/issues/76/comments,https://api.github.com/repos/dask/dask-sphinx-theme/issues/76/events,https://github.com/dask/dask-sphinx-theme/issues/76,1266724565,I_kwDOCM2Q9c5LgK7V,76,Colors!,mrocklin,,open,False,,,,7,2022-06-09T22:13:43Z,2023-04-11T11:18:30Z,,MEMBER,"Thanks all for the work on the sphinx theme.  I'm curious about how we're choosing colors here.  For example in our configuration reference I'm seeing the following:

![image](https://user-images.githubusercontent.com/306380/172953923-ef2d5a84-5ae4-47b8-829e-fa45fc015441.png)

Are these intentional (from a pallete somewhere?) or are we just deferring to the underlying theme?  If the latter, should I just make modifications as I see fit, or do we want to consult something grander (if anyone else wants to take this away from me I'd be happy for it)"
https://api.github.com/repos/dask/dask-sphinx-theme/issues/74,https://api.github.com/repos/dask/dask-sphinx-theme,https://api.github.com/repos/dask/dask-sphinx-theme/issues/74/labels{/name},https://api.github.com/repos/dask/dask-sphinx-theme/issues/74/comments,https://api.github.com/repos/dask/dask-sphinx-theme/issues/74/events,https://github.com/dask/dask-sphinx-theme/issues/74,1262430814,I_kwDOCM2Q9c5LPype,74,Double scrollbar and footer issues,jrbourbeau,,closed,False,,,,4,2022-06-06T21:13:17Z,2022-06-14T13:18:09Z,2022-06-14T13:18:08Z,MEMBER,"> Copied this over from @TomAugspurger's original comment here https://github.com/dask/community/issues/220#issuecomment-1147721844

Question about the new dask-sphinx-theme. On https://ml.dask.org/ I get a double vertical scrollbar:

<img width=""1281"" alt=""image"" src=""https://user-images.githubusercontent.com/1312546/172217360-00f68d85-09d3-4913-9685-851017dd8848.png"">

And I'm not sure if it's related, but the footer is cutoff halfway:

<img width=""1152"" alt=""image"" src=""https://user-images.githubusercontent.com/1312546/172217461-d47789bf-2ab9-41ce-84c1-6a4fe144bfdc.png"">

"
https://api.github.com/repos/dask/dask-sphinx-theme/issues/68,https://api.github.com/repos/dask/dask-sphinx-theme,https://api.github.com/repos/dask/dask-sphinx-theme/issues/68/labels{/name},https://api.github.com/repos/dask/dask-sphinx-theme/issues/68/comments,https://api.github.com/repos/dask/dask-sphinx-theme/issues/68/events,https://github.com/dask/dask-sphinx-theme/issues/68,1235009347,I_kwDOCM2Q9c5JnL9D,68,Updating `sphinx-book-theme` version pinning,kloczek,,open,False,,,,5,2022-05-13T09:49:09Z,2024-01-16T07:52:24Z,,NONE,https://github.com/dask/dask-sphinx-theme/blob/cc0262ee6fa5f52cd1064aae17b1d317443d6f68/requirements.txt#L1
https://api.github.com/repos/dask/dask-sphinx-theme/issues/66,https://api.github.com/repos/dask/dask-sphinx-theme,https://api.github.com/repos/dask/dask-sphinx-theme/issues/66/labels{/name},https://api.github.com/repos/dask/dask-sphinx-theme/issues/66/comments,https://api.github.com/repos/dask/dask-sphinx-theme/issues/66/events,https://github.com/dask/dask-sphinx-theme/issues/66,1149568080,I_kwDOCM2Q9c5EhQRQ,66,Document config directive,jacobtomlinson,,open,False,,,,2,2022-02-24T17:41:47Z,2022-02-28T23:37:52Z,,MEMBER,"In #64 @quasiben added a new directive to display Dask configuration dynamically.

It would be great to document this."
https://api.github.com/repos/dask/dask-sphinx-theme/issues/63,https://api.github.com/repos/dask/dask-sphinx-theme,https://api.github.com/repos/dask/dask-sphinx-theme/issues/63/labels{/name},https://api.github.com/repos/dask/dask-sphinx-theme/issues/63/comments,https://api.github.com/repos/dask/dask-sphinx-theme/issues/63/events,https://github.com/dask/dask-sphinx-theme/issues/63,1148435436,I_kwDOCM2Q9c5Ec7vs,63,Add dask-config-sphinx extension to Dask-sphinx-theme,ayushdg,,closed,False,,,,0,2022-02-23T18:25:17Z,2022-02-24T09:55:20Z,2022-02-24T09:55:20Z,NONE,"
The dask/dask codebase has an [extension](https://github.com/dask/dask/blob/main/docs/source/ext/dask_config_sphinx_ext.py) that is useful in rendering dask configurations (from yaml) in the docs page. 

Given that other downstream libraries also use Dask's configuration module and might want to use the same extension to render these configs it might make sense to include with the dask-sphinx-theme that would enable other consumers of dask config to use this utility as well.

In my case I'd like to use this for [dask-sql](https://github.com/dask-contrib/dask-sql) that's moving towards using Dask's config.

cc: @quasiben @jacobtomlinson "
https://api.github.com/repos/dask/dask-sphinx-theme/issues/60,https://api.github.com/repos/dask/dask-sphinx-theme,https://api.github.com/repos/dask/dask-sphinx-theme/issues/60/labels{/name},https://api.github.com/repos/dask/dask-sphinx-theme/issues/60/comments,https://api.github.com/repos/dask/dask-sphinx-theme/issues/60/events,https://github.com/dask/dask-sphinx-theme/issues/60,1024643200,I_kwDOCM2Q9c49EtCA,60,API tables are harder to browse,gjoseph92,,open,False,,,,0,2021-10-13T00:41:22Z,2021-10-13T00:41:22Z,,NONE,"The tables for API docs have a bit more spacing than they used to (probably because they're now multiline, instead of cutting off), and no longer have alternating row colors. I found the alternating colors and compact format easier to browse, since you can fit a lot more on a page without scrolling.

Before (21 items fit):
![Screen Shot 2021-10-12 at 6 37 17 PM](https://user-images.githubusercontent.com/3309802/137047420-24a1351b-02e4-42f5-b3c5-b4201ac1d3bc.png)
Now (11 items fit):
![Screen Shot 2021-10-12 at 6 37 12 PM](https://user-images.githubusercontent.com/3309802/137047415-5b7f4688-f5ef-4f4b-a01c-ed9d3c8a1f0c.png)
"
https://api.github.com/repos/dask/dask-sphinx-theme/issues/57,https://api.github.com/repos/dask/dask-sphinx-theme,https://api.github.com/repos/dask/dask-sphinx-theme/issues/57/labels{/name},https://api.github.com/repos/dask/dask-sphinx-theme/issues/57/comments,https://api.github.com/repos/dask/dask-sphinx-theme/issues/57/events,https://github.com/dask/dask-sphinx-theme/issues/57,1020473075,I_kwDOCM2Q9c480y7z,57,Offset page content,jrbourbeau,,open,False,,,,0,2021-10-07T21:20:45Z,2021-10-07T21:20:45Z,,MEMBER,"After migrating to the new `sphinx-book-theme` (xref https://github.com/dask/dask-sphinx-theme/pull/54), I noticed when navigating to a specific subsection of a page, the section title is covered up. For example, previously https://docs.dask.org/en/stable/array-creation.html#concatenation-and-stacking would look like:

<img width=""1552"" alt=""Screen Shot 2021-10-07 at 4 16 44 PM"" src=""https://user-images.githubusercontent.com/11656932/136463578-a78d6d45-2de6-4537-ad79-cec63d9446dd.png"">

while with the new theme we have:

<img width=""1552"" alt=""Screen Shot 2021-10-07 at 4 15 54 PM"" src=""https://user-images.githubusercontent.com/11656932/136463612-e7446d02-1f90-4cfc-a960-25222edeb98c.png"">

(Note the ""Concatenation and Stacking"" title is covered). 

I recall this happening before, even with the old theme, because we didn't account for the width of the top navbar in the Dask theme. This was resolved by https://github.com/dask/dask-sphinx-theme/pull/27. Perhaps we didn't carry that extra CSS over when we switched themes? 

cc @jacobtomlinson "
https://api.github.com/repos/dask/dask-sphinx-theme/issues/55,https://api.github.com/repos/dask/dask-sphinx-theme,https://api.github.com/repos/dask/dask-sphinx-theme/issues/55/labels{/name},https://api.github.com/repos/dask/dask-sphinx-theme/issues/55/comments,https://api.github.com/repos/dask/dask-sphinx-theme/issues/55/events,https://github.com/dask/dask-sphinx-theme/issues/55,1016420451,I_kwDOCM2Q9c48lVhj,55,Navbar link hover color,jrbourbeau,,open,False,,,,0,2021-10-05T14:45:38Z,2021-10-05T14:45:38Z,,MEMBER,"Links turn red when hovering over them in the top navbar

<img width=""1552"" alt=""Screen Shot 2021-10-05 at 9 43 26 AM"" src=""https://user-images.githubusercontent.com/11656932/136045835-b7589031-d7c5-479d-9f27-74b377f381f8.png"">

I wonder if there's a better color in the Dask color palette we could use instead (https://marketing.dask.org/en/latest/colors.html)? Maybe white? "
https://api.github.com/repos/dask/dask-sphinx-theme/issues/50,https://api.github.com/repos/dask/dask-sphinx-theme,https://api.github.com/repos/dask/dask-sphinx-theme/issues/50/labels{/name},https://api.github.com/repos/dask/dask-sphinx-theme/issues/50/comments,https://api.github.com/repos/dask/dask-sphinx-theme/issues/50/events,https://github.com/dask/dask-sphinx-theme/issues/50,801697365,MDU6SXNzdWU4MDE2OTczNjU=,50,"Move default branch from ""master"" -> ""main""",jsignell,,closed,False,,,,0,2021-02-04T22:55:58Z,2021-02-04T23:24:21Z,2021-02-04T23:24:21Z,MEMBER,"@jrbourbeau and I are in the process of moving the default branch for this repo from master to main. 

 - [x] Changed in GitHub
 - [x] Merged PR to change branch name in code (xref #49) 
 
### What you'll see
Once the name on github is changed (the first box above is Xed, or this issue closed), when you try to `git pull` you'll get 

```bash
Your configuration specifies to merge with the ref 'refs/heads/master'
from the remote, but no such ref was fetched.
```

### What you need to do

First: **head to your fork and rename the default branch there**
Then:
```bash
git branch -m master main
git fetch origin
git branch -u origin/main main
```"
https://api.github.com/repos/dask/dask-sphinx-theme/issues/47,https://api.github.com/repos/dask/dask-sphinx-theme,https://api.github.com/repos/dask/dask-sphinx-theme/issues/47/labels{/name},https://api.github.com/repos/dask/dask-sphinx-theme/issues/47/comments,https://api.github.com/repos/dask/dask-sphinx-theme/issues/47/events,https://github.com/dask/dask-sphinx-theme/issues/47,715081687,MDU6SXNzdWU3MTUwODE2ODc=,47,Odd symbols coming up,mrocklin,,closed,False,,,,5,2020-10-05T18:55:05Z,2020-10-09T21:19:36Z,2020-10-09T21:19:35Z,MEMBER,"Note the text Dask in the upper left, as well as the quotes around ""Big Data"" (although did someone else already report this?)
![image](https://user-images.githubusercontent.com/306380/95119843-7a1cc680-0701-11eb-9e53-0a575f4bff7e.png)
"
https://api.github.com/repos/dask/dask-sphinx-theme/issues/45,https://api.github.com/repos/dask/dask-sphinx-theme,https://api.github.com/repos/dask/dask-sphinx-theme/issues/45/labels{/name},https://api.github.com/repos/dask/dask-sphinx-theme/issues/45/comments,https://api.github.com/repos/dask/dask-sphinx-theme/issues/45/events,https://github.com/dask/dask-sphinx-theme/issues/45,714894398,MDU6SXNzdWU3MTQ4OTQzOTg=,45,Favicon no longer appearing,jrbourbeau,,closed,False,,,,3,2020-10-05T14:30:53Z,2020-10-05T15:28:16Z,2020-10-05T15:28:16Z,MEMBER,"Previously there was a tiny Dask logo for documentation pages using this theme. Today I noticed this is no longer the case:

<img width=""363"" alt=""Screen Shot 2020-10-05 at 9 28 59 AM"" src=""https://user-images.githubusercontent.com/11656932/95092561-66fffb80-06ed-11eb-932b-519b5c15c67d.png"">
"
https://api.github.com/repos/dask/dask-sphinx-theme/issues/44,https://api.github.com/repos/dask/dask-sphinx-theme,https://api.github.com/repos/dask/dask-sphinx-theme/issues/44/labels{/name},https://api.github.com/repos/dask/dask-sphinx-theme/issues/44/comments,https://api.github.com/repos/dask/dask-sphinx-theme/issues/44/events,https://github.com/dask/dask-sphinx-theme/issues/44,713931268,MDU6SXNzdWU3MTM5MzEyNjg=,44,Theme fails to style api docs with `sphinx-rtd-theme==0.5.0`,jcrist,,closed,False,,,,3,2020-10-02T22:19:35Z,2021-10-05T13:17:28Z,2021-10-05T13:17:28Z,MEMBER,"The latest version of `sphinx-rtd-theme` (which `dask-sphinx-theme` is built on) is 0.5.0. With that installed, api docs fail to style properly.

**With `sphinx-rtd-theme==0.5.0`**

<img width=""748"" alt=""Screen Shot 2020-10-02 at 5 14 36 PM"" src=""https://user-images.githubusercontent.com/2783717/94974058-06957200-04d3-11eb-88a4-9f6bf32ca67e.png"">

**With `sphinx-rtd-theme==0.4.3`**

<img width=""732"" alt=""Screen Shot 2020-10-02 at 5 14 25 PM"" src=""https://user-images.githubusercontent.com/2783717/94974056-04cbae80-04d3-11eb-8491-3d218f12aea4.png"">


When using `sphinx-rtd-theme==0.5.0` instead of `dask-sphinx-theme` things work properly, so it's something about the dask theme itself that breaks things. For now I'm pinning to 0.4.3 in dask-gateway to workaround the issue."
https://api.github.com/repos/dask/dask-sphinx-theme/issues/41,https://api.github.com/repos/dask/dask-sphinx-theme,https://api.github.com/repos/dask/dask-sphinx-theme/issues/41/labels{/name},https://api.github.com/repos/dask/dask-sphinx-theme/issues/41/comments,https://api.github.com/repos/dask/dask-sphinx-theme/issues/41/events,https://github.com/dask/dask-sphinx-theme/issues/41,689493283,MDU6SXNzdWU2ODk0OTMyODM=,41,Add SEO meta data to page,mrocklin,,closed,False,,,,0,2020-08-31T20:42:25Z,2020-09-04T16:52:30Z,2020-09-04T16:52:30Z,MEMBER,"If I link to a Dask page like in https://twitter.com/dask_dev/status/1300533760815820800 I don't get a nice little Dask logo and card at the bottom.  My understanding is that to get this we have to add appropriate metadata to our page.  

I suspect that a small change in this package could help us acheive that.  cc @jacobtomlinson @MrPowers if you're interested"
https://api.github.com/repos/dask/dask-sphinx-theme/issues/37,https://api.github.com/repos/dask/dask-sphinx-theme,https://api.github.com/repos/dask/dask-sphinx-theme/issues/37/labels{/name},https://api.github.com/repos/dask/dask-sphinx-theme/issues/37/comments,https://api.github.com/repos/dask/dask-sphinx-theme/issues/37/events,https://github.com/dask/dask-sphinx-theme/issues/37,618906895,MDU6SXNzdWU2MTg5MDY4OTU=,37,"Add Dask Gateway to ""Setup""",TomAugspurger,,closed,False,,,,1,2020-05-15T11:42:34Z,2021-10-05T13:18:07Z,2021-10-05T13:18:07Z,MEMBER,"Dask-Gateway should be in https://github.com/dask/dask-sphinx-theme/blob/012a141550ce2dc4ba96e2c7f3b8743ab4668701/dask_sphinx_theme/layout.html#L153-L160

What one or two word phrase should we use @jcrist? ""Managed""?

I also want to add it to the doc page at https://docs.dask.org/en/latest/setup.html."
https://api.github.com/repos/dask/dask-sphinx-theme/issues/36,https://api.github.com/repos/dask/dask-sphinx-theme,https://api.github.com/repos/dask/dask-sphinx-theme/issues/36/labels{/name},https://api.github.com/repos/dask/dask-sphinx-theme/issues/36/comments,https://api.github.com/repos/dask/dask-sphinx-theme/issues/36/events,https://github.com/dask/dask-sphinx-theme/issues/36,585179463,MDU6SXNzdWU1ODUxNzk0NjM=,36,FYI: CSS fixes in nbsphinx,mgeier,,closed,False,,,,9,2020-03-20T16:16:39Z,2020-03-24T18:46:19Z,2020-03-24T18:38:05Z,NONE,"This isn't actually an issue (at least I hope not), I just wanted to give y'all a heads up:

I'm planning to add some CSS fixes to `nbsphinx` when the dask theme is used: https://github.com/spatialaudio/nbsphinx/pull/415

I think some of those fixes are already included in the dask theme, but my change hopefully doesn't hurt them.

If you have concerns, suggestions for improvements or any other comments, please let me know!"
https://api.github.com/repos/dask/dask-sphinx-theme/issues/35,https://api.github.com/repos/dask/dask-sphinx-theme,https://api.github.com/repos/dask/dask-sphinx-theme/issues/35/labels{/name},https://api.github.com/repos/dask/dask-sphinx-theme/issues/35/comments,https://api.github.com/repos/dask/dask-sphinx-theme/issues/35/events,https://github.com/dask/dask-sphinx-theme/issues/35,563984537,MDU6SXNzdWU1NjM5ODQ1Mzc=,35,Add versioneer,jacobtomlinson,,closed,False,,,,0,2020-02-12T13:00:27Z,2022-04-01T16:47:54Z,2022-04-01T16:47:54Z,MEMBER,"I forgot to increment the `__version__` for the last release. 

I propose switching to [versioneer](https://github.com/warner/python-versioneer) to avoid this in future."
https://api.github.com/repos/dask/dask-sphinx-theme/issues/33,https://api.github.com/repos/dask/dask-sphinx-theme,https://api.github.com/repos/dask/dask-sphinx-theme/issues/33/labels{/name},https://api.github.com/repos/dask/dask-sphinx-theme/issues/33/comments,https://api.github.com/repos/dask/dask-sphinx-theme/issues/33/events,https://github.com/dask/dask-sphinx-theme/issues/33,563329722,MDU6SXNzdWU1NjMzMjk3MjI=,33,Release,TomAugspurger,,closed,False,,,,4,2020-02-11T16:36:28Z,2020-02-13T19:13:18Z,2020-02-13T19:13:18Z,MEMBER,
https://api.github.com/repos/dask/dask-sphinx-theme/issues/25,https://api.github.com/repos/dask/dask-sphinx-theme,https://api.github.com/repos/dask/dask-sphinx-theme/issues/25/labels{/name},https://api.github.com/repos/dask/dask-sphinx-theme/issues/25/comments,https://api.github.com/repos/dask/dask-sphinx-theme/issues/25/events,https://github.com/dask/dask-sphinx-theme/issues/25,507879439,MDU6SXNzdWU1MDc4Nzk0Mzk=,25,Automate releases,jacobtomlinson,,closed,False,,,,3,2019-10-16T14:12:18Z,2021-10-06T15:25:47Z,2021-10-06T15:25:47Z,MEMBER,"_This was discussed at the weekly developers meeting._

This repo is changed infrequently, and it is highly likely that a release will be required immediately after any change.

Therefore I would be keen to automate this via some CI/CD (Travis, Circle, Pipelines, etc)."
https://api.github.com/repos/dask/dask-sphinx-theme/issues/24,https://api.github.com/repos/dask/dask-sphinx-theme,https://api.github.com/repos/dask/dask-sphinx-theme/issues/24/labels{/name},https://api.github.com/repos/dask/dask-sphinx-theme/issues/24/comments,https://api.github.com/repos/dask/dask-sphinx-theme/issues/24/events,https://github.com/dask/dask-sphinx-theme/issues/24,504354072,MDU6SXNzdWU1MDQzNTQwNzI=,24,Avoid Sphinx Blue in theme,mrocklin,,open,False,,,,0,2019-10-09T01:09:16Z,2019-10-09T01:09:16Z,,MEMBER,"In many cases we show standard sphinx blue 

![image](https://user-images.githubusercontent.com/306380/66444087-6152d580-ea07-11e9-9ead-be2bc005f6b1.png)

It would be nice to replace this with colors that match our current theme.  


Example here: https://examples.dask.org/applications/async-web-server.html"
https://api.github.com/repos/dask/dask-sphinx-theme/issues/19,https://api.github.com/repos/dask/dask-sphinx-theme,https://api.github.com/repos/dask/dask-sphinx-theme/issues/19/labels{/name},https://api.github.com/repos/dask/dask-sphinx-theme/issues/19/comments,https://api.github.com/repos/dask/dask-sphinx-theme/issues/19/events,https://github.com/dask/dask-sphinx-theme/issues/19,499532730,MDU6SXNzdWU0OTk1MzI3MzA=,19,Release 1.2,jrbourbeau,,closed,False,,,,1,2019-09-27T16:16:10Z,2019-09-27T19:45:48Z,2019-09-27T19:45:48Z,MEMBER,Any objections to me pushing out a 1.2 release today to include changes from #18?
https://api.github.com/repos/dask/dask-sphinx-theme/issues/17,https://api.github.com/repos/dask/dask-sphinx-theme,https://api.github.com/repos/dask/dask-sphinx-theme/issues/17/labels{/name},https://api.github.com/repos/dask/dask-sphinx-theme/issues/17/comments,https://api.github.com/repos/dask/dask-sphinx-theme/issues/17/events,https://github.com/dask/dask-sphinx-theme/issues/17,495376051,MDU6SXNzdWU0OTUzNzYwNTE=,17,Flicker on page change/refresh on Firefox,jcrist,,closed,False,,,,7,2019-09-18T18:06:32Z,2021-10-05T13:34:29Z,2021-10-05T13:34:29Z,MEMBER,"This may be an issue with the readthedocs theme instead of dask's. On firefox, I see a very noticeable flicker on page load for any dask docs page (for example https://docs.dask.org/en/latest/). It looks like this is the CSS formatting (briefly see what looks like a less formatted page). I use firefox as my primary browser, in most cases page load fast and cleanly, so I assume there's something weird with this page leading to this behavior. I am not a web dev, no idea how to investigate this further.

![out](https://user-images.githubusercontent.com/2783717/65173686-f2d8b400-da14-11e9-8e4e-cd34af1b9e49.gif)
"
https://api.github.com/repos/dask/dask-sphinx-theme/issues/14,https://api.github.com/repos/dask/dask-sphinx-theme,https://api.github.com/repos/dask/dask-sphinx-theme/issues/14/labels{/name},https://api.github.com/repos/dask/dask-sphinx-theme/issues/14/comments,https://api.github.com/repos/dask/dask-sphinx-theme/issues/14/events,https://github.com/dask/dask-sphinx-theme/issues/14,475263691,MDU6SXNzdWU0NzUyNjM2OTE=,14,Fix parameter : type merger with CSS change,mrocklin,,open,False,,,,2,2019-07-31T17:17:41Z,2019-08-01T06:57:27Z,,MEMBER,"@lesteve in going through the diff for dask-jobqueue I noticed that you wrote this comment:

```diff
+# Temporary work-around for spacing problem between parameter and parameter
+# type in the doc, see https://github.com/numpy/numpydoc/issues/215. The bug
+# has been fixed in sphinx (https://github.com/sphinx-doc/sphinx/pull/5976) but
+# through a change in sphinx basic.css except rtd_theme does not use basic.css.
+# In an ideal world, this would get fixed in this PR:
+# https://github.com/readthedocs/sphinx_rtd_theme/pull/747/files
+def setup(app):
+    app.add_stylesheet(""basic.css"")
```

I wonder if we might upstream some changes to the dask-sphinx-theme to resolve it more generally across dask projects.

However, I also noticed that the sytling on API docs is now oddly centered (see https://jobqueue.dask.org/en/latest/generated/dask_jobqueue.OARCluster.html#dask_jobqueue.OARCluster) , so this might not be as easy as expected."
https://api.github.com/repos/dask/dask-sphinx-theme/issues/13,https://api.github.com/repos/dask/dask-sphinx-theme,https://api.github.com/repos/dask/dask-sphinx-theme/issues/13/labels{/name},https://api.github.com/repos/dask/dask-sphinx-theme/issues/13/comments,https://api.github.com/repos/dask/dask-sphinx-theme/issues/13/events,https://github.com/dask/dask-sphinx-theme/issues/13,457118040,MDU6SXNzdWU0NTcxMTgwNDA=,13,Release,jrbourbeau,,closed,False,,,,2,2019-06-17T19:49:17Z,2019-06-18T03:14:59Z,2019-06-18T03:14:59Z,MEMBER,I'd like to have a new release of `dask-sphinx-theme` which includes the changes from #12. Are others okay with this? @mrocklin if you want to add me on PyPI (jrbourbeau) I'd be happy to handle the release 
https://api.github.com/repos/dask/dask-sphinx-theme/issues/11,https://api.github.com/repos/dask/dask-sphinx-theme,https://api.github.com/repos/dask/dask-sphinx-theme/issues/11/labels{/name},https://api.github.com/repos/dask/dask-sphinx-theme/issues/11/comments,https://api.github.com/repos/dask/dask-sphinx-theme/issues/11/events,https://github.com/dask/dask-sphinx-theme/issues/11,374352588,MDU6SXNzdWUzNzQzNTI1ODg=,11,Offset anchors so the navbar doesn't cover them,TomAugspurger,,closed,False,,,,1,2018-10-26T12:00:49Z,2019-11-26T19:10:57Z,2019-11-26T19:10:57Z,MEMBER,"If you navigate to the anchor at http://ml.dask.org/modules/generated/dask_ml.wrappers.Incremental.html#dask_ml.wrappers.Incremental, the section title the anchor is attached to is covered by the navbar. @dsludwig do you know, is there a way to ""offset"" the anchors so that navigating to them places them below the navbar on your screen?"
