URL,Repository URL,Labels URL,Comments URL,Events URL,HTML URL,ID,Node ID,Number,Title,User,Labels,State,Locked,Assignee,Assignees,Milestone,Comments,Created At,Updated At,Closed At,Author Association,Body
https://api.github.com/repos/dask/dask-gateway-helm-repo/issues/4,https://api.github.com/repos/dask/dask-gateway-helm-repo,https://api.github.com/repos/dask/dask-gateway-helm-repo/issues/4/labels{/name},https://api.github.com/repos/dask/dask-gateway-helm-repo/issues/4/comments,https://api.github.com/repos/dask/dask-gateway-helm-repo/issues/4/events,https://github.com/dask/dask-gateway-helm-repo/issues/4,801621879,MDU6SXNzdWU4MDE2MjE4Nzk=,4,"Move default branch from ""master"" -> ""main""",jsignell,,closed,False,,,,0,2021-02-04T20:44:26Z,2021-02-11T01:56:40Z,2021-02-11T01:56:40Z,MEMBER,"@jrbourbeau and I are in the process of moving the default branch for this repo from master to main. 

 - [x] Changed in GitHub
 - [x] ~~Merged PR to change branch name in code~~ 
 
### What you'll see
Once the name on github is changed (the first box above is Xed, or this issue closed), when you try to `git pull` you'll get 

```bash
Your configuration specifies to merge with the ref 'refs/heads/master'
from the remote, but no such ref was fetched.
```

### What you need to do

First: **head to your fork and rename the default branch there**
Then:
```bash
git branch -m master main
git fetch origin
git branch -u origin/main main
```"
https://api.github.com/repos/dask/dask-gateway-helm-repo/issues/3,https://api.github.com/repos/dask/dask-gateway-helm-repo,https://api.github.com/repos/dask/dask-gateway-helm-repo/issues/3/labels{/name},https://api.github.com/repos/dask/dask-gateway-helm-repo/issues/3/comments,https://api.github.com/repos/dask/dask-gateway-helm-repo/issues/3/events,https://github.com/dask/dask-gateway-helm-repo/issues/3,746243914,MDU6SXNzdWU3NDYyNDM5MTQ=,3,Can we make Liveness/Readiness Probes Configurable for the Traefik Proxy?,rileyhun,,closed,False,,,,0,2020-11-19T04:45:10Z,2020-11-19T04:58:07Z,2020-11-19T04:58:07Z,NONE,"I'm trying to make the Traefix Proxy a NodePort and implement an Ingress on GCP. Doing so returns a health check error:

```
All backend services are in UNHEALTHY state. 
```

I think to bypass this health check we need a liveness/readiness probe for the Traefik Proxy. 

Thanks,

Riley
"
https://api.github.com/repos/dask/dask-gateway-helm-repo/issues/2,https://api.github.com/repos/dask/dask-gateway-helm-repo,https://api.github.com/repos/dask/dask-gateway-helm-repo/issues/2/labels{/name},https://api.github.com/repos/dask/dask-gateway-helm-repo/issues/2/comments,https://api.github.com/repos/dask/dask-gateway-helm-repo/issues/2/events,https://github.com/dask/dask-gateway-helm-repo/issues/2,736883230,MDU6SXNzdWU3MzY4ODMyMzA=,2,Missing Chart for 0.9.0 release,TomAugspurger,,closed,False,,,,1,2020-11-05T12:14:54Z,2020-11-05T14:19:44Z,2020-11-05T14:19:44Z,MEMBER,"@jcrist https://github.com/dask/dask-gateway-helm-repo/commit/172357676ee958ef8f837945dd2377c30c60073e updated the index, but the actual `https://dask.org/dask-gateway-helm-repo/dask-gateway-0.9.0.tgz` (maybe a gitignore issue?)."
https://api.github.com/repos/dask/dask-gateway-helm-repo/issues/1,https://api.github.com/repos/dask/dask-gateway-helm-repo,https://api.github.com/repos/dask/dask-gateway-helm-repo/issues/1/labels{/name},https://api.github.com/repos/dask/dask-gateway-helm-repo/issues/1/comments,https://api.github.com/repos/dask/dask-gateway-helm-repo/issues/1/events,https://github.com/dask/dask-gateway-helm-repo/issues/1,509897682,MDU6SXNzdWU1MDk4OTc2ODI=,1,Consolidate repo,jacobtomlinson,,closed,False,,,,2,2019-10-21T11:19:17Z,2021-09-07T11:14:21Z,2021-09-07T11:14:21Z,MEMBER,"It would be good to have a single helm repo for Dask related charts.

I've proposed in dask/helm-chart#17 that we create a repo over there using `gh-pages` in the same way that has been done here and put it at https://helm.dask.org.

I hadn't realised this repo existed. Could we look at combining the two as it would add scope for adding more charts in future all under a single Dask org repo too?"
