URL,Repository URL,Labels URL,Comments URL,Events URL,HTML URL,ID,Node ID,Number,Title,User,Labels,State,Locked,Assignee,Assignees,Milestone,Comments,Created At,Updated At,Closed At,Author Association,Body
https://api.github.com/repos/dask/knit/issues/133,https://api.github.com/repos/dask/knit,https://api.github.com/repos/dask/knit/issues/133/labels{/name},https://api.github.com/repos/dask/knit/issues/133/comments,https://api.github.com/repos/dask/knit/issues/133/events,https://github.com/dask/knit/issues/133,338018551,MDU6SXNzdWUzMzgwMTg1NTE=,133,Deprecate?,jcrist,,closed,True,,,,4,2018-07-03T18:59:02Z,2018-07-03T19:35:56Z,2018-07-03T19:33:18Z,MEMBER,"Skein (https://jcrist.github.io/skein/) is designed to be a Knit replacement, providing a more flexible and robust library for deploying applications on YARN.

Dask-Yarn (https://dask-yarn.readthedocs.io/en/latest/) has been rewritten to use Skein, and exists in its own separate repo.

At this point, I'd like to deprecate knit, and add a note to the readme and repo. Thoughts @martindurant, @quasiben?"
https://api.github.com/repos/dask/knit/issues/132,https://api.github.com/repos/dask/knit,https://api.github.com/repos/dask/knit/issues/132/labels{/name},https://api.github.com/repos/dask/knit/issues/132/comments,https://api.github.com/repos/dask/knit/issues/132/events,https://github.com/dask/knit/issues/132,336605997,MDU6SXNzdWUzMzY2MDU5OTc=,132,Permission Denied when writing to HDFS,yuriy-davygora,,open,True,,,,12,2018-06-28T12:45:43Z,2018-07-03T20:14:01Z,,NONE,"I am trying out a basic 'distributed ""Hello World"" ' job using Dask on a YARN cluster. Basically I am reading some data from HDFS, mapping some columns and then writing them to a different HDFS folder. However, the last step does not work, I receive the following error:

```
Traceback (most recent call last):
  File ""./mgmt_score_dist.py"", line 52, in <module>
    main()
  File ""./mgmt_score_dist.py"", line 47, in main
    'hdfs:///user/yuriyd/daily_staging/2018-06-20-spark/group/dask/mgmt_score_dist_flat.parquet',
  File ""./mgmt_score_dist.py"", line 33, in mgmt_score_dist
    source_df.to_csv(output, header=False, sep='\t')
  File ""/usr/local/trustyou/home/yuriyd/miniconda3/envs/mgmt_score_dist_dask/lib/python2.7/site-packages/dask/dataframe/core.py"", line 1091, in to_csv
    return to_csv(self, filename, **kwargs)
  File ""/usr/local/trustyou/home/yuriyd/miniconda3/envs/mgmt_score_dist_dask/lib/python2.7/site-packages/dask/dataframe/io/csv.py"", line 577, in to_csv
    delayed(values).compute(get=get, scheduler=scheduler)
  File ""/usr/local/trustyou/home/yuriyd/miniconda3/envs/mgmt_score_dist_dask/lib/python2.7/site-packages/dask/base.py"", line 156, in compute
    (result,) = compute(self, traverse=False, **kwargs)
  File ""/usr/local/trustyou/home/yuriyd/miniconda3/envs/mgmt_score_dist_dask/lib/python2.7/site-packages/dask/base.py"", line 402, in compute
    results = schedule(dsk, keys, **kwargs)
  File ""/usr/local/trustyou/home/yuriyd/miniconda3/envs/mgmt_score_dist_dask/lib/python2.7/site-packages/distributed/client.py"", line 2159, in get
    direct=direct)
  File ""/usr/local/trustyou/home/yuriyd/miniconda3/envs/mgmt_score_dist_dask/lib/python2.7/site-packages/distributed/client.py"", line 1562, in gather
    asynchronous=asynchronous)
  File ""/usr/local/trustyou/home/yuriyd/miniconda3/envs/mgmt_score_dist_dask/lib/python2.7/site-packages/distributed/client.py"", line 652, in sync
    return sync(self.loop, func, *args, **kwargs)
  File ""/usr/local/trustyou/home/yuriyd/miniconda3/envs/mgmt_score_dist_dask/lib/python2.7/site-packages/distributed/utils.py"", line 275, in sync
    six.reraise(*error[0])
  File ""/usr/local/trustyou/home/yuriyd/miniconda3/envs/mgmt_score_dist_dask/lib/python2.7/site-packages/distributed/utils.py"", line 260, in f
    result[0] = yield make_coro()
  File ""/usr/local/trustyou/home/yuriyd/miniconda3/envs/mgmt_score_dist_dask/lib/python2.7/site-packages/tornado/gen.py"", line 1099, in run
    value = future.result()
  File ""/usr/local/trustyou/home/yuriyd/miniconda3/envs/mgmt_score_dist_dask/lib/python2.7/site-packages/tornado/concurrent.py"", line 260, in result
    raise_exc_info(self._exc_info)
  File ""/usr/local/trustyou/home/yuriyd/miniconda3/envs/mgmt_score_dist_dask/lib/python2.7/site-packages/tornado/gen.py"", line 1107, in run
    yielded = self.gen.throw(*exc_info)
  File ""/usr/local/trustyou/home/yuriyd/miniconda3/envs/mgmt_score_dist_dask/lib/python2.7/site-packages/distributed/client.py"", line 1439, in _gather
    traceback)
  File ""/mnt/disk4/hadoop/yarn/local/usercache/yuriyd/appcache/application_1512662857247_45487/container_1512662857247_45487_01_000003/mgmt_score_dist_dask.zip/mgmt_score_dist_dask/lib/python2.7/site-packages/dask/dataframe/io/csv.py"", line 438, in _to_csv_chunk
    
  File ""/mnt/disk4/hadoop/yarn/local/usercache/yuriyd/appcache/application_1512662857247_45487/container_1512662857247_45487_01_000003/mgmt_score_dist_dask.zip/mgmt_score_dist_dask/lib/python2.7/site-packages/dask/bytes/core.py"", line 166, in __enter__
  File ""/mnt/disk4/hadoop/yarn/local/usercache/yuriyd/appcache/application_1512662857247_45487/container_1512662857247_45487_01_000003/mgmt_score_dist_dask.zip/mgmt_score_dist_dask/lib/python2.7/site-packages/dask/bytes/hdfs3.py"", line 24, in open
  File ""/mnt/disk4/hadoop/yarn/local/usercache/yuriyd/appcache/application_1512662857247_45487/container_1512662857247_45487_01_000003/mgmt_score_dist_dask.zip/mgmt_score_dist_dask/lib/python2.7/site-packages/hdfs3/core.py"", line 237, in open
  File ""/mnt/disk4/hadoop/yarn/local/usercache/yuriyd/appcache/application_1512662857247_45487/container_1512662857247_45487_01_000003/mgmt_score_dist_dask.zip/mgmt_score_dist_dask/lib/python2.7/site-packages/hdfs3/core.py"", line 709, in __init__
  File ""/mnt/disk4/hadoop/yarn/local/usercache/yuriyd/appcache/application_1512662857247_45487/container_1512662857247_45487_01_000003/mgmt_score_dist_dask.zip/mgmt_score_dist_dask/lib/python2.7/site-packages/hdfs3/core.py"", line 719, in _set_handle
IOError: Could not open file: /user/yuriyd/daily_staging/2018-06-20-spark/group/dask/mgmt_score_dist.tsv/0.part, mode: wb Permission denied: user=yarn, access=WRITE, inode=""/user/yuriyd/daily_staging/2018-06-20-spark/group/dask/mgmt_score_dist.tsv/0.part"":yuriyd:yuriyd:drwxr-xr-x
```

I have googled for this error, and, apparently, it occurs when I try to write to HDFS as 'yarn' user and not as my own user. I haven't found anything in the documentation or in the source code about setting the user. I tried initializing DaskYARNCluster with user='yuriyd', but I still got the same error.

Any assistance or advice will be greatly appreciated.

Here is my code:

```
#!/usr/bin/env python
# -*- coding: utf-8 -*-

import dask.dataframe as dd
from dask.distributed import Client
from dask_yarn import DaskYARNCluster
from json import loads


def load_respondable_sources(input_sources):
    source_df = dd.read_table(""%s/*"" % input_sources, usecols=[0, 1], header=None, names=['source_id', 'data'],
                              converters={'data': loads})
    source_df['source_respondable'] = source_df['data'].map(lambda x: x[1])
    source_df['response_min_date'] = source_df['data'].map(lambda x: x[2])
    # source_df['response_max_date'] = source_df['data'].map(lambda x: x[3])
    source_df.drop('data', axis=1)
    return source_df.loc[source_df['source_respondable']]


def mgmt_score_dist(
        input_mgmt_response,  # type: str
        input_reviews,  # type: str
        input_sources,  # type: str
        output,  # type: str
        flat_output,  # type: str
):
    cluster = DaskYARNCluster(env='mgmt_score_dist_dask.zip')
    client = Client(cluster)

    cluster.start(2, cpus=2, memory=1024, envvars={'KNIT_LANG': 'C.UTF-8', 'DASK_CONFIG': '/tmp'})

    source_df = load_respondable_sources(input_sources)
    source_df.to_csv(output, header=False, sep='\t')

    # TODO

    client.close()
    cluster.close()


def main():
    mgmt_score_dist(
        'hdfs:///user/yuriyd/daily_staging/2018-06-20-spark/group/dump/mgmt_response.tsv',
        'hdfs:///user/yuriyd/daily_staging/2018-06-20-spark/group/dump/dump_reviews.tsv',
        'hdfs:///user/yuriyd/daily_staging/2018-06-20-spark/group/dump/source.tsv',
        'hdfs:///user/yuriyd/daily_staging/2018-06-20-spark/group/dask/mgmt_score_dist.tsv',
        'hdfs:///user/yuriyd/daily_staging/2018-06-20-spark/group/dask/mgmt_score_dist_flat.parquet',
    )


if __name__ == '__main__':
    main()
```

UPDATE: I have temporarily granted every user write permissions (hadoop fs -chmod -R 777 ...), but now I get a different error:
```
Traceback (most recent call last):
  File ""./mgmt_score_dist.py"", line 53, in <module>
    main()
  File ""./mgmt_score_dist.py"", line 48, in main
    'hdfs:///user/yuriyd/daily_staging/2018-06-20-spark/group/dask/mgmt_score_dist_flat.parquet',
  File ""./mgmt_score_dist.py"", line 34, in mgmt_score_dist
    source_df.to_csv(output, header=False, sep='\t')
  File ""/usr/local/trustyou/home/yuriyd/miniconda3/envs/mgmt_score_dist_dask/lib/python2.7/site-packages/dask/dataframe/core.py"", line 1091, in to_csv
    return to_csv(self, filename, **kwargs)
  File ""/usr/local/trustyou/home/yuriyd/miniconda3/envs/mgmt_score_dist_dask/lib/python2.7/site-packages/dask/dataframe/io/csv.py"", line 577, in to_csv
    delayed(values).compute(get=get, scheduler=scheduler)
  File ""/usr/local/trustyou/home/yuriyd/miniconda3/envs/mgmt_score_dist_dask/lib/python2.7/site-packages/dask/base.py"", line 156, in compute
    (result,) = compute(self, traverse=False, **kwargs)
  File ""/usr/local/trustyou/home/yuriyd/miniconda3/envs/mgmt_score_dist_dask/lib/python2.7/site-packages/dask/base.py"", line 402, in compute
    results = schedule(dsk, keys, **kwargs)
  File ""/usr/local/trustyou/home/yuriyd/miniconda3/envs/mgmt_score_dist_dask/lib/python2.7/site-packages/distributed/client.py"", line 2159, in get
    direct=direct)
  File ""/usr/local/trustyou/home/yuriyd/miniconda3/envs/mgmt_score_dist_dask/lib/python2.7/site-packages/distributed/client.py"", line 1562, in gather
    asynchronous=asynchronous)
  File ""/usr/local/trustyou/home/yuriyd/miniconda3/envs/mgmt_score_dist_dask/lib/python2.7/site-packages/distributed/client.py"", line 652, in sync
    return sync(self.loop, func, *args, **kwargs)
  File ""/usr/local/trustyou/home/yuriyd/miniconda3/envs/mgmt_score_dist_dask/lib/python2.7/site-packages/distributed/utils.py"", line 275, in sync
    six.reraise(*error[0])
  File ""/usr/local/trustyou/home/yuriyd/miniconda3/envs/mgmt_score_dist_dask/lib/python2.7/site-packages/distributed/utils.py"", line 260, in f
    result[0] = yield make_coro()
  File ""/usr/local/trustyou/home/yuriyd/miniconda3/envs/mgmt_score_dist_dask/lib/python2.7/site-packages/tornado/gen.py"", line 1099, in run
    value = future.result()
  File ""/usr/local/trustyou/home/yuriyd/miniconda3/envs/mgmt_score_dist_dask/lib/python2.7/site-packages/tornado/concurrent.py"", line 260, in result
    raise_exc_info(self._exc_info)
  File ""/usr/local/trustyou/home/yuriyd/miniconda3/envs/mgmt_score_dist_dask/lib/python2.7/site-packages/tornado/gen.py"", line 1107, in run
    yielded = self.gen.throw(*exc_info)
  File ""/usr/local/trustyou/home/yuriyd/miniconda3/envs/mgmt_score_dist_dask/lib/python2.7/site-packages/distributed/client.py"", line 1439, in _gather
    traceback)
  File ""/mnt/disk4/hadoop/yarn/local/usercache/yuriyd/appcache/application_1512662857247_45493/container_1512662857247_45493_01_000003/mgmt_score_dist_dask.zip/mgmt_score_dist_dask/lib/python2.7/site-packages/dask/dataframe/io/csv.py"", line 439, in _to_csv_chunk
    # finally, compare results against first row and ""vote""
  File ""/mnt/disk4/hadoop/yarn/local/usercache/yuriyd/appcache/application_1512662857247_45493/container_1512662857247_45493_01_000003/mgmt_score_dist_dask.zip/mgmt_score_dist_dask/lib/python2.7/site-packages/pandas/core/frame.py"", line 1745, in to_csv
  File ""/mnt/disk4/hadoop/yarn/local/usercache/yuriyd/appcache/application_1512662857247_45493/container_1512662857247_45493_01_000003/mgmt_score_dist_dask.zip/mgmt_score_dist_dask/lib/python2.7/site-packages/pandas/io/formats/csvs.py"", line 161, in save
  File ""/mnt/disk4/hadoop/yarn/local/usercache/yuriyd/appcache/application_1512662857247_45493/container_1512662857247_45493_01_000003/mgmt_score_dist_dask.zip/mgmt_score_dist_dask/lib/python2.7/site-packages/dask/bytes/utils.py"", line 136, in __getattr__
AttributeError: 'HDFile' object has no attribute 'getvalue'
```"
https://api.github.com/repos/dask/knit/issues/131,https://api.github.com/repos/dask/knit,https://api.github.com/repos/dask/knit/issues/131/labels{/name},https://api.github.com/repos/dask/knit/issues/131/comments,https://api.github.com/repos/dask/knit/issues/131/events,https://github.com/dask/knit/issues/131,332303349,MDU6SXNzdWUzMzIzMDMzNDk=,131,More control required over construction of zip files,jamesporritt,,closed,True,,,,3,2018-06-14T08:37:08Z,2018-07-03T18:30:49Z,2018-07-03T18:30:49Z,NONE,"I'd like some extra flags when creating the zipped environment to select either/both of allowZip64=True/False and compression=zipfile.ZIP_DEFLATED. I'm using the compressed zip files with spark-submit to provide the environment for my spark application. If the generated zip files are over 2Gb Spark is complaining the files have an ""invalid CEN header"".  From what I can tell it's an issue with some parts of the Java API that don't can't handle zip64 files.  This isn't knits fault - I just want a way of stepping around it."
https://api.github.com/repos/dask/knit/issues/129,https://api.github.com/repos/dask/knit,https://api.github.com/repos/dask/knit/issues/129/labels{/name},https://api.github.com/repos/dask/knit/issues/129/comments,https://api.github.com/repos/dask/knit/issues/129/events,https://github.com/dask/knit/issues/129,330374617,MDU6SXNzdWUzMzAzNzQ2MTc=,129,Master Application getting closed upon all workers removed,avinashraghuthu,,closed,True,,,,9,2018-06-07T17:53:44Z,2018-06-14T18:30:24Z,2018-06-12T15:15:58Z,NONE,"I am trying to run the dask yarn cluster with auto scaling i.e., I have used Adaptive class , which automatically triggers the scaling down and up of cluster.But the problem is when all the workers have been removed the master application is also getting killed.So  when again scale up function has been called , the addition of the containers is not happening.
I have checked the code and it is being intentionally done.But that will not help for me in case of automatic scaling where cluster can have zero worker containers when it is idle and workers will be added when a job need to be executed
Please find the sample test I am using
[ClusterScaleTest.txt](https://github.com/dask/knit/files/2081550/ClusterScaleTest.txt)

"
https://api.github.com/repos/dask/knit/issues/128,https://api.github.com/repos/dask/knit,https://api.github.com/repos/dask/knit/issues/128/labels{/name},https://api.github.com/repos/dask/knit/issues/128/comments,https://api.github.com/repos/dask/knit/issues/128/events,https://github.com/dask/knit/issues/128,328581952,MDU6SXNzdWUzMjg1ODE5NTI=,128,Knit unable to renew HDFS delegation token,ssabdb,,closed,True,,,,2,2018-06-01T16:22:58Z,2018-07-03T18:25:29Z,2018-07-03T18:25:29Z,NONE,"I'm running knit with an HA kerberised cluster and not able to start an application. Other applications, eg spark, mapreduce, hive all work fine. 

I suspect something is wrong with the way knit is handling Kerberos/HA. The job does not even start.

```
import knit
knit.__version__
'0.2.4'
k = knit.Knit()
```

```
Results in:
18/06/01 15:28:35 INFO knit.Client$: Starting Application Master
18/06/01 15:28:36 INFO hdfs.DFSClient: Created HDFS_DELEGATION_TOKEN token 8599252 for XXXXXXXX on ha-hdfs:XXX03
18/06/01 15:28:37 INFO knit.Utils$: Setting Replication Factor to: 3
18/06/01 15:28:37 INFO knit.Utils$: Attemping upload of /home/XXXXXXXX/.conda/envs/dask-knit/lib/python3.5/site-packages/knit/java_libs/knit-1.0-SNAPSHOT.jar to /user/XXXXXXXX/.knitDeps
18/06/01 15:28:37 INFO impl.TimelineClientImpl: Timeline service address: http://XX:8188/ws/v1/timeline/
18/06/01 15:28:38 INFO knit.Client$: Submitting application application_1525508843598_162207
Py4JJavaError: An error occurred while calling t.start.
: org.apache.hadoop.yarn.exceptions.YarnException: Failed to submit application_1525508843598_162207 to YARN : Failed to renew token: Kind: HDFS_DELEGATION_TOKEN, Service: ha-hdfs:XXX03, Ident: (HDFS_DELEGATION_TOKEN token 8599252 for XXXXXXXX)
        at org.apache.hadoop.yarn.client.api.impl.YarnClientImpl.submitApplication(YarnClientImpl.java:271)
        at io.continuum.knit.Client$.start(Client.scala:178)
        at sun.reflect.NativeMethodAccessorImpl.invoke0(Native Method)
        at sun.reflect.NativeMethodAccessorImpl.invoke(NativeMethodAccessorImpl.java:62)
        at sun.reflect.DelegatingMethodAccessorImpl.invoke(DelegatingMethodAccessorImpl.java:43)
        at java.lang.reflect.Method.invoke(Method.java:498)
        at py4j.reflection.MethodInvoker.invoke(MethodInvoker.java:231)
        at py4j.reflection.ReflectionEngine.invoke(ReflectionEngine.java:381)
        at py4j.Gateway.invoke(Gateway.java:259)
        at py4j.commands.AbstractCommand.invokeMethod(AbstractCommand.java:133)
        at py4j.commands.CallCommand.execute(CallCommand.java:79)
        at py4j.GatewayConnection.run(GatewayConnection.java:209)
        at java.lang.Thread.run(Thread.java:748)
```"
https://api.github.com/repos/dask/knit/issues/125,https://api.github.com/repos/dask/knit,https://api.github.com/repos/dask/knit/issues/125/labels{/name},https://api.github.com/repos/dask/knit/issues/125/comments,https://api.github.com/repos/dask/knit/issues/125/events,https://github.com/dask/knit/issues/125,314376215,MDU6SXNzdWUzMTQzNzYyMTU=,125,No information on running tasks in Bokeh in EMR,j-bennet,,closed,True,,,,6,2018-04-15T01:20:01Z,2018-04-18T09:17:11Z,2018-04-18T04:28:46Z,CONTRIBUTOR,"When running an application with `DaskYARNCluster` in Amazon EMR, I can access the Bokeh UI, but there seems to be no information whatsoever on running tasks:

![screenshot 2018-04-14 18 14 43](https://user-images.githubusercontent.com/637013/38773965-2f3b1258-4010-11e8-9515-1acfa6a7f8d4.png)

I do see workers, so that's nice:

![screenshot 2018-04-14 18 17 51](https://user-images.githubusercontent.com/637013/38773971-53d426d6-4010-11e8-8a0c-a9cf6b0f380e.png)

But what is it with tasks? Am I missing something?"
https://api.github.com/repos/dask/knit/issues/124,https://api.github.com/repos/dask/knit,https://api.github.com/repos/dask/knit/issues/124/labels{/name},https://api.github.com/repos/dask/knit/issues/124/comments,https://api.github.com/repos/dask/knit/issues/124/events,https://github.com/dask/knit/issues/124,314367398,MDU6SXNzdWUzMTQzNjczOTg=,124,Need an example of submitting a dask/python script to YARN,j-bennet,,closed,True,,,,15,2018-04-14T22:31:43Z,2018-05-01T20:00:03Z,2018-05-01T20:00:03Z,CONTRIBUTOR,"I looked all over Knit documentation, but I could not find an example of running a dask/python script on yarn.

Let's say I already have an application that runs with dask.distributed client:

### t3.py
```
import dask.dataframe as dd
from dask.distributed import Client

if __name__ == '__main__':
    client = Client()
    df = dd.read_parquet('s3://path/here')
    print(df.head(3))
```

How do run this with the YARN scheduler?

P.S. I am aware that this is a dummy question, sorry."
https://api.github.com/repos/dask/knit/issues/123,https://api.github.com/repos/dask/knit,https://api.github.com/repos/dask/knit/issues/123/labels{/name},https://api.github.com/repos/dask/knit/issues/123/comments,https://api.github.com/repos/dask/knit/issues/123/events,https://github.com/dask/knit/issues/123,314364703,MDU6SXNzdWUzMTQzNjQ3MDM=,123,Locale error on application start,j-bennet,,closed,True,,,,3,2018-04-14T21:49:03Z,2018-04-14T22:50:33Z,2018-04-14T22:48:38Z,CONTRIBUTOR,"I'm trying to run a Dask application on YARN and get a `setlocale` error on container start:

```
18/04/14 21:38:43 INFO knit.ApplicationMaster$: Running command in container: dvss.zip/dvss/bin/python dvss.zip/dvss/bin/dask-worker --nprocs=1 --nthreads=5 --memory-limit=500000000.0 --no-bokeh tcp://10.21.0.219:42867 
18/04/14 21:38:43 INFO knit.ApplicationMaster$: Setting container language to 'C.UTF-8'
18/04/14 21:38:43 INFO knit.ApplicationMaster$: RESOURCE: hdfs:/user/hadoop/.knitDeps/dvss.zip archive=true
18/04/14 21:38:43 INFO knit.ApplicationMaster$: TOKEN ADDED: Kind: YARN_AM_RM_TOKEN, Service: 10.21.0.219:8030, Ident: (appAttemptId { application_id { id: 2 cluster_timestamp: 1523740467851 } attemptId: 1 } keyId: 1185419776)
18/04/14 21:38:43 WARN token.Token: Cannot find class for token kind kms-dt
18/04/14 21:38:43 INFO knit.ApplicationMaster$: TOKEN ADDED: Kind: kms-dt, Service: 10.21.0.219:9700, Ident: 00 06 68 61 64 6f 6f 70 04 79 61 72 6e 00 8a 01 62 c6 18 78 1d 8a 01 62 ea 24 fc 1d 02 02
18/04/14 21:38:43 INFO knit.ApplicationMaster$: Launching container Container: [ContainerId: container_1523740467851_0002_01_000004, NodeId: ip-10-21-0-244.ec2.internal:8041, NodeHttpAddress: ip-10-21-0-244.ec2.internal:8042, Resource: <memory:512, vCores:1>, Priority: 0, Token: Token { kind: ContainerToken, service: 10.21.0.244:8041 }, ]
18/04/14 21:38:43 INFO impl.NMClientAsyncImpl: Processing Event EventType: START_CONTAINER for Container container_1523740467851_0002_01_000004
18/04/14 21:38:43 INFO impl.ContainerManagementProtocolProxy: Opening proxy : ip-10-21-0-244.ec2.internal:8041
18/04/14 21:38:43 INFO knit.ApplicationMaster$: Container started container_1523740467851_0002_01_000004
18/04/14 21:38:44 INFO knit.ApplicationMaster$: User: Some(hadoop) StagingDir: /user/hadoop/.knitDeps
18/04/14 21:38:44 INFO knit.ApplicationMaster$: Running command in container: dvss.zip/dvss/bin/python dvss.zip/dvss/bin/dask-worker --nprocs=1 --nthreads=5 --memory-limit=500000000.0 --no-bokeh tcp://10.21.0.219:42867 
18/04/14 21:38:45 INFO knit.ApplicationMaster$: Container completed ContainerStatus: [ContainerId: container_1523740467851_0002_01_000005, State: COMPLETE, Diagnostics: Container released by application, ExitStatus: -100, ].getContainerId
18/04/14 21:38:54 INFO knit.ApplicationMaster$: Container completed ContainerStatus: [ContainerId: container_1523740467851_0002_01_000003, State: COMPLETE, Diagnostics: Exception from container-launch.
Container id: container_1523740467851_0002_01_000003
Exit code: 1
Exception message: bash: warning: setlocale: LC_ALL: cannot change locale (C.UTF-8)
/bin/bash: warning: setlocale: LC_ALL: cannot change locale (C.UTF-8)
/bin/bash: warning: setlocale: LC_ALL: cannot change locale (C.UTF-8)
/mnt/yarn/usercache/hadoop/appcache/application_1523740467851_0002/container_1523740467851_0002_01_000003/launch_container.sh: line 17: warning: setlocale: LC_ALL: cannot change locale (C.UTF-8)
/mnt/yarn/usercache/hadoop/appcache/application_1523740467851_0002/container_1523740467851_0002_01_000003/launch_container.sh: line 17: warning: setlocale: LC_ALL: cannot change locale (C.UTF-8)
/bin/bash: warning: setlocale: LC_ALL: cannot change locale (C.UTF-8)

Stack trace: ExitCodeException exitCode=1: bash: warning: setlocale: LC_ALL: cannot change locale (C.UTF-8)
/bin/bash: warning: setlocale: LC_ALL: cannot change locale (C.UTF-8)
/bin/bash: warning: setlocale: LC_ALL: cannot change locale (C.UTF-8)
/mnt/yarn/usercache/hadoop/appcache/application_1523740467851_0002/container_1523740467851_0002_01_000003/launch_container.sh: line 17: warning: setlocale: LC_ALL: cannot change locale (C.UTF-8)
/mnt/yarn/usercache/hadoop/appcache/application_1523740467851_0002/container_1523740467851_0002_01_000003/launch_container.sh: line 17: warning: setlocale: LC_ALL: cannot change locale (C.UTF-8)
/bin/bash: warning: setlocale: LC_ALL: cannot change locale (C.UTF-8)

	at org.apache.hadoop.util.Shell.runCommand(Shell.java:582)
	at org.apache.hadoop.util.Shell.run(Shell.java:479)
	at org.apache.hadoop.util.Shell$ShellCommandExecutor.execute(Shell.java:773)
	at org.apache.hadoop.yarn.server.nodemanager.DefaultContainerExecutor.launchContainer(DefaultContainerExecutor.java:212)
	at org.apache.hadoop.yarn.server.nodemanager.containermanager.launcher.ContainerLaunch.call(ContainerLaunch.java:302)
	at org.apache.hadoop.yarn.server.nodemanager.containermanager.launcher.ContainerLaunch.call(ContainerLaunch.java:82)
	at java.util.concurrent.FutureTask.run(FutureTask.java:266)
	at java.util.concurrent.ThreadPoolExecutor.runWorker(ThreadPoolExecutor.java:1149)
	at java.util.concurrent.ThreadPoolExecutor$Worker.run(ThreadPoolExecutor.java:624)
	at java.lang.Thread.run(Thread.java:748)


Container exited with a non-zero exit code 1
, ExitStatus: 1, ].getContainerId
```

Just for reference, what I'm running is a tiny test application that reads some parquet and prints out a few rows. Full code:

```
import dask.dataframe as dd
from dask.distributed import Client
from dask_yarn import DaskYARNCluster


if __name__ == '__main__':
    cluster = DaskYARNCluster(env='/home/hadoop/reqs/dvss.zip')
    cluster.start(n_workers=3, memory=500, cpus=5, checks=True)
    client = Client(address=cluster)
    print('-' * 20)
    print(cluster.knit.conf)
    read_path = 's3://parsely-public/jbennet/daskvsspark/events/100-24/*/*/*/*/*/*.parquet'
    df = dd.read_parquet(read_path)
    print('-' * 20)
    print(df.head(3))
```"
https://api.github.com/repos/dask/knit/issues/122,https://api.github.com/repos/dask/knit,https://api.github.com/repos/dask/knit/issues/122/labels{/name},https://api.github.com/repos/dask/knit/issues/122/comments,https://api.github.com/repos/dask/knit/issues/122/events,https://github.com/dask/knit/issues/122,312001252,MDU6SXNzdWUzMTIwMDEyNTI=,122,No stdout,wrb2,,closed,True,,,,4,2018-04-06T14:39:14Z,2018-07-03T18:34:07Z,2018-07-03T18:34:07Z,NONE,"Hi everyone,

I'm trying to run something using knit, like this:

```import knit
k = knit.Knit(autodetect=True, hdfs_home='/tmp/knit')
k.start('find .')
k.print_logs()
```

but I never get any output. The stdout log file is empty, as if the command didn't run anything.

Experimenting with ```touch``` I confirmed that the command gets ran on the datanode, but the output is lost.

Is this something to be expected? Or where should I look to be able to debug this?

Thank you"
https://api.github.com/repos/dask/knit/issues/121,https://api.github.com/repos/dask/knit,https://api.github.com/repos/dask/knit/issues/121/labels{/name},https://api.github.com/repos/dask/knit/issues/121/comments,https://api.github.com/repos/dask/knit/issues/121/events,https://github.com/dask/knit/issues/121,299520849,MDU6SXNzdWUyOTk1MjA4NDk=,121,Support for constructing and env from an environment.yml ,superbobry,,closed,True,,,,4,2018-02-22T21:49:10Z,2018-07-03T18:35:43Z,2018-07-03T18:35:43Z,NONE,"Do you think it could be useful to allow providing a single YAML file listing all dependencies instead of expecting them in `packages=[...]`? The same goes for channels, actually."
https://api.github.com/repos/dask/knit/issues/120,https://api.github.com/repos/dask/knit,https://api.github.com/repos/dask/knit/issues/120/labels{/name},https://api.github.com/repos/dask/knit/issues/120/comments,https://api.github.com/repos/dask/knit/issues/120/events,https://github.com/dask/knit/issues/120,296913719,MDU6SXNzdWUyOTY5MTM3MTk=,120,Pre-installed Python Option,quasiben,enhancement,closed,True,,,,2,2018-02-13T22:46:30Z,2018-07-03T18:55:05Z,2018-07-03T18:55:04Z,MEMBER,"Currently, dask-yarn only works with envs shipped to or cached in HDFS.  Occasionally, all the requisite packages and dependencies are in place on the cluster.  If I am fortunate to work on a pre-configured cluster for dask-yarn I should be allowed to refer to the pre-configured Python binary and use any HDFS based environments. 

My proposal would is to add another option: `cluster_python_prefix` or `pythonprefix` or another name, to the `DaskYARNCluster` constructor and pass that string to the knit command:

```python
pref = self.pythonprefix
if self.env:
    bn = os.path.basename(self.env)
    pathsep = '/'  # assume execution is always on posix
    pref = pathsep.join([bn, os.path.splitext(bn)[0]])  # like myenv.zip/myenv
command = ('{pref}/bin/python {pref}/bin/dask-worker....')
```
"
https://api.github.com/repos/dask/knit/issues/119,https://api.github.com/repos/dask/knit,https://api.github.com/repos/dask/knit/issues/119/labels{/name},https://api.github.com/repos/dask/knit/issues/119/comments,https://api.github.com/repos/dask/knit/issues/119/events,https://github.com/dask/knit/issues/119,296042844,MDU6SXNzdWUyOTYwNDI4NDQ=,119,Container naming assumptions in ``yarn_api`` seem incorrect,superbobry,,closed,True,,,,3,2018-02-09T23:23:08Z,2018-07-03T18:46:28Z,2018-07-03T18:46:28Z,NONE,"According to [`ContainerId`](https://hadoop.apache.org/docs/current/api/org/apache/hadoop/yarn/api/records/ContainerId.html#toString--) API docs, its string representation is constructed according to the following format:

> [...] `container_e*epoch*_*clusterTimestamp*_*appId*_*attemptId*_*containerId*` when epoch is larger than 0 (e.g. container_e17_1410901177871_0001_01_000005). *epoch* is increased when RM restarts or fails over. When epoch is 0, epoch is omitted (e.g. container_1410901177871_0001_01_000005).

https://github.com/dask/knit/blob/24a5e33ab5d6b4235cadf79f7e4244eb9935e9b4/knit/yarn_api.py#L130

It seems that the current version of the code ignores the fact that epoch can be non-zero and therefore could return an empty list of containers, even though there're running containers for a given application."
https://api.github.com/repos/dask/knit/issues/118,https://api.github.com/repos/dask/knit,https://api.github.com/repos/dask/knit/issues/118/labels{/name},https://api.github.com/repos/dask/knit/issues/118/comments,https://api.github.com/repos/dask/knit/issues/118/events,https://github.com/dask/knit/issues/118,296033957,MDU6SXNzdWUyOTYwMzM5NTc=,118,Redundant hdfs:// prefix for files uploaded by ``Knit.start``,superbobry,,closed,True,,,,8,2018-02-09T22:37:20Z,2018-07-03T18:49:52Z,2018-07-03T18:49:52Z,NONE,"https://github.com/dask/knit/blob/24a5e33ab5d6b4235cadf79f7e4244eb9935e9b4/knit/core.py#L353

This fragment looks like a bug to me. `hdfs_home` is supposed to already carry the `hdfs://` prefix, therefore here it would be added two times. "
https://api.github.com/repos/dask/knit/issues/116,https://api.github.com/repos/dask/knit,https://api.github.com/repos/dask/knit/issues/116/labels{/name},https://api.github.com/repos/dask/knit/issues/116/comments,https://api.github.com/repos/dask/knit/issues/116/events,https://github.com/dask/knit/issues/116,293896798,MDU6SXNzdWUyOTM4OTY3OTg=,116,CondaCreator on a different platform,superbobry,,closed,True,,,,4,2018-02-02T13:58:24Z,2018-07-03T18:21:10Z,2018-07-03T18:21:10Z,NONE,"This might as well be a conda-specific question, but I'll give it a try anyway. Is there a way to use `CondaCreator` to assemble an environment for a platform other than the host? e.g. build a linux-64 environment on osx-64."
https://api.github.com/repos/dask/knit/issues/112,https://api.github.com/repos/dask/knit,https://api.github.com/repos/dask/knit/issues/112/labels{/name},https://api.github.com/repos/dask/knit/issues/112/comments,https://api.github.com/repos/dask/knit/issues/112/events,https://github.com/dask/knit/issues/112,270511069,MDU6SXNzdWUyNzA1MTEwNjk=,112,ApplicationMaster out of memory?,gorlins,,closed,True,,,,8,2017-11-02T02:18:42Z,2018-07-03T18:26:16Z,2018-07-03T18:24:43Z,NONE,"I can't seem to start a cluster on elastic mapreduce from the head node - I think the ApplicationMaster is consuming too much vmem and being killed before the cluster can start.

Example:
    
    In [2]: knit.__version__
    Out[2]: '0.2.3'
    In [3]: cluster = DaskYARNCluster(packages=['python=3', 'numpy', 'pandas', 'dask', 'distributed'])
    In [4]: cluster.start()

Code thinks everything is working, but app logs suggest otherwise:

```
Application application_1509543030224_0006 failed 2 times due to AM Container for appattempt_1509543030224_0006_000002 exited with exitCode: -103
For more detailed output, check application tracking page:http://localhost:8088/cluster/app/application_1509543030224_0006Then, click on links to logs of each attempt.
Diagnostics: Container [pid=11934,containerID=container_1509543030224_0006_02_000001] is running beyond virtual memory limits. Current usage: 178.7 MB of 320 MB physical memory used; 2.0 GB of 1.6 GB virtual memory used. Killing container.
Dump of the process-tree for container_1509543030224_0006_02_000001 :
|- PID PPID PGRPID SESSID CMD_NAME USER_MODE_TIME(MILLIS) SYSTEM_TIME(MILLIS) VMEM_USAGE(BYTES) RSSMEM_USAGE(PAGES) FULL_CMD_LINE
|- 11934 11933 11934 11934 (bash) 0 0 115822592 678 /bin/bash -c /usr/lib/jvm/java-openjdk/bin/java -Xmx256M io.continuum.knit.ApplicationMaster 1>/var/log/hadoop-yarn/containers/application_1509543030224_0006/container_1509543030224_0006_02_000001/stdout 2>/var/log/hadoop-yarn/containers/application_1509543030224_0006/container_1509543030224_0006_02_000001/stderr
|- 11938 11934 11934 11934 (java) 464 26 2083704832 45057 /usr/lib/jvm/java-openjdk/bin/java -Xmx256M io.continuum.knit.ApplicationMaster
Container killed on request. Exit code is 143
Container exited with a non-zero exit code 143
Failing this attempt. Failing the application.
```

I think the relevant default params for EMR are here:
```
<property>
<name>yarn.scheduler.minimum-allocation-mb</name>
<value>32</value>
<source>java.io.BufferedInputStream@79e2c065</source>
</property>
<property>
<name>yarn.nodemanager.vmem-check-enabled</name>
<value>true</value>
<source>yarn-default.xml</source>
</property>
<property>
<name>yarn.nodemanager.vmem-pmem-ratio</name>
<value>5</value>
<source>java.io.BufferedInputStream@79e2c065</source>
</property>
```

And in Client.scala, the request for 300 mb memory producing - I assume - the 300 * 5 ~= 1.6gb vmem limit before killing the container.

I'm not sure if it's just python libs using up so much vmem, or something else...? I would suspect this isn't usually an issue since the default for `yarn.scheduler.minimum-allocation-mb` is 1024 and the request for 300mb is ignored, but in EMR this is lower for hbase I guess.

Thoughts?"
https://api.github.com/repos/dask/knit/issues/111,https://api.github.com/repos/dask/knit,https://api.github.com/repos/dask/knit/issues/111/labels{/name},https://api.github.com/repos/dask/knit/issues/111/comments,https://api.github.com/repos/dask/knit/issues/111/events,https://github.com/dask/knit/issues/111,269682256,MDU6SXNzdWUyNjk2ODIyNTY=,111,Knit applications fail if files are uploaded in new release.,jcrist,,closed,True,,,,4,2017-10-30T17:16:02Z,2017-11-17T15:25:13Z,2017-11-16T17:14:06Z,MEMBER,"Using knit at commit 6c2550cd89d55e9f83233db1f53684e33366478f, the following succeeds:

```
knit = Knit(hdfs_home='/tmp/knit')
knit.start('env', env='myenv.zip')
```

Using the new knit 0.2.3 release, the following (should be equivalent) starts the application, but the application fails.

```
knit = Knit(hdfs_home='/tmp/knit')
knit.start('env', files=['myenv.zip'])
```

Note that this succeeds if I omit the `files` kwarg. Also note that the files are uploaded to the proper location on hdfs, and the log lines reference the proper hdfs locations.

For debugging the logs seem to be unhelpful here, I'm not sure if this is just how yarn is or if there is something knit could do to be better for debugging. There are no java tracebacks, the application just fails.

The few lines I found that may help with debugging:

- `directory.info` ends without ever listing the uploaded files. Note that in both the working version and this version the `broken symlinks` line exists.

```
ls -l:
total 20
-rw-------. 1 yarn hadoop  166 Oct 30 12:13 container_tokens
-rwx------. 1 yarn hadoop  704 Oct 30 12:13 default_container_executor_session.sh
-rwx------. 1 yarn hadoop  758 Oct 30 12:13 default_container_executor.sh
lrwxrwxrwx. 1 yarn hadoop   66 Oct 30 12:13 knit.jar -> /hdfs/disk03/hadoop/yarn/local/filecache/166/knit-1.0-SNAPSHOT.jar
-rwx------. 1 yarn hadoop 4901 Oct 30 12:13 launch_container.sh
drwx--x---. 2 yarn hadoop   10 Oct 30 12:13 tmp
find -L . -maxdepth 5 -ls:
8597569075    4 drwx--x---   3 yarn     hadoop       4096 Oct 30 12:13 .
14182360386    0 drwx--x---   2 yarn     hadoop         10 Oct 30 12:13 ./tmp
8597569076    4 -rw-------   1 yarn     hadoop        166 Oct 30 12:13 ./container_tokens
8597569077    4 -rw-------   1 yarn     hadoop         12 Oct 30 12:13 ./.container_tokens.crc
8599231880    8 -rwx------   1 yarn     hadoop       4901 Oct 30 12:13 ./launch_container.sh
8599231881    4 -rw-------   1 yarn     hadoop         48 Oct 30 12:13 ./.launch_container.sh.crc
8599231882    4 -rwx------   1 yarn     hadoop        704 Oct 30 12:13 ./default_container_executor_session.sh
8599231883    4 -rw-------   1 yarn     hadoop         16 Oct 30 12:13 ./.default_container_executor_session.sh.crc
8599231888    4 -rwx------   1 yarn     hadoop        758 Oct 30 12:13 ./default_container_executor.sh
8599231889    4 -rw-------   1 yarn     hadoop         16 Oct 30 12:13 ./.default_container_executor.sh.crc
12884939857 25320 -r-xr-xr-x   1 yarn     hadoop   25925992 Oct 30 12:13 ./knit.jar
broken symlinks(find -L . -maxdepth 5 -type l -ls):

End of LogType:directory.info
```

- The `Container completed ContainerStatus: [...]` line indicates exit code -1000. Googling this code doesn't turn up any results, so I'm not sure what it means.

I'm not sure what else I can do to help debug here. For now I'm relying on a custom build of an older commit.
"
https://api.github.com/repos/dask/knit/issues/109,https://api.github.com/repos/dask/knit,https://api.github.com/repos/dask/knit/issues/109/labels{/name},https://api.github.com/repos/dask/knit/issues/109/comments,https://api.github.com/repos/dask/knit/issues/109/events,https://github.com/dask/knit/issues/109,268560008,MDU6SXNzdWUyNjg1NjAwMDg=,109,No upload option for env,quartox,,closed,True,,,,1,2017-10-25T21:45:19Z,2017-10-26T16:07:49Z,2017-10-26T16:07:49Z,CONTRIBUTOR,"I have been mulling over writing a PR to allow users to set environment variables (`CONDA_PREFIX` and `PYTHON_BIN`) and not upload the environment at all. This seems like it wouldn't be too difficult based on what I have already observed with knit, but I wanted to see if this is possible and discuss API choices if it is."
https://api.github.com/repos/dask/knit/issues/107,https://api.github.com/repos/dask/knit,https://api.github.com/repos/dask/knit/issues/107/labels{/name},https://api.github.com/repos/dask/knit/issues/107/comments,https://api.github.com/repos/dask/knit/issues/107/events,https://github.com/dask/knit/issues/107,268525076,MDU6SXNzdWUyNjg1MjUwNzY=,107,More robust testing,jcrist,,closed,True,,,,1,2017-10-25T19:45:58Z,2018-07-03T18:18:38Z,2018-07-03T18:18:38Z,MEMBER,"Several issues appeared after the merging of #101. It might be good to think about how to improve test coverage for this library. A few notes:

- Looking at the travis logs, sometimes errors appear but the test still passes (perhaps unintentionally): https://travis-ci.org/dask/knit/jobs/291657224.
- There are several possible code-paths that don't currently have tests (e.g. file names prefixed with `hdfs://`). It might be good to enumerate the possible cases and try to cover all/most of them.
- `test_hdfs_home` is always skipped as hdfs3 isn't installed on travis. Is this intentional?

Also might be good to document how a novice developer (myself :)) might get a test environment setup locally."
https://api.github.com/repos/dask/knit/issues/106,https://api.github.com/repos/dask/knit,https://api.github.com/repos/dask/knit/issues/106/labels{/name},https://api.github.com/repos/dask/knit/issues/106/comments,https://api.github.com/repos/dask/knit/issues/106/events,https://github.com/dask/knit/issues/106,268520184,MDU6SXNzdWUyNjg1MjAxODQ=,106,"With an hdfs instance, addresses already on hdfs cause python exception before start",jcrist,,closed,True,,,,0,2017-10-25T19:29:18Z,2017-10-29T19:15:59Z,2017-10-29T19:15:59Z,MEMBER,"Looks like `check_needs_upload` doesn't properly handle `hdfs://` paths.

```python
import hdfs3, knit
hdfs = hdfs3.HDFileSystem()
knit = knit.Knit(hdfs=hdfs, hdfs_home='/tmp/knit')
knit.start('ls', files=['hdfs://tmp/knit/.knitDeps/py36.zip'], checks=False)
---------------------------------------------------------------------------
FileNotFoundError                         Traceback (most recent call last)
<ipython-input-4-93a64cfab03e> in <module>()
----> 1 k.start('ls', files=['hdfs://tmp/knit/.knitDeps/py36.zip'], checks=False)
/.../.conda/py36/lib/python3.6/site-packages/knit/core.py in start(self, cmd, num_containers, virtual_cores, memory, files, envvars, app_name, queue, checks)
    318         self.client_gateway = gateway
    319         files = [(f if self.check_needs_upload(f) else ('hdfs://' + f))
--> 320                  for f in files]
    321         jfiles = ListConverter().convert(files, gateway._gateway_client)
    322         jenv = MapConverter().convert(envvars, gateway._gateway_client)
/.../.conda/py36/lib/python3.6/site-packages/knit/core.py in <listcomp>(.0)
    318         self.client_gateway = gateway
    319         files = [(f if self.check_needs_upload(f) else ('hdfs://' + f))
--> 320                  for f in files]
    321         jfiles = ListConverter().convert(files, gateway._gateway_client)
    322         jenv = MapConverter().convert(envvars, gateway._gateway_client)
/.../.conda/py36/lib/python3.6/site-packages/knit/core.py in check_needs_upload(self, path)
    588         fn = (self.hdfs_home + '/.knitDeps/' + os.path.basename(path))
    589         if self.hdfs and self.hdfs.exists(fn):
--> 590             st = os.stat(path)
    591             size = st.st_size
    592             t = st.st_mtime
FileNotFoundError: [Errno 2] No such file or directory: 'hdfs://tmp/knit/.knitDeps/py36.zip'
```"
https://api.github.com/repos/dask/knit/issues/105,https://api.github.com/repos/dask/knit,https://api.github.com/repos/dask/knit/issues/105/labels{/name},https://api.github.com/repos/dask/knit/issues/105/comments,https://api.github.com/repos/dask/knit/issues/105/events,https://github.com/dask/knit/issues/105,268516761,MDU6SXNzdWUyNjg1MTY3NjE=,105,hdfs_home no longer respected,jcrist,,closed,True,,,,0,2017-10-25T19:18:24Z,2017-10-29T19:15:59Z,2017-10-29T19:15:59Z,MEMBER,"#101 broke support for alternate `hdfs_home` locations. When starting an application with alternative `hdfs_home`, the file is uploaded to the correct location, but the download address is incorrect.

```python
knit = knit.Knit(hdfs_home='/tmp/knit')
knit.start('ls', files=['hdfs://path/to/my/file.zip'])
# Container starts, but fails to download file
```

In the logs I see java exceptions like:

```
java.io.FileNotFoundException: File does not exist: hdfs://HOSTNAME:8020/user/yarn/.knitDeps/file.zip
```

Note that while `HOSTNAME` is a stand-in for the actual address, the rest of it is the actual error. It looks like the code is pulling the basename the passed in path off the address, and using the relative path `.knitDeps/basename` for all files.

Almost certainly related to #104."
https://api.github.com/repos/dask/knit/issues/104,https://api.github.com/repos/dask/knit,https://api.github.com/repos/dask/knit/issues/104/labels{/name},https://api.github.com/repos/dask/knit/issues/104/comments,https://api.github.com/repos/dask/knit/issues/104/events,https://github.com/dask/knit/issues/104,268513511,MDU6SXNzdWUyNjg1MTM1MTE=,104,File paths already on hdfs fail to download,jcrist,,closed,True,,,,0,2017-10-25T19:07:17Z,2017-10-29T19:15:59Z,2017-10-29T19:15:59Z,MEMBER,"In #101 support for passing in files already on hdfs was added. This doesn't seem to work.

```python
knit = knit.Knit()
knit.start('ls', files=['hdfs://path/to/my/file.zip'])
# Container starts, but fails to download file
```

In the logs I see java tracebacks like:

```
java.io.FileNotFoundException: File does not exist: hdfs://HOSTNAME:8020/user/yarn/.knitDeps/file.zip
```

Note that while `HOSTNAME` is a stand-in for the actual address, the rest of it is the actual error. It looks like the code is pulling the basename the passed in path off the address, and using the relative path `.knitDeps/basename` for all files."
https://api.github.com/repos/dask/knit/issues/100,https://api.github.com/repos/dask/knit,https://api.github.com/repos/dask/knit/issues/100/labels{/name},https://api.github.com/repos/dask/knit/issues/100/comments,https://api.github.com/repos/dask/knit/issues/100/events,https://github.com/dask/knit/issues/100,265901369,MDU6SXNzdWUyNjU5MDEzNjk=,100,Specify conda environment via hdfs path,jcrist,,closed,True,,,,13,2017-10-16T20:15:50Z,2017-10-23T19:51:23Z,2017-10-23T19:51:23Z,MEMBER,"Currently if you specify an environment it must exist locally as a `.zip` file, and is always stored in hdfs by knit in a `.knitDeps` repo. If a file of the same name/path already exists on hdfs, has the same size, and the timestamp is after the local file, then uploading of the environment is skipped.

This is problematic for us for a few reasons:
- Managing local zipped conda environments is a delicate process
- We'd like to store them in our own central location, with permissions managed across a few users
- We'd like the code not to need a local build of the environment.
- We'd like to manage environments separate from managing deployments. These are related concepts, but tying them together in that way is limiting.

As such, it would be nice if `env` could also be specied as an hdfs path. This could be detected by looking for a `'hdfs://'` prefix on the specified path."
https://api.github.com/repos/dask/knit/issues/97,https://api.github.com/repos/dask/knit,https://api.github.com/repos/dask/knit/issues/97/labels{/name},https://api.github.com/repos/dask/knit/issues/97/comments,https://api.github.com/repos/dask/knit/issues/97/events,https://github.com/dask/knit/issues/97,264354995,MDU6SXNzdWUyNjQzNTQ5OTU=,97,troubleshooting,martindurant,,closed,True,,,,0,2017-10-10T19:53:55Z,2017-10-12T19:53:57Z,2017-10-12T19:53:57Z,MEMBER,"Establish a page in the docs giving pointers

Sources of information:
- console feedback
- view the application/container logs
- view the system info
- view the RM/NM logs, if possible

Specific issues
- don't make a .zip of the conda root
- newer java version if .zip > 2GB
- same version/channels on client and workers
- REST access to YARN
- IP of scheduler
- console language of workers for click
- system constraints (e.g., disc < 90% full)
- be sure to build .jar if running from source
- investigate the configuration
- install and use hdfs3

@quasiben @jcrist @quartox @mrocklin - please add to this list!"
https://api.github.com/repos/dask/knit/issues/95,https://api.github.com/repos/dask/knit,https://api.github.com/repos/dask/knit/issues/95/labels{/name},https://api.github.com/repos/dask/knit/issues/95/comments,https://api.github.com/repos/dask/knit/issues/95/events,https://github.com/dask/knit/issues/95,264276044,MDU6SXNzdWUyNjQyNzYwNDQ=,95,JVM fails to report back for custom env,quartox,,closed,True,,,,3,2017-10-10T15:36:16Z,2017-10-13T16:49:00Z,2017-10-13T16:49:00Z,CONTRIBUTOR,"I pass an `env` with the path to my current environment to `DaskYarnCluster` and I can see the zip file being built and uploaded but then I get an error (below) saying that the JVM fails to report back. Passing the channel conda-forge starts up the environment correctly, but fails to load a parquet file from hdfs because it lacks `hdfs3`.

My environment should be a superset of the other environment with the same versions of dask and distributed both from the conda-forge channel.

```
Exception                                 Traceback (most recent call last)
<ipython-input-12-267836867704> in <module>()
     13                                 'rm_port': resource_manager_port})
     14 client = Client(cluster)
---> 15 cluster.start(2, cpus=1, memory=500)
     16 
     17 #future = client.submit(lambda x: x + 1, 10)

/nas/isg_prodops_work/jlord/conda/envs/dask/lib/python3.6/site-packages/knit-0.2.2-py3.6.egg/knit/dask_yarn.py in start(self, n_workers, cpus, memory, checks, **kwargs)
    127         app_id = self.knit.start(command, env=self.env,
    128                                  num_containers=n_workers, virtual_cores=cpus,
--> 129                                  memory=memory, checks=checks, **kwargs)
    130         self.app_id = app_id
    131         return app_id

/nas/isg_prodops_work/jlord/conda/envs/dask/lib/python3.6/site-packages/knit-0.2.2-py3.6.egg/knit/core.py in start(self, cmd, num_containers, virtual_cores, memory, env, files, app_name, queue, checks)
    294  - that the cluster is otherwise unhealthy - check the RM and NN logs
    295    (use k.yarn_api.system_logs() to find these on a one-node system
--> 296 """""")
    297         master_rpchost = self.client.masterRPCHost()
    298 

Exception: The application master JVM process failed to report back. This can mean:
 - that the YARN cluster cannot scheduler adequate resources - check
   k.yarn_api.cluster_metrics() and other diagnostic methods;
 - that the ApplicationMaster crashed - check the application logs, k.logs();
 - that the cluster is otherwise unhealthy - check the RM and NN logs 
   (use k.yarn_api.system_logs() to find these on a one-node system
```"
https://api.github.com/repos/dask/knit/issues/92,https://api.github.com/repos/dask/knit,https://api.github.com/repos/dask/knit/issues/92/labels{/name},https://api.github.com/repos/dask/knit/issues/92/comments,https://api.github.com/repos/dask/knit/issues/92/events,https://github.com/dask/knit/issues/92,263507194,MDU6SXNzdWUyNjM1MDcxOTQ=,92,Worker restarted until killed,quartox,,closed,True,,,,17,2017-10-06T16:46:40Z,2017-10-06T17:43:03Z,2017-10-06T17:32:36Z,CONTRIBUTOR,"I believe the key error is here and it appears that everything is fine even though the `distributed/worker.py` module thinks the response is unexpected.

```
""/hadoop02/yarn/nm/usercache/jlord/appcache/application_1506861552726_19299/container_e110_1506861552726_19299_01_000002/PYTHON_DIR/dask-35d2a1ee201208ae9fca6905fa88ea9e54557b58/lib/python3.6/site-packages/distributed/worker.py"", line 248, in _register_with_scheduler
    raise ValueError(""Unexpected response from register: %r"" % (resp,))
ValueError: Unexpected response from register: {'status': 'OK', 'time': 1507305239.205065}
distributed.nanny - WARNING - Restarting worker
```

Below is more of the container log. It continues restarting until it is killed. The final error when it is killed is at the bottom.

```
Container: container_e110_1506861552726_19299_01_000002 on hostname.allstate.com_8041
======================================================================================
LogType:stderr
Log Upload Time:Fri Oct 06 10:54:03 -0500 2017
LogLength:22808
Log Contents:
/hadoop02/yarn/nm/usercache/jlord/appcache/application_1506861552726_19299/container_e110_1506861552726_19299_01_000002/PYTHON_DIR/dask-35d2a1ee201208ae9fca6905fa88ea9e54557b58/lib/python3.6/site-packages/distributed/config.py:55: UserWarning: Could not write default config file to '/home/.dask/config.yaml'. Received error [Errno 13] Permission denied: '/home/.dask'
  UserWarning)
distributed.nanny - INFO -         Start Nanny at: 'tcp://10.195.102.32:45126'
/hadoop02/yarn/nm/usercache/jlord/appcache/application_1506861552726_19299/container_e110_1506861552726_19299_01_000002/PYTHON_DIR/dask-35d2a1ee201208ae9fca6905fa88ea9e54557b58/lib/python3.6/site-packages/distributed/config.py:55: UserWarning: Could not write default config file to '/home/.dask/config.yaml'. Received error [Errno 13] Permission denied: '/home/.dask'
  UserWarning)
distributed.worker - INFO -       Start worker at:  tcp://10.195.102.32:37045
distributed.worker - INFO -          Listening to:  tcp://10.195.102.32:37045
distributed.worker - INFO -              nanny at:        10.195.102.32:45126
distributed.worker - INFO -               http at:        10.195.102.32:32817
distributed.worker - INFO -              bokeh at:         10.195.102.32:8789
distributed.worker - INFO - Waiting to connect to: tcp://10.195.208.190:40025
distributed.worker - INFO - -------------------------------------------------
distributed.worker - INFO -               Threads:                          1
distributed.worker - INFO -                Memory:                    0.50 GB
distributed.worker - INFO -       Local Directory:            worker-nfomhqoz
distributed.worker - INFO - -------------------------------------------------
distributed.nanny - ERROR - Failed to start worker
Traceback (most recent call last):
  File ""/hadoop02/yarn/nm/usercache/jlord/appcache/application_1506861552726_19299/container_e110_1506861552726_19299_01_000002/PYTHON_DIR/dask-35d2a1ee201208ae9fca6905fa88ea9e54557b58/lib/python3.6/site-packages/distributed/nanny.py"", line 467, in run
    yield worker._start(*worker_start_args)
  File ""/hadoop02/yarn/nm/usercache/jlord/appcache/application_1506861552726_19299/container_e110_1506861552726_19299_01_000002/PYTHON_DIR/dask-35d2a1ee201208ae9fca6905fa88ea9e54557b58/lib/python3.6/site-packages/tornado/gen.py"", line 1055, in run
    value = future.result()
  File ""/hadoop02/yarn/nm/usercache/jlord/appcache/application_1506861552726_19299/container_e110_1506861552726_19299_01_000002/PYTHON_DIR/dask-35d2a1ee201208ae9fca6905fa88ea9e54557b58/lib/python3.6/site-packages/tornado/concurrent.py"", line 238, in result
    raise_exc_info(self._exc_info)
  File ""<string>"", line 4, in raise_exc_info
  File ""/hadoop02/yarn/nm/usercache/jlord/appcache/application_1506861552726_19299/container_e110_1506861552726_19299_01_000002/PYTHON_DIR/dask-35d2a1ee201208ae9fca6905fa88ea9e54557b58/lib/python3.6/site-packages/tornado/gen.py"", line 1063, in run
    yielded = self.gen.throw(*exc_info)
  File ""/hadoop02/yarn/nm/usercache/jlord/appcache/application_1506861552726_19299/container_e110_1506861552726_19299_01_000002/PYTHON_DIR/dask-35d2a1ee201208ae9fca6905fa88ea9e54557b58/lib/python3.6/site-packages/distributed/worker.py"", line 319, in _start
    yield self._register_with_scheduler()
  File ""/hadoop02/yarn/nm/usercache/jlord/appcache/application_1506861552726_19299/container_e110_1506861552726_19299_01_000002/PYTHON_DIR/dask-35d2a1ee201208ae9fca6905fa88ea9e54557b58/lib/python3.6/site-packages/tornado/gen.py"", line 1055, in run
    value = future.result()
  File ""/hadoop02/yarn/nm/usercache/jlord/appcache/application_1506861552726_19299/container_e110_1506861552726_19299_01_000002/PYTHON_DIR/dask-35d2a1ee201208ae9fca6905fa88ea9e54557b58/lib/python3.6/site-packages/tornado/concurrent.py"", line 238, in result
    raise_exc_info(self._exc_info)
  File ""<string>"", line 4, in raise_exc_info
  File ""/hadoop02/yarn/nm/usercache/jlord/appcache/application_1506861552726_19299/container_e110_1506861552726_19299_01_000002/PYTHON_DIR/dask-35d2a1ee201208ae9fca6905fa88ea9e54557b58/lib/python3.6/site-packages/tornado/gen.py"", line 1069, in run
    yielded = self.gen.send(value)
  File ""/hadoop02/yarn/nm/usercache/jlord/appcache/application_1506861552726_19299/container_e110_1506861552726_19299_01_000002/PYTHON_DIR/dask-35d2a1ee201208ae9fca6905fa88ea9e54557b58/lib/python3.6/site-packages/distributed/worker.py"", line 248, in _register_with_scheduler
    raise ValueError(""Unexpected response from register: %r"" % (resp,))
ValueError: Unexpected response from register: {'status': 'OK', 'time': 1507305239.205065}
distributed.nanny - WARNING - Restarting worker
```

Final error:

```
 tornado.application - ERROR - Exception in callback functools.partial(<function wrap.<locals>.null_wrapper at 0x7f96cdcfb510>, <tornado.concurrent.Future object at 0x7f96ce9c5978>)
Traceback (most recent call last):
  File ""/hadoop02/yarn/nm/usercache/jlord/appcache/application_1506861552726_19299/container_e110_1506861552726_19299_01_000002/PYTHON_DIR/dask-35d2a1ee201208ae9fca6905fa88ea9e54557b58/lib/python3.6/site-packages/tornado/ioloop.py"", line 605, in _run_callback
    ret = callback()
  File ""/hadoop02/yarn/nm/usercache/jlord/appcache/application_1506861552726_19299/container_e110_1506861552726_19299_01_000002/PYTHON_DIR/dask-35d2a1ee201208ae9fca6905fa88ea9e54557b58/lib/python3.6/site-packages/tornado/stack_context.py"", line 277, in null_wrapper
    return fn(*args, **kwargs)
  File ""/hadoop02/yarn/nm/usercache/jlord/appcache/application_1506861552726_19299/container_e110_1506861552726_19299_01_000002/PYTHON_DIR/dask-35d2a1ee201208ae9fca6905fa88ea9e54557b58/lib/python3.6/site-packages/tornado/ioloop.py"", line 626, in _discard_future_result
    future.result()
  File ""/hadoop02/yarn/nm/usercache/jlord/appcache/application_1506861552726_19299/container_e110_1506861552726_19299_01_000002/PYTHON_DIR/dask-35d2a1ee201208ae9fca6905fa88ea9e54557b58/lib/python3.6/site-packages/tornado/concurrent.py"", line 238, in result
    raise_exc_info(self._exc_info)
  File ""<string>"", line 4, in raise_exc_info
  File ""/hadoop02/yarn/nm/usercache/jlord/appcache/application_1506861552726_19299/container_e110_1506861552726_19299_01_000002/PYTHON_DIR/dask-35d2a1ee201208ae9fca6905fa88ea9e54557b58/lib/python3.6/site-packages/tornado/gen.py"", line 1063, in run
    yielded = self.gen.throw(*exc_info)
  File ""/hadoop02/yarn/nm/usercache/jlord/appcache/application_1506861552726_19299/container_e110_1506861552726_19299_01_000002/PYTHON_DIR/dask-35d2a1ee201208ae9fca6905fa88ea9e54557b58/lib/python3.6/site-packages/distributed/nanny.py"", line 138, in _start
    response = yield self.instantiate()
  File ""/hadoop02/yarn/nm/usercache/jlord/appcache/application_1506861552726_19299/container_e110_1506861552726_19299_01_000002/PYTHON_DIR/dask-35d2a1ee201208ae9fca6905fa88ea9e54557b58/lib/python3.6/site-packages/tornado/gen.py"", line 1055, in run
    value = future.result()
  File ""/hadoop02/yarn/nm/usercache/jlord/appcache/application_1506861552726_19299/container_e110_1506861552726_19299_01_000002/PYTHON_DIR/dask-35d2a1ee201208ae9fca6905fa88ea9e54557b58/lib/python3.6/site-packages/tornado/concurrent.py"", line 238, in result
    raise_exc_info(self._exc_info)
  File ""<string>"", line 4, in raise_exc_info
  File ""/hadoop02/yarn/nm/usercache/jlord/appcache/application_1506861552726_19299/container_e110_1506861552726_19299_01_000002/PYTHON_DIR/dask-35d2a1ee201208ae9fca6905fa88ea9e54557b58/lib/python3.6/site-packages/tornado/gen.py"", line 1063, in run
    yielded = self.gen.throw(*exc_info)
  File ""/hadoop02/yarn/nm/usercache/jlord/appcache/application_1506861552726_19299/container_e110_1506861552726_19299_01_000002/PYTHON_DIR/dask-35d2a1ee201208ae9fca6905fa88ea9e54557b58/lib/python3.6/site-packages/distributed/nanny.py"", line 205, in instantiate
    yield self.process.start()
  File ""/hadoop02/yarn/nm/usercache/jlord/appcache/application_1506861552726_19299/container_e110_1506861552726_19299_01_000002/PYTHON_DIR/dask-35d2a1ee201208ae9fca6905fa88ea9e54557b58/lib/python3.6/site-packages/tornado/gen.py"", line 1055, in run
    value = future.result()
  File ""/hadoop02/yarn/nm/usercache/jlord/appcache/application_1506861552726_19299/container_e110_1506861552726_19299_01_000002/PYTHON_DIR/dask-35d2a1ee201208ae9fca6905fa88ea9e54557b58/lib/python3.6/site-packages/tornado/concurrent.py"", line 238, in result
    raise_exc_info(self._exc_info)
  File ""<string>"", line 4, in raise_exc_info
  File ""/hadoop02/yarn/nm/usercache/jlord/appcache/application_1506861552726_19299/container_e110_1506861552726_19299_01_000002/PYTHON_DIR/dask-35d2a1ee201208ae9fca6905fa88ea9e54557b58/lib/python3.6/site-packages/tornado/gen.py"", line 1063, in run
    yielded = self.gen.throw(*exc_info)
  File ""/hadoop02/yarn/nm/usercache/jlord/appcache/application_1506861552726_19299/container_e110_1506861552726_19299_01_000002/PYTHON_DIR/dask-35d2a1ee201208ae9fca6905fa88ea9e54557b58/lib/python3.6/site-packages/distributed/nanny.py"", line 311, in start
    yield self._wait_until_running()
  File ""/hadoop02/yarn/nm/usercache/jlord/appcache/application_1506861552726_19299/container_e110_1506861552726_19299_01_000002/PYTHON_DIR/dask-35d2a1ee201208ae9fca6905fa88ea9e54557b58/lib/python3.6/site-packages/tornado/gen.py"", line 1055, in run
    value = future.result()
  File ""/hadoop02/yarn/nm/usercache/jlord/appcache/application_1506861552726_19299/container_e110_1506861552726_19299_01_000002/PYTHON_DIR/dask-35d2a1ee201208ae9fca6905fa88ea9e54557b58/lib/python3.6/site-packages/tornado/concurrent.py"", line 238, in result
    raise_exc_info(self._exc_info)
  File ""<string>"", line 4, in raise_exc_info
  File ""/hadoop02/yarn/nm/usercache/jlord/appcache/application_1506861552726_19299/container_e110_1506861552726_19299_01_000002/PYTHON_DIR/dask-35d2a1ee201208ae9fca6905fa88ea9e54557b58/lib/python3.6/site-packages/tornado/gen.py"", line 1069, in run
    yielded = self.gen.send(value)
  File ""/hadoop02/yarn/nm/usercache/jlord/appcache/application_1506861552726_19299/container_e110_1506861552726_19299_01_000002/PYTHON_DIR/dask-35d2a1ee201208ae9fca6905fa88ea9e54557b58/lib/python3.6/site-packages/distributed/nanny.py"", line 397, in _wait_until_running
    raise ValueError(""Worker not started"")
ValueError: Worker not started
```"
https://api.github.com/repos/dask/knit/issues/87,https://api.github.com/repos/dask/knit,https://api.github.com/repos/dask/knit/issues/87/labels{/name},https://api.github.com/repos/dask/knit/issues/87/comments,https://api.github.com/repos/dask/knit/issues/87/events,https://github.com/dask/knit/issues/87,262287136,MDU6SXNzdWUyNjIyODcxMzY=,87,language settings for containers,martindurant,,closed,True,,,,2,2017-10-03T02:41:40Z,2017-10-03T17:52:49Z,2017-10-03T17:52:49Z,MEMBER,"Click sometimes is not OK with C.UTF-8; anecdotally, en_US.utf-8 can work where the formal doesn't. Should make this a configuration parameter and try to make the default be based on the setting in the host environment."
https://api.github.com/repos/dask/knit/issues/86,https://api.github.com/repos/dask/knit,https://api.github.com/repos/dask/knit/issues/86/labels{/name},https://api.github.com/repos/dask/knit/issues/86/comments,https://api.github.com/repos/dask/knit/issues/86/events,https://github.com/dask/knit/issues/86,260442212,MDU6SXNzdWUyNjA0NDIyMTI=,86,kerberos on rest endpoints,martindurant,,closed,True,,,,3,2017-09-25T23:08:41Z,2017-10-29T19:15:59Z,2017-10-29T19:15:59Z,MEMBER,"It is possible to secure http rest endpoints with kerberos. We could talk with these either by:
- depend on [requests-kerberos](https://github.com/requests/requests-kerberos) to do the right thing
- grab a token from our client, which talks RPC (note that this might be easy to implement, but hurts our chances to implement more calls on http instead of relying on the client). Probably a hdfs token would do too..."
https://api.github.com/repos/dask/knit/issues/85,https://api.github.com/repos/dask/knit,https://api.github.com/repos/dask/knit/issues/85/labels{/name},https://api.github.com/repos/dask/knit/issues/85/comments,https://api.github.com/repos/dask/knit/issues/85/events,https://github.com/dask/knit/issues/85,260441646,MDU6SXNzdWUyNjA0NDE2NDY=,85,add timeouts to requests calls,martindurant,,closed,True,,,,2,2017-09-25T23:05:29Z,2017-10-03T19:19:17Z,2017-10-03T19:19:17Z,MEMBER,"Network setups can sometimes leave requests.get and such to hang indefinitely. There should always be timeouts; and methods like kill() should decide what to do in the case that, for example, the application status is not available because of the timeout. "
https://api.github.com/repos/dask/knit/issues/80,https://api.github.com/repos/dask/knit,https://api.github.com/repos/dask/knit/issues/80/labels{/name},https://api.github.com/repos/dask/knit/issues/80/comments,https://api.github.com/repos/dask/knit/issues/80/events,https://github.com/dask/knit/issues/80,257058421,MDU6SXNzdWUyNTcwNTg0MjE=,80,Uninformative errors on naive connection,mrocklin,,closed,True,,,,21,2017-09-12T14:13:32Z,2017-10-02T13:47:42Z,2017-10-02T13:47:42Z,MEMBER,"I've started up Yarn (I think) on my local machine using @martindurant 's docker setup

```
$ docker run -p 8020:8020 -p 8088:8088 mdurant/hadoop
...
# localhost SSH-2.0-OpenSSH_6.6.1p1 Ubuntu-2ubuntu2.8
# localhost SSH-2.0-OpenSSH_6.6.1p1 Ubuntu-2ubuntu2.8
# 0.0.0.0 SSH-2.0-OpenSSH_6.6.1p1 Ubuntu-2ubuntu2.8
# 0.0.0.0 SSH-2.0-OpenSSH_6.6.1p1 Ubuntu-2ubuntu2.8
Starting namenodes on [0.0.0.0]
0.0.0.0: starting namenode, logging to /opt/hadoop/logs/hadoop-root-namenode-73187ceb633b.out
localhost: starting datanode, logging to /opt/hadoop/logs/hadoop-root-datanode-73187ceb633b.out
Starting secondary namenodes [0.0.0.0]
0.0.0.0: starting secondarynamenode, logging to /opt/hadoop/logs/hadoop-root-secondarynamenode-73187ceb633b.out
starting yarn daemons
starting resourcemanager, logging to /opt/hadoop/logs/yarn--resourcemanager-73187ceb633b.out
localhost: starting nodemanager, logging to /opt/hadoop/logs/yarn-root-nodemanager-73187ceb633b.out
```

Then on the same machine (but not in the docker container) I try to connect using `knit.dask_yarn`

```python
In [1]: from knit.dask_yarn import DaskYARNCluster

In [2]: cluster = DaskYARNCluster?

In [3]: cluster = DaskYARNCluster()

In [4]: cluster
Out[4]: <knit.dask_yarn.DaskYARNCluster at 0x7fb9b5936e10>

In [5]: cluster.workers
---------------------------------------------------------------------------
AttributeError                            Traceback (most recent call last)
<ipython-input-5-7d7af4d87d9e> in <module>()
----> 1 cluster.workers

/home/mrocklin/workspace/knit/knit/dask_yarn.py in workers(self)
    150         # should not be remove or counted as a worker
    151 
--> 152         containers = self.knit.get_containers()
    153         containers.sort()
    154         self.application_master_container = containers.pop(0)

/home/mrocklin/workspace/knit/knit/core.py in get_containers(self)
    272 
    273         """"""
--> 274         return self.client.getContainers().split(',')
    275 
    276     def get_container_statuses(self):

AttributeError: 'NoneType' object has no attribute 'getContainers'
```

I probably did something wrong, but from this error I don't know what it is.  "
https://api.github.com/repos/dask/knit/issues/78,https://api.github.com/repos/dask/knit,https://api.github.com/repos/dask/knit/issues/78/labels{/name},https://api.github.com/repos/dask/knit/issues/78/comments,https://api.github.com/repos/dask/knit/issues/78/events,https://github.com/dask/knit/issues/78,255613067,MDU6SXNzdWUyNTU2MTMwNjc=,78,bypass java,martindurant,,open,True,,,,5,2017-09-06T13:56:26Z,2017-09-11T22:47:32Z,,MEMBER,"The YARN [REST API](https://hadoop.apache.org/docs/stable/hadoop-yarn/hadoop-yarn-site/ResourceManagerRest.html) appears complete enough that, if we can use hdfs3 to manage file-based resources (i.e., a minimal python) and create tokens, the client and AM could both be completely python, but still be able to successfully manage delegation tokens (including their renewal)"
https://api.github.com/repos/dask/knit/issues/74,https://api.github.com/repos/dask/knit,https://api.github.com/repos/dask/knit/issues/74/labels{/name},https://api.github.com/repos/dask/knit/issues/74/comments,https://api.github.com/repos/dask/knit/issues/74/events,https://github.com/dask/knit/issues/74,250571806,MDU6SXNzdWUyNTA1NzE4MDY=,74,Knit on YARN... error with continuous integration readme ?,jpoullet2000,,closed,True,,,,1,2017-08-16T09:54:38Z,2017-09-06T13:44:39Z,2017-09-06T13:44:39Z,NONE,"Following the continuous integration [README](https://github.com/dask/knit/blob/master/continuous_integration/README.md) 

Everything went fine until I try to test knit on YARN... below the error I get

```
bash-4.1# hadoop jar /knit/knit_jvm/target/knit-1.0-SNAPSHOT.jar io.continuum.knit.Client hdfs://localhost:9000/jars/knit-1.0-SNAPSHOT.jar 1 ""python -c 'import sys; print(sys.path); import random; print>
Error: Unknown argument 'hdfs://localhost:9000/jars/knit-1.0-SNAPSHOT.jar'
Error: Unknown argument '1'
Error: Unknown argument 'python -c 'import sys; print(sys.path); import random; print(str(random.random()))''
```"
https://api.github.com/repos/dask/knit/issues/73,https://api.github.com/repos/dask/knit,https://api.github.com/repos/dask/knit/issues/73/labels{/name},https://api.github.com/repos/dask/knit/issues/73/comments,https://api.github.com/repos/dask/knit/issues/73/events,https://github.com/dask/knit/issues/73,250021969,MDU6SXNzdWUyNTAwMjE5Njk=,73,Custom MINICONDA_URL,jpoullet2000,,closed,True,,,,8,2017-08-14T12:54:31Z,2017-09-11T19:52:30Z,2017-09-11T19:52:30Z,NONE,"For sake of security, machines are not connected to the internet. 
So when the `CondaCreator` class (see [env.py](https://github.com/dask/knit/blob/master/knit/env.py)) is called it cannot access the internet and install miniconda. 
Would be possible to test if some ENV variable (say MINICONDA_URL) exists and if not continue the way it is being done so far?"
https://api.github.com/repos/dask/knit/issues/72,https://api.github.com/repos/dask/knit,https://api.github.com/repos/dask/knit/issues/72/labels{/name},https://api.github.com/repos/dask/knit/issues/72/comments,https://api.github.com/repos/dask/knit/issues/72/events,https://github.com/dask/knit/issues/72,248888148,MDU6SXNzdWUyNDg4ODgxNDg=,72,Allow set of channels to environment creator,martindurant,,closed,True,,,,0,2017-08-09T01:00:11Z,2017-08-27T21:14:32Z,2017-08-27T21:14:32Z,MEMBER,Currently uses whatever system rc config that conda can find.
https://api.github.com/repos/dask/knit/issues/70,https://api.github.com/repos/dask/knit,https://api.github.com/repos/dask/knit/issues/70/labels{/name},https://api.github.com/repos/dask/knit/issues/70/comments,https://api.github.com/repos/dask/knit/issues/70/events,https://github.com/dask/knit/issues/70,248106755,MDU6SXNzdWUyNDgxMDY3NTU=,70,Option to set HDFS working directory,martindurant,,closed,True,,,,0,2017-08-04T20:16:51Z,2017-08-27T21:14:15Z,2017-08-27T21:14:15Z,MEMBER,"The path reported by `fs.getHomeDirectory()` is not necessarily writable for the user or even extant. Should provide the option to set a custom location for staging (e.g., in `/tmp/...`). This may also get around permission problems."
https://api.github.com/repos/dask/knit/issues/69,https://api.github.com/repos/dask/knit,https://api.github.com/repos/dask/knit/issues/69/labels{/name},https://api.github.com/repos/dask/knit/issues/69/comments,https://api.github.com/repos/dask/knit/issues/69/events,https://github.com/dask/knit/issues/69,245263188,MDU6SXNzdWUyNDUyNjMxODg=,69,container cannot start dask workers,zwang1986,,closed,True,,,,1,2017-07-25T01:54:01Z,2018-07-03T18:17:52Z,2018-07-03T18:17:51Z,NONE,"This post refers to my last issue. [task submitted never be executed using dask-yarn](https://github.com/dask/distributed/issues/1285)
New findings: 
1. Yarn save application logs after killing my dask application;
2. From Yarn log, it can be found that wokers are not started in container. "
https://api.github.com/repos/dask/knit/issues/68,https://api.github.com/repos/dask/knit,https://api.github.com/repos/dask/knit/issues/68/labels{/name},https://api.github.com/repos/dask/knit/issues/68/comments,https://api.github.com/repos/dask/knit/issues/68/events,https://github.com/dask/knit/issues/68,244723721,MDU6SXNzdWUyNDQ3MjM3MjE=,68,config parsing for HA,martindurant,,closed,True,,,,0,2017-07-21T16:42:56Z,2017-08-27T21:14:23Z,2017-08-27T21:14:23Z,MEMBER,"Parsing of config files can fail - this should never cause an error, should use default parameters (which may not work).
If providing pars, there should be no attempt to replace them with config file ones.
Specifically for HA setups, the port should *not* be set, as there may be several for the various resource/name nodes,"
https://api.github.com/repos/dask/knit/issues/67,https://api.github.com/repos/dask/knit,https://api.github.com/repos/dask/knit/issues/67/labels{/name},https://api.github.com/repos/dask/knit/issues/67/comments,https://api.github.com/repos/dask/knit/issues/67/events,https://github.com/dask/knit/issues/67,244712565,MDU6SXNzdWUyNDQ3MTI1NjU=,67,Tracking kerberos problems,martindurant,,closed,True,,,,14,2017-07-21T15:56:27Z,2017-10-05T14:26:20Z,2017-10-05T14:26:19Z,MEMBER,xref https://github.com/dask/dask-yarn/issues/17
https://api.github.com/repos/dask/knit/issues/65,https://api.github.com/repos/dask/knit,https://api.github.com/repos/dask/knit/issues/65/labels{/name},https://api.github.com/repos/dask/knit/issues/65/comments,https://api.github.com/repos/dask/knit/issues/65/events,https://github.com/dask/knit/issues/65,232998289,MDU6SXNzdWUyMzI5OTgyODk=,65,create conda-forge recipe,quasiben,,closed,True,,,,2,2017-06-01T20:19:11Z,2017-09-06T13:44:44Z,2017-09-06T13:44:44Z,MEMBER,@martindurant 
https://api.github.com/repos/dask/knit/issues/60,https://api.github.com/repos/dask/knit,https://api.github.com/repos/dask/knit/issues/60/labels{/name},https://api.github.com/repos/dask/knit/issues/60/comments,https://api.github.com/repos/dask/knit/issues/60/events,https://github.com/dask/knit/issues/60,198493597,MDU6SXNzdWUxOTg0OTM1OTc=,60,Dask - Yarn with jupyter notebook as client,jpoullet2000,,closed,True,,,,5,2017-01-03T15:07:55Z,2018-07-03T18:14:47Z,2018-07-03T18:14:47Z,NONE,"Context:
- cluster where YARN jobs should be run 
- jupyter notebook on a different machine (not on the cluster)

I would like from my jupyter notebook to start up a dask scheduler on the cluster namenode, and then add some dask workers in YARN containers. 
Working only on the cluster (no jupyter notebook), it works just fine. However I'd like to drive this from on a remote machine. The machine with jupyter notebook could read the yarn-site.xml from the cluster and run remotely the ""hadoop jar"" command to spawn up the dask workers, and eventually the ""yarn application -kill "" when the job is done.  
It seems that in ""knit"" all this commands are supposed to be installed on the remote machine which is a bit restrictive. 

What would you suggest? 
Thx... and happy 2017 ;) 
 

"
https://api.github.com/repos/dask/knit/issues/56,https://api.github.com/repos/dask/knit,https://api.github.com/repos/dask/knit/issues/56/labels{/name},https://api.github.com/repos/dask/knit/issues/56/comments,https://api.github.com/repos/dask/knit/issues/56/events,https://github.com/dask/knit/issues/56,183948806,MDU6SXNzdWUxODM5NDg4MDY=,56,Reuse the same environment,mrocklin,,closed,True,,,,2,2016-10-19T12:33:07Z,2017-07-21T16:41:22Z,2017-07-21T16:41:22Z,MEMBER,"If I create a Knit object with a conda environment file it goes through all the trouble of resolving dependencies, downloading packages, and zipping them up for me on the client-side.

When I create an application it sends the zipped environment to Yarn (presumably HDFS) and uses HDFS to scatter out that data to the different machines. 

```
>>> appId = k.start(cmd, env='<full-path>/dev.zip')
```

If I then create a second application with the same environment do we suffer the same cost of moving the data from the client to HDFS a second time?
"
https://api.github.com/repos/dask/knit/issues/55,https://api.github.com/repos/dask/knit,https://api.github.com/repos/dask/knit/issues/55/labels{/name},https://api.github.com/repos/dask/knit/issues/55/comments,https://api.github.com/repos/dask/knit/issues/55/events,https://github.com/dask/knit/issues/55,183147008,MDU6SXNzdWUxODMxNDcwMDg=,55,Dask-yarn command line interface,mrocklin,,closed,True,,,,3,2016-10-14T20:48:49Z,2018-07-03T18:01:33Z,2018-07-03T18:01:33Z,MEMBER,"I would like to have access to a dask-yarn CLI

```
$ dask-yarn --nworkers 10 --threads-per-worker 4 --env ""python=3 numpy pandas dask distributed""
```

Where is the right place for this command line interface to exist?  The dask/distributed repository?  dask/knit (here)?  dask/dask-yarn (a new project)?
"
https://api.github.com/repos/dask/knit/issues/50,https://api.github.com/repos/dask/knit,https://api.github.com/repos/dask/knit/issues/50/labels{/name},https://api.github.com/repos/dask/knit/issues/50/comments,https://api.github.com/repos/dask/knit/issues/50/events,https://github.com/dask/knit/issues/50,136930992,MDU6SXNzdWUxMzY5MzA5OTI=,50,Use Py4j to communicate between Python and Client.scala,NielsZeilemaker,,closed,True,,,,7,2016-02-27T15:28:57Z,2017-06-10T12:34:38Z,2017-06-10T12:34:38Z,NONE,"Py4j is used in PySpark to communicate between the python process and the yarn client. I think a similar setup would provide a lot of benefits for knit.

My suggestion is to remove the argument parsing, and instead start a gateway server here:
https://github.com/dask/knit/blob/master/knit_jvm/src/main/scala/io/continuum/knit/Client.scala#L35

This would be a combination of:
https://github.com/apache/spark/blob/d83c2f9f0b08d6d5d369d9fae04cdb15448e7f0d/core/src/main/scala/org/apache/spark/api/python/PythonGatewayServer.scala
and
https://www.py4j.org/

Basically registering the Client object, as the entry point. And thereby, allowing python to simply call a method in Client to start the AM/set the number of cores etc.

Similar to PySpark we'll need a socket to communicate the port of the gateway server over. Which should be similar to https://github.com/apache/spark/blob/d83c2f9f0b08d6d5d369d9fae04cdb15448e7f0d/python/pyspark/java_gateway.py

After this is done, we can start thinking of implementing #40, as we'll be able to communicate to the yarn client/rm ~directly.

@quasiben what do you think?
"
https://api.github.com/repos/dask/knit/issues/46,https://api.github.com/repos/dask/knit,https://api.github.com/repos/dask/knit/issues/46/labels{/name},https://api.github.com/repos/dask/knit/issues/46/comments,https://api.github.com/repos/dask/knit/issues/46/events,https://github.com/dask/knit/issues/46,134662746,MDU6SXNzdWUxMzQ2NjI3NDY=,46,Problems specifying resource manager and running with CDH,koverholt,,closed,True,,,,2,2016-02-18T18:53:54Z,2017-08-28T16:03:20Z,2017-08-28T16:03:20Z,MEMBER,"I'm running knit alongside a CDH 5.5 cluster with the default YARN setup. When I run with knit, I get an error when running with the default settings:

```
>>> from knit import Knit
>>> k = Knit(autodetect=True)
>>> cmd = 'date'
>>> app_id = k.start(cmd)
>>> k.status(app_id)

...

ConnectionError: HTTPConnectionPool(host='localhost', port=8088): Max retries exceeded with url: 
/ws/v1/cluster/apps/ (Caused by 
NewConnectionError('<requests.packages.urllib3.connection.HTTPConnection object at 
0x7f66c93b3160>: Failed to establish a new connection: [Errno 111] Connection refused',))
```

But I'm unable to configure the resourcemanager, even though it's falling back to the `localhost` config option:

```
>>> k = Knit(rm='ip-172-31-24-75.ec2.internal')

...

HDFSConfigException: Possible Resource Manager hostname mismatch.  Detected localhost
```

So, a couple of issues:

1) I should be able to override the autodetect settings even if they don't match config files or the fallback option.

2) How can we make this work with CDH 5.5 out of the box, since I don't see any `*HADOOP*` env variables defined on my CDH node. Should I have to define this myself, or can we use another signal or search for the `yarn-site.xml` file?
"
https://api.github.com/repos/dask/knit/issues/42,https://api.github.com/repos/dask/knit,https://api.github.com/repos/dask/knit/issues/42/labels{/name},https://api.github.com/repos/dask/knit/issues/42/comments,https://api.github.com/repos/dask/knit/issues/42/events,https://github.com/dask/knit/issues/42,133057515,MDU6SXNzdWUxMzMwNTc1MTU=,42,Work with Secure Cluster,quasiben,,closed,True,,,,1,2016-02-11T18:54:50Z,2017-08-28T16:02:30Z,2017-08-28T16:02:30Z,MEMBER,"Knit should be tested against clusters with Kerberos enabled
"
https://api.github.com/repos/dask/knit/issues/41,https://api.github.com/repos/dask/knit,https://api.github.com/repos/dask/knit/issues/41/labels{/name},https://api.github.com/repos/dask/knit/issues/41/comments,https://api.github.com/repos/dask/knit/issues/41/events,https://github.com/dask/knit/issues/41,133057412,MDU6SXNzdWUxMzMwNTc0MTI=,41,Split Commands,quasiben,,closed,True,,,,1,2016-02-11T18:54:18Z,2018-07-03T18:00:51Z,2018-07-03T18:00:50Z,MEMBER,"Currently the shell command is only executed in non-AM containers.  We should:

1) Allow commands to be executed on the AM
2) Allow for a different command to be executed on the AM compared to other containers
"
https://api.github.com/repos/dask/knit/issues/40,https://api.github.com/repos/dask/knit,https://api.github.com/repos/dask/knit/issues/40/labels{/name},https://api.github.com/repos/dask/knit/issues/40/comments,https://api.github.com/repos/dask/knit/issues/40/events,https://github.com/dask/knit/issues/40,132947995,MDU6SXNzdWUxMzI5NDc5OTU=,40,Dynamic Containers,quasiben,,closed,True,,,,0,2016-02-11T11:29:15Z,2018-02-13T22:36:07Z,2018-02-13T22:36:07Z,MEMBER,"Add functionality and interface to dynamically increase/decrease containers.  It is especially useful and standard for YARN applications to monitor containers, and on failure, request a new container
"
https://api.github.com/repos/dask/knit/issues/36,https://api.github.com/repos/dask/knit,https://api.github.com/repos/dask/knit/issues/36/labels{/name},https://api.github.com/repos/dask/knit/issues/36/comments,https://api.github.com/repos/dask/knit/issues/36/events,https://github.com/dask/knit/issues/36,132230327,MDU6SXNzdWUxMzIyMzAzMjc=,36,List Remote ENV,quasiben,,closed,True,,,,1,2016-02-08T19:05:41Z,2017-07-21T16:41:22Z,2017-07-21T16:41:22Z,MEMBER,"List envs already shipped to HDFS
"
https://api.github.com/repos/dask/knit/issues/34,https://api.github.com/repos/dask/knit,https://api.github.com/repos/dask/knit/issues/34/labels{/name},https://api.github.com/repos/dask/knit/issues/34/comments,https://api.github.com/repos/dask/knit/issues/34/events,https://github.com/dask/knit/issues/34,131133721,MDU6SXNzdWUxMzExMzM3MjE=,34,Documentation comments,koverholt,,closed,True,,,,0,2016-02-03T19:50:40Z,2016-02-08T22:13:22Z,2016-02-08T22:13:22Z,MEMBER,"Some comments on the current knit documentation (thanks @jreback!)
- use `conda install knit -c blaze` (or whatever it should be)
- show a full usage of `.start` rather than just saying it has other parameters
- ideally show a response from the start command to see what it looks like (like you do for `.status`)
- quickstart is not showing on the left hand menu
- split the quickstart into 2 subsections and commands and python
- usage: explain the purpose of the Python section (e.g. what does this do)
- is there a command to essentially do `conda list/conda info` remotely? (e.g. after you \* create the env, then maybe show the output of this (maybe as an enhancement add actual commands for this, e.g. `knit.list_env()`
"
https://api.github.com/repos/dask/knit/issues/32,https://api.github.com/repos/dask/knit,https://api.github.com/repos/dask/knit/issues/32/labels{/name},https://api.github.com/repos/dask/knit/issues/32/comments,https://api.github.com/repos/dask/knit/issues/32/events,https://github.com/dask/knit/issues/32,130812368,MDU6SXNzdWUxMzA4MTIzNjg=,32,Add code coverage,quasiben,,closed,True,,,,0,2016-02-02T20:49:20Z,2016-02-03T16:22:10Z,2016-02-03T16:22:10Z,MEMBER,
https://api.github.com/repos/dask/knit/issues/26,https://api.github.com/repos/dask/knit,https://api.github.com/repos/dask/knit/issues/26/labels{/name},https://api.github.com/repos/dask/knit/issues/26/comments,https://api.github.com/repos/dask/knit/issues/26/events,https://github.com/dask/knit/issues/26,129932916,MDU6SXNzdWUxMjk5MzI5MTY=,26,Submitter,quasiben,,closed,True,,,,0,2016-01-30T02:56:35Z,2017-06-09T20:56:07Z,2017-06-09T20:56:07Z,MEMBER,"ApplicationMaster needs access to who submitted the job otherwise AM will look for `hdfs://.../user/yarn/.knitDeps`
"
https://api.github.com/repos/dask/knit/issues/24,https://api.github.com/repos/dask/knit,https://api.github.com/repos/dask/knit/issues/24/labels{/name},https://api.github.com/repos/dask/knit/issues/24/comments,https://api.github.com/repos/dask/knit/issues/24/events,https://github.com/dask/knit/issues/24,129320456,MDU6SXNzdWUxMjkzMjA0NTY=,24,Ensure long running jobs are destroyed after `kill`,quasiben,bug,closed,True,,,,0,2016-01-28T03:22:18Z,2017-10-22T20:30:37Z,2017-10-22T20:30:37Z,MEMBER,"YARN sometimes does not properly clean up container and can leave long running processes linger.  I've found a few open issues related to this:
- https://issues.apache.org/jira/browse/YARN-1842
- https://issues.apache.org/jira/browse/SAMZA-498
- https://issues.apache.org/jira/browse/YARN-318

Spark has also had issues around this in the past
- https://github.com/apache/spark/pull/10129

I've verified on Ubuntu 12.04 that [SAMZA-498](https://issues.apache.org/jira/browse/SAMZA-498) resolves the issue
"
https://api.github.com/repos/dask/knit/issues/21,https://api.github.com/repos/dask/knit,https://api.github.com/repos/dask/knit/issues/21/labels{/name},https://api.github.com/repos/dask/knit/issues/21/comments,https://api.github.com/repos/dask/knit/issues/21/events,https://github.com/dask/knit/issues/21,128192493,MDU6SXNzdWUxMjgxOTI0OTM=,21,Verify RM/NN on Instantiation,quasiben,,closed,True,,,,0,2016-01-22T16:30:40Z,2016-01-28T03:19:14Z,2016-01-28T03:19:14Z,MEMBER,"When a user instantiates `Knit()` warn or error based on info parsed in `yarn-site.xml`
"
https://api.github.com/repos/dask/knit/issues/20,https://api.github.com/repos/dask/knit,https://api.github.com/repos/dask/knit/issues/20/labels{/name},https://api.github.com/repos/dask/knit/issues/20/comments,https://api.github.com/repos/dask/knit/issues/20/events,https://github.com/dask/knit/issues/20,128190644,MDU6SXNzdWUxMjgxOTA2NDQ=,20,Requirements For Build,quasiben,,closed,True,,,,1,2016-01-22T16:21:10Z,2017-08-28T16:01:55Z,2017-08-28T16:01:55Z,MEMBER,"Users may not need the full jdk installed but it does resolve build issues like the following:

```
[ERROR] Failed to execute goal on project knit: Could not resolve dependencies for project io.continuum:knit:jar:1.0-SNAPSHOT: Could not find
 artifact jdk.tools:jdk.tools:jar:1.7 at specified path /usr/lib/jvm/java-7-openjdk-amd64/jre/../lib/tools.jar ->
```

On Ubuntu:

```
aptitude install openjdk-7-jdk
```

Would be good to find the minimum amount of packages: `openjdk-7-jre-lib` and `ant` and something else?
"
https://api.github.com/repos/dask/knit/issues/18,https://api.github.com/repos/dask/knit,https://api.github.com/repos/dask/knit/issues/18/labels{/name},https://api.github.com/repos/dask/knit/issues/18/comments,https://api.github.com/repos/dask/knit/issues/18/events,https://github.com/dask/knit/issues/18,128045747,MDU6SXNzdWUxMjgwNDU3NDc=,18,Shorten method names?,mrocklin,,closed,True,,,,1,2016-01-21T23:27:42Z,2016-01-26T19:41:09Z,2016-01-26T19:41:09Z,MEMBER,"Thoughts on removing `_application_` from method names?
-  start_application -> start
-  get_application_logs -> get_logs
-  get_application_status -> get_status
-  kill_application -> kill

?
"
https://api.github.com/repos/dask/knit/issues/14,https://api.github.com/repos/dask/knit,https://api.github.com/repos/dask/knit/issues/14/labels{/name},https://api.github.com/repos/dask/knit/issues/14/comments,https://api.github.com/repos/dask/knit/issues/14/events,https://github.com/dask/knit/issues/14,127797665,MDU6SXNzdWUxMjc3OTc2NjU=,14,Rename rambling,koverholt,,closed,True,,,,11,2016-01-20T22:19:19Z,2016-01-21T23:10:01Z,2016-01-21T23:10:01Z,MEMBER,"`rambling` provides (or will provide):
- Distributed shell functionality
- Log fetching for remote YARN jobs
- Resource allocation of containers (e.g., CPU, memory)
- Deploy conda environments via YARN job submission
- Container restart/dynamic allocation

Names of other YARN-related projects:
- py-yarn
- yarn-api-client
- Llama
- Kitten
- Apache Twill
- Apache Slider
"
https://api.github.com/repos/dask/knit/issues/11,https://api.github.com/repos/dask/knit,https://api.github.com/repos/dask/knit/issues/11/labels{/name},https://api.github.com/repos/dask/knit/issues/11/comments,https://api.github.com/repos/dask/knit/issues/11/events,https://github.com/dask/knit/issues/11,126946660,MDU6SXNzdWUxMjY5NDY2NjA=,11,Container ENV settings,quasiben,,closed,True,,,,2,2016-01-15T20:04:02Z,2016-01-31T19:42:05Z,2016-01-31T19:42:05Z,MEMBER,"Allows users to set environment variables:

``` python
r. start_application(self, cmd, env = {'ENV_A': '/foo/bar', 'ENV_B': 2})
```
"
https://api.github.com/repos/dask/knit/issues/7,https://api.github.com/repos/dask/knit,https://api.github.com/repos/dask/knit/issues/7/labels{/name},https://api.github.com/repos/dask/knit/issues/7/comments,https://api.github.com/repos/dask/knit/issues/7/events,https://github.com/dask/knit/issues/7,126672984,MDU6SXNzdWUxMjY2NzI5ODQ=,7,Resource Options,quasiben,,closed,True,,,,0,2016-01-14T15:06:19Z,2016-01-14T15:41:54Z,2016-01-14T15:41:54Z,MEMBER,"Allows users to defined Virtual Cores and Memory (defining number of containers is already implemented)
"
https://api.github.com/repos/dask/knit/issues/4,https://api.github.com/repos/dask/knit,https://api.github.com/repos/dask/knit/issues/4/labels{/name},https://api.github.com/repos/dask/knit/issues/4/comments,https://api.github.com/repos/dask/knit/issues/4/events,https://github.com/dask/knit/issues/4,125495507,MDU6SXNzdWUxMjU0OTU1MDc=,4,Send along files to the container,koverholt,,closed,True,,,,0,2016-01-07T22:06:54Z,2016-02-10T18:05:42Z,2016-02-10T18:05:42Z,MEMBER,"One primary use case is to send along a binary that should run, along with a conda environment.
"
https://api.github.com/repos/dask/knit/issues/3,https://api.github.com/repos/dask/knit,https://api.github.com/repos/dask/knit/issues/3/labels{/name},https://api.github.com/repos/dask/knit/issues/3/comments,https://api.github.com/repos/dask/knit/issues/3/events,https://github.com/dask/knit/issues/3,125303758,MDU6SXNzdWUxMjUzMDM3NTg=,3,Resource Respect,quasiben,,closed,True,,,,2,2016-01-07T01:43:05Z,2017-10-22T20:31:46Z,2017-10-22T20:31:46Z,MEMBER,"Launching a python process in a yarn container can effectively breakout of the requirements set by AMRM.  Python processess should properly respect cores, mempry, etc. constraints
"
https://api.github.com/repos/dask/knit/issues/2,https://api.github.com/repos/dask/knit,https://api.github.com/repos/dask/knit/issues/2/labels{/name},https://api.github.com/repos/dask/knit/issues/2/comments,https://api.github.com/repos/dask/knit/issues/2/events,https://github.com/dask/knit/issues/2,125303526,MDU6SXNzdWUxMjUzMDM1MjY=,2,Log fetching,quasiben,,closed,True,,,,1,2016-01-07T01:40:48Z,2017-06-26T19:35:35Z,2017-06-26T19:35:35Z,MEMBER,"Currently users have to fetch logs with the `yarn` binary: 

```
yarn logs <applicationId>
```

This could probably be nicer
"
https://api.github.com/repos/dask/knit/issues/1,https://api.github.com/repos/dask/knit,https://api.github.com/repos/dask/knit/issues/1/labels{/name},https://api.github.com/repos/dask/knit/issues/1/comments,https://api.github.com/repos/dask/knit/issues/1/events,https://github.com/dask/knit/issues/1,125303380,MDU6SXNzdWUxMjUzMDMzODA=,1,Auto Upload Jar,quasiben,,closed,True,,,,3,2016-01-07T01:39:27Z,2016-01-21T17:23:52Z,2016-01-21T17:23:52Z,MEMBER,"rambling should be capable of bootstrapping itself similar to spark.  For example, spark apps build a directory like: `/user/ubuntu/.sparkStaging/application_1452033885404_0005` with the following contents:
- __spark_conf__3428001626499023137.zip
- py4j-0.8.2.1-src.zip
- pyspark.zip
- spark-assembly-1.5.2-hadoop2.6.0.jar
"
