URL,Repository URL,Labels URL,Comments URL,Events URL,HTML URL,ID,Node ID,Number,Title,User,Labels,State,Locked,Assignee,Assignees,Milestone,Comments,Created At,Updated At,Closed At,Author Association,Body
https://api.github.com/repos/dask/crick/issues/49,https://api.github.com/repos/dask/crick,https://api.github.com/repos/dask/crick/issues/49/labels{/name},https://api.github.com/repos/dask/crick/issues/49/comments,https://api.github.com/repos/dask/crick/issues/49/events,https://github.com/dask/crick/issues/49,2277836301,I_kwDOBDfbCs6HxQYN,49,Release,phofl,,open,False,,,,1,2024-05-03T14:47:03Z,2024-05-03T14:47:49Z,,CONTRIBUTOR,"We've recently merged a pr that adds support for Python 3.11 and 3.12 as well as ARM wheels for MAC, so should cut a new release"
https://api.github.com/repos/dask/crick/issues/45,https://api.github.com/repos/dask/crick,https://api.github.com/repos/dask/crick/issues/45/labels{/name},https://api.github.com/repos/dask/crick/issues/45/comments,https://api.github.com/repos/dask/crick/issues/45/events,https://github.com/dask/crick/issues/45,2047113771,I_kwDOBDfbCs56BHor,45,0.0.5: pytest fails in few units,kloczek,,closed,False,,milesgranger,,4,2023-12-18T17:21:38Z,2023-12-19T09:00:26Z,2023-12-19T08:10:09Z,NONE,"**Describe the issue**:
Look like pytest fails in few units assertions.

I'm packaging your module as an rpm package so I'm using the typical PEP517 based build, install and test cycle used on building packages from non-root account.
- `python3 -sBm build -w --no-isolation`
- because I'm calling `build` with `--no-isolation` I'm using during all processes only locally installed modules
- install .whl file in </install/prefix> using 'installer` module
- run pytest with $PYTHONPATH pointing to sitearch and sitelib inside </install/prefix>
- build is performed in env which is *`cut off from access to the public network`* (pytest is executed with `-m ""not network""`)

<details>
<summary>Here is pytest output:</summary>

```console
+ PYTHONPATH=/home/tkloczko/rpmbuild/BUILDROOT/python-crick-0.0.5-2.fc35.x86_64/usr/lib64/python3.8/site-packages:/home/tkloczko/rpmbuild/BUILDROOT/python-crick-0.0.5-2.fc35.x86_64/usr/lib/python3.8/site-packages
+ /usr/bin/pytest -ra -m 'not network' --import-mode=importlib
============================= test session starts ==============================
platform linux -- Python 3.8.18, pytest-7.4.3, pluggy-1.3.0
rootdir: /home/tkloczko/rpmbuild/BUILD/crick-0.0.5
configfile: setup.cfg
collected 97 items

crick/tests/test_space_saving.py ...............................         [ 31%]
crick/tests/test_stats.py .......FF...FF...FF...FF...FF...FF.......      [ 74%]
crick/tests/test_tdigest.py .........................                    [100%]

=================================== FAILURES ===================================
______________________________ test_skew[True-x2] ______________________________

x = array([1]), bias = True

    @pytest.mark.parametrize(
        ""x"",
        [
            normal,
            empty,
            one,
            duplicate,
            different,
        ],
    )
    @pytest.mark.parametrize(""bias"", [True, False])
    def test_skew(x, bias):
        stats = pytest.importorskip(""scipy.stats"")
        s = SummaryStats()
        s.update(x)
        res = s.skew(bias=bias)
        sol = stats.skew(x[~np.isnan(x)], bias=bias) if len(x) else np.nan
>       np.testing.assert_allclose(res, sol, rtol=RTOL, atol=ATOL)

crick/tests/test_stats.py:63:
_ _ _ _ _ _ _ _ _ _ _ _ _ _ _ _ _ _ _ _ _ _ _ _ _ _ _ _ _ _ _ _ _ _ _ _ _ _ _ _

args = (<function assert_allclose.<locals>.compare at 0x7f2a6d079f70>, array(nan), array(0.))
kwds = {'equal_nan': True, 'err_msg': '', 'header': 'Not equal to tolerance rtol=0, atol=1e-08', 'verbose': True}

    @wraps(func)
    def inner(*args, **kwds):
        with self._recreate_cm():
>           return func(*args, **kwds)
E           AssertionError:
E           Not equal to tolerance rtol=0, atol=1e-08
E
E           x and y nan location mismatch:
E            x: array(nan)
E            y: array(0.)

/usr/lib64/python3.8/contextlib.py:75: AssertionError
______________________________ test_skew[True-x3] ______________________________

x = array([1, 1]), bias = True

    @pytest.mark.parametrize(
        ""x"",
        [
            normal,
            empty,
            one,
            duplicate,
            different,
        ],
    )
    @pytest.mark.parametrize(""bias"", [True, False])
    def test_skew(x, bias):
        stats = pytest.importorskip(""scipy.stats"")
        s = SummaryStats()
        s.update(x)
        res = s.skew(bias=bias)
        sol = stats.skew(x[~np.isnan(x)], bias=bias) if len(x) else np.nan
>       np.testing.assert_allclose(res, sol, rtol=RTOL, atol=ATOL)

crick/tests/test_stats.py:63:
_ _ _ _ _ _ _ _ _ _ _ _ _ _ _ _ _ _ _ _ _ _ _ _ _ _ _ _ _ _ _ _ _ _ _ _ _ _ _ _

args = (<function assert_allclose.<locals>.compare at 0x7f2bf1dfa5e0>, array(nan), array(0.))
kwds = {'equal_nan': True, 'err_msg': '', 'header': 'Not equal to tolerance rtol=0, atol=1e-08', 'verbose': True}

    @wraps(func)
    def inner(*args, **kwds):
        with self._recreate_cm():
>           return func(*args, **kwds)
E           AssertionError:
E           Not equal to tolerance rtol=0, atol=1e-08
E
E           x and y nan location mismatch:
E            x: array(nan)
E            y: array(0.)

/usr/lib64/python3.8/contextlib.py:75: AssertionError
_____________________________ test_skew[False-x2] ______________________________

x = array([1]), bias = False

    @pytest.mark.parametrize(
        ""x"",
        [
            normal,
            empty,
            one,
            duplicate,
            different,
        ],
    )
    @pytest.mark.parametrize(""bias"", [True, False])
    def test_skew(x, bias):
        stats = pytest.importorskip(""scipy.stats"")
        s = SummaryStats()
        s.update(x)
        res = s.skew(bias=bias)
        sol = stats.skew(x[~np.isnan(x)], bias=bias) if len(x) else np.nan
>       np.testing.assert_allclose(res, sol, rtol=RTOL, atol=ATOL)

crick/tests/test_stats.py:63:
_ _ _ _ _ _ _ _ _ _ _ _ _ _ _ _ _ _ _ _ _ _ _ _ _ _ _ _ _ _ _ _ _ _ _ _ _ _ _ _

args = (<function assert_allclose.<locals>.compare at 0x7f2a6a63c310>, array(nan), array(0.))
kwds = {'equal_nan': True, 'err_msg': '', 'header': 'Not equal to tolerance rtol=0, atol=1e-08', 'verbose': True}

    @wraps(func)
    def inner(*args, **kwds):
        with self._recreate_cm():
>           return func(*args, **kwds)
E           AssertionError:
E           Not equal to tolerance rtol=0, atol=1e-08
E
E           x and y nan location mismatch:
E            x: array(nan)
E            y: array(0.)

/usr/lib64/python3.8/contextlib.py:75: AssertionError
_____________________________ test_skew[False-x3] ______________________________

x = array([1, 1]), bias = False

    @pytest.mark.parametrize(
        ""x"",
        [
            normal,
            empty,
            one,
            duplicate,
            different,
        ],
    )
    @pytest.mark.parametrize(""bias"", [True, False])
    def test_skew(x, bias):
        stats = pytest.importorskip(""scipy.stats"")
        s = SummaryStats()
        s.update(x)
        res = s.skew(bias=bias)
        sol = stats.skew(x[~np.isnan(x)], bias=bias) if len(x) else np.nan
>       np.testing.assert_allclose(res, sol, rtol=RTOL, atol=ATOL)

crick/tests/test_stats.py:63:
_ _ _ _ _ _ _ _ _ _ _ _ _ _ _ _ _ _ _ _ _ _ _ _ _ _ _ _ _ _ _ _ _ _ _ _ _ _ _ _

args = (<function assert_allclose.<locals>.compare at 0x7f2bf1dfa670>, array(nan), array(0.))
kwds = {'equal_nan': True, 'err_msg': '', 'header': 'Not equal to tolerance rtol=0, atol=1e-08', 'verbose': True}

    @wraps(func)
    def inner(*args, **kwds):
        with self._recreate_cm():
>           return func(*args, **kwds)
E           AssertionError:
E           Not equal to tolerance rtol=0, atol=1e-08
E
E           x and y nan location mismatch:
E            x: array(nan)
E            y: array(0.)

/usr/lib64/python3.8/contextlib.py:75: AssertionError
___________________________ test_kurt[True-True-x2] ____________________________

x = array([1]), bias = True, fisher = True

    @pytest.mark.parametrize(
        ""x"",
        [
            normal,
            empty,
            one,
            duplicate,
            different,
        ],
    )
    @pytest.mark.parametrize(""bias"", [True, False])
    @pytest.mark.parametrize(""fisher"", [True, False])
    def test_kurt(x, bias, fisher):
        stats = pytest.importorskip(""scipy.stats"")
        s = SummaryStats()
        s.update(x)

        res = s.kurt(bias=bias, fisher=fisher)
        if len(x):
            sol = stats.kurtosis(x[~np.isnan(x)], bias=bias, fisher=fisher)
        else:
            sol = np.nan
>       np.testing.assert_allclose(res, sol, rtol=RTOL, atol=ATOL)

crick/tests/test_stats.py:88:
_ _ _ _ _ _ _ _ _ _ _ _ _ _ _ _ _ _ _ _ _ _ _ _ _ _ _ _ _ _ _ _ _ _ _ _ _ _ _ _

args = (<function assert_allclose.<locals>.compare at 0x7f2a6d079ee0>, array(nan), array(-3.))
kwds = {'equal_nan': True, 'err_msg': '', 'header': 'Not equal to tolerance rtol=0, atol=1e-08', 'verbose': True}

    @wraps(func)
    def inner(*args, **kwds):
        with self._recreate_cm():
>           return func(*args, **kwds)
E           AssertionError:
E           Not equal to tolerance rtol=0, atol=1e-08
E
E           x and y nan location mismatch:
E            x: array(nan)
E            y: array(-3.)

/usr/lib64/python3.8/contextlib.py:75: AssertionError
___________________________ test_kurt[True-True-x3] ____________________________

x = array([1, 1]), bias = True, fisher = True

    @pytest.mark.parametrize(
        ""x"",
        [
            normal,
            empty,
            one,
            duplicate,
            different,
        ],
    )
    @pytest.mark.parametrize(""bias"", [True, False])
    @pytest.mark.parametrize(""fisher"", [True, False])
    def test_kurt(x, bias, fisher):
        stats = pytest.importorskip(""scipy.stats"")
        s = SummaryStats()
        s.update(x)

        res = s.kurt(bias=bias, fisher=fisher)
        if len(x):
            sol = stats.kurtosis(x[~np.isnan(x)], bias=bias, fisher=fisher)
        else:
            sol = np.nan
>       np.testing.assert_allclose(res, sol, rtol=RTOL, atol=ATOL)

crick/tests/test_stats.py:88:
_ _ _ _ _ _ _ _ _ _ _ _ _ _ _ _ _ _ _ _ _ _ _ _ _ _ _ _ _ _ _ _ _ _ _ _ _ _ _ _

args = (<function assert_allclose.<locals>.compare at 0x7f2a6d08db80>, array(nan), array(-3.))
kwds = {'equal_nan': True, 'err_msg': '', 'header': 'Not equal to tolerance rtol=0, atol=1e-08', 'verbose': True}

    @wraps(func)
    def inner(*args, **kwds):
        with self._recreate_cm():
>           return func(*args, **kwds)
E           AssertionError:
E           Not equal to tolerance rtol=0, atol=1e-08
E
E           x and y nan location mismatch:
E            x: array(nan)
E            y: array(-3.)

/usr/lib64/python3.8/contextlib.py:75: AssertionError
___________________________ test_kurt[True-False-x2] ___________________________

x = array([1]), bias = False, fisher = True

    @pytest.mark.parametrize(
        ""x"",
        [
            normal,
            empty,
            one,
            duplicate,
            different,
        ],
    )
    @pytest.mark.parametrize(""bias"", [True, False])
    @pytest.mark.parametrize(""fisher"", [True, False])
    def test_kurt(x, bias, fisher):
        stats = pytest.importorskip(""scipy.stats"")
        s = SummaryStats()
        s.update(x)

        res = s.kurt(bias=bias, fisher=fisher)
        if len(x):
            sol = stats.kurtosis(x[~np.isnan(x)], bias=bias, fisher=fisher)
        else:
            sol = np.nan
>       np.testing.assert_allclose(res, sol, rtol=RTOL, atol=ATOL)

crick/tests/test_stats.py:88:
_ _ _ _ _ _ _ _ _ _ _ _ _ _ _ _ _ _ _ _ _ _ _ _ _ _ _ _ _ _ _ _ _ _ _ _ _ _ _ _

args = (<function assert_allclose.<locals>.compare at 0x7f2a6d08dc10>, array(nan), array(-3.))
kwds = {'equal_nan': True, 'err_msg': '', 'header': 'Not equal to tolerance rtol=0, atol=1e-08', 'verbose': True}

    @wraps(func)
    def inner(*args, **kwds):
        with self._recreate_cm():
>           return func(*args, **kwds)
E           AssertionError:
E           Not equal to tolerance rtol=0, atol=1e-08
E
E           x and y nan location mismatch:
E            x: array(nan)
E            y: array(-3.)

/usr/lib64/python3.8/contextlib.py:75: AssertionError
___________________________ test_kurt[True-False-x3] ___________________________

x = array([1, 1]), bias = False, fisher = True

    @pytest.mark.parametrize(
        ""x"",
        [
            normal,
            empty,
            one,
            duplicate,
            different,
        ],
    )
    @pytest.mark.parametrize(""bias"", [True, False])
    @pytest.mark.parametrize(""fisher"", [True, False])
    def test_kurt(x, bias, fisher):
        stats = pytest.importorskip(""scipy.stats"")
        s = SummaryStats()
        s.update(x)

        res = s.kurt(bias=bias, fisher=fisher)
        if len(x):
            sol = stats.kurtosis(x[~np.isnan(x)], bias=bias, fisher=fisher)
        else:
            sol = np.nan
>       np.testing.assert_allclose(res, sol, rtol=RTOL, atol=ATOL)

crick/tests/test_stats.py:88:
_ _ _ _ _ _ _ _ _ _ _ _ _ _ _ _ _ _ _ _ _ _ _ _ _ _ _ _ _ _ _ _ _ _ _ _ _ _ _ _

args = (<function assert_allclose.<locals>.compare at 0x7f2a6a511430>, array(nan), array(-3.))
kwds = {'equal_nan': True, 'err_msg': '', 'header': 'Not equal to tolerance rtol=0, atol=1e-08', 'verbose': True}

    @wraps(func)
    def inner(*args, **kwds):
        with self._recreate_cm():
>           return func(*args, **kwds)
E           AssertionError:
E           Not equal to tolerance rtol=0, atol=1e-08
E
E           x and y nan location mismatch:
E            x: array(nan)
E            y: array(-3.)

/usr/lib64/python3.8/contextlib.py:75: AssertionError
___________________________ test_kurt[False-True-x2] ___________________________

x = array([1]), bias = True, fisher = False

    @pytest.mark.parametrize(
        ""x"",
        [
            normal,
            empty,
            one,
            duplicate,
            different,
        ],
    )
    @pytest.mark.parametrize(""bias"", [True, False])
    @pytest.mark.parametrize(""fisher"", [True, False])
    def test_kurt(x, bias, fisher):
        stats = pytest.importorskip(""scipy.stats"")
        s = SummaryStats()
        s.update(x)

        res = s.kurt(bias=bias, fisher=fisher)
        if len(x):
            sol = stats.kurtosis(x[~np.isnan(x)], bias=bias, fisher=fisher)
        else:
            sol = np.nan
>       np.testing.assert_allclose(res, sol, rtol=RTOL, atol=ATOL)

crick/tests/test_stats.py:88:
_ _ _ _ _ _ _ _ _ _ _ _ _ _ _ _ _ _ _ _ _ _ _ _ _ _ _ _ _ _ _ _ _ _ _ _ _ _ _ _

args = (<function assert_allclose.<locals>.compare at 0x7f2a6a511a60>, array(nan), array(0.))
kwds = {'equal_nan': True, 'err_msg': '', 'header': 'Not equal to tolerance rtol=0, atol=1e-08', 'verbose': True}

    @wraps(func)
    def inner(*args, **kwds):
        with self._recreate_cm():
>           return func(*args, **kwds)
E           AssertionError:
E           Not equal to tolerance rtol=0, atol=1e-08
E
E           x and y nan location mismatch:
E            x: array(nan)
E            y: array(0.)

/usr/lib64/python3.8/contextlib.py:75: AssertionError
___________________________ test_kurt[False-True-x3] ___________________________

x = array([1, 1]), bias = True, fisher = False

    @pytest.mark.parametrize(
        ""x"",
        [
            normal,
            empty,
            one,
            duplicate,
            different,
        ],
    )
    @pytest.mark.parametrize(""bias"", [True, False])
    @pytest.mark.parametrize(""fisher"", [True, False])
    def test_kurt(x, bias, fisher):
        stats = pytest.importorskip(""scipy.stats"")
        s = SummaryStats()
        s.update(x)

        res = s.kurt(bias=bias, fisher=fisher)
        if len(x):
            sol = stats.kurtosis(x[~np.isnan(x)], bias=bias, fisher=fisher)
        else:
            sol = np.nan
>       np.testing.assert_allclose(res, sol, rtol=RTOL, atol=ATOL)

crick/tests/test_stats.py:88:
_ _ _ _ _ _ _ _ _ _ _ _ _ _ _ _ _ _ _ _ _ _ _ _ _ _ _ _ _ _ _ _ _ _ _ _ _ _ _ _

args = (<function assert_allclose.<locals>.compare at 0x7f2a6d08dc10>, array(nan), array(0.))
kwds = {'equal_nan': True, 'err_msg': '', 'header': 'Not equal to tolerance rtol=0, atol=1e-08', 'verbose': True}

    @wraps(func)
    def inner(*args, **kwds):
        with self._recreate_cm():
>           return func(*args, **kwds)
E           AssertionError:
E           Not equal to tolerance rtol=0, atol=1e-08
E
E           x and y nan location mismatch:
E            x: array(nan)
E            y: array(0.)

/usr/lib64/python3.8/contextlib.py:75: AssertionError
__________________________ test_kurt[False-False-x2] ___________________________

x = array([1]), bias = False, fisher = False

    @pytest.mark.parametrize(
        ""x"",
        [
            normal,
            empty,
            one,
            duplicate,
            different,
        ],
    )
    @pytest.mark.parametrize(""bias"", [True, False])
    @pytest.mark.parametrize(""fisher"", [True, False])
    def test_kurt(x, bias, fisher):
        stats = pytest.importorskip(""scipy.stats"")
        s = SummaryStats()
        s.update(x)

        res = s.kurt(bias=bias, fisher=fisher)
        if len(x):
            sol = stats.kurtosis(x[~np.isnan(x)], bias=bias, fisher=fisher)
        else:
            sol = np.nan
>       np.testing.assert_allclose(res, sol, rtol=RTOL, atol=ATOL)

crick/tests/test_stats.py:88:
_ _ _ _ _ _ _ _ _ _ _ _ _ _ _ _ _ _ _ _ _ _ _ _ _ _ _ _ _ _ _ _ _ _ _ _ _ _ _ _

args = (<function assert_allclose.<locals>.compare at 0x7f2a6a511940>, array(nan), array(0.))
kwds = {'equal_nan': True, 'err_msg': '', 'header': 'Not equal to tolerance rtol=0, atol=1e-08', 'verbose': True}

    @wraps(func)
    def inner(*args, **kwds):
        with self._recreate_cm():
>           return func(*args, **kwds)
E           AssertionError:
E           Not equal to tolerance rtol=0, atol=1e-08
E
E           x and y nan location mismatch:
E            x: array(nan)
E            y: array(0.)

/usr/lib64/python3.8/contextlib.py:75: AssertionError
__________________________ test_kurt[False-False-x3] ___________________________

x = array([1, 1]), bias = False, fisher = False

    @pytest.mark.parametrize(
        ""x"",
        [
            normal,
            empty,
            one,
            duplicate,
            different,
        ],
    )
    @pytest.mark.parametrize(""bias"", [True, False])
    @pytest.mark.parametrize(""fisher"", [True, False])
    def test_kurt(x, bias, fisher):
        stats = pytest.importorskip(""scipy.stats"")
        s = SummaryStats()
        s.update(x)

        res = s.kurt(bias=bias, fisher=fisher)
        if len(x):
            sol = stats.kurtosis(x[~np.isnan(x)], bias=bias, fisher=fisher)
        else:
            sol = np.nan
>       np.testing.assert_allclose(res, sol, rtol=RTOL, atol=ATOL)

crick/tests/test_stats.py:88:
_ _ _ _ _ _ _ _ _ _ _ _ _ _ _ _ _ _ _ _ _ _ _ _ _ _ _ _ _ _ _ _ _ _ _ _ _ _ _ _

args = (<function assert_allclose.<locals>.compare at 0x7f2a6d079f70>, array(nan), array(0.))
kwds = {'equal_nan': True, 'err_msg': '', 'header': 'Not equal to tolerance rtol=0, atol=1e-08', 'verbose': True}

    @wraps(func)
    def inner(*args, **kwds):
        with self._recreate_cm():
>           return func(*args, **kwds)
E           AssertionError:
E           Not equal to tolerance rtol=0, atol=1e-08
E
E           x and y nan location mismatch:
E            x: array(nan)
E            y: array(0.)

/usr/lib64/python3.8/contextlib.py:75: AssertionError
============================= slowest 10 durations =============================
0.27s call     crick/tests/test_stats.py::test_skew[True-x0]
0.06s call     crick/tests/test_tdigest.py::test_merge
0.03s call     crick/tests/test_tdigest.py::test_distributions[data0]
0.03s call     crick/tests/test_tdigest.py::test_distributions[data2]
0.03s call     crick/tests/test_tdigest.py::test_distributions[data5]
0.03s call     crick/tests/test_tdigest.py::test_distributions[data1]
0.03s call     crick/tests/test_tdigest.py::test_distributions[data6]
0.02s call     crick/tests/test_tdigest.py::test_distributions[data7]
0.02s call     crick/tests/test_tdigest.py::test_distributions[data4]
0.02s call     crick/tests/test_tdigest.py::test_distributions[data3]
=========================== short test summary info ============================
FAILED crick/tests/test_stats.py::test_skew[True-x2] - AssertionError:
FAILED crick/tests/test_stats.py::test_skew[True-x3] - AssertionError:
FAILED crick/tests/test_stats.py::test_skew[False-x2] - AssertionError:
FAILED crick/tests/test_stats.py::test_skew[False-x3] - AssertionError:
FAILED crick/tests/test_stats.py::test_kurt[True-True-x2] - AssertionError:
FAILED crick/tests/test_stats.py::test_kurt[True-True-x3] - AssertionError:
FAILED crick/tests/test_stats.py::test_kurt[True-False-x2] - AssertionError:
FAILED crick/tests/test_stats.py::test_kurt[True-False-x3] - AssertionError:
FAILED crick/tests/test_stats.py::test_kurt[False-True-x2] - AssertionError:
FAILED crick/tests/test_stats.py::test_kurt[False-True-x3] - AssertionError:
FAILED crick/tests/test_stats.py::test_kurt[False-False-x2] - AssertionError:
FAILED crick/tests/test_stats.py::test_kurt[False-False-x3] - AssertionError:
======================== 12 failed, 85 passed in 1.22s =========================
```
</details>

**Environment**:

- Dask version:
- Python version: 3.8.18
- Operating System: Linux x86/64
- Install method (conda, pip, source): source

<details>
<summary>List of installed modules in build env:</summary>

```console
Package            Version
------------------ -------
build              1.0.3
cppclean           0.13
Cython             3.0.6
distro             1.8.0
dnf                4.18.2
exceptiongroup     1.1.3
gpg                1.23.2
importlib-metadata 7.0.0
iniconfig          2.0.0
installer          0.7.0
libdnf             0.72.0
numpy              1.24.4
packaging          23.2
pluggy             1.3.0
pyproject_hooks    1.0.0
pytest             7.4.3
python-dateutil    2.8.2
SciPy              1.8.1
setuptools         69.0.2
setuptools-scm     8.0.4
six                1.16.0
tomli              2.0.1
typing_extensions  4.9.0
versioneer         0.29
wheel              0.42.0
zipp               3.17.0
```
</details>
"
https://api.github.com/repos/dask/crick/issues/43,https://api.github.com/repos/dask/crick,https://api.github.com/repos/dask/crick/issues/43/labels{/name},https://api.github.com/repos/dask/crick/issues/43/comments,https://api.github.com/repos/dask/crick/issues/43/events,https://github.com/dask/crick/issues/43,2043952459,I_kwDOBDfbCs551D1L,43,Crick fails to install via pip when wheel needs to be built,dankerrigan,,closed,False,,milesgranger,,4,2023-12-15T15:45:42Z,2024-01-24T17:35:17Z,2023-12-18T11:21:13Z,NONE,"**Describe the issue**:

`pip install crick` fails when building a wheel due to apparent errors in the pyproject.toml file. The issue is fixed by #41 but that change has not been released.

**Minimal Complete Verifiable Example**:

In a clean environment, run

`pip install crick --no-cache-dir`

**Anything else we need to know?**:

The output of the above command:

```Collecting crick
  Downloading crick-0.0.4.tar.gz (428 kB)
     ━━━━━━━━━━━━━━━━━━━━━━━━━━━━━━━━━━━━━━━━ 428.5/428.5 kB 680.9 kB/s eta 0:00:00
  Installing build dependencies: started
  Installing build dependencies: finished with status 'done'
  Getting requirements to build wheel: started
  Getting requirements to build wheel: finished with status 'error'
  error: subprocess-exited-with-error
  
  × Getting requirements to build wheel did not run successfully.
  │ exit code: 1
  ╰─> [151 lines of output]
      <string>:4: DeprecationWarning:
      
        `numpy.distutils` is deprecated since NumPy 1.23.0, as a result
        of the deprecation of `distutils` itself. It will be removed for
        Python >= 3.12. For older Python versions it will remain present.
        It is recommended to use `setuptools < 60.0` for those Python versions.
        For more details, see:
          https://numpy.org/devdocs/reference/distutils_status_migration.html
      
      
      /private/var/folders/5l/v0p6xl4d5md7t7l6bfy7kh340000gp/T/pip-build-env-w99jvs0a/overlay/lib/python3.10/site-packages/Cython/Compiler/Main.py:381: FutureWarning: Cython directive 'language_level' not set, using '3str' for now (Py3). This has changed from earlier releases! File: /private/var/folders/5l/v0p6xl4d5md7t7l6bfy7kh340000gp/T/pip-install-e9co2_0b/crick_1846722b288141f2872a28b5fddbd047/crick/space_saving.pyx
        tree = Parsing.p_module(s, pxd, full_module_name)
      /private/var/folders/5l/v0p6xl4d5md7t7l6bfy7kh340000gp/T/pip-build-env-w99jvs0a/overlay/lib/python3.10/site-packages/Cython/Compiler/Main.py:381: FutureWarning: Cython directive 'language_level' not set, using '3str' for now (Py3). This has changed from earlier releases! File: /private/var/folders/5l/v0p6xl4d5md7t7l6bfy7kh340000gp/T/pip-install-e9co2_0b/crick_1846722b288141f2872a28b5fddbd047/crick/stats.pyx
        tree = Parsing.p_module(s, pxd, full_module_name)
      /private/var/folders/5l/v0p6xl4d5md7t7l6bfy7kh340000gp/T/pip-build-env-w99jvs0a/overlay/lib/python3.10/site-packages/Cython/Compiler/Main.py:381: FutureWarning: Cython directive 'language_level' not set, using '3str' for now (Py3). This has changed from earlier releases! File: /private/var/folders/5l/v0p6xl4d5md7t7l6bfy7kh340000gp/T/pip-install-e9co2_0b/crick_1846722b288141f2872a28b5fddbd047/crick/tdigest.pyx
        tree = Parsing.p_module(s, pxd, full_module_name)
      Compiling crick/tdigest.pyx because it changed.
      Compiling crick/space_saving.pyx because it changed.
      Compiling crick/stats.pyx because it changed.
      [1/3] Cythonizing crick/space_saving.pyx
      [2/3] Cythonizing crick/stats.pyx
      [3/3] Cythonizing crick/tdigest.pyx
      /private/var/folders/5l/v0p6xl4d5md7t7l6bfy7kh340000gp/T/pip-build-env-w99jvs0a/overlay/lib/python3.10/site-packages/setuptools/config/_apply_pyprojecttoml.py:75: _MissingDynamic: `description` defined outside of `pyproject.toml` is ignored.
      !!
      
              ********************************************************************************
              The following seems to be defined outside of `pyproject.toml`:
      
              `description = 'High performance approximate and streaming algorithms'`
      
              According to the spec (see the link below), however, setuptools CANNOT
              consider this value unless `description` is listed as `dynamic`.
      
              https://packaging.python.org/en/latest/specifications/declaring-project-metadata/
      
              To prevent this problem, you can list `description` under `dynamic` or alternatively
              remove the `[project]` table from your file and rely entirely on other means of
              configuration.
              ********************************************************************************
      
      !!
        _handle_missing_dynamic(dist, project_table)
      /private/var/folders/5l/v0p6xl4d5md7t7l6bfy7kh340000gp/T/pip-build-env-w99jvs0a/overlay/lib/python3.10/site-packages/setuptools/config/_apply_pyprojecttoml.py:75: _MissingDynamic: `readme` defined outside of `pyproject.toml` is ignored.
      !!
      
              ********************************************************************************
              The following seems to be defined outside of `pyproject.toml`:
      
              `readme = 'Crick\n=====\n\n|Build Status| |Conda Badge| |PyPI Badge|\n\nCrick is a fast library of approximate and streaming algorithms. It is still a\nwork in progress, use at your own risk.\n\nInstallation\n------------\n\nCrick is available via ``conda`` or ``pip``:\n\n::\n\n   # Install with conda\n   $ conda install crick -c conda-forge\n\n   # Install with pip\n   $ pip install crick\n\n.. |Build Status| image:: https://github.com/dask/crick/actions/workflows/tests.yml/badge.svg\n   :target: https://github.com/dask/crick/actions/workflows/tests.yml\n.. |PyPI Badge| image:: https://img.shields.io/pypi/v/crick.svg\n   :target: https://pypi.python.org/pypi/crick\n.. |Conda Badge| image:: https://anaconda.org/conda-forge/crick/badges/version.svg\n   :target: https://anaconda.org/conda-forge/crick\n'`
      
              According to the spec (see the link below), however, setuptools CANNOT
              consider this value unless `readme` is listed as `dynamic`.
      
              https://packaging.python.org/en/latest/specifications/declaring-project-metadata/
      
              To prevent this problem, you can list `readme` under `dynamic` or alternatively
              remove the `[project]` table from your file and rely entirely on other means of
              configuration.
              ********************************************************************************
      
      !!
        _handle_missing_dynamic(dist, project_table)
      /private/var/folders/5l/v0p6xl4d5md7t7l6bfy7kh340000gp/T/pip-build-env-w99jvs0a/overlay/lib/python3.10/site-packages/setuptools/config/_apply_pyprojecttoml.py:75: _MissingDynamic: `license` defined outside of `pyproject.toml` is ignored.
      !!
      
              ********************************************************************************
              The following seems to be defined outside of `pyproject.toml`:
      
              `license = 'BSD'`
      
              According to the spec (see the link below), however, setuptools CANNOT
              consider this value unless `license` is listed as `dynamic`.
      
              https://packaging.python.org/en/latest/specifications/declaring-project-metadata/
      
              To prevent this problem, you can list `license` under `dynamic` or alternatively
              remove the `[project]` table from your file and rely entirely on other means of
              configuration.
              ********************************************************************************
      
      !!
        _handle_missing_dynamic(dist, project_table)
      /private/var/folders/5l/v0p6xl4d5md7t7l6bfy7kh340000gp/T/pip-build-env-w99jvs0a/overlay/lib/python3.10/site-packages/setuptools/config/_apply_pyprojecttoml.py:75: _MissingDynamic: `authors` defined outside of `pyproject.toml` is ignored.
      !!
      
              ********************************************************************************
              The following seems to be defined outside of `pyproject.toml`:
      
              `authors = 'Jim Crist'`
      
              According to the spec (see the link below), however, setuptools CANNOT
              consider this value unless `authors` is listed as `dynamic`.
      
              https://packaging.python.org/en/latest/specifications/declaring-project-metadata/
      
              To prevent this problem, you can list `authors` under `dynamic` or alternatively
              remove the `[project]` table from your file and rely entirely on other means of
              configuration.
              ********************************************************************************
      
      !!
        _handle_missing_dynamic(dist, project_table)
      /private/var/folders/5l/v0p6xl4d5md7t7l6bfy7kh340000gp/T/pip-build-env-w99jvs0a/overlay/lib/python3.10/site-packages/setuptools/config/_apply_pyprojecttoml.py:75: _MissingDynamic: `keywords` defined outside of `pyproject.toml` is ignored.
      !!
      
              ********************************************************************************
              The following seems to be defined outside of `pyproject.toml`:
      
              `keywords = ['streaming approximate algorithms']`
      
              According to the spec (see the link below), however, setuptools CANNOT
              consider this value unless `keywords` is listed as `dynamic`.
      
              https://packaging.python.org/en/latest/specifications/declaring-project-metadata/
      
              To prevent this problem, you can list `keywords` under `dynamic` or alternatively
              remove the `[project]` table from your file and rely entirely on other means of
              configuration.
              ********************************************************************************
      
      !!
        _handle_missing_dynamic(dist, project_table)
      Traceback (most recent call last):
        File ""/Users/.../conda/envs/crick-test/lib/python3.10/site-packages/pip/_vendor/pyproject_hooks/_in_process/_in_process.py"", line 353, in <module>
          main()
        File ""/Users/.../conda/envs/crick-test/lib/python3.10/site-packages/pip/_vendor/pyproject_hooks/_in_process/_in_process.py"", line 335, in main
          json_out['return_val'] = hook(**hook_input['kwargs'])
        File ""/Users/.../conda/envs/crick-test/lib/python3.10/site-packages/pip/_vendor/pyproject_hooks/_in_process/_in_process.py"", line 118, in get_requires_for_build_wheel
          return hook(config_settings)
        File ""/private/var/folders/5l/v0p6xl4d5md7t7l6bfy7kh340000gp/T/pip-build-env-w99jvs0a/overlay/lib/python3.10/site-packages/setuptools/build_meta.py"", line 325, in get_requires_for_build_wheel
          return self._get_build_requires(config_settings, requirements=['wheel'])
        File ""/private/var/folders/5l/v0p6xl4d5md7t7l6bfy7kh340000gp/T/pip-build-env-w99jvs0a/overlay/lib/python3.10/site-packages/setuptools/build_meta.py"", line 295, in _get_build_requires
          self.run_setup()
        File ""/private/var/folders/5l/v0p6xl4d5md7t7l6bfy7kh340000gp/T/pip-build-env-w99jvs0a/overlay/lib/python3.10/site-packages/setuptools/build_meta.py"", line 311, in run_setup
          exec(code, locals())
        File ""<string>"", line 54, in <module>
        File ""/private/var/folders/5l/v0p6xl4d5md7t7l6bfy7kh340000gp/T/pip-build-env-w99jvs0a/overlay/lib/python3.10/site-packages/setuptools/__init__.py"", line 103, in setup
          return distutils.core.setup(**attrs)
        File ""/private/var/folders/5l/v0p6xl4d5md7t7l6bfy7kh340000gp/T/pip-build-env-w99jvs0a/overlay/lib/python3.10/site-packages/setuptools/_distutils/core.py"", line 159, in setup
          dist.parse_config_files()
        File ""/private/var/folders/5l/v0p6xl4d5md7t7l6bfy7kh340000gp/T/pip-build-env-w99jvs0a/overlay/lib/python3.10/site-packages/setuptools/dist.py"", line 627, in parse_config_files
          pyprojecttoml.apply_configuration(self, filename, ignore_option_errors)
        File ""/private/var/folders/5l/v0p6xl4d5md7t7l6bfy7kh340000gp/T/pip-build-env-w99jvs0a/overlay/lib/python3.10/site-packages/setuptools/config/pyprojecttoml.py"", line 67, in apply_configuration
          return _apply(dist, config, filepath)
        File ""/private/var/folders/5l/v0p6xl4d5md7t7l6bfy7kh340000gp/T/pip-build-env-w99jvs0a/overlay/lib/python3.10/site-packages/setuptools/config/_apply_pyprojecttoml.py"", line 56, in apply
          _apply_project_table(dist, config, root_dir)
        File ""/private/var/folders/5l/v0p6xl4d5md7t7l6bfy7kh340000gp/T/pip-build-env-w99jvs0a/overlay/lib/python3.10/site-packages/setuptools/config/_apply_pyprojecttoml.py"", line 82, in _apply_project_table
          corresp(dist, value, root_dir)
        File ""/private/var/folders/5l/v0p6xl4d5md7t7l6bfy7kh340000gp/T/pip-build-env-w99jvs0a/overlay/lib/python3.10/site-packages/setuptools/config/_apply_pyprojecttoml.py"", line 163, in _long_description
          file = val.get(""file"") or []
      AttributeError: 'NoneType' object has no attribute 'get'
      [end of output]
  
  note: This error originates from a subprocess, and is likely not a problem with pip.
error: subprocess-exited-with-error

× Getting requirements to build wheel did not run successfully.
│ exit code: 1
╰─> See above for output.

note: This error originates from a subprocess, and is likely not a problem with pip.```

**Environment**:

- Dask version: NA
- Python version: 3.10.13
- Operating System: MacOS on arm64
- Install method (conda, pip, source): pip
"
https://api.github.com/repos/dask/crick/issues/42,https://api.github.com/repos/dask/crick,https://api.github.com/repos/dask/crick/issues/42/labels{/name},https://api.github.com/repos/dask/crick/issues/42/comments,https://api.github.com/repos/dask/crick/issues/42/events,https://github.com/dask/crick/issues/42,2040088492,I_kwDOBDfbCs55mUes,42,crick fails to install with numpy >= 1.26,kinow,,closed,False,,milesgranger,,3,2023-12-13T16:36:45Z,2023-12-18T10:28:17Z,2023-12-18T10:28:17Z,NONE,"**Describe the issue**:

Creating a mamba env that contains simply `numpy` , and with `crick==v0.0.4` as a dependency fails with: `No module named 'numpy.distutils'`

**Minimal Complete Verifiable Example**:

```yaml
name: my_env
channels:
  - conda-forge
dependencies:
  - python
  - numpy
  - xarray
  - dask
  - zarr
  .......
  - pip
  - pip:
    - -e .[all]
```

And in `setup.py` we have:

```py
    install_requires=[
     ...........
        ""crick==0.0.4"",
    ],

```

**Anything else we need to know?**:

We fixed it by pinning Numpy to <1.26. The Numpy 1.26 notes explain about the distutils replacement/drop: https://github.com/numpy/numpy/releases/tag/v1.26.0

Here's a commit where they updated example code that used the `get_info` function used in `crick`'s `setup.py`.

https://github.com/numpy/numpy/commit/8c0e2bc4746417269c9cca105c729a08a0349a7e

**Environment**:

- Dask version: 2023.12.0
- Python version: 3.11.6
- Operating System: Ubuntu LTS
- Install method (conda, pip, source): Conda + Pip
"
https://api.github.com/repos/dask/crick/issues/36,https://api.github.com/repos/dask/crick,https://api.github.com/repos/dask/crick/issues/36/labels{/name},https://api.github.com/repos/dask/crick/issues/36/comments,https://api.github.com/repos/dask/crick/issues/36/events,https://github.com/dask/crick/issues/36,1725765652,I_kwDOBDfbCs5m3RgU,36,support different scale functions ,kat-grayson,,open,False,,,,0,2023-05-25T12:51:38Z,2023-05-25T12:51:38Z,,NONE,"Hi, I am working on a project where we're looking for a fast implementation of the TDigest algorithm that will support streaming capabilities. Your project ticks both of those boxes! We are also looking for the ability to control the scale function used. I currently can't see which scale function has been used in your implementation. Firstly which scale function have you implemented and would you consider adding this an input option so the user would have control over the scale function? "
https://api.github.com/repos/dask/crick/issues/34,https://api.github.com/repos/dask/crick,https://api.github.com/repos/dask/crick/issues/34/labels{/name},https://api.github.com/repos/dask/crick/issues/34/comments,https://api.github.com/repos/dask/crick/issues/34/events,https://github.com/dask/crick/issues/34,1531248387,I_kwDOBDfbCs5bRP8D,34,Installing crick with Poetry fails,hayesgb,,closed,False,,,,3,2023-01-12T19:31:18Z,2023-12-19T08:14:29Z,2023-12-19T08:14:29Z,NONE,"
Python=3.10
dask==2022.12.1
distributed==2022.12.1

Attempting to install crick fails with:
```
  CalledProcessError

  Command '['/Users/greghayes/Documents/projects/coiled-from-prefect/.venv/bin/python', '-m', 'pip', 'install', '--use-pep517', '--disable-pip-version-check', '--isolated', '--no-input', '--prefix', '/Users/greghayes/Documents/projects/coiled-from-prefect/.venv', '--no-deps', '/Users/greghayes/Library/Caches/pypoetry/artifacts/2c/24/ef/e6dd7679e15fe2c56b211dbdde50eba7b96e80686651bc23c7871b3790/crick-0.0.3.tar.gz']' returned non-zero exit status 1.

  at /Library/Frameworks/Python.framework/Versions/3.10/lib/python3.10/subprocess.py:526 in run
       522│             # We don't call process.wait() as .__exit__ does that for us.
       523│             raise
       524│         retcode = process.poll()
       525│         if check and retcode:
    →  526│             raise CalledProcessError(retcode, process.args,
       527│                                      output=stdout, stderr=stderr)
       528│     return CompletedProcess(process.args, retcode, stdout, stderr)
       529│
       530│

The following error occurred when trying to handle this error:


  EnvCommandError

  Command ['/Users/greghayes/Documents/projects/coiled-from-prefect/.venv/bin/python', '-m', 'pip', 'install', '--use-pep517', '--disable-pip-version-check', '--isolated', '--no-input', '--prefix', '/Users/greghayes/Documents/projects/coiled-from-prefect/.venv', '--no-deps', '/Users/greghayes/Library/Caches/pypoetry/artifacts/2c/24/ef/e6dd7679e15fe2c56b211dbdde50eba7b96e80686651bc23c7871b3790/crick-0.0.3.tar.gz'] errored with the following return code 1, and output:
  Processing /Users/greghayes/Library/Caches/pypoetry/artifacts/2c/24/ef/e6dd7679e15fe2c56b211dbdde50eba7b96e80686651bc23c7871b3790/crick-0.0.3.tar.gz
    Installing build dependencies: started
    Installing build dependencies: finished with status 'done'
    Getting requirements to build wheel: started
    Getting requirements to build wheel: finished with status 'error'
    error: subprocess-exited-with-error

    × Getting requirements to build wheel did not run successfully.
    │ exit code: 1
    ╰─> [17 lines of output]
        Traceback (most recent call last):
          File ""/Users/greghayes/Documents/projects/coiled-from-prefect/.venv/lib/python3.10/site-packages/pip/_vendor/pep517/in_process/_in_process.py"", line 351, in <module>
            main()
          File ""/Users/greghayes/Documents/projects/coiled-from-prefect/.venv/lib/python3.10/site-packages/pip/_vendor/pep517/in_process/_in_process.py"", line 333, in main
            json_out['return_val'] = hook(**hook_input['kwargs'])
          File ""/Users/greghayes/Documents/projects/coiled-from-prefect/.venv/lib/python3.10/site-packages/pip/_vendor/pep517/in_process/_in_process.py"", line 118, in get_requires_for_build_wheel
            return hook(config_settings)
          File ""/private/var/folders/b5/f_y899x168j7cs2m7szjld5c0000gn/T/pip-build-env-4nibap4h/overlay/lib/python3.10/site-packages/setuptools/build_meta.py"", line 338, in get_requires_for_build_wheel
            return self._get_build_requires(config_settings, requirements=['wheel'])
          File ""/private/var/folders/b5/f_y899x168j7cs2m7szjld5c0000gn/T/pip-build-env-4nibap4h/overlay/lib/python3.10/site-packages/setuptools/build_meta.py"", line 320, in _get_build_requires
            self.run_setup()
          File ""/private/var/folders/b5/f_y899x168j7cs2m7szjld5c0000gn/T/pip-build-env-4nibap4h/overlay/lib/python3.10/site-packages/setuptools/build_meta.py"", line 484, in run_setup
            super(_BuildMetaLegacyBackend,
          File ""/private/var/folders/b5/f_y899x168j7cs2m7szjld5c0000gn/T/pip-build-env-4nibap4h/overlay/lib/python3.10/site-packages/setuptools/build_meta.py"", line 335, in run_setup
            exec(code, locals())
          File ""<string>"", line 4, in <module>
        ModuleNotFoundError: No module named 'numpy'
        [end of output]

    note: This error originates from a subprocess, and is likely not a problem with pip.
  error: subprocess-exited-with-error

  × Getting requirements to build wheel did not run successfully.
  │ exit code: 1
  ╰─> See above for output.

  note: This error originates from a subprocess, and is likely not a problem with pip.


  at ~/Library/Application Support/pypoetry/venv/lib/python3.10/site-packages/poetry/utils/env.py:1540 in _run
      1536│                 output = subprocess.check_output(
      1537│                     command, stderr=subprocess.STDOUT, env=env, **kwargs
      1538│                 )
      1539│         except CalledProcessError as e:
    → 1540│             raise EnvCommandError(e, input=input_)
      1541│
      1542│         return decode(output)
      1543│
      1544│     def execute(self, bin: str, *args: str, **kwargs: Any) -> int:

The following error occurred when trying to handle this error:


  PoetryException

  Failed to install /Users/greghayes/Library/Caches/pypoetry/artifacts/2c/24/ef/e6dd7679e15fe2c56b211dbdde50eba7b96e80686651bc23c7871b3790/crick-0.0.3.tar.gz

  at ~/Library/Application Support/pypoetry/venv/lib/python3.10/site-packages/poetry/utils/pip.py:58 in pip_install
       54│
       55│     try:
       56│         return environment.run_pip(*args)
       57│     except EnvCommandError as e:
    →  58│         raise PoetryException(f""Failed to install {path.as_posix()}"") from e
```

"
https://api.github.com/repos/dask/crick/issues/33,https://api.github.com/repos/dask/crick,https://api.github.com/repos/dask/crick/issues/33/labels{/name},https://api.github.com/repos/dask/crick/issues/33/comments,https://api.github.com/repos/dask/crick/issues/33/events,https://github.com/dask/crick/issues/33,1476937936,I_kwDOBDfbCs5YCEjQ,33,Update skew and kurtosis to return NaN when array is 100% duplicated,phobson,,closed,False,,,,0,2022-12-05T16:29:20Z,2023-09-13T17:23:01Z,2023-09-13T17:23:01Z,CONTRIBUTOR,"Crick was originally written to be compatible with scipy v1.7. 

Now with a more modern scipy (v.19), skew and kurtosis return NaN when `nunique(array) == 1`. Previously in Scipy and currently in crick, the kurtosis values of a single-unique-value array are either 0 when the `fisher` parameter is True or or 3 when it is False. The presence of the issue is demonstrated in the test suite & the case is currently marked as an `xfail`: https://github.com/dask/crick/blob/master/crick/tests/test_stats.py#L72

Basically, (in pure C), we need to be able to detect the number of unique elements in the tdigest array and set the skew and kurtosis functions to return NaN in those cases.

This issue can be considered a ""part two"" of #31.


"
https://api.github.com/repos/dask/crick/issues/31,https://api.github.com/repos/dask/crick,https://api.github.com/repos/dask/crick/issues/31/labels{/name},https://api.github.com/repos/dask/crick/issues/31/comments,https://api.github.com/repos/dask/crick/issues/31/events,https://github.com/dask/crick/issues/31,1458759678,I_kwDOBDfbCs5W8uf-,31,Update skew and kurtosis edge case where len(array) == 1,phobson,,closed,False,,,,1,2022-11-21T23:43:21Z,2023-09-21T12:33:08Z,2023-09-21T12:33:07Z,CONTRIBUTOR,"Crick was originally written to be compatible with scipy ~1.7.

Now with a more modern scipy, skew and kurtosis return NaN when len(array) == 1.

xref: https://github.com/dask/crick/pull/27/files#diff-d44b0bb9b89b84dbf550af3a02d4f557b598d95e228fa00f002d75c03bc894beR24"
https://api.github.com/repos/dask/crick/issues/30,https://api.github.com/repos/dask/crick,https://api.github.com/repos/dask/crick/issues/30/labels{/name},https://api.github.com/repos/dask/crick/issues/30/comments,https://api.github.com/repos/dask/crick/issues/30/events,https://github.com/dask/crick/issues/30,1458757906,I_kwDOBDfbCs5W8uES,30,Building (locally) on M1 Mac OS does not work,phobson,,open,False,,,,0,2022-11-21T23:41:18Z,2022-12-05T17:03:22Z,,CONTRIBUTOR,"Disclaimer: I do not understand cython builds well.

When I try to install crick from source on my M1 Mac, I get error messages that seem to indicate that the M1 architecture is confusing the build system into thinking it's Windows and then Windows build tools clearly aren't available. My reason for thinking this is related to M1 Macs is that the CI is currently successfully running `pip install --no-deps --global-option build --global-option --debug -e .` on Linux, Mac OS, and Windows.

<details>

<summary>
M1 build errors (`pip install -e .`)
</summary>

```shell
14:18:39 in crick on  fix-skew-kurt-edge-cases [+?] via 🅒 crick-dev 
➜ pip install -e .
Processing /Users/paul/work/sources/crick
  Preparing metadata (setup.py) ... done
Building wheels for collected packages: crick
  Building wheel for crick (setup.py) ... error
  error: subprocess-exited-with-error
  
  × python setup.py bdist_wheel did not run successfully.
  │ exit code: 1
  ╰─> [31 lines of output]
      /Users/paul/work/sources/crick/setup.py:4: DeprecationWarning:
      
        `numpy.distutils` is deprecated since NumPy 1.23.0, as a result
        of the deprecation of `distutils` itself. It will be removed for
        Python >= 3.12. For older Python versions it will remain present.
        It is recommended to use `setuptools < 60.0` for those Python versions.
        For more details, see:
          https://numpy.org/devdocs/reference/distutils_status_migration.html
      
      
        import numpy.distutils.misc_util as np_misc
      running bdist_wheel
      running build
      running build_py
      copying crick/_version.py -> build/lib.macosx-11.0-arm64-cpython-39/crick
      copying crick/__init__.py -> build/lib.macosx-11.0-arm64-cpython-39/crick
      copying crick/tests/test_stats.py -> build/lib.macosx-11.0-arm64-cpython-39/crick/tests
      copying crick/tests/test_space_saving.py -> build/lib.macosx-11.0-arm64-cpython-39/crick/tests
      copying crick/tests/test_tdigest.py -> build/lib.macosx-11.0-arm64-cpython-39/crick/tests
      UPDATING build/lib.macosx-11.0-arm64-cpython-39/crick/_version.py
      set build/lib.macosx-11.0-arm64-cpython-39/crick/_version.py to '0.0.3+6.g2e827d2.dirty'
      running build_ext
      building 'crick.tdigest' extension
      Warning: Can't read registry to find the necessary compiler setting
      Make sure that Python modules winreg, win32api or win32con are installed.
      INFO: C compiler: clang -Wno-unused-result -Wsign-compare -Wunreachable-code -DNDEBUG -fwrapv -O2 -Wall -fPIC -O2 -isystem /Users/paul/mambaforge/envs/crick-dev/include -arch arm64 -fPIC -O2 -isystem /Users/paul/mambaforge/envs/crick-dev/include -arch arm64
      
      INFO: compile options: '-Icrick -I/Users/paul/mambaforge/envs/crick-dev/lib/python3.9/site-packages/numpy/core/include -Icrick/klib -I/Users/paul/mambaforge/envs/crick-dev/include/python3.9 -c'
      INFO: clang: crick/tdigest.c
      xcrun: error: invalid active developer path (/Library/Developer/CommandLineTools), missing xcrun at: /Library/Developer/CommandLineTools/usr/bin/xcrun
      error: Command ""clang -Wno-unused-result -Wsign-compare -Wunreachable-code -DNDEBUG -fwrapv -O2 -Wall -fPIC -O2 -isystem /Users/paul/mambaforge/envs/crick-dev/include -arch arm64 -fPIC -O2 -isystem /Users/paul/mambaforge/envs/crick-dev/include -arch arm64 -Icrick -I/Users/paul/mambaforge/envs/crick-dev/lib/python3.9/site-packages/numpy/core/include -Icrick/klib -I/Users/paul/mambaforge/envs/crick-dev/include/python3.9 -c crick/tdigest.c -o build/temp.macosx-11.0-arm64-cpython-39/crick/tdigest.o"" failed with exit status 1
      [end of output]
  
  note: This error originates from a subprocess, and is likely not a problem with pip.
  ERROR: Failed building wheel for crick
  Running setup.py clean for crick
Failed to build crick
Installing collected packages: crick
  Running setup.py install for crick ... error
  error: subprocess-exited-with-error
  
  × Running setup.py install for crick did not run successfully.
  │ exit code: 1
  ╰─> [40 lines of output]
      /Users/paul/work/sources/crick/setup.py:4: DeprecationWarning:
      
        `numpy.distutils` is deprecated since NumPy 1.23.0, as a result
        of the deprecation of `distutils` itself. It will be removed for
        Python >= 3.12. For older Python versions it will remain present.
        It is recommended to use `setuptools < 60.0` for those Python versions.
        For more details, see:
          https://numpy.org/devdocs/reference/distutils_status_migration.html
      
      
        import numpy.distutils.misc_util as np_misc
      running install
      /Users/paul/mambaforge/envs/crick-dev/lib/python3.9/site-packages/setuptools/command/install.py:34: SetuptoolsDeprecationWarning: setup.py install is deprecated. Use build and pip and other standards-based tools.
        warnings.warn(
      running build
      running build_py
      creating build
      creating build/lib.macosx-11.0-arm64-cpython-39
      creating build/lib.macosx-11.0-arm64-cpython-39/crick
      copying crick/_version.py -> build/lib.macosx-11.0-arm64-cpython-39/crick
      copying crick/__init__.py -> build/lib.macosx-11.0-arm64-cpython-39/crick
      creating build/lib.macosx-11.0-arm64-cpython-39/crick/tests
      copying crick/tests/test_stats.py -> build/lib.macosx-11.0-arm64-cpython-39/crick/tests
      copying crick/tests/test_space_saving.py -> build/lib.macosx-11.0-arm64-cpython-39/crick/tests
      copying crick/tests/__init__.py -> build/lib.macosx-11.0-arm64-cpython-39/crick/tests
      copying crick/tests/test_tdigest.py -> build/lib.macosx-11.0-arm64-cpython-39/crick/tests
      UPDATING build/lib.macosx-11.0-arm64-cpython-39/crick/_version.py
      set build/lib.macosx-11.0-arm64-cpython-39/crick/_version.py to '0.0.3+6.g2e827d2.dirty'
      running build_ext
      building 'crick.tdigest' extension
      Warning: Can't read registry to find the necessary compiler setting
      Make sure that Python modules winreg, win32api or win32con are installed.
      INFO: C compiler: clang -Wno-unused-result -Wsign-compare -Wunreachable-code -DNDEBUG -fwrapv -O2 -Wall -fPIC -O2 -isystem /Users/paul/mambaforge/envs/crick-dev/include -arch arm64 -fPIC -O2 -isystem /Users/paul/mambaforge/envs/crick-dev/include -arch arm64
      
      creating build/temp.macosx-11.0-arm64-cpython-39
      creating build/temp.macosx-11.0-arm64-cpython-39/crick
      INFO: compile options: '-Icrick -I/Users/paul/mambaforge/envs/crick-dev/lib/python3.9/site-packages/numpy/core/include -Icrick/klib -I/Users/paul/mambaforge/envs/crick-dev/include/python3.9 -c'
      INFO: clang: crick/tdigest.c
      xcrun: error: invalid active developer path (/Library/Developer/CommandLineTools), missing xcrun at: /Library/Developer/CommandLineTools/usr/bin/xcrun
      error: Command ""clang -Wno-unused-result -Wsign-compare -Wunreachable-code -DNDEBUG -fwrapv -O2 -Wall -fPIC -O2 -isystem /Users/paul/mambaforge/envs/crick-dev/include -arch arm64 -fPIC -O2 -isystem /Users/paul/mambaforge/envs/crick-dev/include -arch arm64 -Icrick -I/Users/paul/mambaforge/envs/crick-dev/lib/python3.9/site-packages/numpy/core/include -Icrick/klib -I/Users/paul/mambaforge/envs/crick-dev/include/python3.9 -c crick/tdigest.c -o build/temp.macosx-11.0-arm64-cpython-39/crick/tdigest.o"" failed with exit status 1
      [end of output]
  
  note: This error originates from a subprocess, and is likely not a problem with pip.
error: legacy-install-failure

× Encountered error while trying to install package.
╰─> crick

note: This is an issue with the package mentioned above, not pip.
hint: See above for output from the failure.
```

<details>"
https://api.github.com/repos/dask/crick/issues/28,https://api.github.com/repos/dask/crick,https://api.github.com/repos/dask/crick/issues/28/labels{/name},https://api.github.com/repos/dask/crick/issues/28/comments,https://api.github.com/repos/dask/crick/issues/28/events,https://github.com/dask/crick/issues/28,1453705171,I_kwDOBDfbCs5WpcfT,28,Migrate CI to Github Actions,phobson,,closed,False,phobson,phobson,,0,2022-11-17T17:18:39Z,2022-11-21T20:42:43Z,2022-11-21T20:42:43Z,CONTRIBUTOR,"The current CI relies on Travis and Appveyor. 

We should migrate all of this over to GitHub Actions. 
"
https://api.github.com/repos/dask/crick/issues/25,https://api.github.com/repos/dask/crick,https://api.github.com/repos/dask/crick/issues/25/labels{/name},https://api.github.com/repos/dask/crick/issues/25/comments,https://api.github.com/repos/dask/crick/issues/25/events,https://github.com/dask/crick/issues/25,1418919739,I_kwDOBDfbCs5Ukv87,25,Release,jrbourbeau,,closed,False,jrbourbeau,jrbourbeau,,8,2022-10-21T22:30:38Z,2023-09-21T14:12:02Z,2023-09-21T12:31:26Z,MEMBER,"@jcrist would you be open to a new `crick` release? There are a couple benefits I can see:

1. Today `crick` users can get a deprecation warning emitted when using NumPy that's been fixed in `main`. [Here's an example of this warning being emitted in `dask`s CI](https://github.com/dask/dask/actions/runs/3292545668/jobs/5428029900#step:7:23458)
2. I ran across some users who wanted to use `crick` for approximate quantiles, but weren't able to install due to the age of the latest release (unfortunately I don't have many details here)"
https://api.github.com/repos/dask/crick/issues/24,https://api.github.com/repos/dask/crick,https://api.github.com/repos/dask/crick/issues/24/labels{/name},https://api.github.com/repos/dask/crick/issues/24/comments,https://api.github.com/repos/dask/crick/issues/24/events,https://github.com/dask/crick/issues/24,1339211638,I_kwDOBDfbCs5P0r92,24,setuptools 65 breaks crick,crusaderky,,closed,False,,,,2,2022-08-15T16:35:10Z,2023-05-22T11:20:32Z,2023-05-22T11:20:32Z,NONE,"crick installation has started failing since setuptools 65.0.0 was released:

```yaml
name: test
channels:
  - conda-forge
  - defaults
dependencies:
  - python=3.8
  - pip
  - cython
  - numpy
  - pip:
      - git+https://github.com/jcrist/crick
```
conda crashes on Linux, citing a Windows-only module:
```
      building 'crick.tdigest' extension
      Traceback (most recent call last):
        File ""<string>"", line 2, in <module>
        File ""<pip-setuptools-caller>"", line 34, in <module>
        File ""/tmp/pip-req-build-5gm9pgaz/setup.py"", line 58, in <module>
          setup(name='crick',
        [...]
        File ""/home/crusaderky/miniconda3/envs/test/lib/python3.8/site-packages/setuptools/_distutils/command/build_ext.py"", line 547, in build_extension
          objects = self.compiler.compile(
        File ""/home/crusaderky/miniconda3/envs/test/lib/python3.8/site-packages/numpy/distutils/ccompiler.py"", line 89, in <lambda>
          m = lambda self, *args, **kw: func(self, *args, **kw)
        File ""/home/crusaderky/miniconda3/envs/test/lib/python3.8/site-packages/numpy/distutils/ccompiler.py"", line 272, in CCompiler_compile
          jobs = get_num_build_jobs()
        File ""/home/crusaderky/miniconda3/envs/test/lib/python3.8/site-packages/numpy/distutils/misc_util.py"", line 91, in get_num_build_jobs
          from numpy.distutils.core import get_distribution
        File ""/home/crusaderky/miniconda3/envs/test/lib/python3.8/site-packages/numpy/distutils/core.py"", line 24, in <module>
          from numpy.distutils.command import config, config_compiler, \
        File ""/home/crusaderky/miniconda3/envs/test/lib/python3.8/site-packages/numpy/distutils/command/config.py"", line 19, in <module>
          from numpy.distutils.mingw32ccompiler import generate_manifest
        File ""/home/crusaderky/miniconda3/envs/test/lib/python3.8/site-packages/numpy/distutils/mingw32ccompiler.py"", line 28, in <module>
          from distutils.msvccompiler import get_build_version as get_build_msvc_version
      ModuleNotFoundError: No module named 'distutils.msvccompiler'
      [end of output]
```

### Workaround
Add `- setuptools <65` to the conda environment
"
https://api.github.com/repos/dask/crick/issues/23,https://api.github.com/repos/dask/crick,https://api.github.com/repos/dask/crick/issues/23/labels{/name},https://api.github.com/repos/dask/crick/issues/23/comments,https://api.github.com/repos/dask/crick/issues/23/events,https://github.com/dask/crick/issues/23,753279261,MDU6SXNzdWU3NTMyNzkyNjE=,23,Memory leak in quantile function,johanvdw,,open,False,,,,4,2020-11-30T08:45:04Z,2024-04-17T03:43:06Z,,NONE,"Running:
```
#!/usr/bin/env python3
import numpy as np
import datetime
from crick import TDigest 


td = TDigest()
for j in range(1000000):
    arr = np.array(1)
    td.update(arr)
    x = td.quantile(0.88)
```

Leads to this memory usage pattern:
![memoryleak-crick](https://user-images.githubusercontent.com/868434/100587332-b5e29f80-32f0-11eb-838e-d6ac684e1a5f.png)

"
https://api.github.com/repos/dask/crick/issues/20,https://api.github.com/repos/dask/crick,https://api.github.com/repos/dask/crick/issues/20/labels{/name},https://api.github.com/repos/dask/crick/issues/20/comments,https://api.github.com/repos/dask/crick/issues/20/events,https://github.com/dask/crick/issues/20,422857031,MDU6SXNzdWU0MjI4NTcwMzE=,20,Update to reflect new changes to the t-digest algorithm,Dimplexion,,open,False,,,,2,2019-03-19T17:20:26Z,2019-03-19T18:15:45Z,,NONE,"Lately there have been many changes to the t-digest that improve both accuracy and speed of the algorithm. Having the changes incorporated into this module will be very useful when this implementation of t-digest is used to implement the user facing `quantile` function in Dask.

There are couple of questions open still before the work can begin:
1. Is the algorithm described in [this](https://arxiv.org/abs/1902.04023) paper the final one?
2. Does the Java implementation in the [t-digest repository](https://github.com/tdunning/t-digest) contain the new changes? Can it be used as a reference?"
https://api.github.com/repos/dask/crick/issues/18,https://api.github.com/repos/dask/crick,https://api.github.com/repos/dask/crick/issues/18/labels{/name},https://api.github.com/repos/dask/crick/issues/18/comments,https://api.github.com/repos/dask/crick/issues/18/events,https://github.com/dask/crick/issues/18,298823735,MDU6SXNzdWUyOTg4MjM3MzU=,18,More statistics from tdigest,jcrist,,open,False,,,,0,2018-02-21T02:44:42Z,2018-02-21T02:44:42Z,,MEMBER,"There are a few more statistics we could be getting out of a tdigest:

- [ ] `sum` (exact. Defined as sum of the values)
- [ ] `count` (exact. Available currently as `size`, defined as sum of the weights)
- [ ] `mean` (exact. Defined as `sum`/`count`, equal to mean if of values if all weights are 1)
- [ ] `trimmed_mean` (approximate. See paper)"
https://api.github.com/repos/dask/crick/issues/17,https://api.github.com/repos/dask/crick,https://api.github.com/repos/dask/crick/issues/17/labels{/name},https://api.github.com/repos/dask/crick/issues/17/comments,https://api.github.com/repos/dask/crick/issues/17/events,https://github.com/dask/crick/issues/17,298823148,MDU6SXNzdWUyOTg4MjMxNDg=,17,Remove Cython?,jcrist,,open,False,,,,1,2018-02-21T02:40:50Z,2018-02-22T18:07:33Z,,MEMBER,"Currently Cython is used just as a thin wrapper around C code. This is a bit tricky, since our C code also touches the python/numpy c-api, and so reference counting must remain consistent through the two layers. In my experience developing this I've started to wonder if removing cython in favor of a straight C-extension might make more sense. This would also generate a much smaller binary, as Cython generated modules have a fair bit of bloat.

Modules to conver

- [ ] Statistics (I'll start with this one, as it'll be the easiest)
- [ ] TDigest
- [ ] Space Saving"
https://api.github.com/repos/dask/crick/issues/14,https://api.github.com/repos/dask/crick,https://api.github.com/repos/dask/crick/issues/14/labels{/name},https://api.github.com/repos/dask/crick/issues/14/comments,https://api.github.com/repos/dask/crick/issues/14/events,https://github.com/dask/crick/issues/14,294250700,MDU6SXNzdWUyOTQyNTA3MDA=,14,tdigest_query_prep and weighted average,rzu512,,closed,False,,,,3,2018-02-05T01:34:09Z,2018-02-21T02:10:34Z,2018-02-21T02:10:34Z,NONE,"I haven't finished reading the whole `tdigest_stub.c` yet.
When I read the following function, my first instinct was to think that
- `(a.mean * b.weight + b.mean * a.weight) / (a.weight + b.weight)` 
should be:
- `(a.mean * a.weight + b.mean * b.weight) / (a.weight + b.weight)` 

Not sure if that is right.

```c
/// \brief Preparation for computing quantiles or cdf
/// \param T pointer to a t-digest
/// \pre Assume T->centroids is sorted.
CRICK_INLINE void tdigest_query_prep(tdigest_t* T) {
    int i;
    centroid_t a, b;

    tdigest_flush(T);

    // Set merge_centroids[].mean to cumsum of centroids[].weight
    // Set merge_centroids[i - 1].weight to
    //     (a.mean * b.weight + b.mean * a.weight) / (a.weight + b.weight)
    //     where a = centroids[i - 1] and b = centroids[i]
    //     Except for the last merge_centroid, which is set to T-> max
    b = T->centroids[0];
    T->merge_centroids[0].mean = b.weight;

    // Warning: T->merge_centroids[T->last] is not the last element
    for (i = 1; i < T->last + 1; i++) {
        a = b;  // a = centroids[i - 1];
        b = T->centroids[i];

        T->merge_centroids[i].mean = T->merge_centroids[i - 1].mean + b.weight;
        T->merge_centroids[i - 1].weight = (
                a.mean + (b.mean - a.mean) * a.weight / (a.weight + b.weight));
        // This is same as:
        // [a.m * (a.w + b.w) + (b.m - a.m) * a.w] / (a.w + b.w)
        // = (a.m * b.w + b.m * a.w) / (a.w + b.w)
    }

    // The last merge_centroids is treated differently.
    T->merge_centroids[T->last].weight = T->max;
}
```"
https://api.github.com/repos/dask/crick/issues/13,https://api.github.com/repos/dask/crick,https://api.github.com/repos/dask/crick/issues/13/labels{/name},https://api.github.com/repos/dask/crick/issues/13/comments,https://api.github.com/repos/dask/crick/issues/13/events,https://github.com/dask/crick/issues/13,294119764,MDU6SXNzdWUyOTQxMTk3NjQ=,13,cython dependency.,rzu512,,closed,False,,,,4,2018-02-03T15:34:05Z,2024-03-15T07:16:52Z,2024-03-15T07:16:52Z,NONE,"When I try to install crick by pip3, pip3 doesn't install Cython automatically.
```
$ pip3 install crick --user

Collecting crick
  Using cached crick-0.0.3.tar.gz
    Complete output from command python setup.py egg_info:
    Traceback (most recent call last):
      File ""<string>"", line 1, in <module>
      File ""/tmp/pip-build-y1mcfhjt/crick/setup.py"", line 7, in <module>
        from Cython.Build import cythonize
    ModuleNotFoundError: No module named 'Cython'
    
    ----------------------------------------
Command ""python setup.py egg_info"" failed with error code 1 in /tmp/pip-build-y1mcfhjt/crick/
```"
https://api.github.com/repos/dask/crick/issues/1,https://api.github.com/repos/dask/crick,https://api.github.com/repos/dask/crick/issues/1/labels{/name},https://api.github.com/repos/dask/crick/issues/1/comments,https://api.github.com/repos/dask/crick/issues/1/events,https://github.com/dask/crick/issues/1,194339653,MDU6SXNzdWUxOTQzMzk2NTM=,1,Divide and combine,mrocklin,,closed,False,,,,2,2016-12-08T13:46:14Z,2016-12-10T17:26:22Z,2016-12-10T17:26:22Z,MEMBER,"I would like to add a fraction of one TDigest to another.  Part of this I can do with `merge`, but I would also like the ability to attenuate all of the values by some fixed factor.  My application here is that I want to construct a hierarchy of digests for different time windows. For example I might have a digest for the last second, last five seconds, last minute, forever, etc..  Every second I might divide the one-second digest in half and add it to the five second digest.  In this way I can smoothly evolve this hierarchy of digests and get a good picture of what's happening across time as well."
