URL,Repository URL,Labels URL,Comments URL,Events URL,HTML URL,ID,Node ID,Number,Title,User,Labels,State,Locked,Assignee,Assignees,Milestone,Comments,Created At,Updated At,Closed At,Author Association,Body
https://api.github.com/repos/dask/dask-gke/issues/71,https://api.github.com/repos/dask/dask-gke,https://api.github.com/repos/dask/dask-gke/issues/71/labels{/name},https://api.github.com/repos/dask/dask-gke/issues/71/comments,https://api.github.com/repos/dask/dask-gke/issues/71/events,https://github.com/dask/dask-gke/issues/71,795257149,MDU6SXNzdWU3OTUyNTcxNDk=,71,Should this repo be archived?,jsignell,,open,True,,,,2,2021-01-27T16:34:29Z,2021-02-01T15:32:40Z,,MEMBER,The readme has a note about the lack of maintenance and activity. Should this repo be archived?
https://api.github.com/repos/dask/dask-gke/issues/70,https://api.github.com/repos/dask/dask-gke,https://api.github.com/repos/dask/dask-gke/issues/70/labels{/name},https://api.github.com/repos/dask/dask-gke/issues/70/comments,https://api.github.com/repos/dask/dask-gke/issues/70/events,https://github.com/dask/dask-gke/issues/70,500891742,MDU6SXNzdWU1MDA4OTE3NDI=,70,Dask Scheduler PodUnschedulable ,ohashmi1,,closed,True,,,,1,2019-10-01T13:21:15Z,2019-10-10T22:13:07Z,2019-10-10T22:13:07Z,NONE,"Hi I am trying to create a cluster, however my dask-scheduler is alwasy unschedulable. I have enough resources. I will add my cluster.yaml here. It also has autoscaling enabled but I can't create my cluster.
<img width=""982"" alt=""Screen Shot 2019-10-01 at 9 19 46 AM"" src=""https://user-images.githubusercontent.com/1936054/65965431-a2a61c80-e42c-11e9-976a-16576332d838.png"">


I see this on my kubernetes engine 

<img width=""649"" alt=""Screen Shot 2019-10-01 at 9 20 42 AM"" src=""https://user-images.githubusercontent.com/1936054/65965566-cff2ca80-e42c-11e9-9aef-fc8ca7d4e05b.png"">

"
https://api.github.com/repos/dask/dask-gke/issues/67,https://api.github.com/repos/dask/dask-gke,https://api.github.com/repos/dask/dask-gke/issues/67/labels{/name},https://api.github.com/repos/dask/dask-gke/issues/67/comments,https://api.github.com/repos/dask/dask-gke/issues/67/events,https://github.com/dask/dask-gke/issues/67,335193584,MDU6SXNzdWUzMzUxOTM1ODQ=,67,Missing packages in notebook 06-nyc-parquet.ipynb,anderl80,,closed,True,,,,1,2018-06-24T16:42:49Z,2018-06-24T17:00:01Z,2018-06-24T17:00:01Z,NONE,"Tried to execute cells in the notebook above.
![image](https://user-images.githubusercontent.com/23196828/41821264-3b0dc5c0-77de-11e8-9b98-e0791ca34fdc.png)
To fix it I installed it locally on my machine and connected dask.distributed to the gke-dask but then:
distributed.utils - ERROR - Data is compressed as snappy but we don't have this installed

Btw. I installed dask via `helm install stable/dask`"
https://api.github.com/repos/dask/dask-gke/issues/65,https://api.github.com/repos/dask/dask-gke,https://api.github.com/repos/dask/dask-gke/issues/65/labels{/name},https://api.github.com/repos/dask/dask-gke/issues/65/comments,https://api.github.com/repos/dask/dask-gke/issues/65/events,https://github.com/dask/dask-gke/issues/65,296369187,MDU6SXNzdWUyOTYzNjkxODc=,65,Deprecate or rename this project,mrocklin,,closed,True,,,,10,2018-02-12T13:08:33Z,2019-04-08T13:51:53Z,2019-04-08T13:51:53Z,MEMBER,"This project is more specifically about provisioning nodes on GKE and then launching a kubernetes cluster on those nodes.  This has been incredibly helpful in the past, but with advances in more general solutions like the helm chart and daskernetes it may be time to start deprecating this project.

Thoughts?  cc @martindurant "
https://api.github.com/repos/dask/dask-gke/issues/61,https://api.github.com/repos/dask/dask-gke,https://api.github.com/repos/dask/dask-gke/issues/61/labels{/name},https://api.github.com/repos/dask/dask-gke/issues/61/comments,https://api.github.com/repos/dask/dask-gke/issues/61/events,https://github.com/dask/dask-gke/issues/61,289650438,MDU6SXNzdWUyODk2NTA0Mzg=,61,Disable public IP access by default,ogrisel,"enhancement, help wanted",open,True,,,,3,2018-01-18T14:36:21Z,2018-01-18T17:31:18Z,,CONTRIBUTOR,"For security reasons, I think that the default configuration should not map the jupyter / scheduler services on a public IP address (even if jupyter notebook asks for a password, passing a password over HTTP without TLS is unsafe).

It would be better to advertise the use of:

```
kubectl port-forward name-of-service localport:serviceport
```

We could even have some `dask-kubernetes` helper commands to do that automatically and open the notebook and other HTTP status pages on http://localhost:localport instead."
https://api.github.com/repos/dask/dask-gke/issues/60,https://api.github.com/repos/dask/dask-gke,https://api.github.com/repos/dask/dask-gke/issues/60/labels{/name},https://api.github.com/repos/dask/dask-gke/issues/60/comments,https://api.github.com/repos/dask/dask-gke/issues/60/events,https://github.com/dask/dask-gke/issues/60,270789346,MDU6SXNzdWUyNzA3ODkzNDY=,60,periodic failures when creating a new cluster,bmabey,,open,True,,,,3,2017-11-02T20:03:29Z,2017-11-02T20:21:58Z,,NONE,"I have run into this a few times:
```
$ dask create foo cluster.yml
....
replicationcontroller ""jupyter-notebook"" created
replicationcontroller ""dask-scheduler"" created
replicationcontroller ""dask-worker"" created
INFO: Waiting for kubernetes... (^C to stop)
INFO: Services are up
INFO: Services are up
The connection to the server x.x.x.x was refused - did you specify the right host or port?
CRITICAL: Traceback (most recent call last):
  File ""/Users/bmabey/anaconda/envs/drugdiscovery/lib/python3.6/site-packages/dask_kubernetes-0.0.1-py3.6.egg/dask_kubernetes/cli/main.py"", line 26, in start
```
Is there anything I can do to have the cluster continue to be setup after this? Eventually the `dask info foo` returned information but I was unable to connect to any of the services."
https://api.github.com/repos/dask/dask-gke/issues/59,https://api.github.com/repos/dask/dask-gke,https://api.github.com/repos/dask/dask-gke/issues/59/labels{/name},https://api.github.com/repos/dask/dask-gke/issues/59/comments,https://api.github.com/repos/dask/dask-gke/issues/59/events,https://github.com/dask/dask-gke/issues/59,270186092,MDU6SXNzdWUyNzAxODYwOTI=,59,attaching persistent disks to GCP instances,jhamman,,open,True,,,,0,2017-11-01T03:52:15Z,2017-11-01T03:53:17Z,,MEMBER,"I am working on developing a dask-kubernetes deployment that will need to access datasets stored on a GCP persistent disk. I've tried [a number of approaches](https://github.com/jhamman/dask-kubernetes/commit/02d5c35777549d0671b95a8f78361c113b7477ad) without success and am wondering if anyone in the dask-kubernetes development circle has any experience in this area. 

xref: https://github.com/pangeo-data/pangeo/issues/16"
https://api.github.com/repos/dask/dask-gke/issues/58,https://api.github.com/repos/dask/dask-gke,https://api.github.com/repos/dask/dask-gke/issues/58/labels{/name},https://api.github.com/repos/dask/dask-gke/issues/58/comments,https://api.github.com/repos/dask/dask-gke/issues/58/events,https://github.com/dask/dask-gke/issues/58,266261210,MDU6SXNzdWUyNjYyNjEyMTA=,58,Auto-generate an SSL certificate for jupyter notebooks?,ckemere,,open,True,,,,1,2017-10-17T20:09:01Z,2017-10-17T20:10:30Z,,NONE,Are you interested in a patch that auto-generates an SSL certificate for the jupyter-notebook process?
https://api.github.com/repos/dask/dask-gke/issues/57,https://api.github.com/repos/dask/dask-gke,https://api.github.com/repos/dask/dask-gke/issues/57/labels{/name},https://api.github.com/repos/dask/dask-gke/issues/57/comments,https://api.github.com/repos/dask/dask-gke/issues/57/events,https://github.com/dask/dask-gke/issues/57,266260922,MDU6SXNzdWUyNjYyNjA5MjI=,57,Kubernetes deployment of many workers on many-cpu machines is very slow,ckemere,,closed,True,,,,8,2017-10-17T20:07:56Z,2017-10-20T23:47:19Z,2017-10-18T22:06:03Z,NONE,"I was trying to do some comparisons between joblib and joblib-with-distributed-backend and so tried to provision 2 or 3 96 or 64 cpu machines with 40-60 workers and 40-60 cpus for the notebook worker on google cloud. I found that the provisioning process would take quite long. I think this may just reflect underlying slowness in the container process, but if you guys have any insight that would be great."
https://api.github.com/repos/dask/dask-gke/issues/55,https://api.github.com/repos/dask/dask-gke,https://api.github.com/repos/dask/dask-gke/issues/55/labels{/name},https://api.github.com/repos/dask/dask-gke/issues/55/comments,https://api.github.com/repos/dask/dask-gke/issues/55/events,https://github.com/dask/dask-gke/issues/55,265624047,MDU6SXNzdWUyNjU2MjQwNDc=,55,option to use preemptible instances,halfdanrump,,open,True,,,,1,2017-10-16T01:35:10Z,2019-06-14T05:54:24Z,,CONTRIBUTOR,"I thought it'd be nice to safe some money by adding the option to use preemptible instances, so I added a quickfix to do this. Will issue PR. 

"
https://api.github.com/repos/dask/dask-gke/issues/54,https://api.github.com/repos/dask/dask-gke,https://api.github.com/repos/dask/dask-gke/issues/54/labels{/name},https://api.github.com/repos/dask/dask-gke/issues/54/comments,https://api.github.com/repos/dask/dask-gke/issues/54/events,https://github.com/dask/dask-gke/issues/54,265423541,MDU6SXNzdWUyNjU0MjM1NDE=,54,Remove password from default jupyter configuration,ckemere,,closed,True,,,,2,2017-10-13T21:26:52Z,2017-10-13T23:08:16Z,2017-10-13T23:08:16Z,NONE,"Last week, I found dask-kubernetes and was excited to play around with it. It ended up taking me a couple of days of work to get the docker container re-compiled so that I could test it. This is because the password for the jupyter notebook is not specified. Why not disable the password by default?"
https://api.github.com/repos/dask/dask-gke/issues/52,https://api.github.com/repos/dask/dask-gke,https://api.github.com/repos/dask/dask-gke/issues/52/labels{/name},https://api.github.com/repos/dask/dask-gke/issues/52/comments,https://api.github.com/repos/dask/dask-gke/issues/52/events,https://github.com/dask/dask-gke/issues/52,265333752,MDU6SXNzdWUyNjUzMzM3NTI=,52,Insight into configuration options,ckemere,,closed,True,,,,2,2017-10-13T15:42:29Z,2017-10-17T19:56:59Z,2017-10-17T19:56:59Z,NONE,"I've recently started exploring using dask-kubernetes to automate cluster deployment. Is it possible to add a few more comments to the defaults.yaml configuration file?

For example:
One of the first things I wanted to do is to see how things scale as I add more workers. There's a basic formula that I think I understand

count * cpus_per_worker + jupyter cpu + scheduler cpu <= num_nodes * cpus per node

But why is the cpus_per_worker non-integer? When I dig a bit further, the default value of 1.8 appears to get normalized to 2. "
https://api.github.com/repos/dask/dask-gke/issues/50,https://api.github.com/repos/dask/dask-gke,https://api.github.com/repos/dask/dask-gke/issues/50/labels{/name},https://api.github.com/repos/dask/dask-gke/issues/50/comments,https://api.github.com/repos/dask/dask-gke/issues/50/events,https://github.com/dask/dask-gke/issues/50,260127138,MDU6SXNzdWUyNjAxMjcxMzg=,50,Status page not connecting,mrocklin,,closed,True,,,,4,2017-09-25T00:18:46Z,2017-09-25T11:58:44Z,2017-09-25T11:58:44Z,MEMBER,When I create a fresh cluster I find that the status page does not show up.  I'm not sure how to get more information to diagnose this.
https://api.github.com/repos/dask/dask-gke/issues/48,https://api.github.com/repos/dask/dask-gke,https://api.github.com/repos/dask/dask-gke/issues/48/labels{/name},https://api.github.com/repos/dask/dask-gke/issues/48/comments,https://api.github.com/repos/dask/dask-gke/issues/48/events,https://github.com/dask/dask-gke/issues/48,256800107,MDU6SXNzdWUyNTY4MDAxMDc=,48,Develop system to update docker image,mrocklin,,open,True,,,,1,2017-09-11T18:31:48Z,2017-09-11T22:16:59Z,,MEMBER,This repository tends to fall behind whenever we update Dask.  We might want to move the basic image to something in a standard `dask/` namespace.  We may also want to add instructions on how to rebuild and republish this image whenever we issue a release.  This might go into the [Dask release-procedure notes](https://github.com/dask/dask/blob/master/docs/release-procedure.md)
https://api.github.com/repos/dask/dask-gke/issues/45,https://api.github.com/repos/dask/dask-gke,https://api.github.com/repos/dask/dask-gke/issues/45/labels{/name},https://api.github.com/repos/dask/dask-gke/issues/45/comments,https://api.github.com/repos/dask/dask-gke/issues/45/events,https://github.com/dask/dask-gke/issues/45,243298138,MDU6SXNzdWUyNDMyOTgxMzg=,45,Error connecting to the scheduler,ajkl,,closed,True,,,,12,2017-07-17T05:12:14Z,2017-07-24T19:11:27Z,2017-07-24T19:02:48Z,NONE,"I got the cluster successfully spawned and it showed a message like this 
```
Addresses
---------
   Web Interface:  http://104.196.202.253:8787/status
Jupyter Notebook:  http://35.185.38.137:8888
     Jupyter Lab:  http://35.185.38.137:8889
Config directory:  /Users/ajkale/.dask/kubernetes/dask-cluster-1
 Config settings:  /Users/ajkale/.dask/kubernetes/dask-cluster-1.yaml

To connect to scheduler inside of cluster
-----------------------------------------
from dask.distributed import Client
c = Client('dask-scheduler:8786')

or from outside the cluster

c = Client('104.196.202.253:8786')

Live pods:
{u'dask-scheduler': [u'dask-scheduler-9hkw6'], u'jupyter-notebook': [u'jupyter-notebook-4jzr2'], u'dask-worker': [u'dask-worker-mdr4z']}
```

Couple of issues - 
1. The jupyter notebook and lab need a password. Didnt find an easy way to get those.
2. From outside the cluster if I try `c = Client('104.196.202.253:8786')` as mentioned in the info, I get this error

```
distributed.utils - ERROR - in <closed TCP>: Stream is closed: while trying to call remote method 'identity'
Traceback (most recent call last):
  File ""/Users/ajkale/anaconda2/lib/python2.7/site-packages/distributed/utils.py"", line 223, in f
    result[0] = yield make_coro()
  File ""/Users/ajkale/anaconda2/lib/python2.7/site-packages/tornado/gen.py"", line 1055, in run
    value = future.result()
  File ""/Users/ajkale/anaconda2/lib/python2.7/site-packages/tornado/concurrent.py"", line 238, in result
    raise_exc_info(self._exc_info)
  File ""/Users/ajkale/anaconda2/lib/python2.7/site-packages/tornado/gen.py"", line 1063, in run
    yielded = self.gen.throw(*exc_info)
  File ""/Users/ajkale/anaconda2/lib/python2.7/site-packages/distributed/client.py"", line 680, in _start
    yield self._ensure_connected(timeout=timeout)
  File ""/Users/ajkale/anaconda2/lib/python2.7/site-packages/tornado/gen.py"", line 1055, in run
    value = future.result()
  File ""/Users/ajkale/anaconda2/lib/python2.7/site-packages/tornado/concurrent.py"", line 238, in result
    raise_exc_info(self._exc_info)
  File ""/Users/ajkale/anaconda2/lib/python2.7/site-packages/tornado/gen.py"", line 1063, in run
    yielded = self.gen.throw(*exc_info)
  File ""/Users/ajkale/anaconda2/lib/python2.7/site-packages/distributed/client.py"", line 716, in _ensure_connected
    yield self.scheduler.identity()
  File ""/Users/ajkale/anaconda2/lib/python2.7/site-packages/tornado/gen.py"", line 1055, in run
    value = future.result()
  File ""/Users/ajkale/anaconda2/lib/python2.7/site-packages/tornado/concurrent.py"", line 238, in result
    raise_exc_info(self._exc_info)
  File ""/Users/ajkale/anaconda2/lib/python2.7/site-packages/tornado/gen.py"", line 1063, in run
    yielded = self.gen.throw(*exc_info)
  File ""/Users/ajkale/anaconda2/lib/python2.7/site-packages/distributed/core.py"", line 433, in send_recv_from_rpc
    % (e, key,))
CommClosedError: in <closed TCP>: Stream is closed: while trying to call remote method 'identity'```
"
https://api.github.com/repos/dask/dask-gke/issues/44,https://api.github.com/repos/dask/dask-gke,https://api.github.com/repos/dask/dask-gke/issues/44/labels{/name},https://api.github.com/repos/dask/dask-gke/issues/44/comments,https://api.github.com/repos/dask/dask-gke/issues/44/events,https://github.com/dask/dask-gke/issues/44,243287415,MDU6SXNzdWUyNDMyODc0MTU=,44,TypeError: makedirs() got an unexpected keyword argument 'exist_ok',ajkl,,closed,True,,,,0,2017-07-17T02:58:09Z,2017-07-19T14:21:37Z,2017-07-19T14:21:37Z,NONE,"https://github.com/dask/dask-kubernetes/blob/master/dask_kubernetes/cli/main.py#L96
As suggested by the comment on that line, it indeed breaks for py2

But removing `exist_ok` argument fixed it for me."
https://api.github.com/repos/dask/dask-gke/issues/43,https://api.github.com/repos/dask/dask-gke,https://api.github.com/repos/dask/dask-gke/issues/43/labels{/name},https://api.github.com/repos/dask/dask-gke/issues/43/comments,https://api.github.com/repos/dask/dask-gke/issues/43/events,https://github.com/dask/dask-gke/issues/43,240842501,MDU6SXNzdWUyNDA4NDI1MDE=,43,"No handlers could be found for logger ""dask_kubernetes.cli.utils""",ajkl,,closed,True,,,,3,2017-07-06T04:37:50Z,2017-07-17T02:53:27Z,2017-07-17T02:53:27Z,NONE,"$ dask-kubernetes create test
No handlers could be found for logger ""dask_kubernetes.cli.utils""

Got the same error on ubuntu 14.04 and on a mac"
https://api.github.com/repos/dask/dask-gke/issues/42,https://api.github.com/repos/dask/dask-gke,https://api.github.com/repos/dask/dask-gke/issues/42/labels{/name},https://api.github.com/repos/dask/dask-gke/issues/42/comments,https://api.github.com/repos/dask/dask-gke/issues/42/events,https://github.com/dask/dask-gke/issues/42,240688469,MDU6SXNzdWUyNDA2ODg0Njk=,42,bad description for lab command,martindurant,,closed,True,,,,0,2017-07-05T15:26:09Z,2017-07-19T14:21:37Z,2017-07-19T14:21:37Z,MEMBER,Got copy-paste of notebook command
https://api.github.com/repos/dask/dask-gke/issues/41,https://api.github.com/repos/dask/dask-gke,https://api.github.com/repos/dask/dask-gke/issues/41/labels{/name},https://api.github.com/repos/dask/dask-gke/issues/41/comments,https://api.github.com/repos/dask/dask-gke/issues/41/events,https://github.com/dask/dask-gke/issues/41,240667605,MDU6SXNzdWUyNDA2Njc2MDU=,41,Add credentials command,martindurant,,closed,True,,,,0,2017-07-05T14:22:53Z,2017-07-19T14:21:20Z,2017-07-19T14:21:20Z,MEMBER,"Currently we set the kubectl credentials when creating a cluster, but that only remains valid so long as credentials are not set elsewhere. Should provide a command to set for a given cluster, for users that wish to use kubectl directly.

A possible alternative would be to report the kubetnetes ""context"" for a cluster, since passing `--context` to kubectl will work without explicitly fetching credentials. Probably should provide both."
https://api.github.com/repos/dask/dask-gke/issues/40,https://api.github.com/repos/dask/dask-gke,https://api.github.com/repos/dask/dask-gke/issues/40/labels{/name},https://api.github.com/repos/dask/dask-gke/issues/40/comments,https://api.github.com/repos/dask/dask-gke/issues/40/events,https://github.com/dask/dask-gke/issues/40,239182273,MDU6SXNzdWUyMzkxODIyNzM=,40,Move to dask org,mrocklin,,closed,True,,,,0,2017-06-28T14:27:02Z,2017-06-28T20:26:23Z,2017-06-28T20:26:23Z,MEMBER,This seems to be stable enough that it should probably move to the main org
https://api.github.com/repos/dask/dask-gke/issues/39,https://api.github.com/repos/dask/dask-gke,https://api.github.com/repos/dask/dask-gke/issues/39/labels{/name},https://api.github.com/repos/dask/dask-gke/issues/39/comments,https://api.github.com/repos/dask/dask-gke/issues/39/events,https://github.com/dask/dask-gke/issues/39,239182171,MDU6SXNzdWUyMzkxODIxNzE=,39,Increase scheduler memory,mrocklin,,closed,True,,,,3,2017-06-28T14:26:47Z,2017-06-28T15:04:48Z,2017-06-28T15:04:47Z,MEMBER,For large graphs we can easily extend beyond the 1GB limit here.  We might consider going to 2GB or 4GB.
https://api.github.com/repos/dask/dask-gke/issues/38,https://api.github.com/repos/dask/dask-gke,https://api.github.com/repos/dask/dask-gke/issues/38/labels{/name},https://api.github.com/repos/dask/dask-gke/issues/38/comments,https://api.github.com/repos/dask/dask-gke/issues/38/events,https://github.com/dask/dask-gke/issues/38,239179833,MDU6SXNzdWUyMzkxNzk4MzM=,38,Rerender fails,mrocklin,,open,True,,,,4,2017-06-28T14:19:38Z,2017-06-28T14:50:38Z,,MEMBER,It looks like there is a typo in the name/cluster variable.  I also get follow on errors about `update_config` after I fix this.
https://api.github.com/repos/dask/dask-gke/issues/36,https://api.github.com/repos/dask/dask-gke,https://api.github.com/repos/dask/dask-gke/issues/36/labels{/name},https://api.github.com/repos/dask/dask-gke/issues/36/comments,https://api.github.com/repos/dask/dask-gke/issues/36/events,https://github.com/dask/dask-gke/issues/36,238981643,MDU6SXNzdWUyMzg5ODE2NDM=,36,'webbrowser.open' on OSX,martindurant,,open,True,,,,0,2017-06-27T21:03:12Z,2017-06-27T21:03:12Z,,MEMBER,"Gives error message like `doesn’t understand the “open location” message. (-1708)` when calling any browser page, because of a change in the latest OSX. This can only be fixed in python itself (webbrowser is a builtin package) or by setting an environment variable like `export BROWSER=open`.

`click.launch` seems to work fine, however. Since `click` is already a dependency of this project, should that become the way that browser pages are opened? Does it work for all platforms?"
https://api.github.com/repos/dask/dask-gke/issues/34,https://api.github.com/repos/dask/dask-gke,https://api.github.com/repos/dask/dask-gke/issues/34/labels{/name},https://api.github.com/repos/dask/dask-gke/issues/34/comments,https://api.github.com/repos/dask/dask-gke/issues/34/events,https://github.com/dask/dask-gke/issues/34,238396468,MDU6SXNzdWUyMzgzOTY0Njg=,34,Programmatic interface,mrocklin,,open,True,,,,4,2017-06-25T18:15:21Z,2017-06-26T16:04:06Z,,MEMBER,For various reasons it would be convenient to have a `KubernetesCluster` object in Python that we could play with during execution rather than use the command line.  In my immediate use case I'm building benchmarks and would like to try the same computation with many clusters of different sizes.
https://api.github.com/repos/dask/dask-gke/issues/33,https://api.github.com/repos/dask/dask-gke,https://api.github.com/repos/dask/dask-gke/issues/33/labels{/name},https://api.github.com/repos/dask/dask-gke/issues/33/comments,https://api.github.com/repos/dask/dask-gke/issues/33/events,https://github.com/dask/dask-gke/issues/33,238346950,MDU6SXNzdWUyMzgzNDY5NTA=,33,Add JupyterLab service,mrocklin,,closed,True,,,,4,2017-06-24T22:25:41Z,2017-06-25T23:11:37Z,2017-06-25T23:11:37Z,MEMBER,It would be interesting (and community-minded) to add a JupyterLab instance running alongside the class Jupyter notebook.
https://api.github.com/repos/dask/dask-gke/issues/32,https://api.github.com/repos/dask/dask-gke,https://api.github.com/repos/dask/dask-gke/issues/32/labels{/name},https://api.github.com/repos/dask/dask-gke/issues/32/comments,https://api.github.com/repos/dask/dask-gke/issues/32/events,https://github.com/dask/dask-gke/issues/32,238000616,MDU6SXNzdWUyMzgwMDA2MTY=,32,Deleting a cluster should delete associated resources,koverholt,,closed,True,,,,5,2017-06-22T23:23:33Z,2017-06-24T00:41:13Z,2017-06-24T00:41:13Z,MEMBER,"I believe that the command `dask-kubernetes delete NAME` only deletes the GKE cluster, but does not delete the associated [load balancer(s)](https://github.com/martindurant/dask-kubernetes/blob/b2cb0c8aaa97afd4ca1c529b65b87dd337b52784/dask_kubernetes/kubernetes/dask_external.yaml#L8-L15) from GCP, which continue to run in terms of compute and billing.

`dask-kubernetes delete NAME` should delete the GKE cluster and associated resources on GCP."
https://api.github.com/repos/dask/dask-gke/issues/27,https://api.github.com/repos/dask/dask-gke,https://api.github.com/repos/dask/dask-gke/issues/27/labels{/name},https://api.github.com/repos/dask/dask-gke/issues/27/comments,https://api.github.com/repos/dask/dask-gke/issues/27/events,https://github.com/dask/dask-gke/issues/27,229813923,MDU6SXNzdWUyMjk4MTM5MjM=,27,Next steps,martindurant,,closed,True,,,,3,2017-05-18T21:45:58Z,2017-06-19T14:23:34Z,2017-06-19T14:23:34Z,MEMBER,"- [x] update README
- [x] fetching of IP/ports from kubernetes is probably fragile, should use full JSON syntax to get exactly the right values.
- [x] wait until cluster is ready (with potential roll-back on failure)
- [x] print information when cluster creates
- [ ] ~~automatically start notebook/status~~
- [ ] enable change of some parameter in supplied file, in generated settings file, or in command line options, and apply to cluster; currently we can already apply changes to kubernetes yaml files. Does this require rolling updates? If the scheduler is changed, must all workers restart?
- [x] Store the 'context' for every cluster, to avoid the time needed to look it up on every call.
"
https://api.github.com/repos/dask/dask-gke/issues/22,https://api.github.com/repos/dask/dask-gke,https://api.github.com/repos/dask/dask-gke/issues/22/labels{/name},https://api.github.com/repos/dask/dask-gke/issues/22/comments,https://api.github.com/repos/dask/dask-gke/issues/22/events,https://github.com/dask/dask-gke/issues/22,227549815,MDU6SXNzdWUyMjc1NDk4MTU=,22,Unable to connect to scheduler,mrocklin,,closed,True,,,,12,2017-05-10T02:23:57Z,2017-05-14T15:09:34Z,2017-05-14T15:09:34Z,MEMBER,I gave the recent changes a shot.  First time through I was able to connect to the scheduler but the workers kept going up and down.  Second time through I'm unable to connect to the scheduler.
https://api.github.com/repos/dask/dask-gke/issues/20,https://api.github.com/repos/dask/dask-gke,https://api.github.com/repos/dask/dask-gke/issues/20/labels{/name},https://api.github.com/repos/dask/dask-gke/issues/20/comments,https://api.github.com/repos/dask/dask-gke/issues/20/events,https://github.com/dask/dask-gke/issues/20,226787040,MDU6SXNzdWUyMjY3ODcwNDA=,20,GCSFS fails to initialize,mrocklin,,closed,True,,,,5,2017-05-06T16:59:02Z,2017-05-11T15:47:14Z,2017-05-11T15:46:09Z,MEMBER,"```python
>>> fs = gcsfs.GCSFileSystem()
Enter the following code when prompted in the browser:
XXXX-XXXX
RuntimeError: Waited too long for browserauthentication.
```

If we are running from gcloud there *must* be some way of using the existing credentials.  We might be able to ask our Google contacts about this."
https://api.github.com/repos/dask/dask-gke/issues/19,https://api.github.com/repos/dask/dask-gke,https://api.github.com/repos/dask/dask-gke/issues/19/labels{/name},https://api.github.com/repos/dask/dask-gke/issues/19/comments,https://api.github.com/repos/dask/dask-gke/issues/19/events,https://github.com/dask/dask-gke/issues/19,226786826,MDU6SXNzdWUyMjY3ODY4MjY=,19,Command to print out useful information,mrocklin,,closed,True,,,,1,2017-05-06T16:56:08Z,2017-05-10T00:30:30Z,2017-05-10T00:30:30Z,MEMBER,"After creating the cluster I need to know a few things like where the jupyter notebook and bokeh page are.  The README is quite good about pointing me to `kubectl get services -l app=dask`.  Relying on kubernetes in this way may be the right approach to avoid endless scope.  However, if we do want to start doing more things like resize it would be convenient to have the important addresses printed out on the console so that I could easily copy-paste and put into my web browser (or click on them, if my terminal highlights appropriately turns them into links). 

Additionally, it would be useful to get instructions on how to launch the kubernetes web interface.  I think that this is typically done by setting up some sort of proxy.  Launching the web interface might be sufficient to cover a lot of the requests like resize.  We could just say ""oh, just launch the web interface and it should be easy to do from there."""
https://api.github.com/repos/dask/dask-gke/issues/18,https://api.github.com/repos/dask/dask-gke,https://api.github.com/repos/dask/dask-gke/issues/18/labels{/name},https://api.github.com/repos/dask/dask-gke/issues/18/comments,https://api.github.com/repos/dask/dask-gke/issues/18/events,https://github.com/dask/dask-gke/issues/18,226786387,MDU6SXNzdWUyMjY3ODYzODc=,18,Include Bokeh server for one worker,mrocklin,,closed,True,,,,1,2017-05-06T16:49:59Z,2017-05-10T00:30:30Z,2017-05-10T00:30:30Z,MEMBER,"So my understanding is that it is difficult to provide an external view of the bokeh server page for each worker.  However, is it possible to provide an external view of the bokeh server page for one worker?  It can be very helpful to get information from a representative worker."
https://api.github.com/repos/dask/dask-gke/issues/17,https://api.github.com/repos/dask/dask-gke,https://api.github.com/repos/dask/dask-gke/issues/17/labels{/name},https://api.github.com/repos/dask/dask-gke/issues/17/comments,https://api.github.com/repos/dask/dask-gke/issues/17/events,https://github.com/dask/dask-gke/issues/17,226786293,MDU6SXNzdWUyMjY3ODYyOTM=,17,Import additional libraries,mrocklin,,closed,True,,,,0,2017-05-06T16:48:45Z,2017-05-10T01:57:22Z,2017-05-10T01:57:22Z,MEMBER,"- blosc
- dask-glm 
- dask-searchcv"
https://api.github.com/repos/dask/dask-gke/issues/16,https://api.github.com/repos/dask/dask-gke,https://api.github.com/repos/dask/dask-gke/issues/16/labels{/name},https://api.github.com/repos/dask/dask-gke/issues/16/comments,https://api.github.com/repos/dask/dask-gke/issues/16/events,https://github.com/dask/dask-gke/issues/16,226785636,MDU6SXNzdWUyMjY3ODU2MzY=,16,Resize operation handles both pods and nodes?,mrocklin,,closed,True,,,,0,2017-05-06T16:40:15Z,2017-05-10T00:30:30Z,2017-05-10T00:30:30Z,MEMBER,"It looks like the current `dask-kubernetes resize` operation passes through to kubectl.  Users are recommended to increase both the number of pods and the number of nodes:

### Excerpt

To add machines to the cluster, you may do the following

```bash
dask-kubernetes resize nodes CLUSTER COUNT
```

To add worker containers, you may do the following

```bash
dask-kubernetes resize pods CLUSTER COUNT
```

### Suggestion

Is it possible to take on this book keeping ourselves so that users don't need to understand the difference here?"
https://api.github.com/repos/dask/dask-gke/issues/15,https://api.github.com/repos/dask/dask-gke,https://api.github.com/repos/dask/dask-gke/issues/15/labels{/name},https://api.github.com/repos/dask/dask-gke/issues/15/comments,https://api.github.com/repos/dask/dask-gke/issues/15/events,https://github.com/dask/dask-gke/issues/15,226785376,MDU6SXNzdWUyMjY3ODUzNzY=,15,Update to new version of dask/dask and dask/distributed,mrocklin,,closed,True,,,,0,2017-05-06T16:36:35Z,2017-05-10T00:30:30Z,2017-05-10T00:30:30Z,MEMBER,Now that we have released 0.14.3 it would be nice to update the docker image.  How does one do this for the future?
https://api.github.com/repos/dask/dask-gke/issues/14,https://api.github.com/repos/dask/dask-gke,https://api.github.com/repos/dask/dask-gke/issues/14/labels{/name},https://api.github.com/repos/dask/dask-gke/issues/14/comments,https://api.github.com/repos/dask/dask-gke/issues/14/events,https://github.com/dask/dask-gke/issues/14,226785318,MDU6SXNzdWUyMjY3ODUzMTg=,14,Use port 80 or 443 for notebook and bokeh application?,mrocklin,,closed,True,,,,3,2017-05-06T16:35:46Z,2017-05-18T21:42:09Z,2017-05-18T21:42:09Z,MEMBER,By convention we serve on ports 8787 (dask/bokeh) and 8888 (jupyter).  However these ports may be blocked within enterprise environments.  Perhaps we should serve on typical ports like 80 (for http) and 443 (for https) which are usually not blocked?
https://api.github.com/repos/dask/dask-gke/issues/13,https://api.github.com/repos/dask/dask-gke,https://api.github.com/repos/dask/dask-gke/issues/13/labels{/name},https://api.github.com/repos/dask/dask-gke/issues/13/comments,https://api.github.com/repos/dask/dask-gke/issues/13/events,https://github.com/dask/dask-gke/issues/13,226785242,MDU6SXNzdWUyMjY3ODUyNDI=,13,Notebooks need to refer to scheduler address,mrocklin,,closed,True,,,,0,2017-05-06T16:34:39Z,2017-05-10T00:30:30Z,2017-05-10T00:30:30Z,MEMBER,"Currently the notebooks connect to `Client('127.0.0.1:8786')`.  This made sense on EC2 when both the scheduler and the jupyter notebook server were on the same machine.  Now these probably need to be changed to `Client('dask-scheduler:8786')`, which seems to work well."
https://api.github.com/repos/dask/dask-gke/issues/12,https://api.github.com/repos/dask/dask-gke,https://api.github.com/repos/dask/dask-gke/issues/12/labels{/name},https://api.github.com/repos/dask/dask-gke/issues/12/comments,https://api.github.com/repos/dask/dask-gke/issues/12/events,https://github.com/dask/dask-gke/issues/12,226784433,MDU6SXNzdWUyMjY3ODQ0MzM=,12,Relies on being run from the repo directory,mrocklin,,closed,True,,,,0,2017-05-06T16:23:51Z,2017-05-10T00:30:30Z,2017-05-10T00:30:30Z,MEMBER,"It appears that this tool requires being run from a directory that has a kubernetes subdirectory with appropriate yaml files.  While this is probably true in development it may not be true if someone pip installs this library.  Instead, would it be possible to look for a local `kubernetes` directory and then, if one does not exist, perhaps look at `~/.dask/kubernetes`, where perhaps we populate some default config files?

```
mrocklin@carbon:~$ dask-kubernetes create test-1
executing: gcloud config set compute/zone us-east1-b
Updated property [compute/zone].
executing: gcloud container clusters create test-1 --num-nodes 6 --machine-type n1-standard-4 --no-async --disk-size 50 --tags=dask,anacondascale
Creating cluster test-1...done.                                                                                   
Created [https://container.googleapis.com/v1/projects/continuum-compute/zones/us-east1-b/clusters/test-1].
kubeconfig entry generated for test-1.
NAME    ZONE        MASTER_VERSION  MASTER_IP       MACHINE_TYPE   NODE_VERSION  NUM_NODES  STATUS
test-1  us-east1-b  1.5.7           35.185.100.244  n1-standard-4  1.5.7         6          RUNNING
executing: gcloud container clusters get-credentials test-1
Fetching cluster endpoint and auth data.
kubeconfig entry generated for test-1.
executing: kubectl create -f kubernetes
error: the path ""kubernetes"" does not exist
```"
https://api.github.com/repos/dask/dask-gke/issues/11,https://api.github.com/repos/dask/dask-gke,https://api.github.com/repos/dask/dask-gke/issues/11/labels{/name},https://api.github.com/repos/dask/dask-gke/issues/11/comments,https://api.github.com/repos/dask/dask-gke/issues/11/events,https://github.com/dask/dask-gke/issues/11,224662339,MDU6SXNzdWUyMjQ2NjIzMzk=,11,Add CLI command to display cluster info,jbcrail,,closed,True,,,,0,2017-04-27T03:58:38Z,2017-05-10T01:57:22Z,2017-05-10T01:57:22Z,COLLABORATOR,"Similar to `dask` and `dask-ec2`, it would be helpful to give users easy access to common UI URLs for a given cluster.

Example usage:
```
$ dask-kubernetes info NAME

Addresses
---------
   Web Interface:  http://xxx.xxx.xxx.xxx:8787/status
 Scheduler (TCP):         xxx.xxx.xxx.xxx:8786
Scheduler (HTTP):         xxx.xxx.xxx.xxx:9786
           Bokeh:         xxx.xxx.xxx.xxx:8788
         Jupyter:         xxx.xxx.xxx.xxx:8888

To connect to scheduler inside of cluster
-----------------------------------------
from dask.distributed import Client
c = Client('dask-scheduler:8786')

To connect to scheduler outside of cluster
------------------------------------------
from dask.distributed import Client
c = Client('xxx.xxx.xxx.xxx:8786')
```"
https://api.github.com/repos/dask/dask-gke/issues/9,https://api.github.com/repos/dask/dask-gke,https://api.github.com/repos/dask/dask-gke/issues/9/labels{/name},https://api.github.com/repos/dask/dask-gke/issues/9/comments,https://api.github.com/repos/dask/dask-gke/issues/9/events,https://github.com/dask/dask-gke/issues/9,223731628,MDU6SXNzdWUyMjM3MzE2Mjg=,9,Building a Helm Chart for dask,SaMnCo,,closed,True,,,,4,2017-04-24T07:49:35Z,2017-05-18T21:42:03Z,2017-05-18T21:42:03Z,NONE,"Hi Martin, 

I am doing some work in the Kubernetes space around ML / DL, mostly on the infrastructure side to make it easy to onboard clustering. One of the things I have worked on is a Helm chart for Tensorflow (write up [here](https://medium.com/intuitionmachine/kubernetes-gpus-tensorflow-8696232862ca))

Someone told me that Anaconda would make a lot of sense, so I started looking into ways to run it on K8s, and your repo is the most advanced setup I can find. However, I try to stick to Helm packages in general, and you don't have that. 

Are you accepting PRs, and is this something you would value? 
If not, do you mind if I borrow your structure to start a chart? Any license you'd like to apply? 

Many thanks! I am also available on Twitter to discuss @SaMnCo_23. 

"
https://api.github.com/repos/dask/dask-gke/issues/7,https://api.github.com/repos/dask/dask-gke,https://api.github.com/repos/dask/dask-gke/issues/7/labels{/name},https://api.github.com/repos/dask/dask-gke/issues/7/comments,https://api.github.com/repos/dask/dask-gke/issues/7/events,https://github.com/dask/dask-gke/issues/7,220013529,MDU6SXNzdWUyMjAwMTM1Mjk=,7,CLI for cluster management,jbcrail,,closed,True,,,,9,2017-04-06T19:54:22Z,2017-04-26T18:01:28Z,2017-04-26T18:01:28Z,COLLABORATOR,"This will replace `scripts/make_cluster.sh` and is loosely based on the command `gcloud dataproc clusters` but specific to Dask.

Example usage:
```
$ dask-kube
Usage: dask-kube [--version] [--help] <command> [args]

Create and manage Dask clusters using Kubernetes on Google Cloud Platform.

Common commands:
    create             Create a cluster.
    delete             Delete a cluster.
    update             Update cluster configuration.
    describe           Show the details of a cluster.
    list               Show all clusters.
```"
https://api.github.com/repos/dask/dask-gke/issues/5,https://api.github.com/repos/dask/dask-gke,https://api.github.com/repos/dask/dask-gke/issues/5/labels{/name},https://api.github.com/repos/dask/dask-gke/issues/5/comments,https://api.github.com/repos/dask/dask-gke/issues/5/events,https://github.com/dask/dask-gke/issues/5,218775051,MDU6SXNzdWUyMTg3NzUwNTE=,5,Support demonstration workload,mrocklin,,closed,True,,,,0,2017-04-02T16:21:27Z,2017-07-05T14:24:27Z,2017-07-05T14:24:27Z,MEMBER,"One common use of dask-ec2 today is to support conferences and demonstrations.  To satisfy this application we would need the following:

1.  Include a copy of the notebooks within https://github.com/dask/dask-ec2/tree/master/notebooks though replacing data in the dask-data s3 bucket with equivalent data in a `dask-data` gcs container
2.  Include instructions to scale the cluster up and down so that it could be cheaply running forever and only scale up as needed
3.  Include instructions on how users can alter the conda environment in the dockerfile and distribute that image rather than the standard image provided here."
https://api.github.com/repos/dask/dask-gke/issues/4,https://api.github.com/repos/dask/dask-gke,https://api.github.com/repos/dask/dask-gke/issues/4/labels{/name},https://api.github.com/repos/dask/dask-gke/issues/4/comments,https://api.github.com/repos/dask/dask-gke/issues/4/events,https://github.com/dask/dask-gke/issues/4,218772409,MDU6SXNzdWUyMTg3NzI0MDk=,4,Naive run-through of README failed,mrocklin,,closed,True,,,,7,2017-04-02T15:40:29Z,2017-07-05T14:24:27Z,2017-07-05T14:24:27Z,MEMBER,"So I ran through the README got this point and then failed with the following error:

```
mrocklin@workstation:~/workspace/dask-kubernetes$ source scripts/make_cluster.sh 
Updated property [compute/zone].
ERROR: (gcloud.container.clusters.create) ResponseError: code=404, message=The resource ""projects/dask-cluster"" was not found.
Fetching cluster endpoint and auth data.
ERROR: (gcloud.container.clusters.get-credentials) ResponseError: code=404, message=The resource ""projects/dask-cluster"" was not found.
Unable to connect to the server: dial tcp 104.196.158.131:443: i/o timeout
```

My first guess here is that I have some config file hidden somewhere on my computer pointing gcloud to use an old resource.  I suspect that I'm failing to properly execute this step in the README:

> Register on the [Google Cloud Platform](https://cloud.google.com/), setup a billing account and create a project with the Google Compute Engine API enabled.

I am (perhaps naively) assuming that my previous projects on my work account already satisfy this constraint.  Looking on there now it looks like there are a couple of these active.  How does gcloud choose between them?  How does it choose between these and my personal account?  Do we know why it is finding this old `dask-cluster` project?

This is probably all on me rather than on this project, but any thoughts on how gcloud determines what project is uses would be welcome."
https://api.github.com/repos/dask/dask-gke/issues/1,https://api.github.com/repos/dask/dask-gke,https://api.github.com/repos/dask/dask-gke/issues/1/labels{/name},https://api.github.com/repos/dask/dask-gke/issues/1/comments,https://api.github.com/repos/dask/dask-gke/issues/1/events,https://github.com/dask/dask-gke/issues/1,216764400,MDU6SXNzdWUyMTY3NjQ0MDA=,1,Change name to dask-kubernetes?,mrocklin,,closed,True,,,,1,2017-03-24T12:02:23Z,2017-04-03T13:24:10Z,2017-04-03T13:24:10Z,MEMBER,"I've been trying to remove the name `distributed` from any package or documentation.  It's a bad name for a software project.  I've been calling the whole thing just dask.  This would leave us with 

    kubernetes-dask

Many other dask projects switch the name here to something like `dask-foo`.  For example `dask-drmaa`, `dask-marathon`, `dask-ssh`, `dask-ec2`, etc..  It might be more consistent to follow this pattern."
