URL,Repository URL,Labels URL,Comments URL,Events URL,HTML URL,ID,Node ID,Number,Title,User,Labels,State,Locked,Assignee,Assignees,Milestone,Comments,Created At,Updated At,Closed At,Author Association,Body
https://api.github.com/repos/dask/dask-org/issues/3,https://api.github.com/repos/dask/dask-org,https://api.github.com/repos/dask/dask-org/issues/3/labels{/name},https://api.github.com/repos/dask/dask-org/issues/3/comments,https://api.github.com/repos/dask/dask-org/issues/3/events,https://github.com/dask/dask-org/issues/3,798479133,MDU6SXNzdWU3OTg0NzkxMzM=,3,"Move default branch from ""master"" -> ""main""",jsignell,,closed,False,,,,1,2021-02-01T15:52:15Z,2021-02-01T17:22:45Z,2021-02-01T17:22:44Z,MEMBER,"@jrbourbeau and I are in the process of moving the default branch for this repo from master to main. 

 - [x] Changed in GitHub
 - [x] ~~Merged PR to change branch name in code.~~ -> none needed

### What you'll see
Once the name on github is changed (the first box above is Xed, or this issue closed), when you try to `git pull` you'll get 

```bash
Your configuration specifies to merge with the ref 'refs/heads/master'
from the remote, but no such ref was fetched.
```

### What you need to do

First: **head to your fork and rename the default branch there**
Then:
```bash
git branch -m master main
git fetch origin
git branch -u origin/main main
```"
https://api.github.com/repos/dask/dask-org/issues/1,https://api.github.com/repos/dask/dask-org,https://api.github.com/repos/dask/dask-org/issues/1/labels{/name},https://api.github.com/repos/dask/dask-org/issues/1/comments,https://api.github.com/repos/dask/dask-org/issues/1/events,https://github.com/dask/dask-org/issues/1,161283335,MDU6SXNzdWUxNjEyODMzMzU=,1,Deprecate?,mrocklin,,closed,False,,,,1,2016-06-20T20:13:56Z,2016-06-20T20:14:40Z,2016-06-20T20:14:40Z,MEMBER,"This isn't seeing any love these days?  Should we remove it?
"
