URL,Repository URL,Labels URL,Comments URL,Events URL,HTML URL,ID,Node ID,Number,Title,User,Labels,State,Locked,Assignee,Assignees,Milestone,Comments,Created At,Updated At,Closed At,Author Association,Body
https://api.github.com/repos/dask/dask-ml-benchmarks/issues/5,https://api.github.com/repos/dask/dask-ml-benchmarks,https://api.github.com/repos/dask/dask-ml-benchmarks/issues/5/labels{/name},https://api.github.com/repos/dask/dask-ml-benchmarks/issues/5/comments,https://api.github.com/repos/dask/dask-ml-benchmarks/issues/5/events,https://github.com/dask/dask-ml-benchmarks/issues/5,828067515,MDU6SXNzdWU4MjgwNjc1MTU=,5,Verify that Read the Docs is building after master -> main ,jsignell,,closed,True,,,,2,2021-03-10T17:15:25Z,2022-06-11T13:11:53Z,2022-06-11T13:11:53Z,MEMBER,"Spotted on https://github.com/dask/dask-cloudprovider/issues/244#issuecomment-795310925. Read The Docs was still building `latest` from the `master` branch and builds were failing. It was configured to build from the default branch, but had cached the value `master` somewhere. Manually pointing it to  `main` in the RtD control panel fixed things.
"
https://api.github.com/repos/dask/dask-ml-benchmarks/issues/4,https://api.github.com/repos/dask/dask-ml-benchmarks,https://api.github.com/repos/dask/dask-ml-benchmarks/issues/4/labels{/name},https://api.github.com/repos/dask/dask-ml-benchmarks/issues/4/comments,https://api.github.com/repos/dask/dask-ml-benchmarks/issues/4/events,https://github.com/dask/dask-ml-benchmarks/issues/4,803860866,MDU6SXNzdWU4MDM4NjA4NjY=,4,"Move default branch from ""master"" -> ""main""",jsignell,,closed,True,,,,0,2021-02-08T19:32:42Z,2021-02-08T19:58:38Z,2021-02-08T19:58:38Z,MEMBER,"@jrbourbeau and I are in the process of moving the default branch for this repo from master to main. 

 - [x] Changed in GitHub
 - [x] ~~Merged PR to change branch name in code~~
 
### What you'll see
Once the name on github is changed (the first box above is Xed, or this issue closed), when you try to `git pull` you'll get 

```bash
Your configuration specifies to merge with the ref 'refs/heads/master'
from the remote, but no such ref was fetched.
```

### What you need to do

First: **head to your fork and rename the default branch there**
Then:
```bash
git branch -m master main
git fetch origin
git branch -u origin/main main
```"
