URL,Repository URL,Labels URL,Comments URL,Events URL,HTML URL,ID,Node ID,Number,Title,User,Labels,State,Locked,Assignee,Assignees,Milestone,Comments,Created At,Updated At,Closed At,Author Association,Body
https://api.github.com/repos/dask/dask.github.io/issues/57,https://api.github.com/repos/dask/dask.github.io,https://api.github.com/repos/dask/dask.github.io/issues/57/labels{/name},https://api.github.com/repos/dask/dask.github.io/issues/57/comments,https://api.github.com/repos/dask/dask.github.io/issues/57/events,https://github.com/dask/dask.github.io/issues/57,1422791382,I_kwDOCNrcZs5UzhLW,57,docs website is down,ntabris,,closed,False,,,,7,2022-10-25T17:02:09Z,2022-10-27T14:24:46Z,2022-10-25T18:35:41Z,NONE,"docs.dask.org is returning 403

<img width=""286"" alt=""image"" src=""https://user-images.githubusercontent.com/46289310/197836943-1495c5c9-6ded-4ba5-9ca7-68cc7b288da9.png"">
"
https://api.github.com/repos/dask/dask.github.io/issues/50,https://api.github.com/repos/dask/dask.github.io,https://api.github.com/repos/dask/dask.github.io/issues/50/labels{/name},https://api.github.com/repos/dask/dask.github.io/issues/50/comments,https://api.github.com/repos/dask/dask.github.io/issues/50/events,https://github.com/dask/dask.github.io/issues/50,904916679,MDU6SXNzdWU5MDQ5MTY2Nzk=,50,Add a one-click Dask google calendar link,GenevieveBuckley,,closed,False,,,,2,2021-05-28T08:12:43Z,2021-06-01T21:53:30Z,2021-06-01T21:53:29Z,CONTRIBUTOR,"I've always found it super awkward to get the information from the Dask calendar on this page (https://docs.dask.org/en/latest/support.html) into my actual calendar. Perhaps adding this link to the webpage will make that easier for people: https://calendar.google.com/calendar/u/0?cid=NGwwdnRzMGMxY2dkYnE1amhjb2dqNTVzZnNAZ3JvdXAuY2FsZW5kYXIuZ29vZ2xlLmNvbQ



"
https://api.github.com/repos/dask/dask.github.io/issues/45,https://api.github.com/repos/dask/dask.github.io,https://api.github.com/repos/dask/dask.github.io/issues/45/labels{/name},https://api.github.com/repos/dask/dask.github.io/issues/45/comments,https://api.github.com/repos/dask/dask.github.io/issues/45/events,https://github.com/dask/dask.github.io/issues/45,805810728,MDU6SXNzdWU4MDU4MTA3Mjg=,45,docs.dask.org gives me a CloudFlare 1014 error,jadonn,,closed,False,,,,2,2021-02-10T19:39:56Z,2021-02-10T22:15:48Z,2021-02-10T22:15:48Z,NONE,"This is not a code bug error but a hosting/system error. If this is not the right place I am happy to re-file.

When I try to view the documents for Dask, I see a CloudFlare error. The error page says:

Error 1014 Ray ID: 61f761bdab3924ea • 2021-02-10 16:59:38 UTC
CNAME Cross-User Banned
What happened?
You've requested a page on a website that is part of the Cloudflare network. The host is configured as a CNAME across accounts on Cloudflare, which is prohibited by security policy.

What can I do?
If you are interested in learning more about Cloudflare, please visit our website.

Cloudflare Ray ID: 61f761bdab3924ea • Your IP: REDACTED • Performance & security by Cloudflare
--- End of Error ---

If it makes any difference, I'm in the eastern United States. I can provide a screenshot if necessary.
"
https://api.github.com/repos/dask/dask.github.io/issues/43,https://api.github.com/repos/dask/dask.github.io,https://api.github.com/repos/dask/dask.github.io/issues/43/labels{/name},https://api.github.com/repos/dask/dask.github.io/issues/43/comments,https://api.github.com/repos/dask/dask.github.io/issues/43/events,https://github.com/dask/dask.github.io/issues/43,798480507,MDU6SXNzdWU3OTg0ODA1MDc=,43,"Move default branch from ""master"" -> ""main""",jsignell,,closed,False,,,,1,2021-02-01T15:53:49Z,2021-02-01T17:25:44Z,2021-02-01T17:25:43Z,MEMBER,"@jrbourbeau and I are in the process of moving the default branch for this repo from master to main. 

 - [x] Changed in GitHub
 - [x] Merged PR to change branch name in code.(#42)

### What you'll see
Once the name on github is changed (the first box above is Xed, or this issue closed), when you try to `git pull` you'll get 

```bash
Your configuration specifies to merge with the ref 'refs/heads/master'
from the remote, but no such ref was fetched.
```

### What you need to do

First: **head to your fork and rename the default branch there**
Then:
```bash
git branch -m master main
git fetch origin
git branch -u origin/main main
```"
https://api.github.com/repos/dask/dask.github.io/issues/40,https://api.github.com/repos/dask/dask.github.io,https://api.github.com/repos/dask/dask.github.io/issues/40/labels{/name},https://api.github.com/repos/dask/dask.github.io/issues/40/comments,https://api.github.com/repos/dask/dask.github.io/issues/40/events,https://github.com/dask/dask.github.io/issues/40,772284858,MDU6SXNzdWU3NzIyODQ4NTg=,40,anchor supported by section,raybellwaves,,closed,False,,,,4,2020-12-21T16:17:45Z,2020-12-21T19:30:15Z,2020-12-21T19:30:15Z,MEMBER,"Currently the way to go to the supported by section is to go https://dask.org/ then scroll to the bottom.

A hyperlink to this section would be beneficial and perhaps hyperlinks to the other sections e.g. Powered by dask.
"
https://api.github.com/repos/dask/dask.github.io/issues/36,https://api.github.com/repos/dask/dask.github.io,https://api.github.com/repos/dask/dask.github.io/issues/36/labels{/name},https://api.github.com/repos/dask/dask.github.io/issues/36/comments,https://api.github.com/repos/dask/dask.github.io/issues/36/events,https://github.com/dask/dask.github.io/issues/36,717442208,MDU6SXNzdWU3MTc0NDIyMDg=,36,Add Plotly in Powered by Dask section in homepage,rpanai,,open,False,,,,11,2020-10-08T02:05:56Z,2020-10-08T18:11:15Z,,NONE,As in title Plotly with Dash Enterprise is using Dask [https://plotly.com/dash/gpu-dask-acceleration/](https://plotly.com/dash/gpu-dask-acceleration/) I think this satisfies  _use Dask to power components of their infrastructure_ in [dask.org](https://dask.org/)
https://api.github.com/repos/dask/dask.github.io/issues/31,https://api.github.com/repos/dask/dask.github.io,https://api.github.com/repos/dask/dask.github.io/issues/31/labels{/name},https://api.github.com/repos/dask/dask.github.io/issues/31/comments,https://api.github.com/repos/dask/dask.github.io/issues/31/events,https://github.com/dask/dask.github.io/issues/31,679842817,MDU6SXNzdWU2Nzk4NDI4MTc=,31,"Adding DataPrep to ""Powered by Dask""",dovahcrow,,closed,False,,,,3,2020-08-16T22:52:41Z,2020-08-25T01:31:40Z,2020-08-25T01:31:40Z,CONTRIBUTOR,"Hi team, our new library, DataPrep (https://github.com/sfu-db/dataprep), is using Dask for its execution engine. Is there any chance that we can be listed under the ""Powered by Dask"" section on ""https://dask.org/""?

DataPrep is a library that lets data scientists prepare the data using a single library with a few lines of code. One of its modules, DataPrep.eda uses Dask extensively as its execution engine for calculating the statistics and data for charts."
https://api.github.com/repos/dask/dask.github.io/issues/24,https://api.github.com/repos/dask/dask.github.io,https://api.github.com/repos/dask/dask.github.io/issues/24/labels{/name},https://api.github.com/repos/dask/dask.github.io/issues/24/comments,https://api.github.com/repos/dask/dask.github.io/issues/24/events,https://github.com/dask/dask.github.io/issues/24,532123162,MDU6SXNzdWU1MzIxMjMxNjI=,24,Verify accessibility,TomAugspurger,,open,False,,,,1,2019-12-03T16:52:31Z,2019-12-03T17:02:52Z,,MEMBER,"http://wave.webaim.org/ has some tools for this.

The one on their website doesn't work, but you can install a plugin.

<img width=""1900"" alt=""Screen Shot 2019-12-03 at 10 51 55 AM"" src=""https://user-images.githubusercontent.com/1312546/70071404-f4009280-15ba-11ea-94d1-7b293aaf85a7.png"">

Overall things look good. Mostly just contrast errors, some lack of alt-text on images."
https://api.github.com/repos/dask/dask.github.io/issues/22,https://api.github.com/repos/dask/dask.github.io,https://api.github.com/repos/dask/dask.github.io/issues/22/labels{/name},https://api.github.com/repos/dask/dask.github.io/issues/22/comments,https://api.github.com/repos/dask/dask.github.io/issues/22/events,https://github.com/dask/dask.github.io/issues/22,528999902,MDU6SXNzdWU1Mjg5OTk5MDI=,22,Use a lighter background color,jrbourbeau,,closed,False,,,,2,2019-11-26T22:11:08Z,2019-12-04T23:32:32Z,2019-12-04T23:32:32Z,MEMBER,We updated `dask-sphinx-theme` to use `#1a1a1a` instead of `black` for background colors in https://github.com/dask/dask-sphinx-theme/pull/28. We should do the same here
https://api.github.com/repos/dask/dask.github.io/issues/13,https://api.github.com/repos/dask/dask.github.io,https://api.github.com/repos/dask/dask.github.io/issues/13/labels{/name},https://api.github.com/repos/dask/dask.github.io/issues/13/comments,https://api.github.com/repos/dask/dask.github.io/issues/13/events,https://github.com/dask/dask.github.io/issues/13,464428558,MDU6SXNzdWU0NjQ0Mjg1NTg=,13,Add dask.org/survey redirect,jrbourbeau,,closed,False,,,,1,2019-07-05T01:42:55Z,2019-07-05T06:30:15Z,2019-07-05T06:30:15Z,MEMBER,"It would be nice to have a url under dask.org, something like dask.org/survey, that re-directs to the [user survey](https://docs.google.com/forms/d/e/1FAIpQLSeG12dOna6dIR85Qza6Cr_CZ9rxqH08pilmeQR7ehaJDu25Fw/viewform). Not sure if it's straightforward to do such a re-direct on the server. cc @aterrel

We could also add javascript similar to the http -> https redirect in https://github.com/dask/dask-sphinx-theme/pull/12"
https://api.github.com/repos/dask/dask.github.io/issues/3,https://api.github.com/repos/dask/dask.github.io,https://api.github.com/repos/dask/dask.github.io/issues/3/labels{/name},https://api.github.com/repos/dask/dask.github.io/issues/3/comments,https://api.github.com/repos/dask/dask.github.io/issues/3/events,https://github.com/dask/dask.github.io/issues/3,436807466,MDU6SXNzdWU0MzY4MDc0NjY=,3,Anaconda logo is missing,mrocklin,,closed,False,,,,9,2019-04-24T17:00:40Z,2019-04-24T17:52:22Z,2019-04-24T17:51:58Z,MEMBER,"On the front page of dask.org we are pointing to an Anaconda Logo that is no longer on the web.  What is a good long-term stable link that we can use?

cc @jcrist @seibert"
https://api.github.com/repos/dask/dask.github.io/issues/1,https://api.github.com/repos/dask/dask.github.io,https://api.github.com/repos/dask/dask.github.io/issues/1/labels{/name},https://api.github.com/repos/dask/dask.github.io/issues/1/comments,https://api.github.com/repos/dask/dask.github.io/issues/1/events,https://github.com/dask/dask.github.io/issues/1,368742717,MDU6SXNzdWUzNjg3NDI3MTc=,1,Match navbar with dask-sphinx-theme,mrocklin,,open,False,,,,0,2018-10-10T16:11:54Z,2018-10-10T16:11:54Z,,MEMBER,"The dask.org navbar has different content, and is somewhat less pleasant than the navbar used in `dask_sphinx_theme` (every other dask page).  It would be good to move the sphinx theme's navbar over to the main page in this repository.

I would be happy with a copy-paste job here, but ideally we would find some way to have this repository mirror changes in dask-sphinx-theme.

Does anyone have any suggestions on if this is possible, and if so how?

cc @TomAugspurger @dsludwig"
