URL,Repository URL,Labels URL,Comments URL,Events URL,HTML URL,ID,Node ID,Number,Title,User,Labels,State,Locked,Assignee,Assignees,Milestone,Comments,Created At,Updated At,Closed At,Author Association,Body
https://api.github.com/repos/dask/dask-benchmarks/issues/51,https://api.github.com/repos/dask/dask-benchmarks,https://api.github.com/repos/dask/dask-benchmarks/issues/51/labels{/name},https://api.github.com/repos/dask/dask-benchmarks/issues/51/comments,https://api.github.com/repos/dask/dask-benchmarks/issues/51/events,https://github.com/dask/dask-benchmarks/issues/51,2001935539,I_kwDOBFLKA853Uxyz,51,Running benchmarks fails,Martmists-GH,,open,False,,,,0,2023-11-20T11:05:33Z,2023-11-20T11:05:33Z,,NONE,"**Describe the issue**:

Running the benchmarks fails with 
```
· Cloning project.
· Fetching recent changes
· Creating environments
·· Failure creating environment for conda-py3.8-cloudpickle-distributed-fsspec-numpy-pandas-partd-pip+cityhash-pip+xxhash-pyarrow-pytables-s3fs-scipy-toolz
·· Could not find 'conda' in PATH
```

**Minimal Complete Verifiable Example**:

1. Clone the project
2. Run `cd dask`
3. Run `asv run` 

**Anything else we need to know?**:

N/A

**Environment**:

- Dask version: 2023.11.0
- Python version: 3.11.5
- Operating System: RHEL 8
- Install method (conda, pip, source): pip
"
https://api.github.com/repos/dask/dask-benchmarks/issues/48,https://api.github.com/repos/dask/dask-benchmarks,https://api.github.com/repos/dask/dask-benchmarks/issues/48/labels{/name},https://api.github.com/repos/dask/dask-benchmarks/issues/48/comments,https://api.github.com/repos/dask/dask-benchmarks/issues/48/events,https://github.com/dask/dask-benchmarks/issues/48,1268139125,I_kwDOBFLKA85LlkR1,48,`asyncio.exceptions.CancelledError` in CI,jakirkham,,open,False,,,,0,2022-06-11T02:27:23Z,2022-06-11T02:27:23Z,,MEMBER,"Didn't see this issue in [past successful CI run]( https://dev.azure.com/dask-dev/dask/_build/results?buildId=2184&view=logs&j=12f1170f-54f2-53f3-20dd-22fc7dff55f9&t=bd05475d-acb5-5619-3ccb-c46842dbc997 )s. Though it is showing up [in current CI runs]( https://dev.azure.com/dask-dev/dask/_build/results?buildId=2257&view=logs&j=12f1170f-54f2-53f3-20dd-22fc7dff55f9&t=59a85588-b0ba-5043-24c4-d9e29d89c6f6&l=52 ). Missed previously as CI didn't actually fail. Snippet of the traceback below (this repeats a few times).

```python
Traceback (most recent call last):
  File ""/home/vsts/work/1/s/distributed/.asv/env/34416fe3a6147c2fc95c423511ab564e/lib/python3.8/site-packages/distributed/utils.py"", line 761, in wrapper
    return await func(*args, **kwargs)
  File ""/home/vsts/work/1/s/distributed/.asv/env/34416fe3a6147c2fc95c423511ab564e/lib/python3.8/site-packages/distributed/client.py"", line 1211, in _reconnect
    await self._ensure_connected(timeout=timeout)
  File ""/home/vsts/work/1/s/distributed/.asv/env/34416fe3a6147c2fc95c423511ab564e/lib/python3.8/site-packages/distributed/client.py"", line 1241, in _ensure_connected
    comm = await connect(
  File ""/home/vsts/work/1/s/distributed/.asv/env/34416fe3a6147c2fc95c423511ab564e/lib/python3.8/site-packages/distributed/comm/core.py"", line 313, in connect
    await asyncio.sleep(backoff)
  File ""/home/vsts/work/1/s/distributed/.asv/env/34416fe3a6147c2fc95c423511ab564e/lib/python3.8/asyncio/tasks.py"", line 659, in sleep
    return await future
asyncio.exceptions.CancelledError
```

It's unclear whether this is actually an issue with the benchmarks or if it is a Distributed bug. This it is related to [the `WorkerRestrictionsSuite` benchmark]( https://github.com/dask/dask-benchmarks/blob/38eaccb1c92503e8a73445b9810c32e53a4ddbc5/distributed/benchmarks/client.py#L37 ), which caused some issues when fixing CI (due to upstream changes in Distributed). So there may be more issues still there."
https://api.github.com/repos/dask/dask-benchmarks/issues/44,https://api.github.com/repos/dask/dask-benchmarks,https://api.github.com/repos/dask/dask-benchmarks/issues/44/labels{/name},https://api.github.com/repos/dask/dask-benchmarks/issues/44/comments,https://api.github.com/repos/dask/dask-benchmarks/issues/44/events,https://github.com/dask/dask-benchmarks/issues/44,803977464,MDU6SXNzdWU4MDM5Nzc0NjQ=,44,"Move default branch from ""master"" -> ""main""",jsignell,,open,False,,,,0,2021-02-08T21:18:54Z,2021-02-08T21:18:54Z,,MEMBER,"@jrbourbeau and I are in the process of moving the default branch for this repo from master to main. 

 - [ ] Changed in GitHub
 - [ ] Merged PR to change branch name in code (xref #43) 
 
### What you'll see
Once the name on github is changed (the first box above is Xed, or this issue closed), when you try to `git pull` you'll get 

```bash
Your configuration specifies to merge with the ref 'refs/heads/master'
from the remote, but no such ref was fetched.
```

### What you need to do

First: **head to your fork and rename the default branch there**
Then:
```bash
git branch -m master main
git fetch origin
git branch -u origin/main main
```"
https://api.github.com/repos/dask/dask-benchmarks/issues/42,https://api.github.com/repos/dask/dask-benchmarks,https://api.github.com/repos/dask/dask-benchmarks/issues/42/labels{/name},https://api.github.com/repos/dask/dask-benchmarks/issues/42/comments,https://api.github.com/repos/dask/dask-benchmarks/issues/42/events,https://github.com/dask/dask-benchmarks/issues/42,735190791,MDU6SXNzdWU3MzUxOTA3OTE=,42,Migrate CI to GitHub Actions,jacobtomlinson,,open,False,,,,0,2020-11-03T10:14:04Z,2020-11-03T10:14:04Z,,MEMBER,"Due to changes in the Travis CI billing, the Dask org is migrating CI to GitHub Actions.

This repo contains a `.travis.yml` file which needs to be replaced with an equivalent `.github/workflows/ci.yml` file.

See dask/community#107 for more details."
https://api.github.com/repos/dask/dask-benchmarks/issues/41,https://api.github.com/repos/dask/dask-benchmarks,https://api.github.com/repos/dask/dask-benchmarks/issues/41/labels{/name},https://api.github.com/repos/dask/dask-benchmarks/issues/41/comments,https://api.github.com/repos/dask/dask-benchmarks/issues/41/events,https://github.com/dask/dask-benchmarks/issues/41,614889491,MDU6SXNzdWU2MTQ4ODk0OTE=,41,Benchmark for graph construction,quasiben,,open,False,,,,0,2020-05-08T17:52:04Z,2020-05-08T17:52:04Z,,MEMBER,"While exploring scheduler improvements it was recently discovered that removing redundant string concatenations has a measurable performance increase.  Tom noted that there currently were no isolated benchmarks which [tested graph construction](https://github.com/dask/dask/pull/6137#issuecomment-624865967)

We could do something similar to what was suggested in https://github.com/dask/dask/pull/6137

```python
In [2]: ddf_d = timeseries(start='2000-01-01', end='2002-01-01', partition_freq='1d')

In [3]: %timeit shuffle(ddf_d, ""id"", shuffle=""tasks"")
67.2 ms ± 2.54 ms per loop (mean ± std. dev. of 7 runs, 10 loops each)
```"
https://api.github.com/repos/dask/dask-benchmarks/issues/30,https://api.github.com/repos/dask/dask-benchmarks,https://api.github.com/repos/dask/dask-benchmarks/issues/30/labels{/name},https://api.github.com/repos/dask/dask-benchmarks/issues/30/comments,https://api.github.com/repos/dask/dask-benchmarks/issues/30/events,https://github.com/dask/dask-benchmarks/issues/30,538652250,MDU6SXNzdWU1Mzg2NTIyNTA=,30,How to support asynchronous functions?,mrocklin,,open,False,,,,1,2019-12-16T20:55:36Z,2019-12-16T21:14:38Z,,MEMBER,Much of the distributed codebase should probably be tested with `async def` functions.  Does anyone have experience here?  A quick web search doesn't list much.  
https://api.github.com/repos/dask/dask-benchmarks/issues/27,https://api.github.com/repos/dask/dask-benchmarks,https://api.github.com/repos/dask/dask-benchmarks/issues/27/labels{/name},https://api.github.com/repos/dask/dask-benchmarks/issues/27/comments,https://api.github.com/repos/dask/dask-benchmarks/issues/27/events,https://github.com/dask/dask-benchmarks/issues/27,535859284,MDU6SXNzdWU1MzU4NTkyODQ=,27,Benchmarks wishlist,TomAugspurger,,open,False,,,,0,2019-12-10T16:54:59Z,2020-02-04T19:51:42Z,,MEMBER,"What high-level areas do we want coverage in?

- [x] dask.order.order
- [ ] Anything from dask.core?
- [x] dask.optimization?
- [ ] task stealing?
- [ ] scheduler throughput on large graphs?
- [ ] ...


cc @mrocklin @jrbourbeau @eriknw (I think Erik has some benchmarks for `dask.order.order`)"
https://api.github.com/repos/dask/dask-benchmarks/issues/25,https://api.github.com/repos/dask/dask-benchmarks,https://api.github.com/repos/dask/dask-benchmarks/issues/25/labels{/name},https://api.github.com/repos/dask/dask-benchmarks/issues/25/comments,https://api.github.com/repos/dask/dask-benchmarks/issues/25/events,https://github.com/dask/dask-benchmarks/issues/25,532868871,MDU6SXNzdWU1MzI4Njg4NzE=,25,Fail CI on failing benchmarks,TomAugspurger,,closed,False,,,,2,2019-12-04T18:49:53Z,2019-12-04T20:57:49Z,2019-12-04T20:57:49Z,MEMBER,"The CI passed for https://github.com/dask/dask-benchmarks/pull/24, despite some benchmarks failing."
https://api.github.com/repos/dask/dask-benchmarks/issues/19,https://api.github.com/repos/dask/dask-benchmarks,https://api.github.com/repos/dask/dask-benchmarks/issues/19/labels{/name},https://api.github.com/repos/dask/dask-benchmarks/issues/19/comments,https://api.github.com/repos/dask/dask-benchmarks/issues/19/events,https://github.com/dask/dask-benchmarks/issues/19,410343313,MDU6SXNzdWU0MTAzNDMzMTM=,19,Join and merge benchmarks.,racinmat,,open,False,,,,2,2019-02-14T15:05:18Z,2019-02-24T04:59:39Z,,NONE,"Is there benchmark for join and merge operation on indexed columns? According to official Dask performance guide, this operation should be fast compared to pandas, but when benchmarking on my data, the speed up when using 8 partitions was ~7% which was quite disappointing, and I could not find any benchmarks for this."
https://api.github.com/repos/dask/dask-benchmarks/issues/14,https://api.github.com/repos/dask/dask-benchmarks,https://api.github.com/repos/dask/dask-benchmarks/issues/14/labels{/name},https://api.github.com/repos/dask/dask-benchmarks/issues/14/comments,https://api.github.com/repos/dask/dask-benchmarks/issues/14/events,https://github.com/dask/dask-benchmarks/issues/14,321397684,MDU6SXNzdWUzMjEzOTc2ODQ=,14,Usage,rainwoodman,,open,False,,,,0,2018-05-09T01:15:26Z,2018-05-09T01:15:26Z,,CONTRIBUTOR,"Is this a correct way to trigger asv on a single commit?

```
asv run --bench array.FancyIndexing master...master^
```

"
https://api.github.com/repos/dask/dask-benchmarks/issues/10,https://api.github.com/repos/dask/dask-benchmarks,https://api.github.com/repos/dask/dask-benchmarks/issues/10/labels{/name},https://api.github.com/repos/dask/dask-benchmarks/issues/10/comments,https://api.github.com/repos/dask/dask-benchmarks/issues/10/events,https://github.com/dask/dask-benchmarks/issues/10,226082429,MDU6SXNzdWUyMjYwODI0Mjk=,10,Benchmark weld enabled dask,stoneyv,,closed,False,,,,1,2017-05-03T18:58:56Z,2019-07-03T13:11:10Z,2019-03-10T20:27:35Z,NONE,"I want to see if the Stanford weld project will speed up dask like they did with project grizzly for pandas and numpy.  Shoumik Palkar of the weld project said that he is interested in enabling Dask. 

Shoumik Palkar of the Stanford weld project expressed interest in enabling Dask with ""weld"" as they have done with ""grizzly"" for pandas and numpy.
https://groups.google.com/forum/#!topic/weld-users/SEC33lLaTG8
https://github.com/weld-project/weld/tree/master/examples/python/grizzly

Only the compiler is implemented in the language rust.  It generates native x86 code using LLVM.
https://groups.google.com/forum/#!topic/weld-users/g4QSbSDf4l0

Weld paper
https://cs.stanford.edu/~matei/papers/2017/cidr_weld.pdf"
https://api.github.com/repos/dask/dask-benchmarks/issues/3,https://api.github.com/repos/dask/dask-benchmarks,https://api.github.com/repos/dask/dask-benchmarks/issues/3/labels{/name},https://api.github.com/repos/dask/dask-benchmarks/issues/3/comments,https://api.github.com/repos/dask/dask-benchmarks/issues/3/events,https://github.com/dask/dask-benchmarks/issues/3,186937549,MDU6SXNzdWUxODY5Mzc1NDk=,3,setup gh-pages with this,jreback,,open,False,,,,9,2016-11-02T22:30:05Z,2016-12-01T14:07:07Z,,NONE,"```
usage: asv gh-pages [-h] [--no-push] [--verbose] [--config CONFIG] [--version]

Publish the results to github pages. Updates the 'gh-pages' branch in the
current repository, and pushes it to 'origin'.

optional arguments:
  -h, --help       show this help message and exit
  --no-push        Update local gh-pages branch but don't push
  --verbose, -v    Increase verbosity
  --config CONFIG  Benchmark configuration file
  --version        Print program version
```"
https://api.github.com/repos/dask/dask-benchmarks/issues/1,https://api.github.com/repos/dask/dask-benchmarks,https://api.github.com/repos/dask/dask-benchmarks/issues/1/labels{/name},https://api.github.com/repos/dask/dask-benchmarks/issues/1/comments,https://api.github.com/repos/dask/dask-benchmarks/issues/1/events,https://github.com/dask/dask-benchmarks/issues/1,186778871,MDU6SXNzdWUxODY3Nzg4NzE=,1,Documentation,TomAugspurger,,open,False,,,,8,2016-11-02T11:44:39Z,2016-12-05T22:37:49Z,,MEMBER,"This is a sketch for some sections of documentation that should go in the README.

## What to test?

Ideally, benchmarks measure how long *our project* (dask, distributed) spends doing something, not the underlying libraries they're built on. We want to limit the variance across runs to just code we control.

For example, I suspect `(self.data.a > 0).compute()` is not a great benchmark. My *guess* (without having profiled) is that the `.compute` part takes the majority of the time, most of which would be in pandas / NumPy. (I need to profile all these. I'm reading through dask now to find places where dask is doing a lot of work.)

## Benchmarking new Code

If you're writing an optimization, say, you can benchmark it by

- writing a benchmark that exercises your optimization and placing it in `benchmarks/`
- setting the `repo` field in `asv.conf.json` to the path of your dask / distributed repository on your local file system
- running `asv continuous -f 1.1 upstream/master HEAD`  (optionally with a regex `-b <regex>` to filter to just your benchmark.

## Naming Conventions

## Directory Structure

This repository contains benchmarks for several dask related projects.
Each project needs it's own benchmark directory because `asv` is built around
one configuration file (`asv.conf.json`) and benchmark suite per repository."
