URL,Repository URL,Labels URL,Comments URL,Events URL,HTML URL,ID,Node ID,Number,Title,User,Labels,State,Locked,Assignee,Assignees,Milestone,Comments,Created At,Updated At,Closed At,Author Association,Body
https://api.github.com/repos/dask/old-dask-examples/issues/20,https://api.github.com/repos/dask/old-dask-examples,https://api.github.com/repos/dask/old-dask-examples/issues/20/labels{/name},https://api.github.com/repos/dask/old-dask-examples/issues/20/comments,https://api.github.com/repos/dask/old-dask-examples/issues/20/events,https://github.com/dask/old-dask-examples/issues/20,509954520,MDU6SXNzdWU1MDk5NTQ1MjA=,20,Archived?,jacobtomlinson,,open,True,,,,2,2019-10-21T13:14:37Z,2021-02-09T14:57:16Z,,MEMBER,Should this repo be archived as it is deprecated?
https://api.github.com/repos/dask/old-dask-examples/issues/17,https://api.github.com/repos/dask/old-dask-examples,https://api.github.com/repos/dask/old-dask-examples/issues/17/labels{/name},https://api.github.com/repos/dask/old-dask-examples/issues/17/comments,https://api.github.com/repos/dask/old-dask-examples/issues/17/events,https://github.com/dask/old-dask-examples/issues/17,192424522,MDU6SXNzdWUxOTI0MjQ1MjI=,17,ImportError in Binder timeseries example,jrmontag,,open,True,,,,4,2016-11-29T22:47:54Z,2016-11-30T00:07:42Z,,NONE,"With the Python 2 interpreter, the **Cumulative Sum, datetime resampling, and plotting** section of the `time-series-binder` notebook raises the following `ImportError` when run in Binder:


```
---------------------------------------------------------------------------
ImportError                               Traceback (most recent call last)
<ipython-input-5-0791d5c4aecd> in <module>()
----> 1 df.A.cumsum().resample('1w', how='mean').compute().plot()

/home/main/anaconda2/lib/python2.7/site-packages/dask/dataframe/core.pyc in resample(self, rule, how, closed, label)
    980     @derived_from(pd.Series)
    981     def resample(self, rule, how=None, closed=None, label=None):
--> 982         from .tseries.resample import _resample
    983         return _resample(self, rule, how=how, closed=closed, label=label)
    984 

ImportError: No module named tseries.resample
```"
https://api.github.com/repos/dask/old-dask-examples/issues/15,https://api.github.com/repos/dask/old-dask-examples,https://api.github.com/repos/dask/old-dask-examples/issues/15/labels{/name},https://api.github.com/repos/dask/old-dask-examples/issues/15/comments,https://api.github.com/repos/dask/old-dask-examples/issues/15/events,https://github.com/dask/old-dask-examples/issues/15,171649216,MDU6SXNzdWUxNzE2NDkyMTY=,15,No module named castra,jonititan,,open,True,,,,2,2016-08-17T12:49:59Z,2016-08-17T13:13:19Z,,NONE,"Error during evaluation in binder or in notebook on desktop for the 
- ""Time Series and Dask DataFrame""
- ""NYC Taxi 2013""

notebooks  an error is encountered with the text that no module named castra was found.
"
https://api.github.com/repos/dask/old-dask-examples/issues/13,https://api.github.com/repos/dask/old-dask-examples,https://api.github.com/repos/dask/old-dask-examples/issues/13/labels{/name},https://api.github.com/repos/dask/old-dask-examples/issues/13/comments,https://api.github.com/repos/dask/old-dask-examples/issues/13/events,https://github.com/dask/old-dask-examples/issues/13,124091720,MDU6SXNzdWUxMjQwOTE3MjA=,13,dask-array-basics,ricleal,,closed,True,,,,12,2015-12-28T17:02:03Z,2015-12-29T17:22:31Z,2015-12-29T13:00:50Z,NONE,"Hello,

Just wanted to let you know that while running the `dask-array-basics.ipynb`, I got the following error:

``` python
$ ipython
Python 2.7.11 (default, Dec 15 2015, 16:46:19) 
Type ""copyright"", ""credits"" or ""license"" for more information.

IPython 4.0.0 -- An enhanced Interactive Python.
?         -> Introduction and overview of IPython's features.
%quickref -> Quick reference.
help      -> Python's own help system.
object?   -> Details about 'object', use 'object??' for extra details.

In [1]: import dask.array as da

In [2]: x = da.fromfunction(lambda i, j, k: i + j + k**2, chunks=(5, 512, 512), shape=(100, 2048, 2048), dtype='f8')

In [3]: x.to_hdf5('myfile.hdf5', '/x', compression='lzf', shuffle=True)

In [4]: import h5py

In [5]: f = h5py.File('myfile.hdf5')

In [6]: dset = f['/x']

In [7]: dset
Out[7]: <HDF5 dataset ""x"": shape (100, 2048, 2048), type ""<f8"">

In [8]: dset.chunks
Out[8]: (5, 512, 512)

In [9]: import dask.array as da

In [10]: x = da.from_array(dset, chunks=(5, 512, 512))

In [11]: x
Out[11]: dask.array<from-ar..., shape=(100, 2048, 2048), dtype=float64, chunksize=(5, 512, 512)>

In [12]: a = x[0, :5, :5]

In [13]: b = x[:, :5, :5]

In [14]: c = a - b.mean()

In [15]: c.compute()
---------------------------------------------------------------------------
AttributeError                            Traceback (most recent call last)
<ipython-input-15-0c5d552d1b01> in <module>()
----> 1 c.compute()

/usr/local/lib/python2.7/dist-packages/dask/base.pyc in compute(self, **kwargs)
     32 
     33     def compute(self, **kwargs):
---> 34         return compute(self, **kwargs)[0]
     35 
     36     @classmethod

/usr/local/lib/python2.7/dist-packages/dask/base.pyc in compute(*args, **kwargs)
    100                 for opt, val in groups.items()])
    101     keys = [arg._keys() for arg in args]
--> 102     results = get(dsk, keys, **kwargs)
    103     return tuple(a._finalize(a, r) for a, r in zip(args, results))
    104 

/usr/local/lib/python2.7/dist-packages/dask/threaded.pyc in get(dsk, result, cache, num_workers, **kwargs)
     55     results = get_async(pool.apply_async, len(pool._pool), dsk, result,
     56                         cache=cache, queue=queue, get_id=_thread_get_id,
---> 57                         **kwargs)
     58 
     59     return results

/usr/local/lib/python2.7/dist-packages/dask/async.pyc in get_async(apply_async, num_workers, dsk, result, cache, queue, get_id, raise_on_exception, rerun_exceptions_locally, callbacks, **kwargs)
    481                 _execute_task(task, data)  # Re-execute locally
    482             else:
--> 483                 raise(remote_exception(res, tb))
    484         state['cache'][key] = res
    485         finish_task(dsk, key, state, results, keyorder.get)

AttributeError: 'thread._local' object has no attribute 'astype'

Traceback
---------
  File ""/usr/local/lib/python2.7/dist-packages/dask/async.py"", line 263, in execute_task
    result = _execute_task(task, data)
  File ""/usr/local/lib/python2.7/dist-packages/dask/async.py"", line 244, in _execute_task
    args2 = [_execute_task(a, cache) for a in args]
  File ""/usr/local/lib/python2.7/dist-packages/dask/async.py"", line 245, in _execute_task
    return func(*args2)
  File ""/usr/local/lib/python2.7/dist-packages/dask/array/core.py"", line 48, in getarray
    c = a[b]
  File ""/usr/lib/python2.7/dist-packages/h5py/_hl/dataset.py"", line 367, in __getitem__
    if self._local.astype is not None:


```

My system:

```
$ uname -a
Linux lealpc 3.13.0-74-generic #118-Ubuntu SMP Thu Dec 17 22:52:10 UTC 2015 x86_64 x86_64 x86_64 GNU/Linux
```
"
https://api.github.com/repos/dask/old-dask-examples/issues/2,https://api.github.com/repos/dask/old-dask-examples,https://api.github.com/repos/dask/old-dask-examples/issues/2/labels{/name},https://api.github.com/repos/dask/old-dask-examples/issues/2/comments,https://api.github.com/repos/dask/old-dask-examples/issues/2/events,https://github.com/dask/old-dask-examples/issues/2,105467000,MDU6SXNzdWUxMDU0NjcwMDA=,2,Convert github blogpost to live demo,mrocklin,,closed,True,,,,5,2015-09-08T20:53:38Z,2015-09-24T22:17:38Z,2015-09-24T22:17:38Z,MEMBER,"This blogpost http://continuum.io/blog/dask-distributed-cluster by @cowlicks might make a fun live notebook with binder.

This work would include the following:
1.  Integrate with cluster developers to host the github data on google storage
2.  Recreate some of the analysis and prose in the blogpost as a notebook within this repository
3.  Think about how these examples should be changed to be more interesting to interactive users.
"
https://api.github.com/repos/dask/old-dask-examples/issues/1,https://api.github.com/repos/dask/old-dask-examples,https://api.github.com/repos/dask/old-dask-examples/issues/1/labels{/name},https://api.github.com/repos/dask/old-dask-examples/issues/1/comments,https://api.github.com/repos/dask/old-dask-examples/issues/1/events,https://github.com/dask/old-dask-examples/issues/1,105466349,MDU6SXNzdWUxMDU0NjYzNDk=,1,Extend nyctaxi live binder example,mrocklin,,open,True,,,,0,2015-09-08T20:50:24Z,2015-09-08T20:50:24Z,,MEMBER,"Someone should do some data science on the NYC Taxi dataset that we can host on dask-examples with binder?  This notebook could use some love https://github.com/blaze/dask-examples/blob/master/nyctaxi-2013.ipynb .  This work could include the following:
1.  Think about analyses to do (or stealing analyses from previous work (of which there is quite a lot))
2.  Create visualizations (perhaps with bokeh)
3.  Think about how these analyses can be more fun for interactive users to play with (e.g. what are good examples where people can tweak parameters and get novel results)
4.  Work with anaconda cluster folk to add more datasets (like fare-2013 or the new datasets for 2014/2015)
5.  Compare differences between the old and new data
"
