URL,Repository URL,Labels URL,Comments URL,Events URL,HTML URL,ID,Node ID,Number,Title,User,Labels,State,Locked,Assignee,Assignees,Milestone,Comments,Created At,Updated At,Closed At,Author Association,Body
https://api.github.com/repos/dask/.github/issues/12,https://api.github.com/repos/dask/.github,https://api.github.com/repos/dask/.github/issues/12/labels{/name},https://api.github.com/repos/dask/.github/issues/12/comments,https://api.github.com/repos/dask/.github/issues/12/events,https://github.com/dask/.github/issues/12,801620239,MDU6SXNzdWU4MDE2MjAyMzk=,12,"Move default branch from ""master"" -> ""main""",jsignell,,closed,False,,,,0,2021-02-04T20:41:45Z,2021-02-05T19:50:19Z,2021-02-05T19:50:19Z,MEMBER,"@jrbourbeau and I are in the process of moving the default branch for this repo from master to main. 

 - [x] Changed in GitHub
 - [x] Merged PR to change branch name in code (xref #11) 
 
### What you'll see
Once the name on github is changed (the first box above is Xed, or this issue closed), when you try to `git pull` you'll get 

```bash
Your configuration specifies to merge with the ref 'refs/heads/master'
from the remote, but no such ref was fetched.
```

### What you need to do

First: **head to your fork and rename the default branch there**
Then:
```bash
git branch -m master main
git fetch origin
git branch -u origin/main main
```"
https://api.github.com/repos/dask/.github/issues/1,https://api.github.com/repos/dask/.github,https://api.github.com/repos/dask/.github/issues/1/labels{/name},https://api.github.com/repos/dask/.github/issues/1/comments,https://api.github.com/repos/dask/.github/issues/1/events,https://github.com/dask/.github/issues/1,564252086,MDU6SXNzdWU1NjQyNTIwODY=,1,Include PR and issue templates?,jsignell,,closed,False,,,,3,2020-02-12T20:30:25Z,2021-01-11T14:59:09Z,2021-01-11T14:59:08Z,MEMBER,I noticed recently that distributed doesn't have PR templates. Should the ones from dask be elevated to this repo?
