URL,Repository URL,Labels URL,Comments URL,Events URL,HTML URL,ID,Node ID,Number,Title,User,Labels,State,Locked,Assignee,Assignees,Milestone,Comments,Created At,Updated At,Closed At,Author Association,Body
https://api.github.com/repos/dask/zict/issues/107,https://api.github.com/repos/dask/zict,https://api.github.com/repos/dask/zict/issues/107/labels{/name},https://api.github.com/repos/dask/zict/issues/107/comments,https://api.github.com/repos/dask/zict/issues/107/events,https://github.com/dask/zict/issues/107,1877068870,I_kwDOA0wSWs5v4cxG,107,test_stress_different_keys_threadsafe hangs when run on a single core,bdrung,,closed,False,crusaderky,crusaderky,,1,2023-09-01T09:22:40Z,2023-10-02T09:58:18Z,2023-10-02T09:58:18Z,NONE,"Running the test case `test_stress_different_keys_threadsafe` on just one core causes the test case to hang:

```
$ taskset -c 0 python3 -m pytest --pyargs zict
============================= test session starts ==============================
platform linux -- Python 3.11.5, pytest-7.4.0, pluggy-1.2.0 -- /usr/bin/python3.11
cachedir: .pytest_cache
rootdir: /tmp/autopkgtest.r5brBZ/autopkgtest_tmp
configfile: setup.cfg
plugins: timeout-2.1.0
timeout: 180.0s
timeout method: thread
timeout func_only: False
collecting ... collected 539 items

[...]
tests/test_lru.py::test_stress_different_keys_threadsafe 
+++++++++++++++++++++++++++++++++++ Timeout ++++++++++++++++++++++++++++++++++++

~~~~~~~~~~~~~ Stack of ThreadPoolExecutor-174_1 (140600758003392) ~~~~~~~~~~~~~~
  File ""/usr/lib/python3.11/threading.py"", line 995, in _bootstrap
    self._bootstrap_inner()
  File ""/usr/lib/python3.11/threading.py"", line 1038, in _bootstrap_inner
    self.run()
  File ""/usr/lib/python3.11/threading.py"", line 975, in run
    self._target(*self._args, **self._kwargs)
  File ""/usr/lib/python3.11/concurrent/futures/thread.py"", line 83, in _worker
    work_item.run()
  File ""/usr/lib/python3.11/concurrent/futures/thread.py"", line 58, in run
    result = self.fn(*self.args, **self.kwargs)
  File ""/usr/lib/python3/dist-packages/zict/tests/utils_test.py"", line 173, in worker
    z[key] = value
  File ""/usr/lib/python3/dist-packages/zict/lru.py"", line 138, in __setitem__
    self.evict_until_below_target()
  File ""/usr/lib/python3/dist-packages/zict/lru.py"", line 180, in evict_until_below_target
    self.evict()
  File ""/usr/lib/python3/dist-packages/zict/common.py"", line 127, in wrapper
    return func(*args, **kwargs)
  File ""/usr/lib/python3/dist-packages/zict/lru.py"", line 224, in evict
    with self.unlock():
  File ""/usr/lib/python3.11/contextlib.py"", line 144, in __exit__
    next(self.gen)
  File ""/usr/lib/python3/dist-packages/zict/common.py"", line 91, in unlock
    self.lock.acquire()

~~~~~~~~~~~~~ Stack of ThreadPoolExecutor-174_0 (140600766428864) ~~~~~~~~~~~~~~
  File ""/usr/lib/python3.11/threading.py"", line 995, in _bootstrap
    self._bootstrap_inner()
  File ""/usr/lib/python3.11/threading.py"", line 1038, in _bootstrap_inner
    self.run()
  File ""/usr/lib/python3.11/threading.py"", line 975, in run
    self._target(*self._args, **self._kwargs)
  File ""/usr/lib/python3.11/concurrent/futures/thread.py"", line 83, in _worker
    work_item.run()
  File ""/usr/lib/python3.11/concurrent/futures/thread.py"", line 58, in run
    result = self.fn(*self.args, **self.kwargs)
  File ""/usr/lib/python3/dist-packages/zict/tests/utils_test.py"", line 173, in worker
    z[key] = value
  File ""/usr/lib/python3/dist-packages/zict/lru.py"", line 138, in __setitem__
    self.evict_until_below_target()
  File ""/usr/lib/python3/dist-packages/zict/lru.py"", line 180, in evict_until_below_target
    self.evict()
  File ""/usr/lib/python3/dist-packages/zict/common.py"", line 127, in wrapper
    return func(*args, **kwargs)
  File ""/usr/lib/python3/dist-packages/zict/lru.py"", line 184, in evict
    @locked

~~~~~~~~~~~~~~~~~~~~ Stack of MainThread (140600811225152) ~~~~~~~~~~~~~~~~~~~~~
  File ""<frozen runpy>"", line 198, in _run_module_as_main
  File ""<frozen runpy>"", line 88, in _run_code
  File ""/usr/lib/python3/dist-packages/pytest/__main__.py"", line 5, in <module>
    raise SystemExit(pytest.console_main())
  File ""/usr/lib/python3/dist-packages/_pytest/config/__init__.py"", line 189, in console_main
    code = main()
  File ""/usr/lib/python3/dist-packages/_pytest/config/__init__.py"", line 166, in main
    ret: Union[ExitCode, int] = config.hook.pytest_cmdline_main(
  File ""/usr/lib/python3/dist-packages/pluggy/_hooks.py"", line 433, in __call__
    return self._hookexec(self.name, self._hookimpls, kwargs, firstresult)
  File ""/usr/lib/python3/dist-packages/pluggy/_manager.py"", line 112, in _hookexec
    return self._inner_hookexec(hook_name, methods, kwargs, firstresult)
  File ""/usr/lib/python3/dist-packages/pluggy/_callers.py"", line 80, in _multicall
    res = hook_impl.function(*args)
  File ""/usr/lib/python3/dist-packages/_pytest/main.py"", line 317, in pytest_cmdline_main
    return wrap_session(config, _main)
  File ""/usr/lib/python3/dist-packages/_pytest/main.py"", line 270, in wrap_session
    session.exitstatus = doit(config, session) or 0
  File ""/usr/lib/python3/dist-packages/_pytest/main.py"", line 324, in _main
    config.hook.pytest_runtestloop(session=session)
  File ""/usr/lib/python3/dist-packages/pluggy/_hooks.py"", line 433, in __call__
    return self._hookexec(self.name, self._hookimpls, kwargs, firstresult)
  File ""/usr/lib/python3/dist-packages/pluggy/_manager.py"", line 112, in _hookexec
    return self._inner_hookexec(hook_name, methods, kwargs, firstresult)
  File ""/usr/lib/python3/dist-packages/pluggy/_callers.py"", line 80, in _multicall
    res = hook_impl.function(*args)
  File ""/usr/lib/python3/dist-packages/_pytest/main.py"", line 349, in pytest_runtestloop
    item.config.hook.pytest_runtest_protocol(item=item, nextitem=nextitem)
  File ""/usr/lib/python3/dist-packages/pluggy/_hooks.py"", line 433, in __call__
    return self._hookexec(self.name, self._hookimpls, kwargs, firstresult)
  File ""/usr/lib/python3/dist-packages/pluggy/_manager.py"", line 112, in _hookexec
    return self._inner_hookexec(hook_name, methods, kwargs, firstresult)
  File ""/usr/lib/python3/dist-packages/pluggy/_callers.py"", line 80, in _multicall
    res = hook_impl.function(*args)
  File ""/usr/lib/python3/dist-packages/_pytest/runner.py"", line 114, in pytest_runtest_protocol
    runtestprotocol(item, nextitem=nextitem)
  File ""/usr/lib/python3/dist-packages/_pytest/runner.py"", line 133, in runtestprotocol
    reports.append(call_and_report(item, ""call"", log))
  File ""/usr/lib/python3/dist-packages/_pytest/runner.py"", line 222, in call_and_report
    call = call_runtest_hook(item, when, **kwds)
  File ""/usr/lib/python3/dist-packages/_pytest/runner.py"", line 261, in call_runtest_hook
    return CallInfo.from_call(
  File ""/usr/lib/python3/dist-packages/_pytest/runner.py"", line 341, in from_call
    result: Optional[TResult] = func()
  File ""/usr/lib/python3/dist-packages/_pytest/runner.py"", line 262, in <lambda>
    lambda: ihook(item=item, **kwds), when=when, reraise=reraise
  File ""/usr/lib/python3/dist-packages/pluggy/_hooks.py"", line 433, in __call__
    return self._hookexec(self.name, self._hookimpls, kwargs, firstresult)
  File ""/usr/lib/python3/dist-packages/pluggy/_manager.py"", line 112, in _hookexec
    return self._inner_hookexec(hook_name, methods, kwargs, firstresult)
  File ""/usr/lib/python3/dist-packages/pluggy/_callers.py"", line 80, in _multicall
    res = hook_impl.function(*args)
  File ""/usr/lib/python3/dist-packages/_pytest/runner.py"", line 169, in pytest_runtest_call
    item.runtest()
  File ""/usr/lib/python3/dist-packages/_pytest/python.py"", line 1788, in runtest
    self.ihook.pytest_pyfunc_call(pyfuncitem=self)
  File ""/usr/lib/python3/dist-packages/pluggy/_hooks.py"", line 433, in __call__
    return self._hookexec(self.name, self._hookimpls, kwargs, firstresult)
  File ""/usr/lib/python3/dist-packages/pluggy/_manager.py"", line 112, in _hookexec
    return self._inner_hookexec(hook_name, methods, kwargs, firstresult)
  File ""/usr/lib/python3/dist-packages/pluggy/_callers.py"", line 80, in _multicall
    res = hook_impl.function(*args)
  File ""/usr/lib/python3/dist-packages/_pytest/python.py"", line 194, in pytest_pyfunc_call
    result = testfunction(**testargs)
  File ""/usr/lib/python3/dist-packages/zict/tests/test_lru.py"", line 440, in test_stress_different_keys_threadsafe
    utils_test.check_different_keys_threadsafe(lru, allow_keyerror=True)
  File ""/usr/lib/python3/dist-packages/zict/tests/utils_test.py"", line 193, in check_different_keys_threadsafe
    f1.result()
  File ""/usr/lib/python3.11/concurrent/futures/_base.py"", line 451, in result
    self._condition.wait(timeout)
  File ""/usr/lib/python3.11/threading.py"", line 320, in wait
    waiter.acquire()

+++++++++++++++++++++++++++++++++++ Timeout ++++++++++++++++++++++++++++++++++++
```

Ubuntu bug: https://bugs.launchpad.net/ubuntu/+source/zict/+bug/2033759

**Environment**:

- Zict version: 3.0.0-2
- Python version: 3.11.5
- Operating System: Ubuntu 23.10 (mantic)
- Install method (conda, pip, source): Debian package
"
https://api.github.com/repos/dask/zict/issues/104,https://api.github.com/repos/dask/zict,https://api.github.com/repos/dask/zict/issues/104/labels{/name},https://api.github.com/repos/dask/zict/issues/104/comments,https://api.github.com/repos/dask/zict/issues/104/events,https://github.com/dask/zict/issues/104,1676290477,I_kwDOA0wSWs5j6imt,104,readthedocs is very obsolete,crusaderky,,closed,False,mrocklin,"mrocklin, jrbourbeau",,0,2023-04-20T08:51:32Z,2023-04-20T22:02:32Z,2023-04-20T22:02:32Z,COLLABORATOR,Sphinx documentation on readthedocs (https://zict.readthedocs.io/en/latest/index.html) has not been updated since 2.0
https://api.github.com/repos/dask/zict/issues/103,https://api.github.com/repos/dask/zict,https://api.github.com/repos/dask/zict/issues/103/labels{/name},https://api.github.com/repos/dask/zict/issues/103/comments,https://api.github.com/repos/dask/zict/issues/103/events,https://github.com/dask/zict/issues/103,1665213943,I_kwDOA0wSWs5jQSX3,103,Release 3.0.0,jrbourbeau,,closed,False,,,,7,2023-04-12T20:36:14Z,2023-04-17T22:21:23Z,2023-04-17T22:21:23Z,MEMBER,"@crusaderky is proposing we issue a new `zict` release (xref https://github.com/dask/zict/pull/100). I'm fine with this. @crusaderky you mentioned that this should be a major release, could you briefly mention any major changes? Are there breaking changes we should be aware of? 

cc @quasiben as I think `zict` is used in `dask-cuda`. It would be good to test against the `main` branch here (if you haven't already)

If there aren't any objections to a new release, I'll propose we push out a new release tomorrow "
https://api.github.com/repos/dask/zict/issues/99,https://api.github.com/repos/dask/zict,https://api.github.com/repos/dask/zict/issues/99/labels{/name},https://api.github.com/repos/dask/zict/issues/99/comments,https://api.github.com/repos/dask/zict/issues/99/events,https://github.com/dask/zict/issues/99,1650978152,I_kwDOA0wSWs5iZ-1o,99,"get(), pop(), popitem(), and setdefault() are not thread-safe",crusaderky,,open,False,,,,0,2023-04-02T14:53:17Z,2023-04-02T14:54:45Z,,COLLABORATOR,"#92 left a few important methods of MutableMapping prone to race conditions.

`get()` may or may not be thread-safe depending on the implementation details in collections.abc.
`pop()`, `popitem()` and `setdefault()` are definitely not thread-safe at the moment of writing.

Worth noting that this does not impact dask/distributed; the exclusion of their usage is enforced by the `distributed.spill.AsyncBufferProto` API contract."
https://api.github.com/repos/dask/zict/issues/98,https://api.github.com/repos/dask/zict,https://api.github.com/repos/dask/zict/issues/98/labels{/name},https://api.github.com/repos/dask/zict/issues/98/comments,https://api.github.com/repos/dask/zict/issues/98/events,https://github.com/dask/zict/issues/98,1650175113,I_kwDOA0wSWs5iW6yJ,98,Multithreading deadlock in Sieve,crusaderky,,closed,False,,,,1,2023-03-31T23:43:02Z,2023-04-02T14:45:00Z,2023-04-02T14:44:59Z,COLLABORATOR,"`test_sieve.py::test_stress_same_key_threadsafe`, introduced in #92, occasionally (\~1 in 100 times) deadlocks.
It's always at the top of runtimes too, with 15~20s per run."
https://api.github.com/repos/dask/zict/issues/73,https://api.github.com/repos/dask/zict,https://api.github.com/repos/dask/zict/issues/73/labels{/name},https://api.github.com/repos/dask/zict/issues/73/comments,https://api.github.com/repos/dask/zict/issues/73/events,https://github.com/dask/zict/issues/73,1461253185,I_kwDOA0wSWs5XGPRB,73,[urgent] Setuptools update to 65.6.0 makes installing zict fail,tulbureandreit,,closed,False,,,,5,2022-11-23T08:11:30Z,2022-11-30T22:41:52Z,2022-11-30T22:41:52Z,NONE,"Hi,


TLDR, setuptools just updated to 65.6.0 and it breaks our docker dev flows. It tries installing zict and it fails.


Could you PIN the version on 65.5.1? It`s only true if you have numpy <=1.23.0, as far as I can see."
https://api.github.com/repos/dask/zict/issues/69,https://api.github.com/repos/dask/zict,https://api.github.com/repos/dask/zict/issues/69/labels{/name},https://api.github.com/repos/dask/zict/issues/69/comments,https://api.github.com/repos/dask/zict/issues/69/events,https://github.com/dask/zict/issues/69,1391963464,I_kwDOA0wSWs5S961I,69,Possible race condition when accessing a Cache key,alessioarena,,closed,False,,,,8,2022-09-30T07:18:30Z,2022-10-17T23:23:04Z,2022-10-17T12:19:17Z,NONE,"Unfortunately I'm currently unable to work on a minimum reproducible example, but I could follow up later with one.
However, if my diagnosis is correct it should not be hard to reproduce.



**Describe the issue**:

When attempting to access a Cache key in a dask worked (distributed) system I sometimes encounter the following error:
```python
File ~/./xarray_utilities/xrutils/indexing.py:135, in _sort_vals()
    133 # if we pass the indices values retrieve those
    134 if idx_vals is not None:
--> 135     idx_vals = dask.distributed.get_worker().data[idx_vals]
    136     idx = idx_vals[idx]
    137 return val, idx

File /env/lib/python3.8/site-packages/zict/buffer.py:104, in __getitem__()
    102 def __getitem__(self, key: KT) -> VT:
    103     if key in self.fast:
--> 104         return self.fast[key]
    105     elif key in self.slow:
    106         return self.slow_to_fast(key)

File /env/lib/python3.8/site-packages/zict/lru.py:76, in __getitem__()
     74 result = self.d[key]
     75 self.i += 1
---> 76 self.heap[key] = self.i
     77 return result

File /env/lib/python3.8/site-packages/heapdict.py:33, in __setitem__()
     30 @doc(dict.__setitem__)
     31 def __setitem__(self, key, value):
     32     if key in self.d:
---> 33         self.pop(key)
     34     wrapper = [value, key, len(self)]
     35     self.d[key] = wrapper

File /usr/lib/python3.8/_collections_abc.py:801, in pop()
    799     return default
    800 else:
--> 801     del self[key]
    802     return value

File /env/lib/python3.8/site-packages/heapdict.py:82, in __delitem__()
     80     parentpos = (wrapper[2] - 1) >> 1
     81     parent = self.heap[parentpos]
---> 82     self._swap(wrapper[2], parent[2])
     83 self.popitem()

File /env/lib/python3.8/site-packages/heapdict.py:71, in _swap()
     69 def _swap(self, i, j):
     70     h = self.heap
---> 71     h[i], h[j] = h[j], h[i]
     72     h[i][2] = i
     73     h[j][2] = j

IndexError: list index out of range
```

As you can see what I'm attempting to do is simply `worker.data[key]`, noting that `key` is the same for all threads in the worker.
This issue seems similar to https://github.com/dask/distributed/issues/2727 and using a Lock around the key access seems solving the problem.
Is this the expected behaviour?

**Anything else we need to know?**:

The main motivation to do this is to have a prescattered dataset, similarly to what `client.scatter` does.
However my implementation (that I will share soon for review with the dask community) it is resilient to workers being restarted or joining after the `scatter` call.

The key has been added using the dask API `worker.update_data` method

**Environment**:

- Dask version: 2022.9.1
- Python version: '3.8.10 (default, Jun 22 2022, 20:18:18) \n[GCC 9.4.0]'
- Operating System: Linux
- Install method (conda, pip, source): pip
"
https://api.github.com/repos/dask/zict/issues/67,https://api.github.com/repos/dask/zict,https://api.github.com/repos/dask/zict/issues/67/labels{/name},https://api.github.com/repos/dask/zict/issues/67/comments,https://api.github.com/repos/dask/zict/issues/67/events,https://github.com/dask/zict/issues/67,1217562152,I_kwDOA0wSWs5IkoYo,67,Release 2.2.0,jrbourbeau,,closed,False,jrbourbeau,jrbourbeau,,1,2022-04-27T16:01:09Z,2022-04-28T15:27:56Z,2022-04-28T14:30:36Z,MEMBER,"I'd like to release `zict=2.2.0` in order to get https://github.com/dask/zict/pull/65 out which will impact spilling performance over in `distributed` (xref https://github.com/dask/distributed/issues/3756). I'll plan to push this release out tomorrow morning (CT) if there are no known blockers. 

cc @crusaderky"
https://api.github.com/repos/dask/zict/issues/63,https://api.github.com/repos/dask/zict,https://api.github.com/repos/dask/zict/issues/63/labels{/name},https://api.github.com/repos/dask/zict/issues/63/comments,https://api.github.com/repos/dask/zict/issues/63/events,https://github.com/dask/zict/issues/63,1161505377,I_kwDOA0wSWs5FOyph,63,Memory flare on Func.update() with File backend,crusaderky,,closed,False,crusaderky,crusaderky,,0,2022-03-07T14:38:19Z,2022-03-11T15:03:05Z,2022-03-11T15:03:05Z,COLLABORATOR,"Consider:
```python
d = Func(pickle.dumps, pickle.loads, File(somedir))
d.update(mydata)
```
### Current behaviour
1. call ``pickle.dumps`` on every element of mydata and store all output in memory
2. call ``File.__setitem__`` on each pickled element
3. descope the pickled data all at once

### Expected behaviour
File does not have an optimized update method, unlike LMDB or Sieve, as it does not benefit from updating everything in a single call.
Therefore, it should be possible to create a pickle buffer for every value, write it to disk, and then release it straight away.

The issue is not in Func, but actually in File.update and to be precise in ZictBase.update, which converts iterables into lists.

### Mitigation
- Instead of ``pickle.dumps``, write a function that returns a tuple of (pickle5 output, *buffers). 
- If you wrap Func in a zict.Buffer, Func.update will never be called.

dask.distributed does both of the above.
"
https://api.github.com/repos/dask/zict/issues/61,https://api.github.com/repos/dask/zict,https://api.github.com/repos/dask/zict/issues/61/labels{/name},https://api.github.com/repos/dask/zict/issues/61/comments,https://api.github.com/repos/dask/zict/issues/61/events,https://github.com/dask/zict/issues/61,1160362180,I_kwDOA0wSWs5FKbjE,61,Dictionary views,crusaderky,,closed,False,,,,0,2022-03-05T14:11:50Z,2023-03-29T12:05:57Z,2023-03-29T12:05:57Z,COLLABORATOR,"The values() and items() methods of the various zict mappings return iterators.
The keys() methods return sometimes iterators, sometimes sets.
This violates the Python 3 MutableMapping API, which requires ValuesView, ItemsView, and KeysView respectively:

https://docs.python.org/3/library/collections.abc.html
https://docs.python.org/3/library/stdtypes.html#dictionary-view-objects"
https://api.github.com/repos/dask/zict/issues/59,https://api.github.com/repos/dask/zict,https://api.github.com/repos/dask/zict/issues/59/labels{/name},https://api.github.com/repos/dask/zict/issues/59/comments,https://api.github.com/repos/dask/zict/issues/59/events,https://github.com/dask/zict/issues/59,1148429901,I_kwDOA0wSWs5Ec6ZN,59,New release?,jakirkham,,closed,False,,,,4,2022-02-23T18:19:20Z,2022-02-26T05:05:08Z,2022-02-26T03:50:29Z,MEMBER,"Looks like there are quite a few changes in `main` already that are unreleased. Wondering if it makes sense to cut a new release.

Thoughts @dask/maintenance? 🙂"
https://api.github.com/repos/dask/zict/issues/54,https://api.github.com/repos/dask/zict,https://api.github.com/repos/dask/zict/issues/54/labels{/name},https://api.github.com/repos/dask/zict/issues/54/comments,https://api.github.com/repos/dask/zict/issues/54/events,https://github.com/dask/zict/issues/54,1140140002,I_kwDOA0wSWs5D9Sfi,54,Black broke CI,crusaderky,,closed,False,,,,0,2022-02-16T15:05:52Z,2022-02-17T17:21:34Z,2022-02-17T17:21:34Z,COLLABORATOR,"A recent update in black dropped support for Python 3.6 and introduced new checks. This made our CI red.

Last green run:
[1] https://github.com/dask/zict/runs/4901724791?check_suite_focus=true
Next run (red):
[2] https://github.com/dask/zict/runs/5215072298?check_suite_focus=true"
https://api.github.com/repos/dask/zict/issues/53,https://api.github.com/repos/dask/zict,https://api.github.com/repos/dask/zict/issues/53/labels{/name},https://api.github.com/repos/dask/zict/issues/53/comments,https://api.github.com/repos/dask/zict/issues/53/events,https://github.com/dask/zict/issues/53,1139476208,I_kwDOA0wSWs5D6wbw,53,Support for nested indexing?,davidbrochart,,open,False,,,,0,2022-02-16T03:20:39Z,2022-02-16T03:20:39Z,,NONE,"**What happened**:

Nested indexing doesn't seem to be supported.

**What you expected to happen**:

Maybe it's not in the scope of this library, but it would be great if the mutable mapping felt more like a dictionary.

**Minimal Complete Verifiable Example**:

```python
import pickle
import zlib

from zict import File, Func, LRU

l4 = File(""cache/"", mode=""a"")
l3 = Func(zlib.compress, zlib.decompress, l4)
l2 = Func(pickle.dumps, pickle.loads, l3)
l1 = LRU(100, l2)

l1[""foo""] = {}
l1[""foo""]
# {}

l1[""foo""][""bar""] = {}
l1[""foo""][""bar""]
# Traceback (most recent call last):
#   File ""<stdin>"", line 1, in <module>
# KeyError: 'bar'
```

**Anything else we need to know?**:

I'd like to use zict [in akernel to cache the execution of cells](https://github.com/davidbrochart/akernel/pull/35). It currently uses a dictionary for the cache, and I thought I would be able to swap if with a mutable mapping from zict.

**Environment**:

- Dask version: N/A
- Python version: 3.10
- Operating System: Ubuntu 21.04
- Install method (conda, pip, source): pip"
https://api.github.com/repos/dask/zict/issues/52,https://api.github.com/repos/dask/zict,https://api.github.com/repos/dask/zict/issues/52/labels{/name},https://api.github.com/repos/dask/zict/issues/52/comments,https://api.github.com/repos/dask/zict/issues/52/events,https://github.com/dask/zict/issues/52,1117912564,I_kwDOA0wSWs5Cof30,52,`File`'s `mode` unused,jakirkham,,closed,False,,,,4,2022-01-28T22:43:13Z,2023-03-27T22:50:37Z,2023-03-27T22:50:37Z,MEMBER,"Currently `File` takes [a `mode` parameter]( https://github.com/dask/zict/blob/5060570f80df9ff854c1fb22138982e2f7ff4c36/zict/file.py#L53 ), but AFAICT it is unused. Is this suppose to be doing something?"
https://api.github.com/repos/dask/zict/issues/49,https://api.github.com/repos/dask/zict,https://api.github.com/repos/dask/zict/issues/49/labels{/name},https://api.github.com/repos/dask/zict/issues/49/comments,https://api.github.com/repos/dask/zict/issues/49/events,https://github.com/dask/zict/issues/49,1066570629,I_kwDOA0wSWs4_kpOF,49,Missing dependency for LMBD,ncclementi,,closed,False,,,,1,2021-11-29T22:31:37Z,2023-10-05T10:39:24Z,2023-10-05T10:39:24Z,MEMBER,"When running the test suite I notice that if one were to use the `LMBD` class you need to have `lmbd` installed. See https://github.com/dask/zict/blob/b760997b98aad9aca8ab37fc4e8b5bb06809283d/zict/lmdb.py#L31-L32

Should we add this dependency to the requirements? "
https://api.github.com/repos/dask/zict/issues/45,https://api.github.com/repos/dask/zict,https://api.github.com/repos/dask/zict/issues/45/labels{/name},https://api.github.com/repos/dask/zict/issues/45/comments,https://api.github.com/repos/dask/zict/issues/45/events,https://github.com/dask/zict/issues/45,998567640,I_kwDOA0wSWs47hO7Y,45,[Question] License,aregm,,closed,False,,,,1,2021-09-16T19:40:57Z,2021-09-17T17:39:49Z,2021-09-17T17:39:49Z,CONTRIBUTOR,Line 13 https://github.com/dask/zict/blob/main/LICENSE.txt#L13 contains a reference to toolz library - is this a typo or derived from toolz?
https://api.github.com/repos/dask/zict/issues/44,https://api.github.com/repos/dask/zict,https://api.github.com/repos/dask/zict/issues/44/labels{/name},https://api.github.com/repos/dask/zict/issues/44/comments,https://api.github.com/repos/dask/zict/issues/44/events,https://github.com/dask/zict/issues/44,828063727,MDU6SXNzdWU4MjgwNjM3Mjc=,44,Verify that Read the Docs is building after master -> main ,jsignell,,closed,False,,,,3,2021-03-10T17:12:36Z,2021-03-24T16:40:28Z,2021-03-24T16:40:28Z,MEMBER,"Spotted on https://github.com/dask/dask-cloudprovider/issues/244#issuecomment-795310925. Read The Docs was still building `latest` from the `master` branch and builds were failing. It was configured to build from the default branch, but had cached the value `master` somewhere. Manually pointing it to  `main` in the RtD control panel fixed things."
https://api.github.com/repos/dask/zict/issues/43,https://api.github.com/repos/dask/zict,https://api.github.com/repos/dask/zict/issues/43/labels{/name},https://api.github.com/repos/dask/zict/issues/43/comments,https://api.github.com/repos/dask/zict/issues/43/events,https://github.com/dask/zict/issues/43,804618361,MDU6SXNzdWU4MDQ2MTgzNjE=,43,"Move default branch from ""master"" -> ""main""",jsignell,,closed,False,,,,0,2021-02-09T14:46:26Z,2021-02-10T01:04:35Z,2021-02-10T01:04:35Z,MEMBER,"@jrbourbeau and I are in the process of moving the default branch for this repo from master to main. 

 - [x] Changed in GitHub
 - [x] ~~Merged PR to change branch name in code~~ 
 
### What you'll see
Once the name on github is changed (the first box above is Xed, or this issue closed), when you try to `git pull` you'll get 

```bash
Your configuration specifies to merge with the ref 'refs/heads/master'
from the remote, but no such ref was fetched.
```

### What you need to do

First: **head to your fork and rename the default branch there**
Then:
```bash
git branch -m master main
git fetch origin
git branch -u origin/main main
```"
https://api.github.com/repos/dask/zict/issues/42,https://api.github.com/repos/dask/zict,https://api.github.com/repos/dask/zict/issues/42/labels{/name},https://api.github.com/repos/dask/zict/issues/42/comments,https://api.github.com/repos/dask/zict/issues/42/events,https://github.com/dask/zict/issues/42,798917029,MDU6SXNzdWU3OTg5MTcwMjk=,42,Error: No module named 'zict',nagesh4193,,closed,False,,,,1,2021-02-02T04:30:09Z,2021-02-02T17:07:17Z,2021-02-02T17:07:17Z,NONE,"Team - I am trying to build a travis file with power support architecture. My travis is failing saying No module found for zict with doc/source/conf.py:68: in <module> import zict. Could someone please help to solve the issue?

https://travis-ci.com/github/nagesh4193/zict/jobs/479008204

**Environment**:

- Python version: 3.7, 3.8
- Operating System: Ubuntu 16.04
- arch: amd64, ppc64le
"
https://api.github.com/repos/dask/zict/issues/39,https://api.github.com/repos/dask/zict,https://api.github.com/repos/dask/zict/issues/39/labels{/name},https://api.github.com/repos/dask/zict/issues/39/comments,https://api.github.com/repos/dask/zict/issues/39/events,https://github.com/dask/zict/issues/39,735191668,MDU6SXNzdWU3MzUxOTE2Njg=,39,Migrate CI to GitHub Actions,jacobtomlinson,,closed,False,,,,0,2020-11-03T10:15:21Z,2020-11-10T14:14:39Z,2020-11-10T14:14:39Z,MEMBER,"Due to changes in the Travis CI billing, the Dask org is migrating CI to GitHub Actions.

This repo contains a `.travis.yml` file which needs to be replaced with an equivalent `.github/workflows/ci.yml` file.

See dask/community#107 for more details."
https://api.github.com/repos/dask/zict/issues/37,https://api.github.com/repos/dask/zict,https://api.github.com/repos/dask/zict/issues/37/labels{/name},https://api.github.com/repos/dask/zict/issues/37/comments,https://api.github.com/repos/dask/zict/issues/37/events,https://github.com/dask/zict/issues/37,570344154,MDU6SXNzdWU1NzAzNDQxNTQ=,37,Release?,jakirkham,,closed,False,,,,5,2020-02-25T06:32:46Z,2020-02-28T15:20:23Z,2020-02-28T15:20:23Z,MEMBER,"Would like to make a new release to get a lot of the recent fixes out there.

It appears we dropped Python 2. Not sure whether we consider that a breaking change. Other changes appear to be bug fixes (though correct me if I'm wrong).

Not sure where that leaves us for version number. Could see anything from 1.0.1 or 1.1.0 to 2.0.0 depending. Thoughts?"
https://api.github.com/repos/dask/zict/issues/30,https://api.github.com/repos/dask/zict,https://api.github.com/repos/dask/zict/issues/30/labels{/name},https://api.github.com/repos/dask/zict/issues/30/comments,https://api.github.com/repos/dask/zict/issues/30/events,https://github.com/dask/zict/issues/30,553097437,MDU6SXNzdWU1NTMwOTc0Mzc=,30,Importing ABC directly from collections is deprecated and removed in Python 3.9 ,tirkarthi,,closed,False,,,,2,2020-01-21T20:01:33Z,2020-01-22T17:26:55Z,2020-01-22T17:26:55Z,CONTRIBUTOR,"Importing ABC directly from collections is deprecated and removed in Python 3.9 

https://bugzilla.redhat.com/show_bug.cgi?id=1793163

https://github.com/dask/zict/blob/30300fc0ad44eb8a357748d99cb541a2d5c9efa8/zict/tests/utils_test.py#L3

https://github.com/dask/zict/blob/30300fc0ad44eb8a357748d99cb541a2d5c9efa8/zict/tests/test_zip.py#L1"
https://api.github.com/repos/dask/zict/issues/29,https://api.github.com/repos/dask/zict,https://api.github.com/repos/dask/zict/issues/29/labels{/name},https://api.github.com/repos/dask/zict/issues/29/comments,https://api.github.com/repos/dask/zict/issues/29/events,https://github.com/dask/zict/issues/29,523741998,MDU6SXNzdWU1MjM3NDE5OTg=,29,LRU mapping not `KeyboardInterrupt` resilient,jrbourbeau,,closed,False,,,,6,2019-11-15T23:19:10Z,2019-11-28T02:23:32Z,2019-11-28T02:23:32Z,MEMBER,"I've had users report `zict.LRU` not being able to recover from `KeyboardInterrupt`s. This is because the `__setitem__` and `__delitem__` methods for the `LRU` mapping modify multiple other internal mappings (e.g. `LRU.d`, `LRU.heap`). So when a `KeyboardInterrupt` error is raised while one of these methods are executing, it's possible that not all of the internal state will be updated (e.g. delete a key from `d` but not from `heap`) which can result in `KeyError`s and `IndexError`s when the `LRU` mapping is used later on (example below). 

I'd like to propose we wrap the current `__setitem__` / `__delitem__` in `try`/`except`s to catch `BaseException`s and restore the internal mappings to their original state if an error is caught. @mrocklin does this seem reasonable? 

### Example

The snippet below creates an `LRU` mapping and defines a function (`func`) which will add and remove items from the mapping. 

```python
import random
import zict

cache = zict.LRU(10, dict())

def func():
    # Add two items to the mapping
    cache[random.randrange(10)] = 0
    cache[random.randrange(10)] = 0
    # Delete one random item from the mapping
    del cache[random.choice(list(cache))]
```

Then let `func` run and raise a `KeyboardInterrupt` via ctrl-c:

```python
while True:
    func()
    # ctrl-c while this is running to raise `KeyboardInterrupt` error
```

Running `func()` again will raise a `KeyError` (note this may need to be repeated a few times):

```python
while True:
    func()
```

<details>
<summary>Error output:</summary>

```python
In [8]: while True:
   ...:     func()
   ...:
^C---------------------------------------------------------------------------
KeyboardInterrupt                         Traceback (most recent call last)
<ipython-input-8-4115c82518dc> in <module>
      1 while True:
----> 2     func()
      3

<ipython-input-6-5207866116f1> in func()
      7     # Add items to the mapping
      8     cache[random.randrange(10)] = 0
----> 9     cache[random.randrange(10)] = 0
     10     # Delete random item from the mapping
     11     del cache[random.choice(list(cache))]

~/github/dask/zict/zict/lru.py in __setitem__(self, key, value)
     62             self.heap[key] = self.i
     63
---> 64             self.weights[key] = weight
     65             self.total_weight += weight
     66         else:

KeyboardInterrupt:

In [9]: while True:
   ...:     func()
   ...:
---------------------------------------------------------------------------
KeyError                                  Traceback (most recent call last)
<ipython-input-9-4115c82518dc> in <module>
      1 while True:
----> 2     func()
      3

<ipython-input-6-5207866116f1> in func()
      7     # Add items to the mapping
      8     cache[random.randrange(10)] = 0
----> 9     cache[random.randrange(10)] = 0
     10     # Delete random item from the mapping
     11     del cache[random.choice(list(cache))]

~/github/dask/zict/zict/lru.py in __setitem__(self, key, value)
     53     def __setitem__(self, key, value):
     54         if key in self.d:
---> 55             del self[key]
     56
     57         weight = self.weight(key, value)

~/github/dask/zict/zict/lru.py in __delitem__(self, key)
     94         del self.d[key]
     95         del self.heap[key]
---> 96         self.total_weight -= self.weights.pop(key)
     97
     98     def keys(self):

KeyError: 0
```

</details>"
https://api.github.com/repos/dask/zict/issues/26,https://api.github.com/repos/dask/zict,https://api.github.com/repos/dask/zict/issues/26/labels{/name},https://api.github.com/repos/dask/zict/issues/26/comments,https://api.github.com/repos/dask/zict/issues/26/events,https://github.com/dask/zict/issues/26,491017136,MDU6SXNzdWU0OTEwMTcxMzY=,26,heapdict will break in Python 3.8,gimperiale,,closed,False,,,,5,2019-09-09T10:37:50Z,2019-09-11T19:46:17Z,2019-09-11T19:46:17Z,NONE,"When importing distributed, Python 3.7 emits the following:

heapdict.py:11: DeprecationWarning: Using or importing the ABCs from 'collections' instead of from 'collections.abc' is deprecated, and in 3.8 it will stop working
class heapdict(collections.MutableMapping):

[Looking at the project page](https://github.com/DanielStutzbach/heapdict), the last commit is from 2012 and no issues raised since 2014 have ever been replied to.
It may be a good idea to just copy-paste the heapdict implementation into zict and remove the external dependency."
https://api.github.com/repos/dask/zict/issues/24,https://api.github.com/repos/dask/zict,https://api.github.com/repos/dask/zict/issues/24/labels{/name},https://api.github.com/repos/dask/zict/issues/24/comments,https://api.github.com/repos/dask/zict/issues/24/events,https://github.com/dask/zict/issues/24,277449124,MDU6SXNzdWUyNzc0NDkxMjQ=,24,A sqlite-backed MutableMapping,danielballan,,closed,False,,,,6,2017-11-28T16:28:15Z,2021-03-25T01:17:53Z,2021-03-25T01:17:53Z,CONTRIBUTOR,"Would zict be interested in merging a sqlite-backed dict, which I currently maintain as a small standalone repo, [historydict](https://github.com/Nikea/historydict)?"
https://api.github.com/repos/dask/zict/issues/19,https://api.github.com/repos/dask/zict,https://api.github.com/repos/dask/zict/issues/19/labels{/name},https://api.github.com/repos/dask/zict/issues/19/comments,https://api.github.com/repos/dask/zict/issues/19/events,https://github.com/dask/zict/issues/19,241232453,MDU6SXNzdWUyNDEyMzI0NTM=,19,Memory issues related to Pandas series,bluenote10,,closed,False,,,,10,2017-07-07T11:08:58Z,2021-08-18T00:02:57Z,2021-08-18T00:02:45Z,NONE,"I found something interesting related to https://github.com/dask/distributed/issues/1015. I wrote a small test, which replicates how the Distributed workers use the zict buffers. The test sets an artificially low memory limit and fills the buffer with DataFrames or Series:

```python
from __future__ import division, print_function

import pandas as pd
import os
import gc
import psutil
import tempfile

from zict import Buffer, File, Func

# To replicate usage in Distributed workers
from distributed.protocol import deserialize_bytes, serialize_bytelist
from distributed.sizeof import safe_sizeof as sizeof


def get_mem_usage():
    process = psutil.Process(os.getpid())
    mem_usage = process.memory_info().rss / float(2 ** 20)
    return mem_usage


def weight(k, v):
    return sizeof(v)


def gen_df(n=10000000):
    return pd.DataFrame({""A"": [0] * n})


def run_test(store_df=True, store_series=True, explicit_collect=False):
    memory_limit = 1
    local_dir = tempfile.mkdtemp(prefix='worker-', dir=""."")

    path = os.path.join(local_dir, 'storage')
    storage = Func(serialize_bytelist, deserialize_bytes, File(path))
    data = Buffer({}, storage, int(float(memory_limit)), weight)

    # simulate filling LRU with data
    for iteration in xrange(30):
        df = gen_df()

        if store_df:
            key = ""key_{}"".format(iteration)
            data[key] = df

        if store_series:
            for c in df.columns:
                key = ""key_{}_{}"".format(iteration, c)
                data[key] = df[c]
            del c

        del df

        if explicit_collect:
            gc.collect()

        print(""Iteration: {:2d}    Mem: {:12.1f} MB    data.fast = {}"".format(
            iteration, get_mem_usage(), data.fast
        ))

run_test()
```

When running with `store_series=False` the memory usage stays pretty much stable at < 60 MB. Apparently the LRU works fine and the garbage collector triggers properly. However, when storing the series as well, the behavior changes to:

```
Iteration:  0    Mem:        391.8 MB    data.fast = <LRU: 0/1 on dict>
Iteration:  1    Mem:        728.1 MB    data.fast = <LRU: 0/1 on dict>
Iteration:  2    Mem:       1062.4 MB    data.fast = <LRU: 0/1 on dict>
Iteration:  3    Mem:       1394.8 MB    data.fast = <LRU: 0/1 on dict>
Iteration:  4    Mem:       1729.1 MB    data.fast = <LRU: 0/1 on dict>
Iteration:  5    Mem:       2063.4 MB    data.fast = <LRU: 0/1 on dict>
Iteration:  6    Mem:        401.9 MB    data.fast = <LRU: 0/1 on dict>
Iteration:  7    Mem:        734.2 MB    data.fast = <LRU: 0/1 on dict>
Iteration:  8    Mem:       1066.5 MB    data.fast = <LRU: 0/1 on dict>
Iteration:  9    Mem:       1398.8 MB    data.fast = <LRU: 0/1 on dict>
Iteration: 10    Mem:       1731.1 MB    data.fast = <LRU: 0/1 on dict>
Iteration: 11    Mem:       2063.4 MB    data.fast = <LRU: 0/1 on dict>
Iteration: 12    Mem:       2397.7 MB    data.fast = <LRU: 0/1 on dict>
Iteration: 13    Mem:       2732.0 MB    data.fast = <LRU: 0/1 on dict>
Iteration: 14    Mem:       3066.3 MB    data.fast = <LRU: 0/1 on dict>
Iteration: 15    Mem:       3400.7 MB    data.fast = <LRU: 0/1 on dict>
Iteration: 16    Mem:       3735.0 MB    data.fast = <LRU: 0/1 on dict>
Iteration: 17    Mem:       4069.3 MB    data.fast = <LRU: 0/1 on dict>
Iteration: 18    Mem:       4403.6 MB    data.fast = <LRU: 0/1 on dict>
Iteration: 19    Mem:       4737.9 MB    data.fast = <LRU: 0/1 on dict>
Iteration: 20    Mem:       5072.2 MB    data.fast = <LRU: 0/1 on dict>
Iteration: 21    Mem:       5406.5 MB    data.fast = <LRU: 0/1 on dict>
Iteration: 22    Mem:       5740.8 MB    data.fast = <LRU: 0/1 on dict>
Iteration: 23    Mem:       6075.1 MB    data.fast = <LRU: 0/1 on dict>
Iteration: 24    Mem:       6409.4 MB    data.fast = <LRU: 0/1 on dict>
Iteration: 25    Mem:       6743.7 MB    data.fast = <LRU: 0/1 on dict>
Iteration: 26    Mem:       7077.6 MB    data.fast = <LRU: 0/1 on dict>
zsh: killed     ./debug_zict.py
```

Apparently the garbage collector has a problem with this situation. It seems to clean the memory once at around the 2 GB mark, but after that it won't trigger automatically at all, and the process goes out-of-memory. This would explain the issues observed in the Distributed workers. Note: The problem occurs with both glibc and jemalloc.

I don't think this is a true memory leak, because the problem can be solved by enabling the explicit garbage collection, which brings the memory usage back to a constant < 60 MB.

This raises two questions:

* Do you have any idea why storing `pandas.Series` would throw off the garbage collector? Is this a result of the way the zict buffer works, or rather a Pandas problem?
* Considering that explicit garbage collection is a viable work-around: Would you mind having an explicit `gc.collect()` somewhere in either zinc's `fast_to_slow` or in the Distributed workers? It would probably make sense even without the weird GC issue to minimize heap fragmentation."
https://api.github.com/repos/dask/zict/issues/17,https://api.github.com/repos/dask/zict,https://api.github.com/repos/dask/zict/issues/17/labels{/name},https://api.github.com/repos/dask/zict/issues/17/comments,https://api.github.com/repos/dask/zict/issues/17/events,https://github.com/dask/zict/issues/17,239134783,MDU6SXNzdWUyMzkxMzQ3ODM=,17,Set repository homepage to zict.readthedocs.io?,hartwork,,closed,False,,,,4,2017-06-28T11:33:06Z,2017-06-28T14:01:40Z,2017-06-28T13:26:15Z,NONE,"Hi!

It would b cool to not having to Google for this:
http://zict.readthedocs.io/en/latest/

Thanks, Sebastian"
https://api.github.com/repos/dask/zict/issues/12,https://api.github.com/repos/dask/zict,https://api.github.com/repos/dask/zict/issues/12/labels{/name},https://api.github.com/repos/dask/zict/issues/12/comments,https://api.github.com/repos/dask/zict/issues/12/events,https://github.com/dask/zict/issues/12,191908282,MDU6SXNzdWUxOTE5MDgyODI=,12,File.__contains__ is slow,mrocklin,,closed,False,,,,5,2016-11-28T02:47:26Z,2016-11-28T15:45:51Z,2016-11-28T15:45:51Z,MEMBER,"It is convenient in Dask to frequently check if a key is present in the `.data` dictionary.  Unfortunately this is slow, due to calls to both `os.path.exists` and `_safe_key`."
https://api.github.com/repos/dask/zict/issues/1,https://api.github.com/repos/dask/zict,https://api.github.com/repos/dask/zict/issues/1/labels{/name},https://api.github.com/repos/dask/zict/issues/1/comments,https://api.github.com/repos/dask/zict/issues/1/events,https://github.com/dask/zict/issues/1,153742558,MDU6SXNzdWUxNTM3NDI1NTg=,1,zict.Zip set bytearray,alimanfoo,,closed,False,,,,6,2016-05-09T10:02:48Z,2016-05-10T15:19:56Z,2016-05-09T15:46:27Z,NONE,"Would it be possible for Zip to allow setting of bytearray values in addition to bytes? Currently an exception is raised for anything other than bytes. In Zarr there is a possible optimisation within the blosc compressor which requires using bytearray instead of bytes (to prevent an additional memory copy) but this cannot be used with zict currently.
"
