URL,Repository URL,Labels URL,Comments URL,Events URL,HTML URL,ID,Node ID,Number,Title,User,Labels,State,Locked,Assignee,Assignees,Milestone,Comments,Created At,Updated At,Closed At,Author Association,Body
https://api.github.com/repos/dask/old-dask-yarn/issues/19,https://api.github.com/repos/dask/old-dask-yarn,https://api.github.com/repos/dask/old-dask-yarn/issues/19/labels{/name},https://api.github.com/repos/dask/old-dask-yarn/issues/19/comments,https://api.github.com/repos/dask/old-dask-yarn/issues/19/events,https://github.com/dask/old-dask-yarn/issues/19,292004733,MDU6SXNzdWUyOTIwMDQ3MzM=,19,"DaskYarnCluster Gives Error gaierror: [Errno 8] nodename nor servname provided, or not known",aroradeepak001,,open,True,,,,2,2018-01-26T19:21:46Z,2018-01-28T16:40:57Z,,NONE,"I am trying to connect to a Yarn I have setup on my localhost, But this simple command is not working. I get the following error

[Errno 8] nodename nor servname provided, or not known"
https://api.github.com/repos/dask/old-dask-yarn/issues/18,https://api.github.com/repos/dask/old-dask-yarn,https://api.github.com/repos/dask/old-dask-yarn/issues/18/labels{/name},https://api.github.com/repos/dask/old-dask-yarn/issues/18/comments,https://api.github.com/repos/dask/old-dask-yarn/issues/18/events,https://github.com/dask/old-dask-yarn/issues/18,245238625,MDU6SXNzdWUyNDUyMzg2MjU=,18,task submitted never be executed using dask-yarn,zwang1986,,open,True,,,,0,2017-07-24T23:16:22Z,2017-07-25T00:25:42Z,,NONE,"Hi! I got this error after configuration.
```
>>> from dask_yarn import YARNCluster
>>> cluster = YARNCluster()
ec2-54-222-217-210.cn-north-1.compute.amazonaws.com.cn 9000
ec2-54-222-217-210.cn-north-1.compute.amazonaws.com.cn 8088
>>> 
>>> from dask.distributed import Client
>>> client = Client(cluster)
>>> cluster.start(2, cpus=1, memory=500)
tcp://172.31.4.217:45665

ClientConfig(127.0.0.1,38049)
41371
2017-07-24 23:04:48,000 INFO  [Thread-3] knit.Client$ (Client.scala:start(80)) - Staring Application Master
Attemping upload of /usr/local/lib/python2.7/site-packages/knit/java_libs/knit-1.0-SNAPSHOT.jar
Uploading resource file:/usr/local/lib/python2.7/site-packages/knit/java_libs/knit-1.0-SNAPSHOT.jar -> hdfs://ec2-54-222-217-210.cn-north-1.compute.amazonaws.com.cn:9000/user/root/.knitDeps/knit-1.0-SNAPSHOT.jarhdfs://ec2-54-222-217-210.cn-north-1.compute.amazonaws.com.cn:9000/user/root/.knitDeps/knit-1.0-SNAPSHOT.jar
2017-07-24 23:04:50,396 INFO  [Thread-3] client.RMProxy (RMProxy.java:createRMProxy(98)) - Connecting to ResourceManager at ec2-54-222-217-210.cn-north-1.compute.amazonaws.com.cn/172.31.4.217:8032
Attemping upload of /usr/local/lib/python2.7/site-packages/knit/tmp_conda/miniconda/envs/dask-35d2a1ee201208ae9fca6905fa88ea9e54557b58.zip
Uploading resource file:/usr/local/lib/python2.7/site-packages/knit/tmp_conda/miniconda/envs/dask-35d2a1ee201208ae9fca6905fa88ea9e54557b58.zip -> hdfs://ec2-54-222-217-210.cn-north-1.compute.amazonaws.com.cn:9000/user/root/.knitDeps/dask-35d2a1ee201208ae9fca6905fa88ea9e54557b58.zip2017-07-24 23:05:19,884 INFO  [Thread-3] knit.Client$ (Client.scala:start(171)) - Submitting application application_1500743829967_0030
2017-07-24 23:05:19,912 INFO  [Thread-3] impl.YarnClientImpl (YarnClientImpl.java:submitApplication(251)) - Submitted application application_1500743829967_0030
172.31.15.100 38627
u'application_1500743829967_0030'
>>> 
>>> future = client.submit(lambda x: x + 1, 10)
>>> future.result()
Traceback (most recent call last):
  File ""<stdin>"", line 1, in <module>
  File ""/usr/local/lib/python2.7/site-packages/distributed/client.py"", line 155, in result
    six.reraise(*result)
  File ""<string>"", line 2, in reraise
distributed.scheduler.KilledWorker: ('<lambda>-1755a7b8598406e265550c6e0de3412d', u'tcp://172.31.15.100:38951')
```
It seems that task submitted cannot run. Checking the ""client"" info says it has no resources:
```
>>> client
<Client: scheduler='tcp://172.31.4.217:45665' processes=0 cores=0>
>>> 
```
Yarn logs `yarn logs -applicationId application_1500743829967_0030` says:
```

2017-07-24 23:07:15,058 INFO  [main] client.RMProxy (RMProxy.java:createRMProxy(98)) - Connecting to ResourceManager at ec2-54-222-217-210.cn-north-1.compute.amazonaws.com.cn/172.31.4.217:8032
/tmp/logs/root/logs/application_1500743829967_0030does not have any log files.
```

Thanks for your help in advance!"
https://api.github.com/repos/dask/old-dask-yarn/issues/17,https://api.github.com/repos/dask/old-dask-yarn,https://api.github.com/repos/dask/old-dask-yarn/issues/17/labels{/name},https://api.github.com/repos/dask/old-dask-yarn/issues/17/comments,https://api.github.com/repos/dask/old-dask-yarn/issues/17/events,https://github.com/dask/old-dask-yarn/issues/17,233320659,MDU6SXNzdWUyMzMzMjA2NTk=,17,hadoop yarn webapp NotFoundExecption,quartox,,open,True,,,,37,2017-06-02T22:49:58Z,2017-07-21T15:55:50Z,,NONE,"I can submit a job (with new knit and replication factor 3) but my job browser immediately shows the following error:

```
Could not find job application_1495984298947_16153.

{""RemoteException"":{""exception"":""NotFoundException"",""message"":""java.lang.Exception: job, job_1495984298947_16153, is not found"",""javaClassName"":""org.apache.hadoop.yarn.webapp.NotFoundException""}} (error 404)
```

The command line output is the following:

```
ClientConfig(127.0.0.1,53775)
17/06/02 17:39:32 INFO knit.Client$: Staring Application Master
Setting Replication Factor to: 3
Attemping upload of /home/jlord/.conda/envs/dask/lib/python3.5/site-packages/knit/java_libs/knit-1.0-SNAPSHOT.jar
Uploading resource file:/home/jlord/.conda/envs/dask/lib/python3.5/site-packages/knit/java_libs/knit-1.0-SNAPSHOT.jar -> hdfs://nameservice1/user/jlord/.knitDeps/knit-1.0-SNAPSHOT.jarhdfs://nameservice1/user/jlord/.knitDeps/knit-1.0-SNAPSHOT.jar
Attemping upload of /home/jlord/.conda/envs/dask/lib/python3.5/site-packages/knit/tmp_conda/miniconda/envs/dask-35d2a1ee201208ae9fca6905fa88ea9e54557b58.zip
Uploading resource file:/home/jlord/.conda/envs/dask/lib/python3.5/site-packages/knit/tmp_conda/miniconda/envs/dask-35d2a1ee201208ae9fca6905fa88ea9e54557b58.zip -> hdfs://nameservice1/user/jlord/.knitDeps/dask-35d2a1ee201208ae9fca6905fa88ea9e54557b58.zip17/06/02 17:39:42 INFO knit.Client$: Submitting application application_1495984298947_16153
17/06/02 17:39:42 INFO impl.YarnClientImpl: Submitted application application_1495984298947_16153
```"
https://api.github.com/repos/dask/old-dask-yarn/issues/16,https://api.github.com/repos/dask/old-dask-yarn,https://api.github.com/repos/dask/old-dask-yarn/issues/16/labels{/name},https://api.github.com/repos/dask/old-dask-yarn/issues/16/comments,https://api.github.com/repos/dask/old-dask-yarn/issues/16/events,https://github.com/dask/old-dask-yarn/issues/16,232998354,MDU6SXNzdWUyMzI5OTgzNTQ=,16,create conda-forge recipe,quasiben,,open,True,,,,2,2017-06-01T20:19:29Z,2017-06-09T19:17:20Z,,MEMBER,cc @martindurant 
https://api.github.com/repos/dask/old-dask-yarn/issues/14,https://api.github.com/repos/dask/old-dask-yarn,https://api.github.com/repos/dask/old-dask-yarn/issues/14/labels{/name},https://api.github.com/repos/dask/old-dask-yarn/issues/14/comments,https://api.github.com/repos/dask/old-dask-yarn/issues/14/events,https://github.com/dask/old-dask-yarn/issues/14,232705921,MDU6SXNzdWUyMzI3MDU5MjE=,14,Connection refused,quartox,,closed,True,,,,3,2017-05-31T21:44:59Z,2017-06-19T16:34:43Z,2017-06-19T16:34:42Z,NONE,"I believe the servers that I use will not allow launching of connections to `localhost`. Instead you need to specify the full host name. E.g. when launching jupyter I use `socket.gethostname()` as the IP.

I believe the following error is related, but I am including the full error trace in case I am misunderstanding.

```
Error in atexit._run_exitfuncs:
Traceback (most recent call last):
  File ""/home/jlord/.conda/envs/dask/lib/python3.5/site-packages/requests/packages/urllib3/connection.py"", line 141, in _new_conn
    (self.host, self.port), self.timeout, **extra_kw)
  File ""/home/jlord/.conda/envs/dask/lib/python3.5/site-packages/requests/packages/urllib3/util/connection.py"", line 83, in create_connection
    raise err
  File ""/home/jlord/.conda/envs/dask/lib/python3.5/site-packages/requests/packages/urllib3/util/connection.py"", line 73, in create_connection
    sock.connect(sa)
ConnectionRefusedError: [Errno 111] Connection refused

During handling of the above exception, another exception occurred:

Traceback (most recent call last):
  File ""/home/jlord/.conda/envs/dask/lib/python3.5/site-packages/requests/packages/urllib3/connectionpool.py"", line 600, in urlopen
    chunked=chunked)
  File ""/home/jlord/.conda/envs/dask/lib/python3.5/site-packages/requests/packages/urllib3/connectionpool.py"", line 356, in _make_request
    conn.request(method, url, **httplib_request_kw)
  File ""/home/jlord/.conda/envs/dask/lib/python3.5/http/client.py"", line 1107, in request
    self._send_request(method, url, body, headers)
  File ""/home/jlord/.conda/envs/dask/lib/python3.5/http/client.py"", line 1152, in _send_request
    self.endheaders(body)
  File ""/home/jlord/.conda/envs/dask/lib/python3.5/http/client.py"", line 1103, in endheaders
    self._send_output(message_body)
  File ""/home/jlord/.conda/envs/dask/lib/python3.5/http/client.py"", line 934, in _send_output
    self.send(msg)
  File ""/home/jlord/.conda/envs/dask/lib/python3.5/http/client.py"", line 877, in send
    self.connect()
  File ""/home/jlord/.conda/envs/dask/lib/python3.5/site-packages/requests/packages/urllib3/connection.py"", line 166, in connect
    conn = self._new_conn()
  File ""/home/jlord/.conda/envs/dask/lib/python3.5/site-packages/requests/packages/urllib3/connection.py"", line 150, in _new_conn
    self, ""Failed to establish a new connection: %s"" % e)
requests.packages.urllib3.exceptions.NewConnectionError: <requests.packages.urllib3.connection.HTTPConnection object at 0x7f65111646a0>: Failed to establish a new connection: [Errno 111] Connection refused

During handling of the above exception, another exception occurred:

Traceback (most recent call last):
  File ""/home/jlord/.conda/envs/dask/lib/python3.5/site-packages/requests/adapters.py"", line 438, in send
    timeout=timeout
  File ""/home/jlord/.conda/envs/dask/lib/python3.5/site-packages/requests/packages/urllib3/connectionpool.py"", line 649, in urlopen
    _stacktrace=sys.exc_info()[2])
  File ""/home/jlord/.conda/envs/dask/lib/python3.5/site-packages/requests/packages/urllib3/util/retry.py"", line 388, in increment
    raise MaxRetryError(_pool, url, error or ResponseError(cause))
requests.packages.urllib3.exceptions.MaxRetryError: HTTPConnectionPool(host='localhost', port=8088): Max retries exceeded with url: /ws/v1/cluster/apps/ (Caused by NewConnectionError('<requests.packages.urllib3.connection.HTTPConnection object at 0x7f65111646a0>: Failed to establish a new connection: [Errno 111] Connection refused',))

During handling of the above exception, another exception occurred:

Traceback (most recent call last):
  File ""/home/jlord/.conda/envs/dask/lib/python3.5/site-packages/dask_yarn/core.py"", line 120, in stop
    self.knit.kill()
  File ""/home/jlord/.conda/envs/dask/lib/python3.5/site-packages/knit/core.py"", line 443, in kill
    return self.yarn_api.kill(self.app_id)
  File ""/home/jlord/.conda/envs/dask/lib/python3.5/site-packages/knit/yarn_api.py"", line 19, in wrapper
    if app_id not in cls.apps:
  File ""/home/jlord/.conda/envs/dask/lib/python3.5/site-packages/knit/yarn_api.py"", line 37, in apps
    r = requests.get(url)
  File ""/home/jlord/.conda/envs/dask/lib/python3.5/site-packages/requests/api.py"", line 72, in get
    return request('get', url, params=params, **kwargs)
  File ""/home/jlord/.conda/envs/dask/lib/python3.5/site-packages/requests/api.py"", line 58, in request
    return session.request(method=method, url=url, **kwargs)
  File ""/home/jlord/.conda/envs/dask/lib/python3.5/site-packages/requests/sessions.py"", line 518, in request
    resp = self.send(prep, **send_kwargs)
  File ""/home/jlord/.conda/envs/dask/lib/python3.5/site-packages/requests/sessions.py"", line 639, in send
    r = adapter.send(request, **kwargs)
  File ""/home/jlord/.conda/envs/dask/lib/python3.5/site-packages/requests/adapters.py"", line 502, in send
    raise ConnectionError(e, request=request)
requests.exceptions.ConnectionError: HTTPConnectionPool(host='localhost', port=8088): Max retries exceeded with url: /ws/v1/cluster/apps/ (Caused by NewConnectionError('<requests.packages.urllib3.connection.HTTPConnection object at 0x7f65111646a0>: Failed to establish a new connection: [Errno 111] Connection refused',))
distributed.utils - ERROR - 'StreamClosedError' object has no attribute 'real_error'
Traceback (most recent call last):
  File ""/home/jlord/.conda/envs/dask/lib/python3.5/site-packages/distributed/comm/tcp.py"", line 145, in read
    n_frames = yield stream.read_bytes(8)
  File ""/home/jlord/.conda/envs/dask/lib/python3.5/site-packages/tornado/gen.py"", line 870, in run
    value = future.result()
  File ""/home/jlord/.conda/envs/dask/lib/python3.5/site-packages/tornado/concurrent.py"", line 215, in result
    raise_exc_info(self._exc_info)
  File ""<string>"", line 3, in raise_exc_info
tornado.iostream.StreamClosedError

During handling of the above exception, another exception occurred:

Traceback (most recent call last):
  File ""/home/jlord/.conda/envs/dask/lib/python3.5/site-packages/distributed/utils.py"", line 370, in log_errors
    yield
  File ""/home/jlord/.conda/envs/dask/lib/python3.5/site-packages/distributed/client.py"", line 594, in _handle_report
    msgs = yield self.scheduler_comm.comm.read()
  File ""/home/jlord/.conda/envs/dask/lib/python3.5/site-packages/tornado/gen.py"", line 870, in run
    value = future.result()
  File ""/home/jlord/.conda/envs/dask/lib/python3.5/site-packages/tornado/concurrent.py"", line 215, in result
    raise_exc_info(self._exc_info)
  File ""<string>"", line 3, in raise_exc_info
  File ""/home/jlord/.conda/envs/dask/lib/python3.5/site-packages/tornado/gen.py"", line 876, in run
    yielded = self.gen.throw(*exc_info)
  File ""/home/jlord/.conda/envs/dask/lib/python3.5/site-packages/distributed/comm/tcp.py"", line 159, in read
    convert_stream_closed_error(e)
  File ""/home/jlord/.conda/envs/dask/lib/python3.5/site-packages/distributed/comm/tcp.py"", line 100, in convert_stream_closed_error
    if exc.real_error is not None:
AttributeError: 'StreamClosedError' object has no attribute 'real_error'
```"
https://api.github.com/repos/dask/old-dask-yarn/issues/13,https://api.github.com/repos/dask/old-dask-yarn,https://api.github.com/repos/dask/old-dask-yarn/issues/13/labels{/name},https://api.github.com/repos/dask/old-dask-yarn/issues/13/comments,https://api.github.com/repos/dask/old-dask-yarn/issues/13/events,https://github.com/dask/old-dask-yarn/issues/13,232695830,MDU6SXNzdWUyMzI2OTU4MzA=,13,Replication factor error,quartox,,closed,True,,,,5,2017-05-31T21:05:02Z,2017-06-02T17:39:07Z,2017-06-02T17:39:07Z,NONE,"Looks like it is probably a `knit` error and may be specific to my system but I am getting a replication factor error.

Is there an interface for specifying hadoop or hive conf directory? I use an environment variable to specify a hive conf directory when using spark.

```
File ""/home/jlord/.conda/envs/dask/lib/python3.5/site-packages/dask_yarn/core.py"", line 78, in start
    virtual_cores=cpus, memory=memory)
  File ""/home/jlord/.conda/envs/dask/lib/python3.5/site-packages/knit/core.py"", line 285, in start
    self.app_id = self.client.start(env, ','.join(files), app_name, queue)
  File ""/home/jlord/.conda/envs/dask/lib/python3.5/site-packages/py4j/java_gateway.py"", line 813, in __call__
    answer, self.gateway_client, self.target_id, self.name)
  File ""/home/jlord/.conda/envs/dask/lib/python3.5/site-packages/py4j/protocol.py"", line 308, in get_return_value
    format(target_id, ""."", name), value)
py4j.protocol.Py4JJavaError: An error occurred while calling t.start.
: org.apache.hadoop.ipc.RemoteException(java.io.IOException): Requested replication factor of 1 is less than the required minimum of 2 for /user/jlord/.knitDeps/knit-1.0-SNAPSHOT.jar
```"
https://api.github.com/repos/dask/old-dask-yarn/issues/12,https://api.github.com/repos/dask/old-dask-yarn,https://api.github.com/repos/dask/old-dask-yarn/issues/12/labels{/name},https://api.github.com/repos/dask/old-dask-yarn/issues/12/comments,https://api.github.com/repos/dask/old-dask-yarn/issues/12/events,https://github.com/dask/old-dask-yarn/issues/12,232691781,MDU6SXNzdWUyMzI2OTE3ODE=,12,No py4j dependency,quartox,,closed,True,,,,4,2017-05-31T20:49:37Z,2017-06-01T19:25:52Z,2017-06-01T19:25:52Z,NONE,I tried `conda install -c dask dask-yarn` and got an import error for `py4j` (which I found in the blaze channel).
https://api.github.com/repos/dask/old-dask-yarn/issues/10,https://api.github.com/repos/dask/old-dask-yarn,https://api.github.com/repos/dask/old-dask-yarn/issues/10/labels{/name},https://api.github.com/repos/dask/old-dask-yarn/issues/10/comments,https://api.github.com/repos/dask/old-dask-yarn/issues/10/events,https://github.com/dask/old-dask-yarn/issues/10,225191066,MDU6SXNzdWUyMjUxOTEwNjY=,10,YARN application finishes before any work submitted,perryhook,,open,True,,,,9,2017-04-28T20:56:33Z,2017-05-12T21:47:46Z,,NONE,"Please let me know if I'm doing something wrong, but the example code does not work for me. I am trying to get this to work on an 8 node cluster.

```
>>> from dask_yarn import YARNCluster
>>> cluster = YARNCluster(nn=name_node_host, rm=resource_mgr_host, autodetect=False)
>>> from dask.distributed import Client
>>> client = Client(cluster)
>>> cluster.start(2, cpus=1, memory=500)
ClientConfig(127.0.0.1,49360)
17/04/28 13:40:15 INFO knit.Client$: Staring Application Master
Attemping upload of /home/me/anaconda3/envs/dask/lib/python2.7/site-packages/knit/java_libs/knit-1.0-SNAPSHOT.jar
Uploading resource file:/home/me/anaconda3/envs/dask/lib/python2.7/site-packages/knit/java_libs/knit-1.0-SNAPSHOT.jar -> <name_node_host>:8020/user/me/.knitDeps/knit-1.0-SNAPSHOT.jar<name_node_host>:8020/user/me/.knitDeps/knit-1.0-SNAPSHOT.jar
17/04/28 13:40:17 INFO client.RMProxy: Connecting to ResourceManager at <resource_manager_host>:8050
17/04/28 13:40:17 INFO client.AHSProxy: Connecting to Application History server at <application_history_server>:10200
Attemping upload of /home/me/anaconda3/envs/dask/lib/python2.7/site-packages/knit/tmp_conda/miniconda/envs/dask-35d2a1ee201208ae9fca6905fa88ea9e54557b58.zip
Uploading resource file:/home/me/anaconda3/envs/dask/lib/python2.7/site-packages/knit/tmp_conda/miniconda/envs/dask-35d2a1ee201208ae9fca6905fa88ea9e54557b58.zip -> <name_node_host>:8020/user/me/.knitDeps/dask-35d2a1ee201208ae9fca6905fa88ea9e54557b58.zip17/04/28 13:40:20 INFO knit.Client$: Submitting application application_1491599580352_2891
17/04/28 13:40:20 INFO impl.YarnClientImpl: Submitted application application_1491599580352_2891
u'application_1491599580352_2891'
>>> future = client.submit(lambda x: x + 1, 10)
>>> future.result()
```
This just hangs, never returning.

Immediately after cluster.start(), looking at YARN running applications with `$ yarn application -list` shows the application for a few moments before progress hits 100% and it disappears:

```
Application-Id	    Application-Name	    Application-Type	      User	     Queue	             State	       Final-State	       Progress	                       Tracking-URL
application_1491599580352_2891	                knit	                YARN	     me	   default	           RUNNING	         UNDEFINED	         65.56%	                                N/A
```

No matter how fast I submit the lambda to the client and ask for the result, it hangs. It seems like the application is finishing before anything can be submitted to it. 
I barely know what I'm doing here with dask, so please let me know if this is a usage problem on my end, or something else."
https://api.github.com/repos/dask/old-dask-yarn/issues/9,https://api.github.com/repos/dask/old-dask-yarn,https://api.github.com/repos/dask/old-dask-yarn/issues/9/labels{/name},https://api.github.com/repos/dask/old-dask-yarn/issues/9/comments,https://api.github.com/repos/dask/old-dask-yarn/issues/9/events,https://github.com/dask/old-dask-yarn/issues/9,225184510,MDU6SXNzdWUyMjUxODQ1MTA=,9,specifying nn and rm does not stop autodetect,perryhook,,closed,True,,,,1,2017-04-28T20:26:23Z,2017-05-03T16:26:34Z,2017-05-03T16:26:34Z,NONE,"I'm not sure if this behavior is the desired one or not, but simply specifying `nn`, `nn_port`, `rm`, or `rm_port` does not pass this along to Knit. I'm guessing this is not desired b/c of the comment. Starting at line 47 in `core.py`:
```
# if any hdfs/yarn settings are used don't use autodetect
if autodetect or not any([nn, nn_port, rm, rm_port]):
    self.knit = Knit(autodetect=True, validate=validate)
```

which ignores the settings unless the default `True` value for `autodetect` is overridden.
I found it very confusing that simply passing the nn and rm args were not enough to have those pass through to Knit, but I also had to add `autodetect=False`.

Is this the desired behavior or a bug?"
https://api.github.com/repos/dask/old-dask-yarn/issues/5,https://api.github.com/repos/dask/old-dask-yarn,https://api.github.com/repos/dask/old-dask-yarn/issues/5/labels{/name},https://api.github.com/repos/dask/old-dask-yarn/issues/5/comments,https://api.github.com/repos/dask/old-dask-yarn/issues/5/events,https://github.com/dask/old-dask-yarn/issues/5,203238413,MDU6SXNzdWUyMDMyMzg0MTM=,5,Allow specifying yarn nn / rm in the YARNCluster constructor.,mariusvniekerk,,closed,True,,,,1,2017-01-25T22:13:55Z,2017-03-28T13:09:22Z,2017-03-28T13:09:22Z,NONE,
