URL,Repository URL,Labels URL,Comments URL,Events URL,HTML URL,ID,Node ID,Number,Title,User,Labels,State,Locked,Assignee,Assignees,Milestone,Comments,Created At,Updated At,Closed At,Author Association,Body
https://api.github.com/repos/dask/governance/issues/22,https://api.github.com/repos/dask/governance,https://api.github.com/repos/dask/governance/issues/22/labels{/name},https://api.github.com/repos/dask/governance/issues/22/comments,https://api.github.com/repos/dask/governance/issues/22/events,https://github.com/dask/governance/issues/22,1861837183,I_kwDOCY9fJs5u-WF_,22,Publicly list the Steering Council members on the website,hendrikmakait,,open,False,,,,0,2023-08-22T16:41:32Z,2023-08-22T16:41:32Z,,MEMBER,"Currently, we don't list the (Emeritus) Council members anywhere public. #21 improves this by adding the list to the governance docs. To adhere to the governance docs and to increase transparency, we should list the Council members on the website as well. 

https://github.com/dask/governance/blob/66aa89c463676bfffebb509b00792010c6f3cdce/governance.md?plain=1#L202-L203"
https://api.github.com/repos/dask/governance/issues/17,https://api.github.com/repos/dask/governance,https://api.github.com/repos/dask/governance/issues/17/labels{/name},https://api.github.com/repos/dask/governance/issues/17/comments,https://api.github.com/repos/dask/governance/issues/17/events,https://github.com/dask/governance/issues/17,929141019,MDU6SXNzdWU5MjkxNDEwMTk=,17,Issue Triage Rights,mrocklin,,open,False,,,,5,2021-06-24T11:41:46Z,2021-06-24T17:27:26Z,,MEMBER,"Hi all, 

We have a process for granting membership to the org, commit access to a repository, and ownership over the org.  We don't have a process for granting triage rights (the ability to close issues, manage labels, etc.).

I think that this should be fairly light weight.  I propose one of the following:

1.  Get permission from one other owner working at a different company
2.  Any owner can do this for anyone

Any thoughts?"
https://api.github.com/repos/dask/governance/issues/14,https://api.github.com/repos/dask/governance,https://api.github.com/repos/dask/governance/issues/14/labels{/name},https://api.github.com/repos/dask/governance/issues/14/comments,https://api.github.com/repos/dask/governance/issues/14/events,https://github.com/dask/governance/issues/14,461720315,MDU6SXNzdWU0NjE3MjAzMTU=,14,Create private mailing list for the steering committee,mrocklin,,closed,False,jrbourbeau,jrbourbeau,,5,2019-06-27T19:57:44Z,2019-07-24T03:07:49Z,2019-07-24T03:07:49Z,MEMBER,"We should probably make a mailing list for private communication among the steering committee.  I think that for public communications we can possibly use a github issue tracker, but for private communications e-mail would be useful.  I often find myself sending out an e-mail to a bunch of individual e-mail addresses."
https://api.github.com/repos/dask/governance/issues/13,https://api.github.com/repos/dask/governance,https://api.github.com/repos/dask/governance/issues/13/labels{/name},https://api.github.com/repos/dask/governance/issues/13/comments,https://api.github.com/repos/dask/governance/issues/13/events,https://github.com/dask/governance/issues/13,449355355,MDU6SXNzdWU0NDkzNTUzNTU=,13,Handling private communication of subcommittees,jakirkham,,open,False,,,,0,2019-05-28T16:05:55Z,2019-05-28T16:05:55Z,,MEMBER,"Currently we state in the governance document that we would like subcommittees to discuss items that must be discussed in private using the steering council mailing list. However this raises a concern as subcommittees can have non-steering council members, who would now have access to steering council member conversation. This would be good to address, but is a bit tricky as it could have a larger maintenance cost associated. Raising here to break this out of the governance discussion.

cc @mmccarty @mrocklin (who were engaged in this thread)"
https://api.github.com/repos/dask/governance/issues/8,https://api.github.com/repos/dask/governance,https://api.github.com/repos/dask/governance/issues/8/labels{/name},https://api.github.com/repos/dask/governance/issues/8/comments,https://api.github.com/repos/dask/governance/issues/8/events,https://github.com/dask/governance/issues/8,387400460,MDU6SXNzdWUzODc0MDA0NjA=,8,License for this repo,jcrist,,closed,False,,,,0,2018-12-04T17:34:49Z,2018-12-18T19:03:11Z,2018-12-18T19:03:11Z,MEMBER,"We should have a license for our governance documents. [Jupyter uses CC0](https://github.com/jupyter/governance/blob/master/LICENSE.md), which seems fine to me."
https://api.github.com/repos/dask/governance/issues/7,https://api.github.com/repos/dask/governance,https://api.github.com/repos/dask/governance/issues/7/labels{/name},https://api.github.com/repos/dask/governance/issues/7/comments,https://api.github.com/repos/dask/governance/issues/7/events,https://github.com/dask/governance/issues/7,387398617,MDU6SXNzdWUzODczOTg2MTc=,7,Managing commit/org access rights,jcrist,,closed,False,,,,2,2018-12-04T17:30:20Z,2019-06-24T06:19:44Z,2019-06-24T06:19:43Z,MEMBER,"How do we manage commit/org access rights? This includes things like:

- Adding new projects to the dask org
- Giving someone commit access to a project
- Giving someone access to the organization
- Removing commit access (either no longer active, or disciplinary (hopefully never needed))

Currently we have a fairly liberal (give access early and often) and informal process, but we'll want to codify this as part of the governance model."
https://api.github.com/repos/dask/governance/issues/6,https://api.github.com/repos/dask/governance,https://api.github.com/repos/dask/governance/issues/6/labels{/name},https://api.github.com/repos/dask/governance/issues/6/comments,https://api.github.com/repos/dask/governance/issues/6/events,https://github.com/dask/governance/issues/6,387396583,MDU6SXNzdWUzODczOTY1ODM=,6,Adopt a Code of Conduct,jcrist,,closed,False,,,,20,2018-12-04T17:25:22Z,2019-04-24T20:39:04Z,2019-04-24T20:39:04Z,MEMBER,"As part of becoming a NumFocus project (#1) we'd need to adopt a Code of Conduct (CoC). A few examples:

- [Contributor Covenant](https://www.contributor-covenant.org/) (used by many projects)
- [Python Community CoC](https://www.python.org/psf/codeofconduct/)
- [Jupyter's CoC](https://github.com/jupyter/governance/blob/master/conduct/code_of_conduct.md)
- [Django's CoC](https://www.djangoproject.com/conduct/)"
https://api.github.com/repos/dask/governance/issues/5,https://api.github.com/repos/dask/governance,https://api.github.com/repos/dask/governance/issues/5/labels{/name},https://api.github.com/repos/dask/governance/issues/5/comments,https://api.github.com/repos/dask/governance/issues/5/events,https://github.com/dask/governance/issues/5,387395066,MDU6SXNzdWUzODczOTUwNjY=,5,Resolving technical conflicts?,jcrist,,closed,False,,,,21,2018-12-04T17:21:24Z,2019-06-24T06:19:59Z,2019-06-24T06:19:59Z,MEMBER,"How do we resolve technical conflicts? Ideally the governance model should never come into play, but we should write a model that prepares for large differences of opinion in technical direction for the project. How do we resolve these conflicts when developers disagree long enough that action needs to be taken?

- BDFL Model?
- Leadership team?
- Consensus only?
- Majority vote?
- ?"
https://api.github.com/repos/dask/governance/issues/4,https://api.github.com/repos/dask/governance,https://api.github.com/repos/dask/governance/issues/4/labels{/name},https://api.github.com/repos/dask/governance/issues/4/comments,https://api.github.com/repos/dask/governance/issues/4/events,https://github.com/dask/governance/issues/4,387394122,MDU6SXNzdWUzODczOTQxMjI=,4,Dask name and logo ownership,jcrist,,open,False,,,,40,2018-12-04T17:18:53Z,2023-03-07T01:21:32Z,,MEMBER,What ownership can we/do we claim over the Dask name and logo?
https://api.github.com/repos/dask/governance/issues/3,https://api.github.com/repos/dask/governance,https://api.github.com/repos/dask/governance/issues/3/labels{/name},https://api.github.com/repos/dask/governance/issues/3/comments,https://api.github.com/repos/dask/governance/issues/3/events,https://github.com/dask/governance/issues/3,387393004,MDU6SXNzdWUzODczOTMwMDQ=,3,Balancing Corporate Involvement,jcrist,,open,False,,,,5,2018-12-04T17:16:22Z,2018-12-30T16:59:04Z,,MEMBER,"How do we balance friendliness towards corporate involvement (e.g. sponsored development, patches from corporate users, etc...) and community involvement (remain open and friendly to individual contributors or small groups)?"
https://api.github.com/repos/dask/governance/issues/2,https://api.github.com/repos/dask/governance,https://api.github.com/repos/dask/governance/issues/2/labels{/name},https://api.github.com/repos/dask/governance/issues/2/comments,https://api.github.com/repos/dask/governance/issues/2/events,https://github.com/dask/governance/issues/2,387391806,MDU6SXNzdWUzODczOTE4MDY=,2,How should we develop a governance model?,jcrist,,closed,False,,,,1,2018-12-04T17:13:33Z,2019-06-07T17:03:54Z,2019-06-07T17:03:54Z,MEMBER,"How do we go about creating governance model? A few options:

- Adopt (and modify) one from an existing project? A few examples:
  - Jupyter: https://github.com/jupyter/governance
  - Pangeo: https://github.com/pangeo-data/governance
  - Pandas: https://github.com/pandas-dev/pandas-governance
  - Django: https://docs.djangoproject.com/en/dev/internals/organization/
- Develop a fresh document?
- ?"
https://api.github.com/repos/dask/governance/issues/1,https://api.github.com/repos/dask/governance,https://api.github.com/repos/dask/governance/issues/1/labels{/name},https://api.github.com/repos/dask/governance/issues/1/comments,https://api.github.com/repos/dask/governance/issues/1/events,https://github.com/dask/governance/issues/1,387389913,MDU6SXNzdWUzODczODk5MTM=,1,Requirements for NumFocus Fiscal Sponsorship,jcrist,,closed,False,,,,24,2018-12-04T17:09:00Z,2019-07-18T21:10:22Z,2019-07-18T21:10:22Z,MEMBER,"We may want to apply for NumFocus Fiscal Sponsorship: https://numfocus.org/information-fiscal-sponsorship

The requirements are:

- [x] Release its code under an OSI approved open source license (exceptions must be approved by the NumFOCUS Board of Directors)
- [x] Have a Code of Conduct, either adopted from our own or similar in spirit.
- [x] Have a community that is active and of reasonable size
- [x] Have multiple people willing to sign the Fiscal Sponsorship Agreement (5 signatories for a comprehensive FSA; 3 signatories for a grantor-grantee FSA). Those people must be active in the project; one person may be an external stakeholder instead of a project contributor.​
- [x] Have a leadership body or team consisting of at least 3 people; these people should not be employed by the same entity or share a common affiliation beyond that of the project."
