URL,Repository URL,Labels URL,Comments URL,Events URL,HTML URL,ID,Node ID,Number,Title,User,Labels,State,Locked,Assignee,Assignees,Milestone,Comments,Created At,Updated At,Closed At,Author Association,Body
https://api.github.com/repos/dask/dask-tensorflow/issues/11,https://api.github.com/repos/dask/dask-tensorflow,https://api.github.com/repos/dask/dask-tensorflow/issues/11/labels{/name},https://api.github.com/repos/dask/dask-tensorflow/issues/11/comments,https://api.github.com/repos/dask/dask-tensorflow/issues/11/events,https://github.com/dask/dask-tensorflow/issues/11,650505459,MDU6SXNzdWU2NTA1MDU0NTk=,11,ImportError: cannot import name 'Queue' from 'distributed.compatibility',ghost,,closed,True,,,,6,2020-07-03T10:29:39Z,2020-07-03T21:21:25Z,2020-07-03T21:21:25Z,NONE,"When I try to do the following: 
`from dask_tensorflow import start _tensorflow`
I get the following error: 
```
---------------------------------------------------------------------------
ImportError                               Traceback (most recent call last)
<ipython-input-9-d8ae128e04b2> in <module>
----> 1 from dask_tensorflow import start_tensorflow

~/anaconda3/lib/python3.7/site-packages/dask_tensorflow/__init__.py in <module>
----> 1 from .core import _start_tensorflow, start_tensorflow
      2 
      3 __version__ = '0.0.2'

~/anaconda3/lib/python3.7/site-packages/dask_tensorflow/core.py in <module>
      4 from tornado import gen
      5 
----> 6 from distributed.compatibility import Queue
      7 from distributed.utils import sync
      8 import tensorflow as tf

ImportError: cannot import name 'Queue' from 'distributed.compatibility' (/home/vinhdiesal/anaconda3/lib/python3.7/site-packages/distributed/compatibility.py)
```"
https://api.github.com/repos/dask/dask-tensorflow/issues/8,https://api.github.com/repos/dask/dask-tensorflow,https://api.github.com/repos/dask/dask-tensorflow/issues/8/labels{/name},https://api.github.com/repos/dask/dask-tensorflow/issues/8/comments,https://api.github.com/repos/dask/dask-tensorflow/issues/8/events,https://github.com/dask/dask-tensorflow/issues/8,494013089,MDU6SXNzdWU0OTQwMTMwODk=,8,ImportError: cannot import name 'Queue' from 'distributed.compatibility',dhairyasheelsutar,,closed,True,,,,10,2019-09-16T12:17:02Z,2020-03-16T15:45:46Z,2020-01-08T12:11:26Z,NONE,I am using dask_tensorflow but its giving me this error
https://api.github.com/repos/dask/dask-tensorflow/issues/7,https://api.github.com/repos/dask/dask-tensorflow,https://api.github.com/repos/dask/dask-tensorflow/issues/7/labels{/name},https://api.github.com/repos/dask/dask-tensorflow/issues/7/comments,https://api.github.com/repos/dask/dask-tensorflow/issues/7/events,https://github.com/dask/dask-tensorflow/issues/7,451488637,MDU6SXNzdWU0NTE0ODg2Mzc=,7,Tensorflow 2.x Support,curiouscod3,,open,True,,,,4,2019-06-03T13:37:44Z,2020-01-23T15:37:31Z,,NONE,is it possible with new  TF 2.X version?
https://api.github.com/repos/dask/dask-tensorflow/issues/6,https://api.github.com/repos/dask/dask-tensorflow,https://api.github.com/repos/dask/dask-tensorflow/issues/6/labels{/name},https://api.github.com/repos/dask/dask-tensorflow/issues/6/comments,https://api.github.com/repos/dask/dask-tensorflow/issues/6/events,https://github.com/dask/dask-tensorflow/issues/6,380759640,MDU6SXNzdWUzODA3NTk2NDA=,6,Is dask-tensorflow not supported any more?,PGryllos,,open,True,,,,3,2018-11-14T15:46:34Z,2018-11-26T09:40:58Z,,NONE,"Hi, sorry for the question but I was wondering if this project is actively supported given the low activity of the past years; 

"
https://api.github.com/repos/dask/dask-tensorflow/issues/5,https://api.github.com/repos/dask/dask-tensorflow,https://api.github.com/repos/dask/dask-tensorflow/issues/5/labels{/name},https://api.github.com/repos/dask/dask-tensorflow/issues/5/comments,https://api.github.com/repos/dask/dask-tensorflow/issues/5/events,https://github.com/dask/dask-tensorflow/issues/5,285773534,MDU6SXNzdWUyODU3NzM1MzQ=,5,Needs new PyPI release after merge of PR #4,n8henrie,,closed,True,,,,1,2018-01-03T18:41:43Z,2018-01-10T16:03:43Z,2018-01-10T16:03:43Z,NONE,"Getting the ""requirements.txt"" error fixed by https://github.com/dask/dask-tensorflow/pull/4 when installing `pip install dask-tensorflow`, which also breaks `pip install dask-ml[tensorflow]`. Downloading the tarfile from PyPI shows it still doesn't contain a `requirements.txt`, so I think you just need to re-release to PyPI.

In the meantime, `pip install git+https://github.com/dask/dask-tensorflow` works."
https://api.github.com/repos/dask/dask-tensorflow/issues/2,https://api.github.com/repos/dask/dask-tensorflow,https://api.github.com/repos/dask/dask-tensorflow/issues/2/labels{/name},https://api.github.com/repos/dask/dask-tensorflow/issues/2/comments,https://api.github.com/repos/dask/dask-tensorflow/issues/2/events,https://github.com/dask/dask-tensorflow/issues/2,242922588,MDU6SXNzdWUyNDI5MjI1ODg=,2,Multiple GPU on the same server,surajkamal,,open,True,,,,2,2017-07-14T07:46:21Z,2017-07-20T09:12:47Z,,NONE,"This handy tool is a great addition to dask-distributed especially for those who re using tensorflow distributed. It would much better if there are options to specify GPU resources started by each dask tasks as in such situations like multiple workers resides on a same machine. When a tensorflow server initializes it grab all the available GPU RAM of all GPU cards availabe on a machine by default (as mentioned [here](https://stackoverflow.com/a/34776814)). I have managed to achieve this by just adding:
```
import os
def start_and_attach_server(spec, job_name=None, task_index=None, dask_worker=None):
     os.environ[""CUDA_VISIBLE_DEVICES""]=str(task_index)
     server = tf.train.Server(spec, job_name=job_name, task_index=task_index)
     dask_worker.tensorflow_server = server
     dask_worker.tensorflow_queue = Queue()
     return 'OK'

```
but this rudimentary, it will not check for whether it is on the same node or not which is essential and there is no clean interface to specify that as well. Is it possible to add such functionality in a more better way, so many tensorflow tasks can share a same node. "
