URL,Repository URL,Labels URL,Comments URL,Events URL,HTML URL,ID,Node ID,Number,Title,User,Labels,State,Locked,Assignee,Assignees,Milestone,Comments,Created At,Updated At,Closed At,Author Association,Body
https://api.github.com/repos/dask/pandas-streaming/issues/6,https://api.github.com/repos/dask/pandas-streaming,https://api.github.com/repos/dask/pandas-streaming/issues/6/labels{/name},https://api.github.com/repos/dask/pandas-streaming/issues/6/comments,https://api.github.com/repos/dask/pandas-streaming/issues/6/events,https://github.com/dask/pandas-streaming/issues/6,803888507,MDU6SXNzdWU4MDM4ODg1MDc=,6,Archive this repo?,jsignell,,open,True,,,,1,2021-02-08T20:04:05Z,2021-02-11T02:01:14Z,,MEMBER,"It seems like there is no activity on this repo and it should be archived.
"
https://api.github.com/repos/dask/pandas-streaming/issues/5,https://api.github.com/repos/dask/pandas-streaming,https://api.github.com/repos/dask/pandas-streaming/issues/5/labels{/name},https://api.github.com/repos/dask/pandas-streaming/issues/5/comments,https://api.github.com/repos/dask/pandas-streaming/issues/5/events,https://github.com/dask/pandas-streaming/issues/5,241124947,MDU6SXNzdWUyNDExMjQ5NDc=,5,Set up testing,mrocklin,,open,True,,,,4,2017-07-07T00:36:04Z,2017-07-07T00:53:43Z,,MEMBER,We should set up travis-ci tests for this.  Currently I run tests locally with `py.test` and `flake8`.
https://api.github.com/repos/dask/pandas-streaming/issues/4,https://api.github.com/repos/dask/pandas-streaming,https://api.github.com/repos/dask/pandas-streaming/issues/4/labels{/name},https://api.github.com/repos/dask/pandas-streaming/issues/4/comments,https://api.github.com/repos/dask/pandas-streaming/issues/4/events,https://github.com/dask/pandas-streaming/issues/4,241123855,MDU6SXNzdWUyNDExMjM4NTU=,4,Refactor groupby-aggregations,mrocklin,,open,True,,,,0,2017-07-07T00:28:04Z,2017-07-07T00:28:04Z,,MEMBER,"The current implementations of sum and mean are *very* similar.  They should probably be refactored and the other groupby-aggregations (min, max, count, var, std, etc..) added.

Additionally I suspect that users may want the actual groupby-aggregate function."
https://api.github.com/repos/dask/pandas-streaming/issues/3,https://api.github.com/repos/dask/pandas-streaming,https://api.github.com/repos/dask/pandas-streaming/issues/3/labels{/name},https://api.github.com/repos/dask/pandas-streaming/issues/3/comments,https://api.github.com/repos/dask/pandas-streaming/issues/3/events,https://github.com/dask/pandas-streaming/issues/3,241123725,MDU6SXNzdWUyNDExMjM3MjU=,3,Add data ingestion functions?,mrocklin,,open,True,,,,1,2017-07-07T00:27:13Z,2017-07-07T00:35:30Z,,MEMBER,"We should have functions like `read_csv` that both process through the current csv files, but also set up a tornado coroutine to watch the directory and emit a new task whenever a new file appears
"
https://api.github.com/repos/dask/pandas-streaming/issues/2,https://api.github.com/repos/dask/pandas-streaming,https://api.github.com/repos/dask/pandas-streaming/issues/2/labels{/name},https://api.github.com/repos/dask/pandas-streaming/issues/2/comments,https://api.github.com/repos/dask/pandas-streaming/issues/2/events,https://github.com/dask/pandas-streaming/issues/2,241123532,MDU6SXNzdWUyNDExMjM1MzI=,2,Fill in embarrassingly parallel operations,mrocklin,,open,True,,,,0,2017-07-07T00:25:51Z,2017-07-07T00:25:51Z,,MEMBER,"Arithmetic operations like `__pow__` haven't yet been added.  They are trivial if you look at `__add__`.

Additionally embarrassingly parallel operations like `astype`, `.dt.dayofweek`, etc. are similarly trivial to add.  See `round` for a good example.  We should establish some basic testing apparatus for all of these that doesn't require much work."
https://api.github.com/repos/dask/pandas-streaming/issues/1,https://api.github.com/repos/dask/pandas-streaming,https://api.github.com/repos/dask/pandas-streaming/issues/1/labels{/name},https://api.github.com/repos/dask/pandas-streaming/issues/1/comments,https://api.github.com/repos/dask/pandas-streaming/issues/1/events,https://github.com/dask/pandas-streaming/issues/1,241123338,MDU6SXNzdWUyNDExMjMzMzg=,1,Consider renaming,mrocklin,,open,True,,,,0,2017-07-07T00:24:26Z,2017-07-07T00:24:26Z,,MEMBER,I came up with pandas-streaming after about 30s of thought.  This may not be the best name.
