URL,Repository URL,Labels URL,Comments URL,Events URL,HTML URL,ID,Node ID,Number,Title,User,Labels,State,Locked,Assignee,Assignees,Milestone,Comments,Created At,Updated At,Closed At,Author Association,Body
https://api.github.com/repos/dask/dask-stories/issues/20,https://api.github.com/repos/dask/dask-stories,https://api.github.com/repos/dask/dask-stories/issues/20/labels{/name},https://api.github.com/repos/dask/dask-stories/issues/20/comments,https://api.github.com/repos/dask/dask-stories/issues/20/events,https://github.com/dask/dask-stories/issues/20,798445555,MDU6SXNzdWU3OTg0NDU1NTU=,20,"Move default branch from ""master"" -> ""main""",jsignell,,closed,False,,,,0,2021-02-01T15:15:14Z,2021-02-01T19:16:10Z,2021-02-01T19:16:10Z,MEMBER,"@jrbourbeau and I are in the process of moving the default branch for this repo from master to main. 

 - [x] Changed in GitHub
 - [x] ~~Merged PR to change branch name in code.~~ -> no changes needed

### What you'll see
Once the name on github is changed (the first box above is Xed, or this issue closed), when you try to `git pull` you'll get 

```bash
Your configuration specifies to merge with the ref 'refs/heads/master'
from the remote, but no such ref was fetched.
```
### What you need to do

First: **head to your fork and rename the default branch there**
Then:
```bash
git branch -m master main
git fetch origin
git branch -u origin/main main
```
"
https://api.github.com/repos/dask/dask-stories/issues/12,https://api.github.com/repos/dask/dask-stories,https://api.github.com/repos/dask/dask-stories/issues/12/labels{/name},https://api.github.com/repos/dask/dask-stories/issues/12/comments,https://api.github.com/repos/dask/dask-stories/issues/12/events,https://github.com/dask/dask-stories/issues/12,439702620,MDU6SXNzdWU0Mzk3MDI2MjA=,12,Question: are images allowed?,cicdw,,closed,False,,,,1,2019-05-02T17:27:12Z,2019-05-22T17:38:25Z,2019-05-22T17:38:25Z,CONTRIBUTOR,"Opening as an issue for future reference, but are images allowed in stories?  If so, what is the appropriate format / place to store them?  Asking because an image might help me articulate a point in my ""Pain points"" section."
https://api.github.com/repos/dask/dask-stories/issues/7,https://api.github.com/repos/dask/dask-stories,https://api.github.com/repos/dask/dask-stories/issues/7/labels{/name},https://api.github.com/repos/dask/dask-stories/issues/7/comments,https://api.github.com/repos/dask/dask-stories/issues/7/events,https://github.com/dask/dask-stories/issues/7,339225234,MDU6SXNzdWUzMzkyMjUyMzQ=,7,Publish as website,mrocklin,,closed,False,,,,6,2018-07-08T13:17:26Z,2019-01-27T03:46:16Z,2019-01-27T03:46:16Z,MEMBER,"We should convert this content into a proper website.  I see two options:

1.  Integrate it into the dask repository and dask documentation
2.  Use a separate site and a static site generator, like Jekyll"
https://api.github.com/repos/dask/dask-stories/issues/3,https://api.github.com/repos/dask/dask-stories,https://api.github.com/repos/dask/dask-stories/issues/3/labels{/name},https://api.github.com/repos/dask/dask-stories/issues/3/comments,https://api.github.com/repos/dask/dask-stories/issues/3/events,https://github.com/dask/dask-stories/issues/3,337892852,MDU6SXNzdWUzMzc4OTI4NTI=,3,What is the right license to apply to a repository like this?,mrocklin,,open,False,,,,9,2018-07-03T13:11:36Z,2022-05-09T22:46:14Z,,MEMBER,Something creative-commons-y?  I'll admit that I don't have much knowledge here.
