URL,Repository URL,Labels URL,Comments URL,Events URL,HTML URL,ID,Node ID,Number,Title,User,Labels,State,Locked,Assignee,Assignees,Milestone,Comments,Created At,Updated At,Closed At,Author Association,Body
https://api.github.com/repos/dask/scipy-tutorials-2018/issues/8,https://api.github.com/repos/dask/scipy-tutorials-2018,https://api.github.com/repos/dask/scipy-tutorials-2018/issues/8/labels{/name},https://api.github.com/repos/dask/scipy-tutorials-2018/issues/8/comments,https://api.github.com/repos/dask/scipy-tutorials-2018/issues/8/events,https://github.com/dask/scipy-tutorials-2018/issues/8,509954205,MDU6SXNzdWU1MDk5NTQyMDU=,8,Archived?,jacobtomlinson,,closed,True,,,,5,2019-10-21T13:14:13Z,2021-02-08T19:35:44Z,2021-02-08T19:35:44Z,MEMBER,Should this repo now be archived or are there plans for future re-use?
https://api.github.com/repos/dask/scipy-tutorials-2018/issues/7,https://api.github.com/repos/dask/scipy-tutorials-2018,https://api.github.com/repos/dask/scipy-tutorials-2018/issues/7/labels{/name},https://api.github.com/repos/dask/scipy-tutorials-2018/issues/7/comments,https://api.github.com/repos/dask/scipy-tutorials-2018/issues/7/events,https://github.com/dask/scipy-tutorials-2018/issues/7,316343061,MDU6SXNzdWUzMTYzNDMwNjE=,7,Machine Learning with scikit-learn,mrocklin,,closed,True,,,,1,2018-04-20T17:01:32Z,2018-04-20T17:03:54Z,2018-04-20T17:03:54Z,MEMBER,"Hi @amueller , using dask with sklearn is somewhat trivial these days, either with joblib or with dask-ml.  We already have examples that you might want to take a look at here: https://mybinder.org/v2/gh/dask/dask-examples/master?filepath=machine-learning.ipynb

They are also easy to run on a single machine if preferred."
https://api.github.com/repos/dask/scipy-tutorials-2018/issues/6,https://api.github.com/repos/dask/scipy-tutorials-2018,https://api.github.com/repos/dask/scipy-tutorials-2018/issues/6/labels{/name},https://api.github.com/repos/dask/scipy-tutorials-2018/issues/6/comments,https://api.github.com/repos/dask/scipy-tutorials-2018/issues/6/events,https://github.com/dask/scipy-tutorials-2018/issues/6,316336337,MDU6SXNzdWUzMTYzMzYzMzc=,6,Pandas Tutorial,TomAugspurger,,closed,True,,,,4,2018-04-20T16:38:36Z,2018-07-19T15:08:46Z,2018-07-19T15:08:28Z,MEMBER,"For data, we can use the public ones on Anaconda's gcs (NY taxi dataset). These are used in the pangeo examples I believe.

cc @deniederhut @jorisvandenbossche"
https://api.github.com/repos/dask/scipy-tutorials-2018/issues/5,https://api.github.com/repos/dask/scipy-tutorials-2018,https://api.github.com/repos/dask/scipy-tutorials-2018/issues/5/labels{/name},https://api.github.com/repos/dask/scipy-tutorials-2018/issues/5/comments,https://api.github.com/repos/dask/scipy-tutorials-2018/issues/5/events,https://github.com/dask/scipy-tutorials-2018/issues/5,316324767,MDU6SXNzdWUzMTYzMjQ3Njc=,5,Scikit-Learn tutorial,TomAugspurger,,open,True,,,,3,2018-04-20T16:03:03Z,2018-04-24T14:13:30Z,,MEMBER,"Splitting from https://github.com/dask/scipy-tutorials-2018/issues/3

cc @amueller

> think the most interesting application might be parallelizing on a single machine, I'm not sure how well that works with your setup?

I think the distributed joblib is the best value in terms of additional teaching time / usefulness. Teaching-wise it's ""We've seen `n_jobs=-1` mean all the cores on a single machine. With this context manager, now `n_jobs=-1` now means all the core on a cluster!""

> What's the status on the broad-casting of data for doing a random forest in parallel?

RandomForest (and some others) hardcode the joblib backend to use threading. After the next joblib release, I plan to open issues on scikit-learn to

1. Change the hardcoded backends to use the new preferred / requires API
2. Document the default joblib backend used
3. Write a glossary page on joblib backends
4. Link to a distributed joblib example.

A good example for now might be a large grid search. Something like a bigger version of the first example in https://mybinder.org/v2/gh/dask/dask-examples/master?filepath=machine-learning.ipynb

<details>
To start conversation we might consider the following questions:

1.  What sorts of applications might make for a good parallel computing
    exercise within this domain?

2.  If these applications are data-intensive then are there publicly
    available datasets that are inconveniently large?

3.  What software requirements are likely to be necessary to run these
    computations?

4.  What challenges should we expect when parallelizing these algorithms or
    accessing this data at scale?

Of course feel free to disregard these questions and engage in more direct
conversation.
</details>"
https://api.github.com/repos/dask/scipy-tutorials-2018/issues/4,https://api.github.com/repos/dask/scipy-tutorials-2018,https://api.github.com/repos/dask/scipy-tutorials-2018/issues/4/labels{/name},https://api.github.com/repos/dask/scipy-tutorials-2018/issues/4/comments,https://api.github.com/repos/dask/scipy-tutorials-2018/issues/4/events,https://github.com/dask/scipy-tutorials-2018/issues/4,316313720,MDU6SXNzdWUzMTYzMTM3MjA=,4,Dask in the JupyterLab Scipy 2018 tutorial,jasongrout,,open,True,,,,2,2018-04-20T15:31:32Z,2018-04-20T17:06:10Z,,NONE,"CC @Carreau @mrocklin 

This issue is to discuss #3 without spamming people there :).

I was hoping to show off some jlab extensions as part of a show-and-tell of the sorts of things that can be built into jlab. Some questions:

* How well does the dask extension work?
* Is there a short demo (<3 minutes) that sufficiently illustrates how having a dask extension makes the jlab environment better?"
https://api.github.com/repos/dask/scipy-tutorials-2018/issues/3,https://api.github.com/repos/dask/scipy-tutorials-2018,https://api.github.com/repos/dask/scipy-tutorials-2018/issues/3/labels{/name},https://api.github.com/repos/dask/scipy-tutorials-2018/issues/3/comments,https://api.github.com/repos/dask/scipy-tutorials-2018/issues/3/events,https://github.com/dask/scipy-tutorials-2018/issues/3,316216351,MDU6SXNzdWUzMTYyMTYzNTE=,3,Introduction: Use Dask in SciPy Tutorials?,mrocklin,,open,True,,,,6,2018-04-20T10:35:13Z,2018-04-20T17:05:01Z,,MEMBER,"**tl;dr**: do you want to collaborate on a small scalability section using Dask within your SciPy tutorial?  

Hello everyone,  

I'm excited about the SciPy tutorial lineup this year.  Dask devs plan to set up some infrastructure to give students in our tutorial access to a modest cluster in the cloud so that they can do some scalable analysis.  These distributed systems have been popular in our tutorials in the past.  It will likely be similar to the public [pangeo deployment](http://pangeo.pydata.org) currently used within earth sciences (JupyterHub + Dask on Kubernetes on Google).  We were also planning to extend this infrastructure to a couple other groups (scikit-learn, pandas, ...) for small dask sections at the end of their tutorial but, after seeing the lineup this year, thought it might be best to reach out to others to see if a broader collaboration might be more interesting.

So, concretely, do you want to collaborate on a small section in your tutorial that shows how to scale your domain and libraries using Dask?  This would require the following from you:

1.  The development of educational notebooks and examples that use Dask within your domain
2.  A matching software environment (requirements.txt, environment.yaml, etc.) that matches those notebooks
3.  Some learning about Dask to ensure that you're comfortable delivering this content

Dask and JupyterHub developers have some availability to help assist tutorial leaders develop these materials and manage infrastructure so that students have access to distributed resources during tutorials.

### What Next?

If you're interested in exploring this topic then please raise a new issue within this repository with the title of your tutorial and some thoughts and questions (there are some leading questions within the issue template to help start conversation).  I imagine that most people haven't started writing or updating materials yet, so I would expect early conversation to be pretty exploratory.  Perhaps we can explore applications together that might be both interesting and accessible to beginning students.

General questions are also welcome here, though please note that many people are cc'ed on this issue, and so raising new issues within this repository might be best to avoid all-to-all e-mail chatter.

### Who

To avoid exclusion I've included the top author listed on all tutorials.  However I expect that this will make more sense in some cases (introduction to numpy) than in others (introduction to Julia) but I would love to be surprised :)  To those for whom this is not a good fit I sincerely apologize for the unnecessary e-mail.  You may wish to unsubscribe from this issue.

1.  Introduction to Python and Programming @jiffyclub
2.  PyViz: Easy Visualization and Exploration for all your Data @jbednar
3.  Around the World in 80 Ways: An Introduction to Working with Geodata and Cartopy @pelson
4.  Network Analysis Made Simple: Network Fundamentals @ericmjl
5.  Getting Started with TensorFlow @random_forests
6.  Introduction to Numerical Computing with NumPy @achabotl
7.  3D Visualization with Mayavi @prabhuramachandran
8.  An Introduction to Julia @xorJane
9.  Image Analysis in Python with SciPy and scikit-image @stefanv
10.  Software Engineering Techniques @jiffyclub
11.  Information Extraction Using Topic Models @parulsethi
12.  Anatomy of Matplotlib @weathergod
13.  Machine Learning with scikit-learn @amueller
14.  Getting Started with JupyterLab @carreau
15.  Introduction to Geospatial Data Analysis with Python @sjsrey @jorisvandenbossche
16.  Scientific MicroPython on Microcontrollers @rcolistete
17.  Setting Up Your Own Open Source Project @dopplershift
18.  pandas .head() to .tail() @deniederhut @TomAugspurger 
19.  Hands-on Satellite Imagery Analysis @sarasafavi
20.  The Jupyter Interactive Widget Ecosystem @mwcraig
21.  The Sheer Joy of Packaging @msarahan
22. Bayesian Data Science Two Ways: Simulation and Probabilistic Programming @ericmjl

Also cc @yuvipanda, @choldgraf, and @willingc from JupyterHub

Thank you all for your time, 
-matt"
https://api.github.com/repos/dask/scipy-tutorials-2018/issues/2,https://api.github.com/repos/dask/scipy-tutorials-2018,https://api.github.com/repos/dask/scipy-tutorials-2018/issues/2/labels{/name},https://api.github.com/repos/dask/scipy-tutorials-2018/issues/2/comments,https://api.github.com/repos/dask/scipy-tutorials-2018/issues/2/events,https://github.com/dask/scipy-tutorials-2018/issues/2,316204006,MDU6SXNzdWUzMTYyMDQwMDY=,2,Funding computation,mrocklin,,open,True,,,,1,2018-04-20T09:55:29Z,2018-04-25T21:15:28Z,,MEMBER,"In previous years we've gotten Google to donate compute credits for various tutorials.  Can we do so again?  If so would they be willing to increase the donation given the increased scope?

cc @quasiben "
https://api.github.com/repos/dask/scipy-tutorials-2018/issues/1,https://api.github.com/repos/dask/scipy-tutorials-2018,https://api.github.com/repos/dask/scipy-tutorials-2018/issues/1/labels{/name},https://api.github.com/repos/dask/scipy-tutorials-2018/issues/1/comments,https://api.github.com/repos/dask/scipy-tutorials-2018/issues/1/events,https://github.com/dask/scipy-tutorials-2018/issues/1,314254282,MDU6SXNzdWUzMTQyNTQyODI=,1,How do we capture environments and examples from tutorial authors?,mrocklin,,open,True,,,,7,2018-04-13T21:22:18Z,2018-04-19T22:29:45Z,,MEMBER,"We need to crowdsource the specification of environments and the generation of notebooks from tutorial maintainers.  What is the best way to do this?  What information should we collect from them?

For example should we use [binder's mechanism](http://mybinder.readthedocs.io/en/latest/using.html#preparing-a-repository-for-binder) ?

cc @yuvipanda @choldgraf"
