URL,Repository URL,Labels URL,Comments URL,Events URL,HTML URL,ID,Node ID,Number,Title,User,Labels,State,Locked,Assignee,Assignees,Milestone,Comments,Created At,Updated At,Closed At,Author Association,Body
https://api.github.com/repos/dask/cachey/issues/28,https://api.github.com/repos/dask/cachey,https://api.github.com/repos/dask/cachey/issues/28/labels{/name},https://api.github.com/repos/dask/cachey/issues/28/comments,https://api.github.com/repos/dask/cachey/issues/28/events,https://github.com/dask/cachey/issues/28,804643247,MDU6SXNzdWU4MDQ2NDMyNDc=,28,"Move default branch from ""master"" -> ""main""",jsignell,,closed,False,,,,1,2021-02-09T15:13:56Z,2021-02-10T01:02:01Z,2021-02-10T01:02:01Z,MEMBER,"@jrbourbeau and I are in the process of moving the default branch for this repo from master to main. 

 - [x] Changed in GitHub
 - [x] ~~Merged PR to change branch name in code~~ 
 
### What you'll see
Once the name on github is changed (the first box above is Xed, or this issue closed), when you try to `git pull` you'll get 

```bash
Your configuration specifies to merge with the ref 'refs/heads/master'
from the remote, but no such ref was fetched.
```

### What you need to do

First: **head to your fork and rename the default branch there**
Then:
```bash
git branch -m master main
git fetch origin
git branch -u origin/main main
```"
https://api.github.com/repos/dask/cachey/issues/25,https://api.github.com/repos/dask/cachey,https://api.github.com/repos/dask/cachey/issues/25/labels{/name},https://api.github.com/repos/dask/cachey/issues/25/comments,https://api.github.com/repos/dask/cachey/issues/25/events,https://github.com/dask/cachey/issues/25,735188860,MDU6SXNzdWU3MzUxODg4NjA=,25,Migrate CI to GitHub Actions,jacobtomlinson,,closed,False,,,,0,2020-11-03T10:11:03Z,2020-11-11T09:57:01Z,2020-11-11T09:57:01Z,MEMBER,"Due to changes in the Travis CI billing, the Dask org is migrating CI to GitHub Actions.

This repo contains a `.travis.yml` file which needs to be replaced with an equivalent `.github/workflows/ci.yml` file.

See dask/community#107 for more details."
https://api.github.com/repos/dask/cachey/issues/21,https://api.github.com/repos/dask/cachey,https://api.github.com/repos/dask/cachey/issues/21/labels{/name},https://api.github.com/repos/dask/cachey/issues/21/comments,https://api.github.com/repos/dask/cachey/issues/21/events,https://github.com/dask/cachey/issues/21,578256978,MDU6SXNzdWU1NzgyNTY5Nzg=,21,Beyond in-memory caching,jhamman,,closed,False,,,,5,2020-03-10T00:03:23Z,2020-03-11T12:08:20Z,2020-03-11T12:08:20Z,MEMBER,"I've just started to use cachey (its quite cool, so thanks for making it). I'm curious if it would be possible to extend cache beyond in-memory caching, perhaps using Zict or similar mutable mappings.

Currently `Cache.data` is just a vanilla `dict`: 

https://github.com/dask/cachey/blob/382e55ee335ece4ad1295f6350b058ea3bac27fb/cachey/cache.py#L71

and I'm wondering if it could be any dict-like thing. A little monkey-patch exploration makes this seem possible. Here I replace `Cache.data` with Zict's `LRU` mapping:

```python
In [1]: >>> from cachey import Cache
   ...:
   ...: >>> c = Cache(1e9, 1)  # 1 GB, cut off anything with cost 1 or less

In [2]: c.data
Out[2]: {}

In [3]: import pickle
   ...: import zlib
   ...:
   ...: from zict import File, Func, LRU
   ...:
   ...: a = File('myfile/', mode='a')
   ...: b = Func(zlib.compress, zlib.decompress, a)
   ...: c = Func(pickle.dumps, pickle.loads, b)
   ...: d = LRU(100, c)

In [4]: d
Out[4]: <LRU: 0/100 on <Func: dumps<->loads <Func: compress<->decompress <File: myfile/, mode=""a"", 0 elements>>>>

In [5]: c = Cache(1e9)

# monkey patch here!
In [6]: c.data = d

In [7]: c
Out[7]: <cachey.cache.Cache at 0x7fc7c05ed6d8>

In [8]: c.data
Out[8]: <LRU: 0/100 on <Func: dumps<->loads <Func: compress<->decompress <File: myfile/, mode=""a"", 0 elements>>>>

In [9]: c.put('x', 'some value', cost=3)

In [10]: c.get('x')
Out[10]: 'some value'
```

Thoughts on what I've done here? What I'm really going for is a `Zict.Buffer` with a fast dict and a slower datastore (database or object store). "
https://api.github.com/repos/dask/cachey/issues/19,https://api.github.com/repos/dask/cachey,https://api.github.com/repos/dask/cachey/issues/19/labels{/name},https://api.github.com/repos/dask/cachey/issues/19/comments,https://api.github.com/repos/dask/cachey/issues/19/events,https://github.com/dask/cachey/issues/19,515545657,MDU6SXNzdWU1MTU1NDU2NTc=,19,BUG: ZeroDivisionError when returning zero-length series/arrays,asher-pembroke,,open,False,,,,2,2019-10-31T15:53:27Z,2019-11-02T01:21:07Z,,NONE,"Cachey produces an unhelpful div/zero error when a cached function returns a zero-length array.

Examples:
```python
from cachey import Cache
import numpy as np
import pandas as pd

cache = Cache(1e5)

@cache.memoize
def myfunc(x):
    return x

try:
    myfunc(pd.Series())
except ZeroDivisionError as m:
    print(m)

try:
    myfunc(np.array([]))
except ZeroDivisionError as m:
    print(m)
    
myfunc([]) #lists work fine
```
```console

float division by zero
float division by zero

Out[39]:
[]
```"
https://api.github.com/repos/dask/cachey/issues/17,https://api.github.com/repos/dask/cachey,https://api.github.com/repos/dask/cachey/issues/17/labels{/name},https://api.github.com/repos/dask/cachey/issues/17/comments,https://api.github.com/repos/dask/cachey/issues/17/events,https://github.com/dask/cachey/issues/17,434862066,MDU6SXNzdWU0MzQ4NjIwNjY=,17,Can't groupby two or more keys,natemcintosh,,open,False,,,,1,2019-04-18T16:46:34Z,2019-07-10T13:06:46Z,,NONE,"When attempting to groupby two or more keys, I get an attribute error. This does not occur when grouping by a single key
```python
---------------------------------------------------------------------------
AttributeError                            Traceback (most recent call last)
<ipython-input-11-c4a4f7e033ab> in <module>
----> 1 df.groupby(['path','time']).alt.mean().compute()

~/anaconda3/lib/python3.6/site-packages/dask/base.py in compute(self, **kwargs)
    154         dask.base.compute
    155         """"""
--> 156         (result,) = compute(self, traverse=False, **kwargs)
    157         return result
    158 

~/anaconda3/lib/python3.6/site-packages/dask/base.py in compute(*args, **kwargs)
    396     keys = [x.__dask_keys__() for x in collections]
    397     postcomputes = [x.__dask_postcompute__() for x in collections]
--> 398     results = schedule(dsk, keys, **kwargs)
    399     return repack([f(r, *a) for r, (f, a) in zip(results, postcomputes)])
    400 

~/anaconda3/lib/python3.6/site-packages/dask/threaded.py in get(dsk, result, cache, num_workers, pool, **kwargs)
     74     results = get_async(pool.apply_async, len(pool._pool), dsk, result,
     75                         cache=cache, get_id=_thread_get_id,
---> 76                         pack_exception=pack_exception, **kwargs)
     77 
     78     # Cleanup pools associated to dead threads

~/anaconda3/lib/python3.6/site-packages/dask/local.py in get_async(apply_async, num_workers, dsk, result, cache, get_id, rerun_exceptions_locally, pack_exception, raise_exception, callbacks, dumps, loads, **kwargs)
    465                 finish_task(dsk, key, state, results, keyorder.get)
    466                 for f in posttask_cbs:
--> 467                     f(key, res, dsk, state, worker_id)
    468 
    469                 while state['ready'] and len(state['running']) < num_workers:

~/anaconda3/lib/python3.6/site-packages/dask/cache.py in _posttask(self, key, value, dsk, state, id)
     59             duration += max(self.durations.get(k, 0) for k in deps)
     60         self.durations[key] = duration
---> 61         nb = self._nbytes(value) + overhead + sys.getsizeof(key) * 4
     62         self.cache.put(key, value, cost=duration / nb / 1e9, nbytes=nb)
     63 

~/anaconda3/lib/python3.6/site-packages/cachey/nbytes.py in nbytes(o)
     27 
     28     if name == 'pandas.core.series.Series':
---> 29         return _array(o._data.blocks[0].values) + _array(o.index._data)
     30     elif name == 'pandas.core.frame.DataFrame':
     31         return _array(o.index) + sum([_array(blk.values)

~/anaconda3/lib/python3.6/site-packages/cachey/nbytes.py in _array(x)
      3 
      4 def _array(x):
----> 5     if x.dtype == 'O':
      6         return sys.getsizeof('0'*100) * x.size
      7     elif str(x.dtype) == 'category':

AttributeError: 'NoneType' object has no attribute 'dtype'
```
Is this a known problem? Or a bug? "
https://api.github.com/repos/dask/cachey/issues/16,https://api.github.com/repos/dask/cachey,https://api.github.com/repos/dask/cachey/issues/16/labels{/name},https://api.github.com/repos/dask/cachey/issues/16/comments,https://api.github.com/repos/dask/cachey/issues/16/events,https://github.com/dask/cachey/issues/16,416928969,MDU6SXNzdWU0MTY5Mjg5Njk=,16,Badly-defined behavior calling `put` reusing existing key.,rainwoodman,,open,False,,,,1,2019-03-04T18:15:40Z,2019-03-04T18:41:02Z,,CONTRIBUTOR,"The current behavior seems to be replacing the value of the key, but increases total_bytes without retiring the existing item.

I do not think this behavior is well defined. It causes total_bytes and available_bytes to diverge, and eventually triggers #15.

How unique do we expect the keys to be?

Shall we raise an exception if the key same key is used twice, or shall we consistently retire the existing key/value when the same key is reused?
"
https://api.github.com/repos/dask/cachey/issues/14,https://api.github.com/repos/dask/cachey,https://api.github.com/repos/dask/cachey/issues/14/labels{/name},https://api.github.com/repos/dask/cachey/issues/14/comments,https://api.github.com/repos/dask/cachey/issues/14/events,https://github.com/dask/cachey/issues/14,413140780,MDU6SXNzdWU0MTMxNDA3ODA=,14,unexpected behavior in cached function when key words arguments are used.,mmngreco,,open,False,,,,0,2019-02-21T21:53:02Z,2019-02-21T22:09:37Z,,NONE,"Hello,

I have found this project very useful and while I was doing tests I have found this behavior unexpected for me.

I leave below a minimum reproducible example:

```
import pandas as pd
import cachey

df = pd.DataFrame([[1, 2]], columns=list(""ab""))
c = cachey.Cache(1e9)


@c.memoize
def boo(df):
    print(""not cached!"")
    return df, df.to_dict()


boo(df=df)  # not works
boo(df)    # works
boo(df)    # works 

```

I don't know if this comment is appropriate but I thought it was interesting, maybe you can give me a clue as to what could cause this problem.




"
https://api.github.com/repos/dask/cachey/issues/10,https://api.github.com/repos/dask/cachey,https://api.github.com/repos/dask/cachey/issues/10/labels{/name},https://api.github.com/repos/dask/cachey/issues/10/comments,https://api.github.com/repos/dask/cachey/issues/10/events,https://github.com/dask/cachey/issues/10,279372859,MDU6SXNzdWUyNzkzNzI4NTk=,10,User defined cache file/location,enricorotundo,,closed,False,,,,1,2017-12-05T13:22:39Z,2018-07-11T16:28:47Z,2018-07-11T16:28:47Z,NONE,How can I specify a cache file/location?
https://api.github.com/repos/dask/cachey/issues/7,https://api.github.com/repos/dask/cachey,https://api.github.com/repos/dask/cachey/issues/7/labels{/name},https://api.github.com/repos/dask/cachey/issues/7/comments,https://api.github.com/repos/dask/cachey/issues/7/events,https://github.com/dask/cachey/issues/7,201224174,MDU6SXNzdWUyMDEyMjQxNzQ=,7,Persistent cache with Zarr,alimanfoo,,open,False,,,,24,2017-01-17T09:55:08Z,2021-08-12T18:39:49Z,,NONE,"This is somewhat related to both #5 and #3 but slightly different. Basically I would like a persistent cache for use when working in a jupyter notebook. The motivation is very similar to https://github.com/rossant/ipycache i.e. if I restart a notebook I don't want to have to repeat any computations that previously finished. However I would like to use Zarr to store cache results not pickle because compression will save disk space. Also I would like to use a memoize function decorator rather than a cell magic, i.e., something more like the cachey memoize decorator and the [joblib Memory.cache decorator](https://pythonhosted.org/joblib/memory.html).

No problem if this is beyond scope for cachey but I thought I'd mention it in case there were any synergies with other requirements. On the technical side there are two main points to consider: one is how to generate a key from function arguments that is stable across python sessions (i.e., doesn't rely on Python's built-in hash function); the second is how to integrate with Zarr (or similar) for storage."
https://api.github.com/repos/dask/cachey/issues/5,https://api.github.com/repos/dask/cachey,https://api.github.com/repos/dask/cachey/issues/5/labels{/name},https://api.github.com/repos/dask/cachey/issues/5/comments,https://api.github.com/repos/dask/cachey/issues/5/events,https://github.com/dask/cachey/issues/5,141089578,MDU6SXNzdWUxNDEwODk1Nzg=,5,Distributed cache strategy ,AlexMikhalev,,open,False,,,,7,2016-03-15T20:30:36Z,2019-03-05T06:46:00Z,,NONE,"Hello Fellows,
I am looking at using dask for distributed computation and I was wondering what is your strategy to make cachey into horizontally scalable cache and common calculation space?

Regards,
Alex
"
https://api.github.com/repos/dask/cachey/issues/3,https://api.github.com/repos/dask/cachey,https://api.github.com/repos/dask/cachey/issues/3/labels{/name},https://api.github.com/repos/dask/cachey/issues/3/comments,https://api.github.com/repos/dask/cachey/issues/3/events,https://github.com/dask/cachey/issues/3,101942081,MDU6SXNzdWUxMDE5NDIwODE=,3,notebook mode,den-run-ai,,open,False,,,,0,2015-08-19T16:36:00Z,2015-08-19T16:36:00Z,,NONE,"cross-posting from ipycache:

https://github.com/rossant/ipycache/issues/32
"
https://api.github.com/repos/dask/cachey/issues/2,https://api.github.com/repos/dask/cachey,https://api.github.com/repos/dask/cachey/issues/2/labels{/name},https://api.github.com/repos/dask/cachey/issues/2/comments,https://api.github.com/repos/dask/cachey/issues/2/events,https://github.com/dask/cachey/issues/2,98652482,MDU6SXNzdWU5ODY1MjQ4Mg==,2,Thoughts of Questionable Value,wrobstory,,closed,False,,,,6,2015-08-03T01:24:49Z,2015-09-14T15:35:14Z,2015-09-14T15:35:14Z,NONE,"Food for thought. Most of these are really ""Pandas things"" and not ""Dask things"", but I'm kind of riffing here.

**For a DataFrame, what if we cached**
- Factorized columns
- Sorted columns or sorted Indices
- [The group index](https://github.com/pydata/pandas/blob/0ed46a0786f226ada80cfc8bf8795ff715625025/pandas/core/groupby.py#L3798) of a GroupBy, as well as [the index arrays](https://github.com/pydata/pandas/blob/0ed46a0786f226ada80cfc8bf8795ff715625025/pandas/core/groupby.py#L3800) for any given set of labels/columns in a given GroupBy

**For a dask bag, what if we cached**
- All intermediates in any given series of folds, mappings, filters, etc. For example, if I perform a `bag.filter(lambda x: x > 2).map(lambda x: x + 1)`, dask can cache the filter and the map in case either is ever called again with that particular lambda. The following could be a _terrible_ idea. Still riffing.: 

```
import inspect
import hashlib

m = hashlib.md5()
foo = lambda x: x > 2
stringified = inspect.getsource(foo)
m.update(stringified)
m.digest()
```

Now you have a checksum on that particular lambda function that you can use as a key for that calc on that bag. 

**For a Dask DataFrame, what if we cached**
- The same as the dask bag example, but for `apply` or `map`s on the DataFrame (which tend to be terrible expensive). Same hashing of the function they're using for the apply or map, then caching of the `apply`ed or `map`ed columns or the entire Frame.
- Aggregations

In general, I think there could be huge wins in essentially taking snapshots of a given series of computations on any given sequence or DataFrame, and being able to reconstruct those from caches of both intermediates and final results. 

This actually could actually provide some compelling data flows on the distributed side of dask. If any given computation node fails, you could dramatically decrease the time it takes to re-run a given sequence of computations if you had all of those intermediate steps cached along the way. So for any given branch of the graph, if you've finished 5 of the 6 pieces of computation and the node fails, either you can wait for the node to stand back up and just finish step 6, or you can shuffle the intermediate cached result from step 5 to another node and finish step 6. Moving that intermediate is going to be way less expensive that moving the whole data block. This does, of course, assume you get the data from the failed node into storage where a new node can access it. 

End of riff.
"
https://api.github.com/repos/dask/cachey/issues/1,https://api.github.com/repos/dask/cachey,https://api.github.com/repos/dask/cachey/issues/1/labels{/name},https://api.github.com/repos/dask/cachey/issues/1/comments,https://api.github.com/repos/dask/cachey/issues/1/events,https://github.com/dask/cachey/issues/1,98645092,MDU6SXNzdWU5ODY0NTA5Mg==,1,Error during pip install,rafaelcapucho,,closed,False,,,,1,2015-08-02T23:31:16Z,2015-09-12T21:11:23Z,2015-09-12T21:11:23Z,NONE,"Hello,

I'm having troubles during the installation,

```
kepler@nebula:~$ sudo pip install cachey
[sudo] password for kepler: 
Downloading/unpacking cachey
  Downloading cachey-0.0.1.tar.gz                                                                                                                                                               
  Running setup.py (path:/tmp/pip-build-Kfuq02/cachey/setup.py) egg_info for package cachey                                                                                                     
    Traceback (most recent call last):                                                                                                                                                          
      File ""<string>"", line 17, in <module>                                                                                                                                                     
      File ""/tmp/pip-build-Kfuq02/cachey/setup.py"", line 15, in <module>                                                                                                                        
        install_requires=list(open('requirements.txt').read().strip().split('\n')),                                                                                                             
    IOError: [Errno 2] No such file or directory: 'requirements.txt'                                                                                                                            
    Complete output from command python setup.py egg_info:                                                                                                                                      
    Traceback (most recent call last):                                                                                                                                                          

  File ""<string>"", line 17, in <module>                                                                                                                                                         

  File ""/tmp/pip-build-Kfuq02/cachey/setup.py"", line 15, in <module>

    install_requires=list(open('requirements.txt').read().strip().split('\n')),

IOError: [Errno 2] No such file or directory: 'requirements.txt'
```

Thank you.
"
