URL,Repository URL,Labels URL,Comments URL,Events URL,HTML URL,ID,Node ID,Number,Title,User,Labels,State,Locked,Assignee,Assignees,Milestone,Comments,Created At,Updated At,Closed At,Author Association,Body
https://api.github.com/repos/nextflow-io/nf-co2footprint/issues/80,https://api.github.com/repos/nextflow-io/nf-co2footprint,https://api.github.com/repos/nextflow-io/nf-co2footprint/issues/80/labels{/name},https://api.github.com/repos/nextflow-io/nf-co2footprint/issues/80/comments,https://api.github.com/repos/nextflow-io/nf-co2footprint/issues/80/events,https://github.com/nextflow-io/nf-co2footprint/issues/80,2052614634,I_kwDOJZRpes56WGnq,80,Report all used plugin parameters,skrakau,,closed,False,,,,2,2023-12-21T15:18:03Z,2024-03-19T09:03:39Z,2024-03-19T09:03:39Z,COLLABORATOR,"Currently, not all plugin parameters are given out, including the ones that are used for the actual computation but are not task specific, such as `CI` and `PUE`.
They should be listed in the HTML and TXT summary output."
https://api.github.com/repos/nextflow-io/nf-co2footprint/issues/79,https://api.github.com/repos/nextflow-io/nf-co2footprint,https://api.github.com/repos/nextflow-io/nf-co2footprint/issues/79/labels{/name},https://api.github.com/repos/nextflow-io/nf-co2footprint/issues/79/comments,https://api.github.com/repos/nextflow-io/nf-co2footprint/issues/79/events,https://github.com/nextflow-io/nf-co2footprint/issues/79,2052595971,I_kwDOJZRpes56WCED,79,Use scientific notation for equivalence values in html report,skrakau,,open,False,mirpedrol,mirpedrol,,0,2023-12-21T15:06:16Z,2024-03-18T10:33:05Z,,COLLABORATOR,Use scientific notation for equivalence values in html report to display also smaller values.
https://api.github.com/repos/nextflow-io/nf-co2footprint/issues/63,https://api.github.com/repos/nextflow-io/nf-co2footprint,https://api.github.com/repos/nextflow-io/nf-co2footprint/issues/63/labels{/name},https://api.github.com/repos/nextflow-io/nf-co2footprint/issues/63/comments,https://api.github.com/repos/nextflow-io/nf-co2footprint/issues/63/events,https://github.com/nextflow-io/nf-co2footprint/issues/63,1947368289,I_kwDOJZRpes50Enth,63,Restructure code,skrakau,,open,False,,,,0,2023-10-17T12:58:41Z,2023-10-17T12:58:41Z,,COLLABORATOR,Some parts of the code became a bit chaotic. Restructure code when main functionality is ready.
https://api.github.com/repos/nextflow-io/nf-co2footprint/issues/62,https://api.github.com/repos/nextflow-io/nf-co2footprint,https://api.github.com/repos/nextflow-io/nf-co2footprint/issues/62/labels{/name},https://api.github.com/repos/nextflow-io/nf-co2footprint/issues/62/comments,https://api.github.com/repos/nextflow-io/nf-co2footprint/issues/62/events,https://github.com/nextflow-io/nf-co2footprint/issues/62,1947066279,I_kwDOJZRpes50Dd-n,62,Inclusion of the carbon footprint of cached processes,Llannelongue,,open,False,,,,1,2023-10-17T10:15:38Z,2023-10-17T16:18:07Z,,COLLABORATOR,"This is to discuss how to present the carbon footprint of cached processes.

Simple example: 3 processes [P1] [P2] [P3]
- First run of the pipeline, all three are run
- Second run of the pipeline, cached [P1] is used, [P2] and [P3] are run

When presenting the carbon footprint of run (2), we can either:
- Take the carbon footprint of [P1] for run (1) and add the carbon footprints of [P2] and [P3] from run (2).
- Or only add the carbon footprints of [P2] and [P3] and ignore the impact of [P1].

Option 1 gives a better estimate of the total carbon footprint of the pipeline if we were to run it again from start to finish on new data let's say. But option 2 gives a more accurate estimate of the true carbon footprint of running step (2). And if adding run (1) + run (2), option 2 should be used (otherwise the footprint of [P1] would get double counted even though it was only run once). 

It seems to depend a lot on what users want to do with this information, so perhaps best to give both information in the report so that users can decide what to do?"
https://api.github.com/repos/nextflow-io/nf-co2footprint/issues/61,https://api.github.com/repos/nextflow-io/nf-co2footprint,https://api.github.com/repos/nextflow-io/nf-co2footprint/issues/61/labels{/name},https://api.github.com/repos/nextflow-io/nf-co2footprint/issues/61/comments,https://api.github.com/repos/nextflow-io/nf-co2footprint/issues/61/events,https://github.com/nextflow-io/nf-co2footprint/issues/61,1947048577,I_kwDOJZRpes50DZqB,61,Map CPU model names from LINUX file to the `TDP_CPU` file,Llannelongue,enhancement,open,False,,,,0,2023-10-17T10:07:30Z,2023-10-17T10:07:30Z,,COLLABORATOR,"This is a tricky one and more long term. As it is now, it is likely that the CPU model name returned by LINUX doesn't match exactly the model name in the TDP table. 

One option could be to try and find the standardised model names returned my LINUX and have a mapping table. Or some sophisticated regex to map CPU model names. Open topic! "
https://api.github.com/repos/nextflow-io/nf-co2footprint/issues/60,https://api.github.com/repos/nextflow-io/nf-co2footprint,https://api.github.com/repos/nextflow-io/nf-co2footprint/issues/60/labels{/name},https://api.github.com/repos/nextflow-io/nf-co2footprint/issues/60/comments,https://api.github.com/repos/nextflow-io/nf-co2footprint/issues/60/events,https://github.com/nextflow-io/nf-co2footprint/issues/60,1947037088,I_kwDOJZRpes50DW2g,60,Convert report plots to one with two y-axes,skrakau,,closed,False,,,,1,2023-10-17T10:01:17Z,2024-03-11T16:18:22Z,2024-03-11T16:18:22Z,COLLABORATOR,"Convert report CO2e and energy consumption plots to one plot with two y-axes (on the left side).
The plots are identical, just with different units. "
https://api.github.com/repos/nextflow-io/nf-co2footprint/issues/58,https://api.github.com/repos/nextflow-io/nf-co2footprint,https://api.github.com/repos/nextflow-io/nf-co2footprint/issues/58/labels{/name},https://api.github.com/repos/nextflow-io/nf-co2footprint/issues/58/comments,https://api.github.com/repos/nextflow-io/nf-co2footprint/issues/58/events,https://github.com/nextflow-io/nf-co2footprint/issues/58,1946944621,I_kwDOJZRpes50DARt,58,Add parameter to disable use of cpu_model ,skrakau,,closed,False,,,0.1,1,2023-10-17T09:14:52Z,2023-12-21T15:03:51Z,2023-12-21T15:03:51Z,COLLABORATOR,Add parameter to disable use of `cpu_model` and use default power draw or provided CPU core power draw value.  Add parameter for custom power draw value.
https://api.github.com/repos/nextflow-io/nf-co2footprint/issues/56,https://api.github.com/repos/nextflow-io/nf-co2footprint,https://api.github.com/repos/nextflow-io/nf-co2footprint/issues/56/labels{/name},https://api.github.com/repos/nextflow-io/nf-co2footprint/issues/56/comments,https://api.github.com/repos/nextflow-io/nf-co2footprint/issues/56/events,https://github.com/nextflow-io/nf-co2footprint/issues/56,1945200618,I_kwDOJZRpes5z8Wfq,56,Include CPU TDP data from Green algorithms,skrakau,,closed,False,skrakau,skrakau,,1,2023-10-16T13:16:59Z,2023-10-17T10:26:32Z,2023-10-17T10:26:32Z,COLLABORATOR,Include CPU TDP data from Green algorithms
https://api.github.com/repos/nextflow-io/nf-co2footprint/issues/54,https://api.github.com/repos/nextflow-io/nf-co2footprint,https://api.github.com/repos/nextflow-io/nf-co2footprint/issues/54/labels{/name},https://api.github.com/repos/nextflow-io/nf-co2footprint/issues/54/comments,https://api.github.com/repos/nextflow-io/nf-co2footprint/issues/54/events,https://github.com/nextflow-io/nf-co2footprint/issues/54,1944706957,I_kwDOJZRpes5z6d-N,54,Add missing metrics to the task-specific txt output file,skrakau,,closed,False,skrakau,skrakau,,2,2023-10-16T08:51:20Z,2023-10-18T08:39:01Z,2023-10-18T08:39:01Z,COLLABORATOR,"Add missing metrics to the task-specific txt output file, e.g. `cpu_model`. Which other metrics are missing?"
https://api.github.com/repos/nextflow-io/nf-co2footprint/issues/53,https://api.github.com/repos/nextflow-io/nf-co2footprint,https://api.github.com/repos/nextflow-io/nf-co2footprint/issues/53/labels{/name},https://api.github.com/repos/nextflow-io/nf-co2footprint/issues/53/comments,https://api.github.com/repos/nextflow-io/nf-co2footprint/issues/53/events,https://github.com/nextflow-io/nf-co2footprint/issues/53,1944702887,I_kwDOJZRpes5z6c-n,53,Handle summary txt output,skrakau,,closed,False,,,0.1,1,2023-10-16T08:49:09Z,2023-12-21T15:03:42Z,2023-12-21T15:03:42Z,COLLABORATOR,Add the summary txt output to the docs and think about how to make this nicer.
https://api.github.com/repos/nextflow-io/nf-co2footprint/issues/52,https://api.github.com/repos/nextflow-io/nf-co2footprint,https://api.github.com/repos/nextflow-io/nf-co2footprint/issues/52/labels{/name},https://api.github.com/repos/nextflow-io/nf-co2footprint/issues/52/comments,https://api.github.com/repos/nextflow-io/nf-co2footprint/issues/52/events,https://github.com/nextflow-io/nf-co2footprint/issues/52,1944646560,I_kwDOJZRpes5z6POg,52,Include CI data from Green Algorithms project,skrakau,,closed,False,skrakau,skrakau,,1,2023-10-16T08:18:59Z,2023-10-17T08:44:54Z,2023-10-17T08:44:53Z,COLLABORATOR,"Include location-specific CI data from Green Algorithms project
https://github.com/GreenAlgorithms/green-algorithms-tool/tree/master/data

and potentially adjust processing. "
https://api.github.com/repos/nextflow-io/nf-co2footprint/issues/29,https://api.github.com/repos/nextflow-io/nf-co2footprint,https://api.github.com/repos/nextflow-io/nf-co2footprint/issues/29/labels{/name},https://api.github.com/repos/nextflow-io/nf-co2footprint/issues/29/comments,https://api.github.com/repos/nextflow-io/nf-co2footprint/issues/29/events,https://github.com/nextflow-io/nf-co2footprint/issues/29,1841506705,I_kwDOJZRpes5twymR,29,Handle numeric types consistently,skrakau,,open,False,,,,0,2023-08-08T15:09:20Z,2023-08-08T15:09:20Z,,COLLABORATOR,"- Handle numeric types: `double`, `Double`, `float`, `Float`, `BigDecimal` consistently
- change type for values for which float would be sufficient, such as `cpu_usage`, `powerdraw` (adjust List<Double>, maybe when anyway re-structuring)"
https://api.github.com/repos/nextflow-io/nf-co2footprint/issues/27,https://api.github.com/repos/nextflow-io/nf-co2footprint,https://api.github.com/repos/nextflow-io/nf-co2footprint/issues/27/labels{/name},https://api.github.com/repos/nextflow-io/nf-co2footprint/issues/27/comments,https://api.github.com/repos/nextflow-io/nf-co2footprint/issues/27/events,https://github.com/nextflow-io/nf-co2footprint/issues/27,1838906016,I_kwDOJZRpes5tm3qg,27,task_id in report does not match task_id in txt output,skrakau,,closed,False,,,,0,2023-08-07T08:00:04Z,2023-09-18T14:18:22Z,2023-09-18T14:18:22Z,COLLABORATOR,"the `task_id` in report does not always match `task_id` in txt output, at least the reported CO2 values do not match"
https://api.github.com/repos/nextflow-io/nf-co2footprint/issues/26,https://api.github.com/repos/nextflow-io/nf-co2footprint,https://api.github.com/repos/nextflow-io/nf-co2footprint/issues/26/labels{/name},https://api.github.com/repos/nextflow-io/nf-co2footprint/issues/26/comments,https://api.github.com/repos/nextflow-io/nf-co2footprint/issues/26/events,https://github.com/nextflow-io/nf-co2footprint/issues/26,1838896355,I_kwDOJZRpes5tm1Tj,26,Sorting in report table does not account for units,skrakau,,open,False,,,,0,2023-08-07T07:53:44Z,2023-12-21T15:22:01Z,,COLLABORATOR,"The sorting in the report table does currently not account for units, e.g. 998 mg is considered > 9g. "
