URL,Repository URL,Labels URL,Comments URL,Events URL,HTML URL,ID,Node ID,Number,Title,User,Labels,State,Locked,Assignee,Assignees,Milestone,Comments,Created At,Updated At,Closed At,Author Association,Body
https://api.github.com/repos/nextflow-io/nf-console/issues/1,https://api.github.com/repos/nextflow-io/nf-console,https://api.github.com/repos/nextflow-io/nf-console/issues/1/labels{/name},https://api.github.com/repos/nextflow-io/nf-console/issues/1/comments,https://api.github.com/repos/nextflow-io/nf-console/issues/1/events,https://github.com/nextflow-io/nf-console/issues/1,2156241695,I_kwDOEzwPVs6AhaMf,1,How to add it to the nextflow plugin in the Conda environment？,zhangdudu0,,open,False,,,,1,2024-02-27T10:33:56Z,2024-03-11T07:56:27Z,,NONE,"**nextflow console**
`(renku) [zc@node2 Sample_GZ23064716-ZG1-ZG1-1]$ nextflow console`
`Downloading plugin nf-console@1.0.6`
`ERROR ~ Plugin with id nf-console not found in any repository`

**nextflow plugin install**
`(renku) [zc@node2 Sample_GZ23064716-ZG1-ZG1-1]$ nextflow plugin install nf-console`
`Downloading plugin nf-console@1.0.6         `
`ERROR ~ Plugin with id nf-console not found in any repository`"
