URL,Repository URL,Labels URL,Comments URL,Events URL,HTML URL,ID,Node ID,Number,Title,User,Labels,State,Locked,Assignee,Assignees,Milestone,Comments,Created At,Updated At,Closed At,Author Association,Body
https://api.github.com/repos/nextflow-io/nf-wr/issues/1,https://api.github.com/repos/nextflow-io/nf-wr,https://api.github.com/repos/nextflow-io/nf-wr/issues/1/labels{/name},https://api.github.com/repos/nextflow-io/nf-wr/issues/1/comments,https://api.github.com/repos/nextflow-io/nf-wr/issues/1/events,https://github.com/nextflow-io/nf-wr/issues/1,588350345,MDU6SXNzdWU1ODgzNTAzNDU=,1,Add maven publish build task,pditommaso,,open,False,,,,2,2020-03-26T11:29:37Z,2020-05-01T08:44:47Z,,MEMBER,"Maven publishing to central and *local* can be managed the maven-publish plugin for Gradle 

https://docs.gradle.org/current/userguide/publishing_maven.html#publishing_maven:install

"
