URL,Repository URL,Labels URL,Comments URL,Events URL,HTML URL,ID,Node ID,Number,Title,User,Labels,State,Locked,Assignee,Assignees,Milestone,Comments,Created At,Updated At,Closed At,Author Association,Body
https://api.github.com/repos/nextflow-io/crg-course-nov16/issues/1,https://api.github.com/repos/nextflow-io/crg-course-nov16,https://api.github.com/repos/nextflow-io/crg-course-nov16/issues/1/labels{/name},https://api.github.com/repos/nextflow-io/crg-course-nov16/issues/1/comments,https://api.github.com/repos/nextflow-io/crg-course-nov16/issues/1/events,https://github.com/nextflow-io/crg-course-nov16/issues/1,502909241,MDU6SXNzdWU1MDI5MDkyNDE=,1,`nextflow run rna-ex2.nf -with-singularity` doesn't work,dancebean,,closed,False,,,,1,2019-10-05T03:22:33Z,2019-10-10T21:27:44Z,2019-10-10T21:25:57Z,NONE,"I'm trying to follow the step 2 of the tutorial using singularity rather than docker image:
`nextflow run rna-ex2.nf -with-singularity` since our cluster doesn't support docker but support singularity instead, like a lot of of academic clusters. However, I got the following error message:
```
Command error:
  ERROR  : Failed to resolve path to /localscratch/singularity/var/singularity/mnt/container: No such file or directory
  ABORT  : Retval = 255
```
A google search within singularity's github repository seems to indicate the related issue happened before has been fixed by singularity 2.5.1: https://github.com/sylabs/singularity/issues/1546
But My test on singularity version 2.6-3.4 all fails.

This issue seems related to the file path incompatible between docker and singularity image?
"
