URL,Repository URL,Labels URL,Comments URL,Events URL,HTML URL,ID,Node ID,Number,Title,User,Labels,State,Locked,Assignee,Assignees,Milestone,Comments,Created At,Updated At,Closed At,Author Association,Body
https://api.github.com/repos/nextflow-io/nf-wave/issues/7,https://api.github.com/repos/nextflow-io/nf-wave,https://api.github.com/repos/nextflow-io/nf-wave/issues/7/labels{/name},https://api.github.com/repos/nextflow-io/nf-wave/issues/7/comments,https://api.github.com/repos/nextflow-io/nf-wave/issues/7/events,https://github.com/nextflow-io/nf-wave/issues/7,1628502725,I_kwDOHrTvLM5hEPrF,7,Suggested archive mechanism - from registry using ORAS,vsoch,,open,False,,,,3,2023-03-17T00:29:21Z,2023-03-17T08:53:55Z,,NONE,"Hiya! Instead of requiring an https address for a .tar.gz, I want to suggest looking at ORAS: https://oras.land/

Of course it would depend on the language you implemented wave in (Go I hope?) but with oras you could allow a user to specify a specific docker URI and blob digest, and get the manifest and request the blob directly without needing to extract it, put it somewhere special, and do that every time there is an update.

I just realized the hard way building my ""single layer with flux"" that is the chonkiest chonker you've ever seen - I'm not going to have a place to put it to download (releases on GitHub are limited to 25MB). My layer is too chonky, and even if I split it up into smaller pieces, it would take ~34 to get it working (which is unlikely) so I need to figure out some other way!

![image](https://user-images.githubusercontent.com/814322/225781751-ce1b14dc-c925-4f1f-8034-2bd00e3781e1.png)
"
https://api.github.com/repos/nextflow-io/nf-wave/issues/6,https://api.github.com/repos/nextflow-io/nf-wave,https://api.github.com/repos/nextflow-io/nf-wave/issues/6/labels{/name},https://api.github.com/repos/nextflow-io/nf-wave/issues/6/comments,https://api.github.com/repos/nextflow-io/nf-wave/issues/6/events,https://github.com/nextflow-io/nf-wave/issues/6,1573863173,I_kwDOHrTvLM5dzz8F,6,Tower monitoring failing with a Wave Conda container,marcodelapierre,,open,False,,,,4,2023-02-07T08:04:50Z,2023-02-07T08:30:06Z,,MEMBER,"```
$ nextflow info
  Version: 22.12.0-edge build 5830
  Created: 13-12-2022 21:22 UTC 
  System: Linux 5.15.0-58-generic
  Runtime: Groovy 3.0.13 on Java HotSpot(TM) 64-Bit Server VM 19.0.2+7-44
  Encoding: UTF-8 (UTF-8)

$ nextflow run marcodelapierre/toy-cowsay-nf -profile condawave -r main -with-tower
[..]
Command error:
  Unable to find image 'wave.seqera.io/wt/2a2b94a788ad/wave/build:fd8de55a0b747597234e1c02d7cf5c40' locally
  fd8de55a0b747597234e1c02d7cf5c40: Pulling from wt/2a2b94a788ad/wave/build
  Digest: sha256:6a69a0c644bb02bbd8f24e00a1117af20dc08709db06a062a011b044d7613551
  Status: Image is up to date for wave.seqera.io/wt/2a2b94a788ad/wave/build:fd8de55a0b747597234e1c02d7cf5c40
  Command 'ps' required by nextflow to collect task metrics cannot be found
[..]
```

The image is downloaded at last, so the issue is `Command 'ps' required by nextflow to collect task metrics cannot be found`.
Should this be automatically added to every Wave container?
"
https://api.github.com/repos/nextflow-io/nf-wave/issues/5,https://api.github.com/repos/nextflow-io/nf-wave,https://api.github.com/repos/nextflow-io/nf-wave/issues/5/labels{/name},https://api.github.com/repos/nextflow-io/nf-wave/issues/5/comments,https://api.github.com/repos/nextflow-io/nf-wave/issues/5/events,https://github.com/nextflow-io/nf-wave/issues/5,1564489994,I_kwDOHrTvLM5dQDkK,5,Unable to use Wave with Singularity as the container engine,marcodelapierre,,open,False,,,,9,2023-01-31T15:05:51Z,2023-01-31T16:57:52Z,,MEMBER,"Here is a (hopefully) simple way to reproduce.

Requirements to reproduce:
- Conda
- Docker (runs OK, baseline)
- Singularity (has issues -- note I am using v3.8.7)
- Nextflow, latest edge [updated]:
    ```
      Version: 23.01.0-edge build 5838
      Created: 31-01-2023 15:12 UTC 
      System: Linux 5.15.0-58-generic
      Runtime: Groovy 3.0.14 on Java HotSpot(TM) 64-Bit Server VM 19.0.2+7-44
      Encoding: UTF-8 (UTF-8)
    ```

Baseline, successful:
```
nextflow run -r main marcodelapierre/toy-cowsay-nf -profile condawave
``` 

Attempt with Singularity:
```
nextflow run -r main marcodelapierre/toy-cowsay-nf -profile condawavesing
```

This profile has:
```
condawavesing {
  process.conda = 'conda-forge::cowpy'
  singularity.enabled = true
  wave {
    strategy = ['conda']
    enabled = true
  }
}
```

This is the error message:
```
[..]

Command error:
  FATAL:   could not open image wave.seqera.io/wt/9995c54e2db7/wave/build:fd8de55a0b747597234e1c02d7cf5c40: failed to retrieve path for wave.seqera.io/wt/9995c54e2db7/wave/build:fd8de55a0b747597234e1c02d7cf5c40: lstat wave.seqera.io: no such file or directory

[..]
```

Clue: in the `.command.run` of the failing process:
```
nxf_launch() {
    set +u; env - PATH=""$PATH"" ${TMP:+SINGULARITYENV_TMP=""$TMP""} ${TMPDIR:+SINGULARITYENV_TMPDIR=""$TMPDIR""} singularity exec wave.seqera.io/wt/5392729906db/wave/build:fd8de55a0b747597234e1c02d7cf5c40 /bin/bash -ue /home/ubuntu/TEST/t2/work/0e/5aeadd73f4af23417c8750945d7103/.command.sh
}
```
"
https://api.github.com/repos/nextflow-io/nf-wave/issues/4,https://api.github.com/repos/nextflow-io/nf-wave,https://api.github.com/repos/nextflow-io/nf-wave/issues/4/labels{/name},https://api.github.com/repos/nextflow-io/nf-wave/issues/4/comments,https://api.github.com/repos/nextflow-io/nf-wave/issues/4/events,https://github.com/nextflow-io/nf-wave/issues/4,1449362233,I_kwDOHrTvLM5WY4M5,4,Increase flexibility in use of Dockerfile within Wave,marcodelapierre,,open,False,,,,21,2022-11-15T08:18:17Z,2023-09-06T03:57:47Z,,MEMBER,"Hi @pditommaso , as per our thread a few days ago.

Right now, the main ways to instruct Nextflow/Wave to build containers are:
1. via `conda` package manager + `wave` combo, with lots of flexibility (with/without NF modules, per process conda env, one conda env for whole workflow...)
2. using a provided `Dockerfile` + `wave`, which only work with NF modules

Regarding point 2., I believe there is room for simple solutions that expand flexibility and hence user cases. I am thinking of users/workflows with the following features:
- software is not available via package manager (because it is not there, or because it is in-house software/scripts); PLUS
- EITHER: users that do not want to use NF modules in their pipelines (maybe because they only develop a limited number of workflow with common building blocks, and do not need modularity); 
- OR: workflow is prone to having a single container for the whole of it (e.g. python/R-heavy pipelines)

So, I was wondering about the following features:
1. ability for NF/Wave to look for Dockerfile in main pipeline directory; to be used for all processes, eventually except those that have their own specific Dockerfile
2. implementation that enables providing paths for process-/tag- specific Dockerfile, in the same way as `process.container` or `process.conda` .. something like `process.dockerfile` or `wave.dockerfile`

"
https://api.github.com/repos/nextflow-io/nf-wave/issues/3,https://api.github.com/repos/nextflow-io/nf-wave,https://api.github.com/repos/nextflow-io/nf-wave/issues/3/labels{/name},https://api.github.com/repos/nextflow-io/nf-wave/issues/3/comments,https://api.github.com/repos/nextflow-io/nf-wave/issues/3/events,https://github.com/nextflow-io/nf-wave/issues/3,1413449841,I_kwDOHrTvLM5UP4hx,3,Multiple architectures,KevinSayers,,open,False,,,,1,2022-10-18T15:40:46Z,2022-10-18T19:36:08Z,,NONE,"Enabling Wave to build container images for multiple architectures, primarily x86 and Arm, would be beneficial. Wave enables capturing your Dockerfiles as part of a workflow repository, and maintaining this while supporting multiple architectures would provide portability of workflows across architectures. 

A straightforward way could be to provide multiple Dockerfiles each with the extension for the target architecture such as:
```
Dockerfile.amd64
Dockerfile.arm64
```

Having a way to then select architectures on a process by process would allow mixing processes. This could also be accomplished by detecting the architecture, but may be better to explicitly define?
```
process {
   waveArchitecture = 'arm64'
}
```

"
