URL,Repository URL,Labels URL,Comments URL,Events URL,HTML URL,ID,Node ID,Number,Title,User,Labels,State,Locked,Assignee,Assignees,Milestone,Comments,Created At,Updated At,Closed At,Author Association,Body
https://api.github.com/repos/nextflow-io/faq/issues/8,https://api.github.com/repos/nextflow-io/faq,https://api.github.com/repos/nextflow-io/faq/issues/8/labels{/name},https://api.github.com/repos/nextflow-io/faq/issues/8/comments,https://api.github.com/repos/nextflow-io/faq/issues/8/events,https://github.com/nextflow-io/faq/issues/8,187997706,MDU6SXNzdWUxODc5OTc3MDY=,8,Example 8 error,mfoll,,closed,False,,,,1,2016-11-08T13:55:49Z,2016-11-08T14:16:16Z,2016-11-08T14:16:16Z,NONE,"Example 8 solution only works only if:
```
file bed_features.first()
```
is replaced by:
```
file bed_features from bed_features.first()
```
Otherwise I receive:
```
ERROR ~ Unexpected error [IllegalArgumentException]
```
"
https://api.github.com/repos/nextflow-io/faq/issues/6,https://api.github.com/repos/nextflow-io/faq,https://api.github.com/repos/nextflow-io/faq/issues/6/labels{/name},https://api.github.com/repos/nextflow-io/faq/issues/6/comments,https://api.github.com/repos/nextflow-io/faq/issues/6/events,https://github.com/nextflow-io/faq/issues/6,178995387,MDU6SXNzdWUxNzg5OTUzODc=,6,Is it possible for params receiving multiple values (array or list),pwwang,,closed,False,,,,3,2016-09-23T23:43:29Z,2016-09-26T07:44:16Z,2016-09-26T07:44:16Z,NONE,"Can we do
`nextflow x.nf --a 1 --a 2`
or
`nextflow x.nf --a 1 2`
to have:
`params.a == [1, 2]` ?
Or you've already had a way to do it?
"
https://api.github.com/repos/nextflow-io/faq/issues/2,https://api.github.com/repos/nextflow-io/faq,https://api.github.com/repos/nextflow-io/faq/issues/2/labels{/name},https://api.github.com/repos/nextflow-io/faq/issues/2/comments,https://api.github.com/repos/nextflow-io/faq/issues/2/events,https://github.com/nextflow-io/faq/issues/2,127458802,MDU6SXNzdWUxMjc0NTg4MDI=,2,Answer to question 4 about multiple channels,evanfloden,,open,False,,,,1,2016-01-19T14:34:16Z,2016-01-19T16:08:07Z,,MEMBER,"From Version 0.17.0, answer should be updated given the new feature of using output to several channels.

""
The main changes in this release is the ability to define multiple channels in the `into` output clause.  For example: 

```
process foo {
  output: 
  file 'your-file' into A, B, C 

  '''
  your-script
  '''
}   
```

This creates three output channels having the name ""A"", ""B"" and ""C"" emitting the ""your-file"" file produced by the process.  

In this way it is easier to forward the process' output to different processes, without having to repeat the same declaration multiple times or use a separate `into` operator (credits to Marc Logghe for suggesting this enhancement). 
""
"
