URL,Repository URL,Labels URL,Comments URL,Events URL,HTML URL,ID,Node ID,Number,Title,User,Labels,State,Locked,Assignee,Assignees,Milestone,Comments,Created At,Updated At,Closed At,Author Association,Body
https://api.github.com/repos/nextflow-io/vscode-language-nextflow/issues/28,https://api.github.com/repos/nextflow-io/vscode-language-nextflow,https://api.github.com/repos/nextflow-io/vscode-language-nextflow/issues/28/labels{/name},https://api.github.com/repos/nextflow-io/vscode-language-nextflow/issues/28/comments,https://api.github.com/repos/nextflow-io/vscode-language-nextflow/issues/28/events,https://github.com/nextflow-io/vscode-language-nextflow/issues/28,2203241222,I_kwDOByDiDM6DUssG,28,VSCode Publishing: PAT expired,ewels,,closed,False,pditommaso,pditommaso,,1,2024-03-22T20:15:55Z,2024-03-22T21:31:20Z,2024-03-22T21:31:20Z,MEMBER,"The recent attempt to publish via GitHub actions [failed](https://github.com/nextflow-io/vscode-language-nextflow/actions/runs/8394949224/job/22993154309):

```
Publishing 'nextflow.nextflow v0.3.2'...
Error: 
```
```json
{
  ""$id"": ""1"",
  ""customProperties"": {
    ""Descriptor"": null,
    ""IdentityDisplayName"": null,
    ""Token"": null,
    ""RequestedPermissions"": 0,
    ""NamespaceId"": ""00000000-0000-0000-0000-000000000000""
  },
  ""innerException"": null,
  ""message"": ""Access Denied: The Personal Access Token used has expired."",
  ""typeName"": ""Microsoft.VisualStudio.Services.Security.AccessCheckException, Microsoft.VisualStudio.Services.WebApi"",
  ""typeKey"": ""AccessCheckException"",
  ""errorCode"": 0,
  ""eventId"": 3000
}
```
```
You're using an expired Personal Access Token, please get a new PAT.
More info: https://aka.ms/vscodepat
```

We need to generate a new PAT and then update the secret in the repository. Then we can manually re-run the publish action via `workflow_dispatch` and hopefully it'll work 🤞🏻 "
https://api.github.com/repos/nextflow-io/vscode-language-nextflow/issues/25,https://api.github.com/repos/nextflow-io/vscode-language-nextflow,https://api.github.com/repos/nextflow-io/vscode-language-nextflow/issues/25/labels{/name},https://api.github.com/repos/nextflow-io/vscode-language-nextflow/issues/25/comments,https://api.github.com/repos/nextflow-io/vscode-language-nextflow/issues/25/events,https://github.com/nextflow-io/vscode-language-nextflow/issues/25,2187526473,I_kwDOByDiDM6CYwFJ,25,syntax coloring error for `publishDir { }` ,nick-youngblut,,open,False,,,,0,2024-03-15T01:06:41Z,2024-03-15T01:06:41Z,,NONE,"I'm creating dynamic publishDir paths (e.g., `publishDir { file(params.output_dir) / ""QC/${step}/multiqc/"" }`), which breaks the syntax coloring (see attached). 

![Screenshot 2024-03-14 at 6 04 41 PM](https://github.com/nextflow-io/vscode-language-nextflow/assets/2468572/3adb0424-7b5d-46b4-851c-e24e9cc973f3)

I'm using the `2022-4-13, 09:46:21` release of the `nextflow.nextflow` VS Code extension.
"
https://api.github.com/repos/nextflow-io/vscode-language-nextflow/issues/23,https://api.github.com/repos/nextflow-io/vscode-language-nextflow,https://api.github.com/repos/nextflow-io/vscode-language-nextflow/issues/23/labels{/name},https://api.github.com/repos/nextflow-io/vscode-language-nextflow/issues/23/comments,https://api.github.com/repos/nextflow-io/vscode-language-nextflow/issues/23/events,https://github.com/nextflow-io/vscode-language-nextflow/issues/23,1567679370,I_kwDOByDiDM5dcOOK,23,"feature request: type suggestions, esp. for Channels",antonkulaga,,open,False,,,,0,2023-02-02T09:42:29Z,2023-02-02T09:42:29Z,,NONE,"So far, I  almost do not get any type of suggestions, it is especially for Channel factory. It would be nice to see options when I type. Also, not suggestions when I type when and when I type groovy code inside nf script."
https://api.github.com/repos/nextflow-io/vscode-language-nextflow/issues/9,https://api.github.com/repos/nextflow-io/vscode-language-nextflow,https://api.github.com/repos/nextflow-io/vscode-language-nextflow/issues/9/labels{/name},https://api.github.com/repos/nextflow-io/vscode-language-nextflow/issues/9/comments,https://api.github.com/repos/nextflow-io/vscode-language-nextflow/issues/9/events,https://github.com/nextflow-io/vscode-language-nextflow/issues/9,1236715613,I_kwDOByDiDM5Jtshd,9,Feature Request: beautify on save,plaquette,,closed,False,,,,3,2022-05-16T07:05:10Z,2023-08-18T14:48:43Z,2023-08-18T09:31:57Z,NONE,"It would be extremely helpful to have a beautifier for nextflow that acts on save similar to [black](https://github.com/psf/black)

### Expected Behavior
On save long calls as:

`process_01(one_ch.first(), two.out.average_two.first(), three.out.file, four_ch, five_ch, six.out.files.flatten().collate(10))`

would be formatted in a more readable format similar to: 

    workflow {
    channel.from('Hello') \
      | map { it.reverse() } \
      | (foo & bar) \
      | mix \
      | view
    }


"
https://api.github.com/repos/nextflow-io/vscode-language-nextflow/issues/8,https://api.github.com/repos/nextflow-io/vscode-language-nextflow,https://api.github.com/repos/nextflow-io/vscode-language-nextflow/issues/8/labels{/name},https://api.github.com/repos/nextflow-io/vscode-language-nextflow/issues/8/comments,https://api.github.com/repos/nextflow-io/vscode-language-nextflow/issues/8/events,https://github.com/nextflow-io/vscode-language-nextflow/issues/8,1100814310,I_kwDOByDiDM5BnRfm,8,Request to add the extension to the Open VSX Registry,mahesh-panchal,,closed,False,,,,3,2022-01-12T21:37:26Z,2022-06-09T15:09:05Z,2022-06-09T15:06:46Z,NONE,"Gitpod can only load extensions from the Open VSX registry. 

https://www.gitpod.io/docs/vscode-extensions#where-do-i-find-extensions

It would be nice if Nextflow syntax highlighting could also be used with VScode in Gitpod too.
The instructions are here: https://github.com/eclipse/openvsx/wiki/Publishing-Extensions

Open VSX Registry: https://open-vsx.org/"
https://api.github.com/repos/nextflow-io/vscode-language-nextflow/issues/7,https://api.github.com/repos/nextflow-io/vscode-language-nextflow,https://api.github.com/repos/nextflow-io/vscode-language-nextflow/issues/7/labels{/name},https://api.github.com/repos/nextflow-io/vscode-language-nextflow/issues/7/comments,https://api.github.com/repos/nextflow-io/vscode-language-nextflow/issues/7/events,https://github.com/nextflow-io/vscode-language-nextflow/issues/7,930212434,MDU6SXNzdWU5MzAyMTI0MzQ=,7,Feature Request: Syntax Highlight 'script:' and 'shell:' blocks as scripts,MillironX,,open,False,,,,4,2021-06-25T14:10:25Z,2024-02-06T13:23:18Z,,NONE,"It would be extremely helpful to have `script` and `shell` blocks syntax highlighted in the proper language rather than as string literals.

## Expected Behavior

Multi-line strings at the end of a `process`, those within an `if` block, and those marked as `script:` or `shell:` should have syntax highlighting matching their language. Without any label, these should be highlighted as a shell script, but a shebang would change the highlighting of that block to match the indicated language (e.g. a block starting with `#!/usr/bin/env perl` would receive Perl syntax highlighting). In the case of a `shell` block, the `!` variable placeholder should receive variable highlighting distinct from the target language.

## Current Behavior

End-process strings, `script` blocks and `shell` blocks are all highlighted as string literals. The only highlighting that takes place within these blocks occurs when using curly bracket variable syntax (i.e. `${var}`). No distinction is made at all for the `!` variable placeholder regardless of curly brackets.

## Possible Implementation

A short-term fix would be to replace multi-line strings with `shellscript` as an [embedded language]. This would impede the use of multi-line strings elsewhere, but IMHO this tradeoff is worth it. This wouldn't allow for changing the language based on shebang, though.

In the longer-term, [semantic highlighting] might be able to highlight blocks according to shebang, and parse which are simple multi-line strings and which are code.

I don't know how/if DSL2 affects this behavior.

[embedded language]: https://code.visualstudio.com/api/language-extensions/syntax-highlight-guide#embedded-languages
[semantic highlighting]: https://code.visualstudio.com/api/language-extensions/semantic-highlight-guide"
https://api.github.com/repos/nextflow-io/vscode-language-nextflow/issues/5,https://api.github.com/repos/nextflow-io/vscode-language-nextflow,https://api.github.com/repos/nextflow-io/vscode-language-nextflow/issues/5/labels{/name},https://api.github.com/repos/nextflow-io/vscode-language-nextflow/issues/5/comments,https://api.github.com/repos/nextflow-io/vscode-language-nextflow/issues/5/events,https://github.com/nextflow-io/vscode-language-nextflow/issues/5,784376987,MDU6SXNzdWU3ODQzNzY5ODc=,5,Add .config as a file type?,alanhoyle,,open,False,,,,0,2021-01-12T16:12:16Z,2021-01-12T16:12:16Z,,NONE,"Is there any way you can add `nextflow.config` as a filename (or `*.config` as a file type?) that gets syntax highlighting and things like line comment toggling?  

Or is there another extension you could recommend to do this?  

Thanks!"
https://api.github.com/repos/nextflow-io/vscode-language-nextflow/issues/1,https://api.github.com/repos/nextflow-io/vscode-language-nextflow,https://api.github.com/repos/nextflow-io/vscode-language-nextflow/issues/1/labels{/name},https://api.github.com/repos/nextflow-io/vscode-language-nextflow/issues/1/comments,https://api.github.com/repos/nextflow-io/vscode-language-nextflow/issues/1/events,https://github.com/nextflow-io/vscode-language-nextflow/issues/1,517618733,MDU6SXNzdWU1MTc2MTg3MzM=,1,Can not see syntax highlighting in vscode,psnmeta,,open,False,,,,0,2019-11-05T08:29:42Z,2019-11-05T08:29:42Z,,NONE,"# vscode info
```
Version: 1.39.2 (system setup)
Submit: 6ab598523be7a800d7f3eb4d92d7ab9a66069390
Date: 2019-10-15T15:35:10.237Z
Electron: 4.2.10
Chrome: 69.0.3497.128
Node.js: 10.11.0
V8: 6.9.427.31-electron.0
OS: Windows_NT ia32 6.1.7601
```"
