URL,Repository URL,Labels URL,Comments URL,Events URL,HTML URL,ID,Node ID,Number,Title,User,Labels,State,Locked,Assignee,Assignees,Milestone,Comments,Created At,Updated At,Closed At,Author Association,Body
https://api.github.com/repos/nextflow-io/nf-hello/issues/18,https://api.github.com/repos/nextflow-io/nf-hello,https://api.github.com/repos/nextflow-io/nf-hello/issues/18/labels{/name},https://api.github.com/repos/nextflow-io/nf-hello/issues/18/comments,https://api.github.com/repos/nextflow-io/nf-hello/issues/18/events,https://github.com/nextflow-io/nf-hello/issues/18,2196635998,I_kwDOFlcLNs6C7gFe,18,Task 'exportClasspath' not found in root project 'nf-hello' and its subprojects.,stevekm,,open,False,,,,0,2024-03-20T04:19:00Z,2024-03-20T04:19:00Z,,NONE,"As per the README

> 4. Run Nextflow with the plugin, using `./launch.sh` as a drop-in replacement for the `nextflow` command, and adding the option `-plugins nf-hello` to load the plugin:

```bash
./launch.sh run nextflow-io/hello -plugins nf-hello
```

I get the error

```
Missing '.launch.classpath' file -- create it by running: ./gradlew exportClasspath
```

and if I try to run the command suggested, I get another error

```
./gradlew exportClasspath

FAILURE: Build failed with an exception.

* What went wrong:
Task 'exportClasspath' not found in root project 'nf-hello' and its subprojects.

```

Ideas?

```
$ gradle --version

------------------------------------------------------------
Gradle 7.6
------------------------------------------------------------


$ java --version
openjdk 11.0.22 2024-01-16 LTS
OpenJDK Runtime Environment Corretto-11.0.22.7.1 (build 11.0.22+7-LTS)
OpenJDK 64-Bit Server VM Corretto-11.0.22.7.1 (build 11.0.22+7-LTS, mixed mode)
```

running against Nextflow version `567f5334ff0d225cd95dc7b5239c4dbd64696a9a`"
https://api.github.com/repos/nextflow-io/nf-hello/issues/17,https://api.github.com/repos/nextflow-io/nf-hello,https://api.github.com/repos/nextflow-io/nf-hello/issues/17/labels{/name},https://api.github.com/repos/nextflow-io/nf-hello/issues/17/comments,https://api.github.com/repos/nextflow-io/nf-hello/issues/17/events,https://github.com/nextflow-io/nf-hello/issues/17,2175876214,I_kwDOFlcLNs6BsTx2,17,"./gradlew check : java.util.ServiceConfigurationError: Locale provider adapter ""CLDR""cannot be instantiated.",lindenb,,closed,False,,,,2,2024-03-08T11:42:35Z,2024-03-11T08:08:55Z,2024-03-11T08:08:54Z,NONE,"cross-posted on slack: https://nextflow.slack.com/archives/C02T98BKE2K/p1709894909502359

I tried to compile the hello plugin but I got the following error/stacktrace:

```
$ ./gradlew check

> Task :plugins:nf-hello:compileGroovy FAILED
java.util.ServiceConfigurationError: Locale provider adapter ""CLDR""cannot be instantiated.
        at java.base/sun.util.locale.provider.LocaleProviderAdapter.forType(LocaleProviderAdapter.java:200)
  (...)
        ... 12 more
Caused by: java.lang.IllegalArgumentException: newLimit > capacity: (55346993 > 27910144)
        at java.base/java.nio.Buffer.createLimitException(Buffer.java:398)
        at java.base/java.nio.Buffer.limit(Buffer.java:372)
        at java.base/java.nio.ByteBuffer.limit(ByteBuffer.java:1539)
        at java.base/java.nio.MappedByteBuffer.limit(MappedByteBuffer.java:331)
        at java.base/java.nio.MappedByteBuffer.limit(MappedByteBuffer.java:73)
        at java.base/jdk.internal.jimage.BasicImageReader.slice(BasicImageReader.java:213)
        at java.base/jdk.internal.jimage.BasicImageReader.readBuffer(BasicImageReader.java:372)
        at java.base/jdk.internal.jimage.BasicImageReader.getResourceBuffer(BasicImageReader.java:438)
        at java.base/jdk.internal.jimage.ImageReader.getResourceBuffer(ImageReader.java:199)
        at java.base/jdk.internal.module.SystemModuleFinders$SystemModuleReader.read(SystemModuleFinders.java:485)
        at java.base/jdk.internal.loader.BuiltinClassLoader.defineClass(BuiltinClassLoader.java:809)
        at java.base/jdk.internal.loader.BuiltinClassLoader.findClassInModuleOrNull(BuiltinClassLoader.java:741)
        at java.base/jdk.internal.loader.BuiltinClassLoader.findClass(BuiltinClassLoader.java:621)
        at java.base/java.lang.ClassLoader.loadClass(ClassLoader.java:633)
        at java.base/java.lang.Class.forName(Class.java:584)
        at java.base/java.lang.Class.forName(Class.java:559)
        at java.base/java.util.ServiceLoader.loadProvider(ServiceLoader.java:859)
        at java.base/java.util.ServiceLoader$ModuleServicesLookupIterator.hasNext(ServiceLoader.java:1084)
        at java.base/java.util.ServiceLoader$2.hasNext(ServiceLoader.java:1309)
        at java.base/java.util.ServiceLoader$3.hasNext(ServiceLoader.java:1393)
        at java.base/sun.util.cldr.CLDRLocaleProviderAdapter.lambda$new$0(CLDRLocaleProviderAdapter.java:84)
        at java.base/java.security.AccessController.doPrivileged(AccessController.java:569)
        at java.base/sun.util.cldr.CLDRLocaleProviderAdapter.<init>(CLDRLocaleProviderAdapter.java:83)
        at java.base/jdk.internal.reflect.DirectConstructorHandleAccessor.newInstance(DirectConstructorHandleAccessor.java:67)
        ... 15 more

FAILURE: Build failed with an exception.
```

I googled the error message but I don't really understand what I saw. My local javac version is avac 17.0.3.1.
Any idea ?"
https://api.github.com/repos/nextflow-io/nf-hello/issues/16,https://api.github.com/repos/nextflow-io/nf-hello,https://api.github.com/repos/nextflow-io/nf-hello/issues/16/labels{/name},https://api.github.com/repos/nextflow-io/nf-hello/issues/16/comments,https://api.github.com/repos/nextflow-io/nf-hello/issues/16/events,https://github.com/nextflow-io/nf-hello/issues/16,2175871955,I_kwDOFlcLNs6BsSvT,16,make compile : Cannot locate tasks that match ':nextflow:exportClasspath' as project 'nextflow' not found in root project 'nf-hello'.,lindenb,,closed,False,,,,2,2024-03-08T11:39:25Z,2024-03-11T08:09:11Z,2024-03-11T08:09:11Z,NONE,"Hi all,
there is a ""compile"" target in the `Makefile` but it raises the following error:

```
$ make compile
./gradlew :nextflow:exportClasspath compileGroovy

FAILURE: Build failed with an exception.

* What went wrong:
Cannot locate tasks that match ':nextflow:exportClasspath' as project 'nextflow' not found in root project 'nf-hello'.

```
"
https://api.github.com/repos/nextflow-io/nf-hello/issues/14,https://api.github.com/repos/nextflow-io/nf-hello,https://api.github.com/repos/nextflow-io/nf-hello/issues/14/labels{/name},https://api.github.com/repos/nextflow-io/nf-hello/issues/14/comments,https://api.github.com/repos/nextflow-io/nf-hello/issues/14/events,https://github.com/nextflow-io/nf-hello/issues/14,2006954606,I_kwDOFlcLNs53n7Ju,14,CI integration test,bentsherman,,open,False,,,,2,2023-11-22T18:59:24Z,2024-03-11T14:22:25Z,,MEMBER,"We should add a basic integration test to the CI that simply runs a nextflow pipeline with the plugin enabled.

For nf-hello it would probably just be a local pipeline script showing the customer channel factory, operator, etc, but different plugins will have different use cases. The important thing is to create an example here and then encourage plugin developers to do the same for their plugins (and we would do the same for nf-prov and nf-sqldb).

This will give people better confidence that plugin releases actually work with some version of Nextflow."
https://api.github.com/repos/nextflow-io/nf-hello/issues/13,https://api.github.com/repos/nextflow-io/nf-hello,https://api.github.com/repos/nextflow-io/nf-hello/issues/13/labels{/name},https://api.github.com/repos/nextflow-io/nf-hello/issues/13/comments,https://api.github.com/repos/nextflow-io/nf-hello/issues/13/events,https://github.com/nextflow-io/nf-hello/issues/13,1965930843,I_kwDOFlcLNs51Lblb,13,Add `make install` rule for easier testing,bentsherman,,open,False,,,,0,2023-10-27T17:35:36Z,2023-10-27T17:35:36Z,,MEMBER,"The current process for building and testing a plugin requires you to build Nextflow locally, include it in the plugin build, and use `./launch.sh` to test the plugin with Nextflow in dev mode. This process is cumbersome and prone to errors,

An alternative which I first tried in the nf-prov plugin and is also being added to nf-validation [here](https://github.com/nextflow-io/nf-validation/pull/126) is to build and install the plugin directly to the plugins directory. While it may overwrite an existing plugin installation, it allows you to test the plugin without having to build Nextflow. It also avoids certain limitations of Nextflow dev mode (mainly that other non-core plugins cannot be used)."
https://api.github.com/repos/nextflow-io/nf-hello/issues/12,https://api.github.com/repos/nextflow-io/nf-hello,https://api.github.com/repos/nextflow-io/nf-hello/issues/12/labels{/name},https://api.github.com/repos/nextflow-io/nf-hello/issues/12/comments,https://api.github.com/repos/nextflow-io/nf-hello/issues/12/events,https://github.com/nextflow-io/nf-hello/issues/12,1727681894,I_kwDOFlcLNs5m-lVm,12,Cookie cutter template for Nextflow plugins,bentsherman,,open,False,,,,2,2023-05-26T13:57:12Z,2024-03-20T08:05:24Z,,MEMBER,"Create a cookie cutter template based on nf-hello, with a command-line tool that allows the user to enter things like plugin name, target nextflow version, etc. Should make it easier to start a new plugin instead of starting from nf-hello.

Tagging @ewels because I will probably ask you for advice on this at some point"
https://api.github.com/repos/nextflow-io/nf-hello/issues/11,https://api.github.com/repos/nextflow-io/nf-hello,https://api.github.com/repos/nextflow-io/nf-hello/issues/11/labels{/name},https://api.github.com/repos/nextflow-io/nf-hello/issues/11/comments,https://api.github.com/repos/nextflow-io/nf-hello/issues/11/events,https://github.com/nextflow-io/nf-hello/issues/11,1727567438,I_kwDOFlcLNs5m-JZO,11,Nextflow `23.05.0-edge` and later don't work with nf-hello,bentsherman,,closed,False,,,,0,2023-05-26T12:49:30Z,2023-05-26T13:37:56Z,2023-05-26T13:37:56Z,MEMBER,"When I try to build the nf-hello plugin against Nextflow 23.05.0-edge or later, I get this error:

```
Could not determine the dependencies of task ':plugins:nf-hello:test'.
> Could not resolve all task dependencies for configuration ':plugins:nf-hello:testRuntimeClasspath'.
   > Could not resolve io.nextflow:nextflow:22.10.0.
     Required by:
         project :plugins:nf-hello
      > No matching variant of project :nextflow:nextflow was found. The consumer was configured to find a runtime of a library compatible with Java 17, packaged as a jar, preferably optimized for standard JVMs, and its dependencies declared externally but:
          - Variant 'apiElements' capability io.nextflow:nextflow:23.05.0-edge declares a library compatible with Java 11, packaged as a jar, and its dependencies declared externally:
              - Incompatible because this component declares an API of a component and the consumer needed a runtime of a component
              - Other compatible attribute:
                  - Doesn't say anything about its target Java environment (preferred optimized for standard JVMs)
          - Variant 'runtimeElements' capability io.nextflow:nextflow:23.05.0-edge declares a runtime of a library compatible with Java 11, packaged as a jar, and its dependencies declared externally:
              - Other compatible attribute:
                  - Doesn't say anything about its target Java environment (preferred optimized for standard JVMs)
          - Variant 'testFixturesApiElements' capability io.nextflow:nextflow-test-fixtures:23.05.0-edge declares a library, packaged as a jar, and its dependencies declared externally:
              - Incompatible because this component declares an API of a component compatible with Java 19 and the consumer needed a runtime of a component compatible with Java 17
              - Other compatible attribute:
                  - Doesn't say anything about its target Java environment (preferred optimized for standard JVMs)
          - Variant 'testFixturesRuntimeElements' capability io.nextflow:nextflow-test-fixtures:23.05.0-edge declares a runtime of a library, packaged as a jar, and its dependencies declared externally:
              - Incompatible because this component declares a component compatible with Java 19 and the consumer needed a component compatible with Java 17
              - Other compatible attribute:
                  - Doesn't say anything about its target Java environment (preferred optimized for standard JVMs)
```

To be precise, this error happens during `./gradlew check`. It builds fine, but then the plugin simply doesn't work at runtime:

```groovy
// main.nf
include { reverse } from 'plugin/nf-hello'
Channel.reverse('hi!') 
```

```console
$ make compile
$ ./launch.sh run main.nf -plugins nf-hello
N E X T F L O W  ~  version 23.05.0-edge
Launching `main.nf` [pensive_becquerel] DSL2 - revision: 0124bb0ec6
Plugin 'nf-hello' does not implement any extension point
```

I think the root cause is [this commit](https://github.com/nextflow-io/nextflow/commit/5c429046f2691cdca11ad3734f592c1d0e166967#diff-49a96e7eea8a94af862798a45174e6ac43eb4f8b4bd40759b5da63ba31ec3ef7) in which the Nextflow build was upgraded from Java 17 to Java 19. I understand that it's supposed to be backwards compatible but something isn't working with the plugins. Maybe we need to update the plugin build script as well?"
https://api.github.com/repos/nextflow-io/nf-hello/issues/10,https://api.github.com/repos/nextflow-io/nf-hello,https://api.github.com/repos/nextflow-io/nf-hello/issues/10/labels{/name},https://api.github.com/repos/nextflow-io/nf-hello/issues/10/comments,https://api.github.com/repos/nextflow-io/nf-hello/issues/10/events,https://github.com/nextflow-io/nf-hello/issues/10,1603328441,I_kwDOFlcLNs5fkNm5,10,Super class does not exist,Lehmann-Fabian,,closed,False,,,,2,2023-02-28T15:50:49Z,2023-02-28T17:10:17Z,2023-02-28T17:10:16Z,NONE,"The file [HelloExtension.groovy](https://github.com/nextflow-io/nf-hello/blob/master/plugins/nf-hello/src/main/nextflow/hello/HelloExtension.groovy) extends PluginExtensionPoint, which no longer exists in Nextflow."
https://api.github.com/repos/nextflow-io/nf-hello/issues/5,https://api.github.com/repos/nextflow-io/nf-hello,https://api.github.com/repos/nextflow-io/nf-hello/issues/5/labels{/name},https://api.github.com/repos/nextflow-io/nf-hello/issues/5/comments,https://api.github.com/repos/nextflow-io/nf-hello/issues/5/events,https://github.com/nextflow-io/nf-hello/issues/5,1339138332,I_kwDOFlcLNs5P0aEc,5,Update plugin to nextflow 22.08.0-edge,pditommaso,,closed,False,jorgeaguileraseqera,jorgeaguileraseqera,,1,2022-08-15T15:24:10Z,2022-08-29T18:50:27Z,2022-08-29T18:50:27Z,MEMBER,The plugin should be updated to make it compatible with APIs introduced by Nextflow 22.08.0-edge
https://api.github.com/repos/nextflow-io/nf-hello/issues/3,https://api.github.com/repos/nextflow-io/nf-hello,https://api.github.com/repos/nextflow-io/nf-hello/issues/3/labels{/name},https://api.github.com/repos/nextflow-io/nf-hello/issues/3/comments,https://api.github.com/repos/nextflow-io/nf-hello/issues/3/events,https://github.com/nextflow-io/nf-hello/issues/3,1223968807,I_kwDOFlcLNs5I9Egn,3,create a channel extension point,jorgeaguileraseqera,,closed,False,jorgeaguileraseqera,jorgeaguileraseqera,,1,2022-05-03T11:24:48Z,2022-05-03T17:04:54Z,2022-05-03T17:04:54Z,CONTRIBUTOR,in order to have an example of how to extend ChannelFactory create some ChannelExtensionPoint with use `DataflowWriteChannel` and `DataflowReadChannel`
https://api.github.com/repos/nextflow-io/nf-hello/issues/1,https://api.github.com/repos/nextflow-io/nf-hello,https://api.github.com/repos/nextflow-io/nf-hello/issues/1/labels{/name},https://api.github.com/repos/nextflow-io/nf-hello/issues/1/comments,https://api.github.com/repos/nextflow-io/nf-hello/issues/1/events,https://github.com/nextflow-io/nf-hello/issues/1,1173707028,I_kwDOFlcLNs5F9VkU,1,Update plugin build template using latest best practice,pditommaso,,closed,False,,,,0,2022-03-18T15:16:15Z,2022-03-22T14:08:00Z,2022-03-22T14:08:00Z,MEMBER,"The plugin build template should follow the same template used in the nextflow core plugins . 

See https://github.com/nextflow-io/nextflow/commit/00dd143aa9e5b15464485c027f37e71777a4c96a"
