URL,Repository URL,Labels URL,Comments URL,Events URL,HTML URL,ID,Node ID,Number,Title,User,Labels,State,Locked,Assignee,Assignees,Milestone,Comments,Created At,Updated At,Closed At,Author Association,Body
https://api.github.com/repos/nextflow-io/nf-ffq/issues/1,https://api.github.com/repos/nextflow-io/nf-ffq,https://api.github.com/repos/nextflow-io/nf-ffq/issues/1/labels{/name},https://api.github.com/repos/nextflow-io/nf-ffq/issues/1/comments,https://api.github.com/repos/nextflow-io/nf-ffq/issues/1/events,https://github.com/nextflow-io/nf-ffq/issues/1,1326250964,I_kwDOHhxyZc5PDPvU,1,Add plugin endpoint,pditommaso,,closed,False,bentsherman,bentsherman,,0,2022-08-02T18:39:14Z,2022-08-04T08:23:53Z,2022-08-04T08:23:53Z,MEMBER,"It should be possible to configure the plugin endpoint via the following setting in the nextflow.config file: 


```
ffq {
  endpoint = 'http://something'
} 
```

It the future it will be used to control more settings. A good pattern to follow is shown below

https://github.com/nextflow-io/nextflow/blob/master/plugins/nf-wave/src/main/io/seqera/wave/plugin/WaveConfig.groovy#L28-L47"
