URL,Repository URL,Labels URL,Comments URL,Events URL,HTML URL,ID,Node ID,Number,Title,User,Labels,State,Locked,Assignee,Assignees,Milestone,Comments,Created At,Updated At,Closed At,Author Association,Body
https://api.github.com/repos/nextflow-io/plugins/issues/34,https://api.github.com/repos/nextflow-io/plugins,https://api.github.com/repos/nextflow-io/plugins/issues/34/labels{/name},https://api.github.com/repos/nextflow-io/plugins/issues/34/comments,https://api.github.com/repos/nextflow-io/plugins/issues/34/events,https://github.com/nextflow-io/plugins/issues/34,1917580225,I_kwDOEgbNL85yS_PB,34,Backend service for plugin metadata,bentsherman,,open,False,,,,5,2023-09-28T13:40:23Z,2023-11-02T16:50:13Z,,MEMBER,"As the plugin ecosystem grows, it might be better to separate the plugins file into separate files for each plugin. This way Nextflow doesn't have to download the entire file just to get the metadata for a few plugins.

The problem is that older versions of Nextflow won't be able to pull plugins, or they will be stuck on the last version of the all-in-one file and won't be able to pull new plugins.

In any case, I don't think it will be an issue unless there are e.g. thousands of plugins."
https://api.github.com/repos/nextflow-io/plugins/issues/27,https://api.github.com/repos/nextflow-io/plugins,https://api.github.com/repos/nextflow-io/plugins/issues/27/labels{/name},https://api.github.com/repos/nextflow-io/plugins/issues/27/comments,https://api.github.com/repos/nextflow-io/plugins/issues/27/events,https://github.com/nextflow-io/plugins/issues/27,1838900912,I_kwDOEgbNL85tm2aw,27,We should support complex strings in commonExtra in Memory Machine Cloud Nextflow plugin,sheperdh,,closed,False,,,,2,2023-08-07T07:56:43Z,2023-08-14T00:17:39Z,2023-08-14T00:17:39Z,NONE,"In some corner case, we need to specify complext commonExtra as this 
`commonExtra = ''' --extraOptions ""--skip-in-flight --external 'mnt[]:sm'"" '''`
But current implementation will fail to send the value to MMCloud."
https://api.github.com/repos/nextflow-io/plugins/issues/19,https://api.github.com/repos/nextflow-io/plugins,https://api.github.com/repos/nextflow-io/plugins/issues/19/labels{/name},https://api.github.com/repos/nextflow-io/plugins/issues/19/comments,https://api.github.com/repos/nextflow-io/plugins/issues/19/events,https://github.com/nextflow-io/plugins/issues/19,1750820617,I_kwDOEgbNL85oW2cJ,19,CI test to check download is valid,ewels,,open,False,,,,3,2023-06-10T06:10:54Z,2023-06-12T10:42:51Z,,MEMBER,"It would be great to have a CI check to confirm that the new download URL is valid and the sha is correct.

- Check out code before and after proposed merge, parse both JSON trees and find any download URLs / shas that are new or changed
- Try to download them and check the sha"
https://api.github.com/repos/nextflow-io/plugins/issues/12,https://api.github.com/repos/nextflow-io/plugins,https://api.github.com/repos/nextflow-io/plugins/issues/12/labels{/name},https://api.github.com/repos/nextflow-io/plugins/issues/12/comments,https://api.github.com/repos/nextflow-io/plugins/issues/12/events,https://github.com/nextflow-io/plugins/issues/12,1706806546,I_kwDOEgbNL85lu80S,12,Contributing Memory Machine Cloud Nextflow plugin to the community,jing-memverge,,closed,False,,,,4,2023-05-12T02:01:13Z,2023-09-28T13:32:11Z,2023-09-28T13:32:11Z,NONE,"Hello, MemVerge would like to contribute its Nextflow plugin to the community.  The plugin is already used by several MemVerge customers and enables a Nextflow user to easily connect to Memory Machine Cloud ""MMC"" as a cloud computing environment.  

MMC is a cloud automation and resource manager for AWS, AliCloud, and available for Google Cloud later this month as well.  MMC provides automated Spot VM protection and automated VM rightsizing, enabling Nextflow users to more safely and cost effectively run workflows in the cloud.  Please advise on next steps as we are excited to bring this to the community.

[mmce_2_1_howto_nextflow.pdf](https://github.com/nextflow-io/plugins/files/11458036/mmce_2_1_howto_nextflow.pdf)
"
