URL,Repository URL,Labels URL,Comments URL,Events URL,HTML URL,ID,Node ID,Number,Title,User,Labels,State,Locked,Assignee,Assignees,Milestone,Comments,Created At,Updated At,Closed At,Author Association,Body
https://api.github.com/repos/nextflow-io/nf-quilt/issues/5,https://api.github.com/repos/nextflow-io/nf-quilt,https://api.github.com/repos/nextflow-io/nf-quilt/issues/5/labels{/name},https://api.github.com/repos/nextflow-io/nf-quilt/issues/5/comments,https://api.github.com/repos/nextflow-io/nf-quilt/issues/5/events,https://github.com/nextflow-io/nf-quilt/issues/5,1371940760,I_kwDOHuLQKs5RxieY,5,Automatically add Tower run id to package metadata,bentsherman,,open,True,,,,0,2022-09-13T19:58:10Z,2022-09-13T19:58:10Z,,MEMBER,"For the Tower/Quilt integration, it is looking like each workflow run will map to a new revision in a quilt package (like pushing a new commit to github). As such, we want to add the workflow run ID to the revision metadata, so that users browsing a quilt package have a link to the Tower run that produced it.

Basically we need to decide who is responsible for adding the workflow id. I see that the nf-tower plugin is given the workflow id on workflow start, so perhaps there is a clean way to provide that to the quilt plugin. Alternatively, the Tower backend could add it to the Nextflow config text.

cc @pditommaso @swampie"
https://api.github.com/repos/nextflow-io/nf-quilt/issues/4,https://api.github.com/repos/nextflow-io/nf-quilt,https://api.github.com/repos/nextflow-io/nf-quilt/issues/4/labels{/name},https://api.github.com/repos/nextflow-io/nf-quilt/issues/4/comments,https://api.github.com/repos/nextflow-io/nf-quilt/issues/4/events,https://github.com/nextflow-io/nf-quilt/issues/4,1348201162,I_kwDOHuLQKs5QW-rK,4,Ideas for future enhancements,bentsherman,,open,True,,,,2,2022-08-23T16:15:22Z,2022-10-25T20:19:17Z,,MEMBER,"Currently the nf-quilt plugin can publish a single package for a workflow run, with the option to select files by name.

Here is a list of feature enhancements that we are considering:
- allow multiple quilt packages to be published, with a config block for each package
- add `fromQuilt` channel factory to download a quilt package and emit files to a channel
- add `publishQuilt` operator to publish received files to a quilt package, allows user to select files with pipeline logic instead of config (also supports publishing multiple packages) (similar to `publish` operator idea)

All of these ideas are feasible to implement, but I think we should try to figure out what users would prefer before we move forward with any of them. In particular I'd like to understand how users feel about the ""config"" approach vs ""pipeline logic"" approach."
https://api.github.com/repos/nextflow-io/nf-quilt/issues/1,https://api.github.com/repos/nextflow-io/nf-quilt,https://api.github.com/repos/nextflow-io/nf-quilt/issues/1/labels{/name},https://api.github.com/repos/nextflow-io/nf-quilt/issues/1/comments,https://api.github.com/repos/nextflow-io/nf-quilt/issues/1/events,https://github.com/nextflow-io/nf-quilt/issues/1,1336931337,I_kwDOHuLQKs5Pr_QJ,1,Add get started section,pditommaso,,closed,True,bentsherman,bentsherman,,3,2022-08-12T08:50:20Z,2022-08-17T19:48:47Z,2022-08-17T19:48:47Z,MEMBER,"Let's add in the readme a ""Get started"" with a mini tutorial to guide a dumb user (like me) to: 

1. to install the Python package 
2. write a simple nextflow script using the nf-quilt package 
3. run it 
4. check the result 

 "
