URL,Repository URL,Labels URL,Comments URL,Events URL,HTML URL,ID,Node ID,Number,Title,User,Labels,State,Locked,Assignee,Assignees,Milestone,Comments,Created At,Updated At,Closed At,Author Association,Body
https://api.github.com/repos/nextflow-io/nf-sqldb/issues/21,https://api.github.com/repos/nextflow-io/nf-sqldb,https://api.github.com/repos/nextflow-io/nf-sqldb/issues/21/labels{/name},https://api.github.com/repos/nextflow-io/nf-sqldb/issues/21/comments,https://api.github.com/repos/nextflow-io/nf-sqldb/issues/21/events,https://github.com/nextflow-io/nf-sqldb/issues/21,2251174329,I_kwDOF_fCW86GLjG5,21,"What's the best way to handle ""database is locked"" ?",darachm,,open,False,,,,1,2024-04-18T17:08:10Z,2024-04-23T18:40:16Z,,NONE,"Hey, neato plugin. I may have missed it, but I was wondering how I should deal with rapid writes to a database where there's an inconsistent failure where it seems very clear with:

`ERROR ~ [SQLITE_BUSY]  The database file is locked (database is locked)`

Is there a feature I missed that can just wait and retry several times? Is that needed/appropriate? Am I using it wrong?

_I very much may have just read past it, sorry for the hassle if that's the case. I'm known as a space cadet :space_invader:_

I assume I can't handle this in the SQL create/insert templates.

### Application note FYI

I'm trying to stuff records from hundreds of processes into one sqlite database to gather it. Right now I can just relaunch it, and that usually fixes it, but eventually I want this thing to be hands-off, eventually.

### What next

I like this plugin, but I'm also wondering if I could alternatively whip it up in a subworkflow pointing to an absolute path (from a parameter), and then I could setup the waiting logic, and bypass using this plugin.

Alternatively, if you think this is something that should be coded up, I'm interested in learning more about plugins. 
( I haven't listened to the podcast episode yet, but I hear they're all the rage :wink: ) 
I don't know Java/Groovy except in making Nextflow do weird things like loops, but I'd be interested in doing a pull request - if y'all think it is useful (and if it isn't already in the documentation as a feature!!!).

If it was wanted, I am thinking it would be a `retry:` parameter that setups a loop of tries, and you break if it is successful."
https://api.github.com/repos/nextflow-io/nf-sqldb/issues/19,https://api.github.com/repos/nextflow-io/nf-sqldb,https://api.github.com/repos/nextflow-io/nf-sqldb/issues/19/labels{/name},https://api.github.com/repos/nextflow-io/nf-sqldb/issues/19/comments,https://api.github.com/repos/nextflow-io/nf-sqldb/issues/19/events,https://github.com/nextflow-io/nf-sqldb/issues/19,2052577838,I_kwDOF_fCW856V9ou,19,DuckDB sqlInsert doesn't work,edmundmiller,,open,False,,,,0,2023-12-21T14:55:43Z,2023-12-21T14:55:43Z,,NONE,"Example:

```nextflow
include { sqlInsert } from 'plugin/nf-sqldb'
// -- create a table
// CREATE TABLE ducks AS SELECT 3 AS age, 'mandarin' AS breed;
channel
    .of(tuple('3', ""mandarin""))
    .sqlInsert( into: 'ducks',
               columns: 'age, breed',
               db: 'playground',
               setup: ""CREATE TABLE ducks(age INTEGER, breed VARCHAR);"")
```

Main error via @bentsherman 

```
java.sql.SQLFeatureNotSupportedException: null
    at org.duckdb.DuckDBPreparedStatement.addBatch(DuckDBPreparedStatement.java:606)
    at nextflow.sql.InsertHandler.executeStm(InsertHandler.groovy:189)
    at nextflow.sql.InsertHandler.performAsTuple(InsertHandler.groovy:168)
    at nextflow.sql.InsertHandler.perform(InsertHandler.groovy:144)
    at nextflow.sql.ChannelSqlExtension$_sqlInsert_closure3.doCall(ChannelSqlExtension.groovy:123)
```

[nextflow.log](https://github.com/nextflow-io/nf-sqldb/files/13743090/nextflow.log)

Then I talked to @abhi18av who hunted down that this line is the issue. https://github.com/nextflow-io/nf-sqldb/blob/e9f3da63888046df57270a2a5b35e71d2a7815ac/plugins/nf-sqldb/src/main/nextflow/sql/InsertHandler.groovy#L239

He then dove into the DuckDB JDBC and [found the feature isn't supported](https://github.com/duckdb/duckdb/blob/a491470b039c54fe2f0adfe1d161b14c7fe64642/tools/jdbc/src/main/java/org/duckdb/DuckDBPreparedStatement.java#L458) 🙃 

We thought maybe if the old method without batch was used that might be a quick fix. However we also decided running a ton of queries on the headnode was a anti-pattern.

Regardless, good things come to those who wait, there's a [PR to add batch functionality](https://github.com/duckdb/duckdb/pull/10011)!

"
https://api.github.com/repos/nextflow-io/nf-sqldb/issues/18,https://api.github.com/repos/nextflow-io/nf-sqldb,https://api.github.com/repos/nextflow-io/nf-sqldb/issues/18/labels{/name},https://api.github.com/repos/nextflow-io/nf-sqldb/issues/18/comments,https://api.github.com/repos/nextflow-io/nf-sqldb/issues/18/events,https://github.com/nextflow-io/nf-sqldb/issues/18,2044856622,I_kwDOF_fCW8554gku,18,Request to officially release nf-bigquery plugin,frcamacho,,open,False,,,,0,2023-12-16T16:53:09Z,2023-12-16T16:53:44Z,,NONE,"I kindly request the release of the `nf-bigquery` plugin version 0.0.1 in the Nextflow official plugins repository as it is not currently available. 
"
https://api.github.com/repos/nextflow-io/nf-sqldb/issues/16,https://api.github.com/repos/nextflow-io/nf-sqldb,https://api.github.com/repos/nextflow-io/nf-sqldb/issues/16/labels{/name},https://api.github.com/repos/nextflow-io/nf-sqldb/issues/16/comments,https://api.github.com/repos/nextflow-io/nf-sqldb/issues/16/events,https://github.com/nextflow-io/nf-sqldb/issues/16,1787709184,I_kwDOF_fCW85qjkcA,16,Request to add optional argument to prevent appending semicolon to query statement,jmichaelegana,,open,False,,,,0,2023-07-04T11:04:27Z,2023-07-04T11:04:27Z,,NONE,"I am trying to use nf-sqldb to access a local Trino database using the code below with working db config `trino_db`.

```
include { fromQuery } from 'plugin/nf-sqldb'
query = ""select * from sample_table""
ch = channel.fromQuery(query , db: 'trino_db')

```
The query returns an error:
```
java.sql.SQLException: Query failed (#20230704_090934_00018_qtmi2): line 1:86: mismatched input ';'. Expecting: <EOF>
```
Turns out, `fromQuery` function automatically adds a trailing semicolon when the original query does not already have one. See https://github.com/nextflow-io/nf-sqldb/blob/df3976d6d71ccc3cd4e4995d64da305fa40bfd7f/plugins/nf-sqldb/src/main/nextflow/sql/QueryHandler.groovy#L131C2-L131C2

Some databases/engines like Trino do not like trailing semicolons. If there is a way to work around this problem such as adding an optional argument like `trailingSemicolon: false` e.g. `channel.fromQuery(query , db: 'trino_db', trailingSemicolon: false)`, it would be greatly appreciated. Thanks!
"
https://api.github.com/repos/nextflow-io/nf-sqldb/issues/14,https://api.github.com/repos/nextflow-io/nf-sqldb,https://api.github.com/repos/nextflow-io/nf-sqldb/issues/14/labels{/name},https://api.github.com/repos/nextflow-io/nf-sqldb/issues/14/comments,https://api.github.com/repos/nextflow-io/nf-sqldb/issues/14/events,https://github.com/nextflow-io/nf-sqldb/issues/14,1651218212,I_kwDOF_fCW85ia5ck,14,SQLite,dleopold,,closed,False,,,,1,2023-04-03T02:16:57Z,2023-04-03T04:25:08Z,2023-04-03T04:25:08Z,NONE,"It is not clear from the documentation how one would connect to a SQLite database. For example, if I have a SQLite database in the main project directory and need the create various channels based on queries of that database. "
https://api.github.com/repos/nextflow-io/nf-sqldb/issues/10,https://api.github.com/repos/nextflow-io/nf-sqldb,https://api.github.com/repos/nextflow-io/nf-sqldb/issues/10/labels{/name},https://api.github.com/repos/nextflow-io/nf-sqldb/issues/10/comments,https://api.github.com/repos/nextflow-io/nf-sqldb/issues/10/events,https://github.com/nextflow-io/nf-sqldb/issues/10,1434778206,I_kwDOF_fCW85VhPpe,10,use testcontainers for test,jorgeaguileraseqera,,open,False,jorgeaguileraseqera,jorgeaguileraseqera,,0,2022-11-03T14:41:57Z,2022-11-03T14:42:00Z,,CONTRIBUTOR,Investigate if testcontainers can be used in tests 
https://api.github.com/repos/nextflow-io/nf-sqldb/issues/8,https://api.github.com/repos/nextflow-io/nf-sqldb,https://api.github.com/repos/nextflow-io/nf-sqldb/issues/8/labels{/name},https://api.github.com/repos/nextflow-io/nf-sqldb/issues/8/comments,https://api.github.com/repos/nextflow-io/nf-sqldb/issues/8/events,https://github.com/nextflow-io/nf-sqldb/issues/8,1339137661,I_kwDOF_fCW85P0Z59,8,Update plugin to nextflow 22.08.0-edge,pditommaso,,closed,False,jorgeaguileraseqera,jorgeaguileraseqera,,3,2022-08-15T15:23:33Z,2022-08-30T19:42:55Z,2022-08-30T19:41:32Z,MEMBER,The plugin should be updated to make it compatible with APIs introduced by Nextflow 22.08.0-edge
