URL,Repository URL,Labels URL,Comments URL,Events URL,HTML URL,ID,Node ID,Number,Title,User,Labels,State,Locked,Assignee,Assignees,Milestone,Comments,Created At,Updated At,Closed At,Author Association,Body
https://api.github.com/repos/nextflow-io/nf-schema/issues/32,https://api.github.com/repos/nextflow-io/nf-schema,https://api.github.com/repos/nextflow-io/nf-schema/issues/32/labels{/name},https://api.github.com/repos/nextflow-io/nf-schema/issues/32/comments,https://api.github.com/repos/nextflow-io/nf-schema/issues/32/events,https://github.com/nextflow-io/nf-schema/issues/32,2282922248,I_kwDOLi7xZ86IEqEI,32,"Schema has allOf, but no definitions",chriswyatt1,,closed,False,,,,2,2024-05-07T10:44:00Z,2024-05-10T09:50:46Z,2024-05-10T09:50:46Z,NONE,"Hi, 

I am probably doing something really dumb, but I cannot get ` nf-core schema build` to work.

I have an existing repo (https://github.com/Eco-Flow/synteny), that I migrated to the new json style, but it says:

```
ERROR    [✗] Pipeline schema does not follow nf-core specs:                                                                  
          Schema has allOf, but no definitions                                                                               
ERROR    Existing pipeline schema found, but it is invalid: nextflow_schema.json                                             
INFO     Please fix or delete this file, then try again. 
```

I then played around with my json file to make it as minimal as possible, but always get this error. 

I then tried the example json: https://nextflow-io.github.io/nf-schema/latest/nextflow_schema/nextflow_schema_examples/ to see if this makes the same error, and for me it does. 

I use this in my main.nf:
`include { validateParameters; paramsHelp; paramsSummaryLog } from 'plugin/nf-schema'`
Plus:
```
plugins {
  id 'nf-co2footprint@1.0.0-beta'
  id 'nf-schema@2.0.0'
  id 'nf-amazon@2.1.4'
}

```

and I am using `nf-core` tools version 2.13.1. `nextflow` 24.03.0-edge.5908. I have deleted my nf-schema cache

If anyone can see what I am missing, I would be grateful :)
"
https://api.github.com/repos/nextflow-io/nf-schema/issues/31,https://api.github.com/repos/nextflow-io/nf-schema,https://api.github.com/repos/nextflow-io/nf-schema/issues/31/labels{/name},https://api.github.com/repos/nextflow-io/nf-schema/issues/31/comments,https://api.github.com/repos/nextflow-io/nf-schema/issues/31/events,https://github.com/nextflow-io/nf-schema/issues/31,2281147219,I_kwDOLi7xZ86H94tT,31,Can we have a failUnrecognisedSamplesheetField or something similar,maxulysse,,open,False,nvnieuwk,nvnieuwk,,1,2024-05-06T15:26:47Z,2024-05-11T13:20:12Z,,NONE,cf https://github.com/nf-core/sarek/issues/1504
https://api.github.com/repos/nextflow-io/nf-schema/issues/28,https://api.github.com/repos/nextflow-io/nf-schema,https://api.github.com/repos/nextflow-io/nf-schema/issues/28/labels{/name},https://api.github.com/repos/nextflow-io/nf-schema/issues/28/comments,https://api.github.com/repos/nextflow-io/nf-schema/issues/28/events,https://github.com/nextflow-io/nf-schema/issues/28,2259314870,I_kwDOLi7xZ86Gqmi2,28,Migration to nf-schema 2: `samplesheetToList` not found in `plugin/nf-schema`,Tobiaspk,bug,open,False,,,,16,2024-04-23T16:40:31Z,2024-04-24T14:31:23Z,,NONE,"Problem occured during migration from `nf-vallidation` to `nf-schema`. Aim is to migrate to newere sample sheet reader function. 

Reproducible steps
1. Create new template pipeline
```
# nf-core version 2.13.1
nf-core create
```
2. Update plugin in `nextflow.config`
```
plugins {
    id 'nf-schema@2.0.0' 
}
```
3. Update imports in `subworkflows/local/utils_nfcore_training_pipeline/main.nf`
```
include { samplesheetToList } from 'plugin/nf-schema'
```
4. Run with
```
nextflow run . \
    -profile test,docker \
    --outdir test_results
```


Error stack

```
Apr-23 12:39:13.829 [main] DEBUG nextflow.cli.Launcher - $> nextflow run . -profile test,docker --outdir test_results
Apr-23 12:39:13.880 [main] INFO  nextflow.cli.CmdRun - N E X T F L O W  ~  version 23.10.1
Apr-23 12:39:13.892 [main] DEBUG nextflow.plugin.PluginsFacade - Setting up plugin manager > mode=prod; embedded=false; plugins-dir=/Users/krauset/.nextflow/plugins; core-plugins: nf-amazon@2.1.4,nf-azure@1.3.3,nf-cloudcache@0.3.0,nf-codecommit@0.1.5,nf-console@1.0.6,nf-ga4gh@1.1.0,nf-google@1.8.3,nf-tower@1.6.3,nf-wave@1.0.1
Apr-23 12:39:13.898 [main] INFO  o.pf4j.DefaultPluginStatusProvider - Enabled plugins: []
Apr-23 12:39:13.899 [main] INFO  o.pf4j.DefaultPluginStatusProvider - Disabled plugins: []
Apr-23 12:39:13.901 [main] INFO  org.pf4j.DefaultPluginManager - PF4J version 3.4.1 in 'deployment' mode
Apr-23 12:39:13.908 [main] INFO  org.pf4j.AbstractPluginManager - No plugins
Apr-23 12:39:14.425 [main] DEBUG nextflow.config.ConfigBuilder - Found config local: /Users/krauset/projects/tools/pipelines/temp/nf-core-temp/nextflow.config
Apr-23 12:39:14.426 [main] DEBUG nextflow.config.ConfigBuilder - Parsing config file: /Users/krauset/projects/tools/pipelines/temp/nf-core-temp/nextflow.config
Apr-23 12:39:14.433 [main] DEBUG nextflow.config.ConfigBuilder - Applying config profile: `test,docker`
Apr-23 12:39:15.074 [main] DEBUG nextflow.config.ConfigBuilder - Available config profiles: [cfc_dev, uzl_omics, ifb_core, denbi_qbic, alice, mjolnir_globe, uppmax, incliva, ilifu, uge, rosalind_uge, lugh, unibe_ibu, vai, czbiohub_aws, jax, ccga_med, scw, unc_longleaf, tigem, tubingen_apg, google, apollo, ipop_up, vsc_calcua, pdc_kth, googlels, daisybio, eddie, medair, biowulf, apptainer, bi, bigpurple, adcra, cedars, pawsey_setonix, vsc_kul_uhasselt, pawsey_nimbus, ucl_myriad, utd_ganymede, charliecloud, icr_davros, ceres, munin, arm, rosalind, hasta, cfc, uzh, ebi_codon_slurm, ebc, ku_sund_dangpu, ccga_dx, crick, marvin, biohpc_gen, shifter, mana, mamba, york_viking, unc_lccc, wehi, awsbatch, wustl_htcf, arcc, imperial, maestro, software_license, utd_europa, genotoul, nci_gadi, abims, janelia, nu_genomics, googlebatch, oist, sahmri, mpcdf, leicester, vsc_ugent, create, sage, cambridge, jex, podman, ebi_codon, cheaha, xanadu, nyu_hpc, test, computerome, ucd_sonic, seg_globe, sanger, dkfz, pasteur, einstein, ethz_euler, m3c, test_full, imb, ucl_cscluster, tuos_stanage, azurebatch, hki, crukmi, csiro_petrichor, qmul_apocrita, docker, engaging, gis, hypatia, psmn, eva, nygc, fgcz, conda, crg, singularity, self_hosted_runner, tufts, uw_hyak_pedslabs, utd_sysbio, debug, genouest, cbe, phoenix, gitpod, seawulf, uod_hpc, fub_curta, uct_hpc, aws_tower, binac]
Apr-23 12:39:15.103 [main] DEBUG nextflow.cli.CmdRun - Applied DSL=2 from script declararion
Apr-23 12:39:15.113 [main] INFO  nextflow.cli.CmdRun - Launching `./main.nf` [modest_turing] DSL2 - revision: 4a2d25f07b
Apr-23 12:39:15.113 [main] DEBUG nextflow.plugin.PluginsFacade - Plugins declared=[nf-validation@1.1.3, nf-schema@2.0.0]
Apr-23 12:39:15.114 [main] DEBUG nextflow.plugin.PluginsFacade - Plugins default=[]
Apr-23 12:39:15.114 [main] DEBUG nextflow.plugin.PluginsFacade - Plugins resolved requirement=[nf-validation@1.1.3, nf-schema@2.0.0]
Apr-23 12:39:15.114 [main] DEBUG nextflow.plugin.PluginUpdater - Installing plugin nf-validation version: 1.1.3
Apr-23 12:39:15.121 [main] INFO  org.pf4j.AbstractPluginManager - Plugin 'nf-validation@1.1.3' resolved
Apr-23 12:39:15.121 [main] INFO  org.pf4j.AbstractPluginManager - Start plugin 'nf-validation@1.1.3'
Apr-23 12:39:15.129 [main] DEBUG nextflow.plugin.BasePlugin - Plugin started nf-validation@1.1.3
Apr-23 12:39:15.129 [main] DEBUG nextflow.plugin.PluginUpdater - Installing plugin nf-schema version: 2.0.0
Apr-23 12:39:15.132 [main] INFO  org.pf4j.AbstractPluginManager - Plugin 'nf-schema@2.0.0' resolved
Apr-23 12:39:15.132 [main] INFO  org.pf4j.AbstractPluginManager - Start plugin 'nf-schema@2.0.0'
Apr-23 12:39:15.134 [main] DEBUG nextflow.plugin.BasePlugin - Plugin started nf-schema@2.0.0
Apr-23 12:39:15.140 [main] DEBUG n.secret.LocalSecretsProvider - Secrets store: /Users/krauset/.nextflow/secrets/store.json
Apr-23 12:39:15.142 [main] DEBUG nextflow.secret.SecretsLoader - Discovered secrets providers: [nextflow.secret.LocalSecretsProvider@2801827a] - activable => nextflow.secret.LocalSecretsProvider@2801827a
Apr-23 12:39:15.206 [main] DEBUG nextflow.Session - Session UUID: 92b7f431-9cde-4a16-a180-27527e8082dd
Apr-23 12:39:15.206 [main] DEBUG nextflow.Session - Run name: modest_turing
Apr-23 12:39:15.207 [main] DEBUG nextflow.Session - Executor pool size: 10
Apr-23 12:39:15.217 [main] DEBUG nextflow.file.FilePorter - File porter settings maxRetries=3; maxTransfers=50; pollTimeout=null
Apr-23 12:39:15.221 [main] DEBUG nextflow.util.ThreadPoolBuilder - Creating thread pool 'FileTransfer' minSize=10; maxSize=30; workQueue=LinkedBlockingQueue[10000]; allowCoreThreadTimeout=false
Apr-23 12:39:15.249 [main] DEBUG nextflow.cli.CmdRun - 
  Version: 23.10.1 build 5891
  Created: 12-01-2024 22:01 UTC (17:01 EDT)
  System: Mac OS X 13.3.1
  Runtime: Groovy 3.0.19 on OpenJDK 64-Bit Server VM 20.0.1
  Encoding: UTF-8 (UTF-8)
  Process: 7776@LSKI4053 [172.18.232.166]
  CPUs: 10 - Mem: 16 GB (72.4 MB) - Swap: 3 GB (798.2 MB)
Apr-23 12:39:15.260 [main] DEBUG nextflow.Session - Work-dir: /Users/krauset/projects/tools/pipelines/temp/nf-core-temp/work [Mac OS X]
Apr-23 12:39:15.260 [main] DEBUG nextflow.Session - Script base path does not exist or is not a directory: /Users/krauset/projects/tools/pipelines/temp/nf-core-temp/bin
Apr-23 12:39:15.267 [main] DEBUG nextflow.executor.ExecutorFactory - Extension executors providers=[]
Apr-23 12:39:15.273 [main] DEBUG nextflow.Session - Observer factory: DefaultObserverFactory
Apr-23 12:39:15.305 [main] DEBUG nextflow.cache.CacheFactory - Using Nextflow cache factory: nextflow.cache.DefaultCacheFactory
Apr-23 12:39:15.311 [main] DEBUG nextflow.util.CustomThreadPool - Creating default thread pool > poolSize: 11; maxThreads: 1000
Apr-23 12:39:15.351 [main] DEBUG nextflow.Session - Session start
Apr-23 12:39:15.353 [main] DEBUG nextflow.trace.TraceFileObserver - Workflow started -- trace file: /Users/krauset/projects/tools/pipelines/temp/nf-core-temp/test_results/pipeline_info/execution_trace_2024-04-23_12-39-15.txt
Apr-23 12:39:15.479 [main] DEBUG nextflow.script.ScriptRunner - > Launching execution
Apr-23 12:39:15.752 [main] DEBUG nextflow.script.IncludeDef - Loading included plugin extensions with names: [paramsSummaryMap:paramsSummaryMap]; plugin Id: nf-validation
Apr-23 12:39:16.013 [main] DEBUG nextflow.script.IncludeDef - Loading included plugin extensions with names: [paramsHelp:paramsHelp]; plugin Id: nf-validation
Apr-23 12:39:16.013 [main] DEBUG nextflow.script.IncludeDef - Loading included plugin extensions with names: [paramsSummaryLog:paramsSummaryLog]; plugin Id: nf-validation
Apr-23 12:39:16.013 [main] DEBUG nextflow.script.IncludeDef - Loading included plugin extensions with names: [validateParameters:validateParameters]; plugin Id: nf-validation
Apr-23 12:39:16.014 [main] DEBUG nextflow.script.IncludeDef - Loading included plugin extensions with names: [paramsSummaryMap:paramsSummaryMap]; plugin Id: nf-validation
Apr-23 12:39:16.014 [main] DEBUG nextflow.script.IncludeDef - Loading included plugin extensions with names: [samplesheetToList:samplesheetToList]; plugin Id: nf-schema
Apr-23 12:39:16.015 [main] DEBUG nextflow.script.ScriptRunner - Parsed script files:
  Script_a7d371fe23db7aab: /Users/krauset/projects/tools/pipelines/temp/nf-core-temp/./workflows/../subworkflows/local/utils_nfcore_temp_pipeline/../../nf-core/utils_nfvalidation_plugin/main.nf
  Script_be0adedc591c66cc: /Users/krauset/projects/tools/pipelines/temp/nf-core-temp/./workflows/../subworkflows/nf-core/utils_nfcore_pipeline/main.nf
  Script_b1634edd947fcf7e: /Users/krauset/projects/tools/pipelines/temp/nf-core-temp/./workflows/temp.nf
  Script_4ba798786ecd6418: /Users/krauset/projects/tools/pipelines/temp/nf-core-temp/./workflows/../modules/nf-core/fastqc/main.nf
  Script_1fb3f031c8bfc44b: /Users/krauset/projects/tools/pipelines/temp/nf-core-temp/./workflows/../subworkflows/local/utils_nfcore_temp_pipeline/main.nf
  Script_e6212041ff99d3c1: /Users/krauset/projects/tools/pipelines/temp/nf-core-temp/main.nf
  Script_11299cb12a111d0f: /Users/krauset/projects/tools/pipelines/temp/nf-core-temp/./workflows/../modules/nf-core/multiqc/main.nf
Apr-23 12:39:16.015 [main] DEBUG nextflow.Session - Session aborted -- Cause: Extension 'samplesheetToList' it isn't defined by plugin nf-schema
Apr-23 12:39:16.021 [main] ERROR nextflow.cli.Launcher - @unknown
java.lang.IllegalStateException: Extension 'samplesheetToList' it isn't defined by plugin nf-schema
	at nextflow.plugin.extension.PluginExtensionProvider.loadPluginExtensionMethods(PluginExtensionProvider.groovy:156)
	at nextflow.plugin.extension.PluginExtensionProvider.loadPluginExtensionMethods(PluginExtensionProvider.groovy:119)
	at nextflow.script.IncludeDef.loadPlugin0(IncludeDef.groovy:221)
	at nextflow.script.IncludeDef.load0(IncludeDef.groovy:117)
	at nextflow.script.IncludeDef$load0$1.call(Unknown Source)
	at org.codehaus.groovy.runtime.callsite.CallSiteArray.defaultCall(CallSiteArray.java:47)
	at org.codehaus.groovy.runtime.callsite.AbstractCallSite.call(AbstractCallSite.java:125)
	at org.codehaus.groovy.runtime.callsite.AbstractCallSite.call(AbstractCallSite.java:139)
	at Script_1fb3f031c8bfc44b.runScript(Script_1fb3f031c8bfc44b:13)
	at nextflow.script.BaseScript.run0(BaseScript.groovy:144)
	at nextflow.script.BaseScript.run(BaseScript.groovy:192)
	at nextflow.script.ScriptParser.runScript(ScriptParser.groovy:236)
	at nextflow.script.ScriptParser.runScript(ScriptParser.groovy:222)
	at nextflow.script.IncludeDef.memoizedMethodPriv$loadModule0PathMapSession(IncludeDef.groovy:151)
	at nextflow.script.IncludeDef.access$0(IncludeDef.groovy)
	at nextflow.script.IncludeDef$__clinit__closure2.doCall(IncludeDef.groovy)
	at java.base/jdk.internal.reflect.DirectMethodHandleAccessor.invoke(DirectMethodHandleAccessor.java:104)
	at java.base/java.lang.reflect.Method.invoke(Method.java:578)
	at org.codehaus.groovy.reflection.CachedMethod.invoke(CachedMethod.java:107)
	at groovy.lang.MetaMethod.doMethodInvoke(MetaMethod.java:323)
	at org.codehaus.groovy.runtime.metaclass.ClosureMetaClass.invokeMethod(ClosureMetaClass.java:274)
	at groovy.lang.MetaClassImpl.invokeMethod(MetaClassImpl.java:1030)
	at groovy.lang.Closure.call(Closure.java:427)
	at org.codehaus.groovy.runtime.memoize.Memoize$MemoizeFunction.lambda$call$0(Memoize.java:137)
	at org.codehaus.groovy.runtime.memoize.ConcurrentCommonCache.getAndPut(ConcurrentCommonCache.java:137)
	at org.codehaus.groovy.runtime.memoize.ConcurrentCommonCache.getAndPut(ConcurrentCommonCache.java:113)
	at org.codehaus.groovy.runtime.memoize.Memoize$MemoizeFunction.call(Memoize.java:136)
	at nextflow.script.IncludeDef.loadModule0(IncludeDef.groovy)
	at nextflow.script.IncludeDef.load0(IncludeDef.groovy:123)
	at nextflow.script.IncludeDef$load0$1.call(Unknown Source)
	at org.codehaus.groovy.runtime.callsite.CallSiteArray.defaultCall(CallSiteArray.java:47)
	at org.codehaus.groovy.runtime.callsite.AbstractCallSite.call(AbstractCallSite.java:125)
	at org.codehaus.groovy.runtime.callsite.AbstractCallSite.call(AbstractCallSite.java:139)
	at Script_b1634edd947fcf7e.runScript(Script_b1634edd947fcf7e:12)
	at nextflow.script.BaseScript.run0(BaseScript.groovy:144)
	at nextflow.script.BaseScript.run(BaseScript.groovy:192)
	at nextflow.script.ScriptParser.runScript(ScriptParser.groovy:236)
	at nextflow.script.ScriptParser.runScript(ScriptParser.groovy:222)
	at nextflow.script.IncludeDef.memoizedMethodPriv$loadModule0PathMapSession(IncludeDef.groovy:151)
	at nextflow.script.IncludeDef.access$0(IncludeDef.groovy)
	at nextflow.script.IncludeDef$__clinit__closure2.doCall(IncludeDef.groovy)
	at java.base/jdk.internal.reflect.DirectMethodHandleAccessor.invoke(DirectMethodHandleAccessor.java:104)
	at java.base/java.lang.reflect.Method.invoke(Method.java:578)
	at org.codehaus.groovy.reflection.CachedMethod.invoke(CachedMethod.java:107)
	at groovy.lang.MetaMethod.doMethodInvoke(MetaMethod.java:323)
	at org.codehaus.groovy.runtime.metaclass.ClosureMetaClass.invokeMethod(ClosureMetaClass.java:274)
	at groovy.lang.MetaClassImpl.invokeMethod(MetaClassImpl.java:1030)
	at groovy.lang.Closure.call(Closure.java:427)
	at org.codehaus.groovy.runtime.memoize.Memoize$MemoizeFunction.lambda$call$0(Memoize.java:137)
	at org.codehaus.groovy.runtime.memoize.ConcurrentCommonCache.getAndPut(ConcurrentCommonCache.java:137)
	at org.codehaus.groovy.runtime.memoize.ConcurrentCommonCache.getAndPut(ConcurrentCommonCache.java:113)
	at org.codehaus.groovy.runtime.memoize.Memoize$MemoizeFunction.call(Memoize.java:136)
	at nextflow.script.IncludeDef.loadModule0(IncludeDef.groovy)
	at nextflow.script.IncludeDef.load0(IncludeDef.groovy:123)
	at nextflow.script.IncludeDef$load0$1.call(Unknown Source)
	at org.codehaus.groovy.runtime.callsite.CallSiteArray.defaultCall(CallSiteArray.java:47)
	at org.codehaus.groovy.runtime.callsite.AbstractCallSite.call(AbstractCallSite.java:125)
	at org.codehaus.groovy.runtime.callsite.AbstractCallSite.call(AbstractCallSite.java:139)
	at Script_e6212041ff99d3c1.runScript(Script_e6212041ff99d3c1:20)
	at nextflow.script.BaseScript.run0(BaseScript.groovy:144)
	at nextflow.script.BaseScript.run(BaseScript.groovy:192)
	at nextflow.script.ScriptParser.runScript(ScriptParser.groovy:236)
	at nextflow.script.ScriptRunner.run(ScriptRunner.groovy:242)
	at nextflow.script.ScriptRunner.execute(ScriptRunner.groovy:137)
	at nextflow.cli.CmdRun.run(CmdRun.groovy:372)
	at nextflow.cli.Launcher.run(Launcher.groovy:500)
	at nextflow.cli.Launcher.main(Launcher.groovy:672)
```"
https://api.github.com/repos/nextflow-io/nf-schema/issues/4,https://api.github.com/repos/nextflow-io/nf-schema,https://api.github.com/repos/nextflow-io/nf-schema/issues/4/labels{/name},https://api.github.com/repos/nextflow-io/nf-schema/issues/4/comments,https://api.github.com/repos/nextflow-io/nf-schema/issues/4/events,https://github.com/nextflow-io/nf-schema/issues/4,2246313383,I_kwDOLi7xZ86F5AWn,4,Make configuration values from all built-in parameters,nvnieuwk,,closed,False,,,,2,2024-04-16T15:15:36Z,2024-04-22T11:16:55Z,2024-04-22T11:16:55Z,COLLABORATOR,"All built-in parameters (like `params.validationLenientMode`) should be turned into configuration values instead (as these parameters are used to configure how the plugin works)

So for example:
`params.validationLenientMode = true|false` should become `validation.lenientMode = true|false` instead.

Link to slack thread for traceability: https://nfcore.slack.com/archives/C056RQB10LU/p1713279781474429"
https://api.github.com/repos/nextflow-io/nf-schema/issues/7,https://api.github.com/repos/nextflow-io/nf-schema,https://api.github.com/repos/nextflow-io/nf-schema/issues/7/labels{/name},https://api.github.com/repos/nextflow-io/nf-schema/issues/7/comments,https://api.github.com/repos/nextflow-io/nf-schema/issues/7/events,https://github.com/nextflow-io/nf-schema/issues/7,2258101360,I_kwDOLi7xZ86Gl-Rw,7,Strict validation of input samplesheet.csv,jannikseidelQBiC,enhancement,open,False,,,2.1.0,1,2024-03-20T09:13:31Z,2024-04-23T07:02:40Z,,NONE,"Following feature would be beneficial in the future:

- The headers of the samplesheet should be able to be validated in `strict` mode, meaning if they are misspelled or missing the pipelines should throw an error instead of a warning
- This behavior should be able to be turned on or off

The same feature would be nice for entries in the samplesheet, where required fields are missing.

e.g. if following samplesheet would be present

``` csv
sample,short_reads_fastq_1,short_reads_fastq_2,long_reads_fastq_2
test,,path/to/first_fastq.gz,
```
and should be formatted like this 

``` csv
sample,short_reads_fastq_1,short_reads_fastq_2,long_reads_fastq_1
test,path/to/first_fastq.gz,,
```
and either `short_reads_fastq_1` or `long_reads_fastq_1`are required fields

The pipeline should fail and not run empty with warnings. Also a meaningful error should be thrown in such a scenario.

It would be best this could be turned on or off in a [schema_input.json](https://raw.githubusercontent.com/nf-core/detaxizer/dev/assets/schema_input.json)."
https://api.github.com/repos/nextflow-io/nf-schema/issues/8,https://api.github.com/repos/nextflow-io/nf-schema,https://api.github.com/repos/nextflow-io/nf-schema/issues/8/labels{/name},https://api.github.com/repos/nextflow-io/nf-schema/issues/8/comments,https://api.github.com/repos/nextflow-io/nf-schema/issues/8/events,https://github.com/nextflow-io/nf-schema/issues/8,2258105822,I_kwDOLi7xZ86Gl_Xe,8,"Inconsistent behaviour for ""empty"" CSV column of unrequired file",awgymer,bug,open,False,,,,6,2024-03-07T14:01:34Z,2024-04-23T07:02:52Z,,COLLABORATOR,"A csv can be ""quoted"" or not. 

If there is a field defined like so:
```
""bai"": {
    ""type"": ""string"",
    ""format"": ""file-path"",
    ""exists"": true,
    ""pattern"": ""^\\S+\\.bai$"",
    ""errorMessage"": ""If provided the BAM index (bai) must exist and have extension '.bai'""
},
```

then the following csv have different behaviour:

Unquoted ""empty"" field parses fine as expected.
```
field1,bai
myfield,
```


Quoted ""empty"" field errors out.
```
field1,bai
myfield,""""
```
```
ERROR ~ ERROR: Validation of 'input' file failed!

 -- Check '.nextflow.log' file for details
The following errors have been detected:

* -- Entry 1 - bai: the file or directory '""""' does not exist.
* -- Entry 1 - bai: If provided the BAM index (bai) must exist and have extension '.bai' ("""")
```

This feels somewhat counterintuitive as an empty string is obviously not a path, it's an empty column. 

Not sure if this behaviour is to be expected and I am misunderstanding or whether we can somehow improve this to behave more uniformly"
https://api.github.com/repos/nextflow-io/nf-schema/issues/9,https://api.github.com/repos/nextflow-io/nf-schema,https://api.github.com/repos/nextflow-io/nf-schema/issues/9/labels{/name},https://api.github.com/repos/nextflow-io/nf-schema/issues/9/comments,https://api.github.com/repos/nextflow-io/nf-schema/issues/9/events,https://github.com/nextflow-io/nf-schema/issues/9,2258110876,I_kwDOLi7xZ86GmAmc,9,Upgrade to groovy 4,nvnieuwk,enhancement,open,False,,,2.1.0,0,2024-02-07T08:28:10Z,2024-04-23T07:03:00Z,,COLLABORATOR,"In Nextflow 24.04.* groovy 3 will be upgraded to groovy 4, possibly breaking the plugin. We should really update the plugin before the release of this version"
https://api.github.com/repos/nextflow-io/nf-schema/issues/10,https://api.github.com/repos/nextflow-io/nf-schema,https://api.github.com/repos/nextflow-io/nf-schema/issues/10/labels{/name},https://api.github.com/repos/nextflow-io/nf-schema/issues/10/comments,https://api.github.com/repos/nextflow-io/nf-schema/issues/10/events,https://github.com/nextflow-io/nf-schema/issues/10,2258111664,I_kwDOLi7xZ86GmAyw,10,Pattern validation not working when using scheme without header,drpatelh,bug,open,False,,,,4,2024-01-17T18:03:27Z,2024-04-23T07:03:10Z,,NONE,"Inspired by nf-core/fetchngs, if I have a schema spec for a samplesheet that doesn't have a header:

```
{
    ""$schema"": ""http://json-schema.org/draft-07/schema"",
    ""$id"": ""https://raw.githubusercontent.com/nf-core/fetchngs/master/assets/schema_input.json"",
    ""title"": ""nf-core/fetchngs pipeline - params.input schema"",
    ""description"": ""Schema for the file provided with params.input"",
    ""type"": ""array"",
    ""items"": {
        ""type"": ""object"",
        ""properties"": {
            """": {
                ""type"": ""string"",
                ""pattern"": ""^(((SR|ER|DR)[APRSX])|(SAM(N|EA|D))|(PRJ(NA|EB|DB))|(GS[EM])|(syn))(\\d+)$"",
                ""errorMessage"": ""Please provide a valid SRA, ENA, DDBJ or GEO identifier""
            }
        }
    }
}
```

And try and use a samplesheet like this:

```
SRR9984183
asdasd
```

The validation should fail the pattern match for `asdasd` but doesn't. If I add a dummy header to the spec and the samplesheet it works.
"
https://api.github.com/repos/nextflow-io/nf-schema/issues/11,https://api.github.com/repos/nextflow-io/nf-schema,https://api.github.com/repos/nextflow-io/nf-schema/issues/11/labels{/name},https://api.github.com/repos/nextflow-io/nf-schema/issues/11/comments,https://api.github.com/repos/nextflow-io/nf-schema/issues/11/events,https://github.com/nextflow-io/nf-schema/issues/11,2258113495,I_kwDOLi7xZ86GmBPX,11,Expected behaviour for booleans with no set default,awgymer,question,open,False,,,,1,2023-12-21T15:55:22Z,2024-04-23T07:02:29Z,,COLLABORATOR,"What is the intended behaviour for a `boolean` field that does not have a `default` in the schema but is empty/unset in the samplesheet?

I believe this may be an issue because I was under the impression that we do not support `default: false` in schema jsons (although maybe I am wrong here?).

Currently if there is no default and someone leaves the field unset it will result in:

```
in meta:
[boolean_field: null]

otherwise:
[[]]
```
"
https://api.github.com/repos/nextflow-io/nf-schema/issues/12,https://api.github.com/repos/nextflow-io/nf-schema,https://api.github.com/repos/nextflow-io/nf-schema/issues/12/labels{/name},https://api.github.com/repos/nextflow-io/nf-schema/issues/12/comments,https://api.github.com/repos/nextflow-io/nf-schema/issues/12/events,https://github.com/nextflow-io/nf-schema/issues/12,2258117936,I_kwDOLi7xZ86GmCUw,12,respect NF ANSI log setting,ahvigil,enhancement,open,False,,,2.1.0,0,2023-12-04T21:12:49Z,2024-04-23T07:03:53Z,,NONE,Nextflow already has some logic for detecting ANSI logging support and turning it on or off if not explicitly overridden (ref: https://github.com/nextflow-io/nextflow/commit/89bc56016bf96b1cd8fb0de1605668a7aec0aeba). Would be nice if this plugin respected that setting instead of `-ansi-log` and `-monochrome_logs` always being completely separate (but oftentimes redundant) settings.
https://api.github.com/repos/nextflow-io/nf-schema/issues/13,https://api.github.com/repos/nextflow-io/nf-schema,https://api.github.com/repos/nextflow-io/nf-schema/issues/13/labels{/name},https://api.github.com/repos/nextflow-io/nf-schema/issues/13/comments,https://api.github.com/repos/nextflow-io/nf-schema/issues/13/events,https://github.com/nextflow-io/nf-schema/issues/13,2258120747,I_kwDOLi7xZ86GmDAr,13,"Path existance check assumes ""definisions"" in schema",mateuszpawlik,bug,open,False,,,,7,2023-12-04T16:00:21Z,2024-04-23T07:06:09Z,,NONE,"I have a simple schema with three parameters. One of them is a required path. I used the nf-core schema build which generated that schema. Since I have only three parameters, I didn't think about grouping them. The ""exists"" key wouldn't work. It took me some time to figure out that [collecting parameters with ""exists"" key set](https://github.com/nextflow-io/nf-validation/blob/26f56310c397ca987ba9510abbddcc3d77abf0c6/plugins/nf-validation/src/main/nextflow/validation/SchemaValidator.groovy#L322) assumes ""definitions"" key in the schema:

https://github.com/nextflow-io/nf-validation/blob/26f56310c397ca987ba9510abbddcc3d77abf0c6/plugins/nf-validation/src/main/nextflow/validation/SchemaValidator.groovy#L306

Once I grouped my parameters in ""definitions"" the existence check was triggered.

Are group ""definitions"" mandatory?"
https://api.github.com/repos/nextflow-io/nf-schema/issues/14,https://api.github.com/repos/nextflow-io/nf-schema,https://api.github.com/repos/nextflow-io/nf-schema/issues/14/labels{/name},https://api.github.com/repos/nextflow-io/nf-schema/issues/14/comments,https://api.github.com/repos/nextflow-io/nf-schema/issues/14/events,https://github.com/nextflow-io/nf-schema/issues/14,2258122465,I_kwDOLi7xZ86GmDbh,14,Plugin references both `monochrome_logs` and `monochromeLogs`,Midnighter,,closed,False,,,,1,2023-11-27T13:38:19Z,2024-04-23T07:07:18Z,2024-04-23T07:07:17Z,NONE,"The plugin configures its own logging using nf-core conventions. For this it uses both parameters `monochrome_logs` and `monochromeLogs`. I assume the latter is supported for backwards compatibility. However, the current code creates a slightly annoying warning (as in, the warning may confuse users who don't know what it means).

```
WARN: Access to undefined parameter `monochromeLogs` -- Initialise it to a default value eg. `params.monochromeLogs = some_value`
```

I looked a bit in the code and I think it must be triggered by the `containsKey` method on line 248 in the `SchemaValidator.groovy` file, since you set the value afterwards, which I guess was intended to avoid exactly this.

```groovy
        if( !params.containsKey(""monochromeLogs"") ) {
            params.monochromeLogs = false
        }
```

Alternatively, setting the value does not work as expected such that it is still `null` in the outer scope.

I'm, unfortunately, not familiar with the gradle build tools and testing, otherwise I could work on a fix myself. One suggestion would be to use the `session.params`, to initialize the plugin's _own_ settings (which can be more or less a copy), rather than continuing to use those for checks."
https://api.github.com/repos/nextflow-io/nf-schema/issues/15,https://api.github.com/repos/nextflow-io/nf-schema,https://api.github.com/repos/nextflow-io/nf-schema/issues/15/labels{/name},https://api.github.com/repos/nextflow-io/nf-schema/issues/15/comments,https://api.github.com/repos/nextflow-io/nf-schema/issues/15/events,https://github.com/nextflow-io/nf-schema/issues/15,2258124482,I_kwDOLi7xZ86GmD7C,15,Depreciate & remove `mimetype`,ewels,,closed,False,,,,2,2023-11-23T10:02:14Z,2024-04-23T07:08:13Z,2024-04-23T07:08:13Z,MEMBER,x-ref https://github.com/nf-core/tools/issues/2527
https://api.github.com/repos/nextflow-io/nf-schema/issues/16,https://api.github.com/repos/nextflow-io/nf-schema,https://api.github.com/repos/nextflow-io/nf-schema/issues/16/labels{/name},https://api.github.com/repos/nextflow-io/nf-schema/issues/16/comments,https://api.github.com/repos/nextflow-io/nf-schema/issues/16/events,https://github.com/nextflow-io/nf-schema/issues/16,2258126136,I_kwDOLi7xZ86GmEU4,16,Validation of Azure directory-paths causes issues,apetkau,bug,closed,False,,,2.1.0,13,2023-11-03T16:56:02Z,2024-05-02T12:32:33Z,2024-05-02T12:32:33Z,NONE,"I am trying to run a pipeline within Azure and use an Azure path for the output directory (e.g., `az://12345/outputs/`). However, the validation of this path causes issues:

```
Nov-03 16:19:26.907 [main] DEBUG nextflow.cli.Launcher - Operation aborted
nextflow.validation.SchemaValidationException: The following invalid input values have been detected:

* --outdir: 'az://12345/outputs/' is not a directory, but a file (az://12345/outputs/)

	at nextflow.validation.SchemaValidator.validateParameters(SchemaValidator.groovy:399)
	at nextflow.validation.SchemaValidator.validateParameters(SchemaValidator.groovy)
	at java.base/jdk.internal.reflect.NativeMethodAccessorImpl.invoke0(Native Method)
	at java.base/jdk.internal.reflect.NativeMethodAccessorImpl.invoke(NativeMethodAccessorImpl.java:77)
	at java.base/jdk.internal.reflect.DelegatingMethodAccessorImpl.invoke(DelegatingMethodAccessorImpl.java:43)
	at java.base/java.lang.reflect.Method.invoke(Method.java:568)
...
```

This seems to be related to the `outdir` defined as format `directory-path` in the `nextflow_schema.json` file:

```json
""outdir"": {
    ""type"": ""string"",
    ""format"": ""directory-path"",
    ""description"": ""The output directory where the results will be saved. You have to use absolute paths to storage on Cloud infrastructure."",
    ""fa_icon"": ""fas fa-folder-open""
},
```

If the `directory-path` format is removed (or replaced with `file-path`), the pipeline successfully executes.

I am wondering if someone could help out with this? I am using the most recent version of nf-validation (`1.1.1`). Thanks."
https://api.github.com/repos/nextflow-io/nf-schema/issues/17,https://api.github.com/repos/nextflow-io/nf-schema,https://api.github.com/repos/nextflow-io/nf-schema/issues/17/labels{/name},https://api.github.com/repos/nextflow-io/nf-schema/issues/17/comments,https://api.github.com/repos/nextflow-io/nf-schema/issues/17/events,https://github.com/nextflow-io/nf-schema/issues/17,2258129343,I_kwDOLi7xZ86GmFG_,17,Better AWS S3 path handling,nvnieuwk,"bug, enhancement",open,False,,,2.1.0,0,2023-10-11T11:36:10Z,2024-04-23T07:10:43Z,,COLLABORATOR,"In the newest version, the AWS S3 path handling will be disabled by default because it was causing error messages like this one:
```
ERROR ~ The AWS Access Key Id you provided does not exist in our records. (Service: Amazon S3; Status Code: 403; Error Code: InvalidAccessKeyId; Request ID: D5F3ZK64NNE9F037; S3 Extended Request ID: KYI+/3lvyGlGrOU2XGMc2BSD4t7ZIN+KIe7+uecUoVCA166mOidD7khmutQL5dj8Y5Ahi0rzhw2NZCuIwcU/kg==; Proxy: null)
```

These say absolutely nothing of what the problem is (in this case the bucket wasn't found in the s3 endpoint). We should add some better handling to detect these kind of problems and give a better error message "
https://api.github.com/repos/nextflow-io/nf-schema/issues/18,https://api.github.com/repos/nextflow-io/nf-schema,https://api.github.com/repos/nextflow-io/nf-schema/issues/18/labels{/name},https://api.github.com/repos/nextflow-io/nf-schema/issues/18/comments,https://api.github.com/repos/nextflow-io/nf-schema/issues/18/events,https://github.com/nextflow-io/nf-schema/issues/18,2258130263,I_kwDOLi7xZ86GmFVX,18,validateParameters failed on schema_input.json when running nf-core pipelines in offline-mode,asp8200,bug,open,False,,,,6,2023-09-26T13:51:51Z,2024-04-23T07:11:31Z,,NONE,"At DNGC, we encountered the following problem when trying to run nf-core pipelines from nf-tower on a HPC with no internet:
```
Sep-26 12:44:13.682 [main] ERROR nextflow.cli.Launcher - @unknown
org.everit.json.schema.SchemaException: #: could not determine version
        at org.everit.json.schema.loader.SchemaLoader.<init>(SchemaLoader.java:293)
        at org.everit.json.schema.loader.SchemaLoader$SchemaLoaderBuilder.build(SchemaLoader.java:143)
        at org.everit.json.schema.loader.SchemaLoader.load(SchemaLoader.java:262)
        at org.everit.json.schema.loader.SchemaLoader.load(SchemaLoader.java:246)
        at org.everit.json.schema.loader.SchemaLoader$load.call(Unknown Source)
        at org.codehaus.groovy.runtime.callsite.CallSiteArray.defaultCall(CallSiteArray.java:47)
        at org.codehaus.groovy.runtime.callsite.AbstractCallSite.call(AbstractCallSite.java:125)
        at org.codehaus.groovy.runtime.callsite.AbstractCallSite.call(AbstractCallSite.java:139)
        at NfcoreSchema.validateParameters(NfcoreSchema.groovy:146)
        at NfcoreSchema.validateParameters(NfcoreSchema.groovy)
        at NfcoreSchema$validateParameters.call(Unknown Source)
        at org.codehaus.groovy.runtime.callsite.CallSiteArray.defaultCall(CallSiteArray.java:47)
        at org.codehaus.groovy.runtime.callsite.AbstractCallSite.call(AbstractCallSite.java:125)
        at org.codehaus.groovy.runtime.callsite.AbstractCallSite.call(AbstractCallSite.java:157)
        at WorkflowMain.initialise(WorkflowMain.groovy:57)
        at WorkflowMain$initialise.call(Unknown Source)
        at org.codehaus.groovy.runtime.callsite.CallSiteArray.defaultCall(CallSiteArray.java:47)
        at org.codehaus.groovy.runtime.callsite.AbstractCallSite.call(AbstractCallSite.java:125)
        at org.codehaus.groovy.runtime.callsite.AbstractCallSite.call(AbstractCallSite.java:157)
        at Script_943fdc95.runScript(Script_943fdc95:30)
        at nextflow.script.BaseScript.runDsl2(BaseScript.groovy:170)
        at nextflow.script.BaseScript.run(BaseScript.groovy:217)
        at nextflow.script.ScriptParser.runScript(ScriptParser.groovy:230)
        at nextflow.script.ScriptRunner.run(ScriptRunner.groovy:225)
        at nextflow.script.ScriptRunner.execute(ScriptRunner.groovy:131)
        at nextflow.cli.CmdRun.run(CmdRun.groovy:354)
        at nextflow.cli.Launcher.run(Launcher.groovy:487)
        at nextflow.cli.Launcher.main(Launcher.groovy:646)
```
(TO-DO: Get nf version number from Martin.)

When disabling `validateParameters()` (for instance, by setting `params.validate_params=true`) there is no problem.

This issue might be related to https://github.com/nextflow-io/nf-schema/issues/19.

@maxulysse was informed about this issue.

This issue was uncovered during our work on https://support.seqera.io/support/tickets/3811"
https://api.github.com/repos/nextflow-io/nf-schema/issues/19,https://api.github.com/repos/nextflow-io/nf-schema,https://api.github.com/repos/nextflow-io/nf-schema/issues/19/labels{/name},https://api.github.com/repos/nextflow-io/nf-schema/issues/19/comments,https://api.github.com/repos/nextflow-io/nf-schema/issues/19/events,https://github.com/nextflow-io/nf-schema/issues/19,2258131553,I_kwDOLi7xZ86GmFph,19,nf-validation fails on validateParameters when schema_input.json is not standard,maxulysse,bug,open,False,,,,3,2023-09-21T12:40:43Z,2024-04-23T07:13:21Z,,NONE,"error:
```
ERROR ~ Unexpected error [NullPointerException]

 -- Check script 'main.nf' at line: 33 or see '.nextflow.log' file for more details
 ```
 
 pointing to:
 
 ```
 // Validate input parameters
if (params.validate_params) {
    validateParameters()
}
```

I got rid of it by removing the input validation in the `nextflow_schema.json`

cf https://nfcore.slack.com/archives/C056RQB10LU/p1695298538145319"
https://api.github.com/repos/nextflow-io/nf-schema/issues/20,https://api.github.com/repos/nextflow-io/nf-schema,https://api.github.com/repos/nextflow-io/nf-schema/issues/20/labels{/name},https://api.github.com/repos/nextflow-io/nf-schema/issues/20/comments,https://api.github.com/repos/nextflow-io/nf-schema/issues/20/events,https://github.com/nextflow-io/nf-schema/issues/20,2258134564,I_kwDOLi7xZ86GmGYk,20,Feature request: param concatenation into array,matthdsm,enhancement,open,False,,,,1,2023-09-18T07:45:14Z,2024-04-23T07:13:51Z,,NONE,"Hi,

Would it be possible to add the possibility to merge 2 params into an array?

eg, fastq_1, fastq_2 -> [fastq_1,fastq_2]

Thanks
Matthias"
https://api.github.com/repos/nextflow-io/nf-schema/issues/21,https://api.github.com/repos/nextflow-io/nf-schema,https://api.github.com/repos/nextflow-io/nf-schema/issues/21/labels{/name},https://api.github.com/repos/nextflow-io/nf-schema/issues/21/comments,https://api.github.com/repos/nextflow-io/nf-schema/issues/21/events,https://github.com/nextflow-io/nf-schema/issues/21,2258135140,I_kwDOLi7xZ86GmGhk,21,feature request: print samplesheet format as part of --help,cmatKhan,enhancement,open,False,,,,3,2023-08-11T19:57:03Z,2024-04-23T07:14:12Z,,NONE,"this is a very nice tool -- thank you!

Unless I am misunderstanding the docs, the samplesheet schema is not included when the user enters `--help`. Arguably, including it is too verbose for a help message, but I believe I  would find it useful."
https://api.github.com/repos/nextflow-io/nf-schema/issues/22,https://api.github.com/repos/nextflow-io/nf-schema,https://api.github.com/repos/nextflow-io/nf-schema/issues/22/labels{/name},https://api.github.com/repos/nextflow-io/nf-schema/issues/22/comments,https://api.github.com/repos/nextflow-io/nf-schema/issues/22/events,https://github.com/nextflow-io/nf-schema/issues/22,2258137797,I_kwDOLi7xZ86GmHLF,22,Feature request: Add an ` or ` option for input params,matthdsm,enhancement,open,False,,,,11,2023-07-10T09:52:34Z,2024-04-23T07:17:18Z,,NONE,"Hi,

I've got a pipeline that takes different input file types, each with different required fields. Is there a way to one `OR` another field mandatory?

For example
```
if flowcell; then samplesheet, sampleinfo are mandatory
else if fastq: then id,samplenamen... are mandatory
```"
https://api.github.com/repos/nextflow-io/nf-schema/issues/23,https://api.github.com/repos/nextflow-io/nf-schema,https://api.github.com/repos/nextflow-io/nf-schema/issues/23/labels{/name},https://api.github.com/repos/nextflow-io/nf-schema/issues/23/comments,https://api.github.com/repos/nextflow-io/nf-schema/issues/23/events,https://github.com/nextflow-io/nf-schema/issues/23,2258141477,I_kwDOLi7xZ86GmIEl,23,Class used in plugin can't be used in a `resume` run,nvnieuwk,,open,False,,,,18,2023-06-09T12:56:54Z,2024-04-23T07:17:57Z,,COLLABORATOR,"## Bug report 

### Expected behavior and actual behavior

In the `nf-validation` plugin we use an extended class of `LinkedHashMap` called `ImmutableMap` for the meta fields. This class works fine when running in a normal run, but gives these warnings during a resumed run and reruns everything:

```
WARN: [PLUS (1)] Unable to resume cached task -- See log file for details
```

The log shows the following:
```nextflow
com.esotericsoftware.kryo.KryoException: Unable to find class: nextflow.validation.ImmutableMap
	at com.esotericsoftware.kryo.util.DefaultClassResolver.readName(DefaultClassResolver.java:138)
	at com.esotericsoftware.kryo.util.DefaultClassResolver.readClass(DefaultClassResolver.java:115)
	at com.esotericsoftware.kryo.Kryo.readClass(Kryo.java:641)
	at com.esotericsoftware.kryo.Kryo.readClassAndObject(Kryo.java:752)
	at com.esotericsoftware.kryo.serializers.MapSerializer.read(MapSerializer.java:143)
	at com.esotericsoftware.kryo.serializers.MapSerializer.read(MapSerializer.java:21)
	at com.esotericsoftware.kryo.Kryo.readClassAndObject(Kryo.java:761)
	at com.esotericsoftware.kryo.Kryo$readClassAndObject$2.call(Unknown Source)
	at nextflow.util.KryoHelper.deserialize(SerializationHelper.groovy:181)
	at nextflow.util.KryoHelper.deserialize(SerializationHelper.groovy)
	at nextflow.util.KryoHelper$deserialize.call(Unknown Source)
	at org.codehaus.groovy.runtime.callsite.CallSiteArray.defaultCall(CallSiteArray.java:47)
	at org.codehaus.groovy.runtime.callsite.AbstractCallSite.call(AbstractCallSite.java:125)
	at org.codehaus.groovy.runtime.callsite.AbstractCallSite.call(AbstractCallSite.java:139)
	at nextflow.processor.TaskContext.deserialize(TaskContext.groovy:202)
	at nextflow.cache.CacheDB.getTaskEntry(CacheDB.groovy:88)
	at nextflow.processor.TaskProcessor.checkCachedOrLaunchTask(TaskProcessor.groovy:770)
	at java.base/jdk.internal.reflect.NativeMethodAccessorImpl.invoke0(Native Method)
	at java.base/jdk.internal.reflect.NativeMethodAccessorImpl.invoke(NativeMethodAccessorImpl.java:77)
	at java.base/jdk.internal.reflect.DelegatingMethodAccessorImpl.invoke(DelegatingMethodAccessorImpl.java:43)
	at java.base/java.lang.reflect.Method.invoke(Method.java:568)
	at org.codehaus.groovy.runtime.callsite.PlainObjectMetaMethodSite.doInvoke(PlainObjectMetaMethodSite.java:48)
	at org.codehaus.groovy.runtime.callsite.PogoMetaMethodSite$PogoCachedMethodSiteNoUnwrapNoCoerce.invoke(PogoMetaMethodSite.java:189)
	at org.codehaus.groovy.runtime.callsite.PogoMetaMethodSite.callCurrent(PogoMetaMethodSite.java:57)
	at org.codehaus.groovy.runtime.callsite.CallSiteArray.defaultCallCurrent(CallSiteArray.java:51)
	at org.codehaus.groovy.runtime.callsite.AbstractCallSite.callCurrent(AbstractCallSite.java:171)
	at org.codehaus.groovy.runtime.callsite.AbstractCallSite.callCurrent(AbstractCallSite.java:203)
	at nextflow.processor.TaskProcessor.invokeTask(TaskProcessor.groovy:618)
	at nextflow.processor.InvokeTaskAdapter.call(InvokeTaskAdapter.groovy:52)
	at groovyx.gpars.dataflow.operator.DataflowOperatorActor.startTask(DataflowOperatorActor.java:120)
	at groovyx.gpars.dataflow.operator.ForkingDataflowOperatorActor.access$001(ForkingDataflowOperatorActor.java:35)
	at groovyx.gpars.dataflow.operator.ForkingDataflowOperatorActor$1.run(ForkingDataflowOperatorActor.java:58)
	at java.base/java.util.concurrent.ThreadPoolExecutor.runWorker(ThreadPoolExecutor.java:1136)
	at java.base/java.util.concurrent.ThreadPoolExecutor$Worker.run(ThreadPoolExecutor.java:635)
	at java.base/java.lang.Thread.run(Thread.java:833)
Caused by: java.lang.ClassNotFoundException: nextflow.validation.ImmutableMap
	at java.base/jdk.internal.loader.BuiltinClassLoader.loadClass(BuiltinClassLoader.java:641)
	at java.base/jdk.internal.loader.ClassLoaders$AppClassLoader.loadClass(ClassLoaders.java:188)
	at java.base/java.lang.ClassLoader.loadClass(ClassLoader.java:520)
	at java.base/java.lang.Class.forName0(Native Method)
	at java.base/java.lang.Class.forName(Class.java:467)
	at com.esotericsoftware.kryo.util.DefaultClassResolver.readName(DefaultClassResolver.java:136)
```

### Steps to reproduce the problem

You can clone this [repository](https://github.com/nvnieuwk/immutable-meta-issue) and run it with `nextflow run main.nf`. When rerunning the mini pipeline with the `-resume` flag, you'll see the errors/warnings.

### Environment 

* Nextflow version: 23.04.0
* Java version: openjdk 17.0.3-internal 2022-04-19
* Operating system: Linux (Ubuntu 20.04 LTS)
* Bash version: 5.0.17"
https://api.github.com/repos/nextflow-io/nf-schema/issues/24,https://api.github.com/repos/nextflow-io/nf-schema,https://api.github.com/repos/nextflow-io/nf-schema/issues/24/labels{/name},https://api.github.com/repos/nextflow-io/nf-schema/issues/24/comments,https://api.github.com/repos/nextflow-io/nf-schema/issues/24/events,https://github.com/nextflow-io/nf-schema/issues/24,2258142317,I_kwDOLi7xZ86GmIRt,24,Reformat validationSchemaIgnoreParams,mirpedrol,enhancement,closed,False,,,,1,2023-05-30T07:18:03Z,2024-04-23T07:19:07Z,2024-04-23T07:19:07Z,COLLABORATOR,"Currently, this parameter is a string with the names of the parameters to ignore separated by comas. This parameter can be set in a pipeline in the config file, but providing it during pipeline runs will override the original value.

Options to improve the functionality of this parameter are:
- splitting it into several parameters, i.e. `validationSchemaIgnoreParamsPipeline`, `validationSchemaIgnoreParamsUser`, `validationSchemaIgnoreParamsProfile`.
- Use a list or similar instead of a string and append new values.
- Change warning about legitimate parameters which are not mentioned in the schema and remove the need `validationSchemaIgnoreParams`."
https://api.github.com/repos/nextflow-io/nf-schema/issues/25,https://api.github.com/repos/nextflow-io/nf-schema,https://api.github.com/repos/nextflow-io/nf-schema/issues/25/labels{/name},https://api.github.com/repos/nextflow-io/nf-schema/issues/25/comments,https://api.github.com/repos/nextflow-io/nf-schema/issues/25/events,https://github.com/nextflow-io/nf-schema/issues/25,2258143961,I_kwDOLi7xZ86GmIrZ,25,Implement validation of nested schema,mirpedrol,enhancement,open,False,,,2.1.0,5,2023-05-08T09:29:01Z,2024-04-23T07:19:31Z,,COLLABORATOR,"Implement validation of nested schema. 
For example, maps or nf-core igenomes."
