URL,Repository URL,Labels URL,Comments URL,Events URL,HTML URL,ID,Node ID,Number,Title,User,Labels,State,Locked,Assignee,Assignees,Milestone,Comments,Created At,Updated At,Closed At,Author Association,Body
https://api.github.com/repos/nextflow-io/website/issues/187,https://api.github.com/repos/nextflow-io/website,https://api.github.com/repos/nextflow-io/website/issues/187/labels{/name},https://api.github.com/repos/nextflow-io/website/issues/187/comments,https://api.github.com/repos/nextflow-io/website/issues/187/events,https://github.com/nextflow-io/website/issues/187,2210101558,I_kwDOAREjpM6Du3k2,187,"New article, or just update the dates to 2024?",Shaun-Regenbaum,,closed,False,,,,1,2024-03-27T07:49:23Z,2024-03-27T15:06:01Z,2024-03-27T15:06:00Z,NONE,"For the Quick Start to [learning nextflow](https://nextflow.io/blog/2023/learn-nextflow-in-2023.html), is there a need to write a new article or can we just update the dates of the existing article? 
<img width=""796"" alt=""image"" src=""https://github.com/nextflow-io/website/assets/12636260/d797f7ee-b4f4-4a61-835e-67148959b265"">


I personally think the existing article is great, but for a starting document for beginners, I think its important to change the year to 2024 so newcomers understand Nextflow is still active when exploring the main website."
https://api.github.com/repos/nextflow-io/website/issues/179,https://api.github.com/repos/nextflow-io/website,https://api.github.com/repos/nextflow-io/website/issues/179/labels{/name},https://api.github.com/repos/nextflow-io/website/issues/179/comments,https://api.github.com/repos/nextflow-io/website/issues/179/events,https://github.com/nextflow-io/website/issues/179,2190101456,I_kwDOAREjpM6CikvQ,179,Duplicate description meta ,pditommaso,,open,False,,,,0,2024-03-16T15:30:24Z,2024-03-16T15:30:24Z,,MEMBER,"The html contains a duplicate `description` meta element

```
<meta name=""description"" content=""Astro description"">
```

and 

```
<meta name=""description"" content=""Nextflow enables scalable and reproducible scientific workflows using software containers. It allows the adaptation of pipelines written in the most common scripting languages."">
```

Worth removing the first "
https://api.github.com/repos/nextflow-io/website/issues/152,https://api.github.com/repos/nextflow-io/website,https://api.github.com/repos/nextflow-io/website/issues/152/labels{/name},https://api.github.com/repos/nextflow-io/website/issues/152/comments,https://api.github.com/repos/nextflow-io/website/issues/152/events,https://github.com/nextflow-io/website/issues/152,1963983604,I_kwDOAREjpM51EAL0,152,A global pins-of-presence for the ambassadors page,abhi18av,,open,False,,,,1,2023-10-26T16:57:19Z,2023-10-30T13:52:33Z,,MEMBER,"Hi team,

Just following upon the suggestion on Slack [here](https://nextflow.slack.com/archives/C05NAP3ALL8/p1697714983093269) to give a global perspective on the ambassador program using the pins-of-presence map similar to the nf-core page 

I think that being able to visualise the spread of ambassadors gives a decent overview of the global presence that we have in different regions of the world and possibly the points of contacts for anyone from these regions.

Also worth considering the addition ambassador emails 📧  to the page 🤔 

![image](https://github.com/nextflow-io/website/assets/12799326/68924a85-a371-4d02-a777-1567c5f88a9b)
"
https://api.github.com/repos/nextflow-io/website/issues/106,https://api.github.com/repos/nextflow-io/website,https://api.github.com/repos/nextflow-io/website/issues/106/labels{/name},https://api.github.com/repos/nextflow-io/website/issues/106/comments,https://api.github.com/repos/nextflow-io/website/issues/106/events,https://github.com/nextflow-io/website/issues/106,1680111342,I_kwDOAREjpM5kJHbu,106,Fork icon is broken ,pditommaso,,closed,False,,,,1,2023-04-23T17:55:36Z,2023-08-22T21:50:27Z,2023-08-22T21:50:27Z,MEMBER,"The GitHub fork icon, for some reason, is not rendered correctly 👇 

<img width=""1555"" alt=""Screenshot 2023-04-23 at 19 53 40"" src=""https://user-images.githubusercontent.com/816968/233856575-eb709dcf-e654-4aa1-a7a8-fb537ca80e2b.png"">
"
https://api.github.com/repos/nextflow-io/website/issues/53,https://api.github.com/repos/nextflow-io/website,https://api.github.com/repos/nextflow-io/website/issues/53/labels{/name},https://api.github.com/repos/nextflow-io/website/issues/53/comments,https://api.github.com/repos/nextflow-io/website/issues/53/events,https://github.com/nextflow-io/website/issues/53,1267415968,I_kwDOAREjpM5Lizug,53,DSL2 docs conversion,ewels,documentation,closed,False,ewels,"ewels, pditommaso, bentsherman",,2,2022-06-10T11:25:14Z,2022-08-30T20:08:07Z,2022-08-30T20:08:06Z,MEMBER,"There is a lot of Nextflow documentation across multiple locations that require updating to DSL2.

This issue is to provide a central location to track this effort. Each source should have its own issue / PR to track specifics.

- [x] Nextflow website: reference docs
    - https://github.com/nextflow-io/nextflow/issues/2742
    - https://github.com/nextflow-io/nextflow/pull/2816
- [x] Nextflow website: examples
    - https://github.com/nextflow-io/website/issues/40 
    - https://github.com/nextflow-io/website/pull/44
- [x] Nextflow patterns
    - https://github.com/nextflow-io/patterns/issues/23
    - https://github.com/nextflow-io/patterns/pull/26
- [x] Seqera training material
    - https://github.com/seqeralabs/nf-training-public/pull/82

There's also all of the nf-core stuff, but let's keep this pure Nextflow community for now.

Please add / comment about anything I missed!"
https://api.github.com/repos/nextflow-io/website/issues/49,https://api.github.com/repos/nextflow-io/website,https://api.github.com/repos/nextflow-io/website/issues/49/labels{/name},https://api.github.com/repos/nextflow-io/website/issues/49/comments,https://api.github.com/repos/nextflow-io/website/issues/49/events,https://github.com/nextflow-io/website/issues/49,1259805077,I_kwDOAREjpM5LFxmV,49,Permalink Slack invite URL,ewels,,closed,False,,,,3,2022-06-03T11:37:13Z,2022-06-03T18:54:37Z,2022-06-03T18:54:37Z,MEMBER,"As mentioned [here](https://github.com/nextflow-io/nextflow/pull/2917#issuecomment-1145379926), it would be nice to have a permalink for the Slack invite, which expires.

There are a few ways to do redirects, but assuming that the website is running with Apache (@pditommaso is it?), the cleanest may be with a `.htaccess` file. I've not used Jbake before, but I _think_ we can put a `.htaccess` into [`assets`](https://github.com/nextflow-io/website/tree/036da33f248a70276476b86d0f87ce7e1332639c/assets) _(NB: [not `content`](https://bytemeta.vip/repo/jbake-org/jbake/issues/688))_ and it should be copied into the root. We can then rewrite the Slack join URL:

```apache
<IfModule mod_rewrite.c>
    RewriteEngine On
    RewriteBase /

    # Slack invite permalink
    RewriteRule ^/?slack-invite/?$ https://join.slack.com/t/nextflow/shared_invite/zt-11iwlxtw5-R6SNBpVksOJAx5sPOXNrZg [R=301,L]
</IfModule>
```

Then we need to update the website in at least a couple of places to use https://nextflow.io/slack-invite

https://github.com/nextflow-io/website/blob/f8ad690450fbc1dc0944c8db71be93ffd517c69c/templates/menu.ftl#L47

https://github.com/nextflow-io/website/blob/036da33f248a70276476b86d0f87ce7e1332639c/content/blog/2022/nextflow-is-moving-to-slack.md?plain=1#L30
"
https://api.github.com/repos/nextflow-io/website/issues/48,https://api.github.com/repos/nextflow-io/website,https://api.github.com/repos/nextflow-io/website/issues/48/labels{/name},https://api.github.com/repos/nextflow-io/website/issues/48/comments,https://api.github.com/repos/nextflow-io/website/issues/48/events,https://github.com/nextflow-io/website/issues/48,1254277008,I_kwDOAREjpM5Kwr-Q,48,Update min version of Java,pditommaso,,closed,False,,,,0,2022-05-31T18:47:06Z,2022-10-31T16:20:59Z,2022-10-31T16:20:59Z,MEMBER,"Update the min version of Java required by Nextflow. It says 

```
Make sure 8 or later is installed on your computer by using the command
``` 

it should be 

```
Make sure 11 or later is installed on your computer by using the command
```"
https://api.github.com/repos/nextflow-io/website/issues/46,https://api.github.com/repos/nextflow-io/website,https://api.github.com/repos/nextflow-io/website/issues/46/labels{/name},https://api.github.com/repos/nextflow-io/website/issues/46/comments,https://api.github.com/repos/nextflow-io/website/issues/46/events,https://github.com/nextflow-io/website/issues/46,1211451012,I_kwDOAREjpM5INUaE,46,Remove link to survey ,pditommaso,,closed,False,olehpratsko,olehpratsko,,1,2022-04-21T19:13:35Z,2022-04-27T19:14:22Z,2022-04-27T19:14:22Z,MEMBER,The link to the State of workflow 2022 should be removed  
https://api.github.com/repos/nextflow-io/website/issues/45,https://api.github.com/repos/nextflow-io/website,https://api.github.com/repos/nextflow-io/website/issues/45/labels{/name},https://api.github.com/repos/nextflow-io/website/issues/45/comments,https://api.github.com/repos/nextflow-io/website/issues/45/events,https://github.com/nextflow-io/website/issues/45,1209838241,I_kwDOAREjpM5IHKqh,45,Add link to Seqera / Nextflow training workshop,bentsherman,,closed,False,,,,1,2022-04-20T15:17:54Z,2022-06-17T15:30:43Z,2022-06-17T15:30:43Z,MEMBER,"Following up on https://seqera.slack.com/archives/CUTDS6JE9/p1650441992913639

The Nextflow website should link to https://training.seqera.io/ because it is awesome"
https://api.github.com/repos/nextflow-io/website/issues/43,https://api.github.com/repos/nextflow-io/website,https://api.github.com/repos/nextflow-io/website/issues/43/labels{/name},https://api.github.com/repos/nextflow-io/website/issues/43/comments,https://api.github.com/repos/nextflow-io/website/issues/43/events,https://github.com/nextflow-io/website/issues/43,1197564888,I_kwDOAREjpM5HYWPY,43,Update build action to update docs when they change,bentsherman,,closed,False,,,,1,2022-04-08T17:09:27Z,2022-06-17T16:04:15Z,2022-06-17T16:04:15Z,MEMBER,"My understanding is that the website docs are not automatically kept in sync with the source code. I can't find a reference in this repo so I can't tell if the docs have to be built manually or if they are only built whenever this repo is updated. But it would be nice to update the build to be triggered by updates to [nextflow-io/nextflow](https://github.com/nextflow-io/nextflow), at least the `docs` folder. This is mainly so that the edge docs continually reflect the latest changes and new features."
https://api.github.com/repos/nextflow-io/website/issues/41,https://api.github.com/repos/nextflow-io/website,https://api.github.com/repos/nextflow-io/website/issues/41/labels{/name},https://api.github.com/repos/nextflow-io/website/issues/41/comments,https://api.github.com/repos/nextflow-io/website/issues/41/events,https://github.com/nextflow-io/website/issues/41,1172507776,I_kwDOAREjpM5F4wyA,41,Update nextflow patterns,pditommaso,,closed,False,,,,2,2022-03-17T15:53:05Z,2022-04-13T15:40:49Z,2022-04-13T15:40:48Z,MEMBER,"Patterns documentation needs to be updated to DSL2 syntax 

https://github.com/nextflow-io/patterns"
https://api.github.com/repos/nextflow-io/website/issues/40,https://api.github.com/repos/nextflow-io/website,https://api.github.com/repos/nextflow-io/website/issues/40/labels{/name},https://api.github.com/repos/nextflow-io/website/issues/40/comments,https://api.github.com/repos/nextflow-io/website/issues/40/events,https://github.com/nextflow-io/website/issues/40,1172506691,I_kwDOAREjpM5F4whD,40,Update nextflow examples to DSL2,pditommaso,,closed,False,,,,1,2022-03-17T15:52:16Z,2022-06-10T12:40:02Z,2022-06-10T12:40:02Z,MEMBER,"Nextflow example on website should be updated to DSL2

* https://www.nextflow.io/example1.html
* https://www.nextflow.io/example2.html
* https://www.nextflow.io/example3.html
* https://www.nextflow.io/example4.html"
https://api.github.com/repos/nextflow-io/website/issues/31,https://api.github.com/repos/nextflow-io/website,https://api.github.com/repos/nextflow-io/website/issues/31/labels{/name},https://api.github.com/repos/nextflow-io/website/issues/31/comments,https://api.github.com/repos/nextflow-io/website/issues/31/events,https://github.com/nextflow-io/website/issues/31,1112927692,I_kwDOAREjpM5CVe3M,31,Broken link to Biotech Blueprint by AWS in learn-nextflow-in-2022 post,heuermh,,closed,False,,,,2,2022-01-24T17:18:33Z,2022-11-01T01:42:28Z,2022-10-31T16:21:31Z,NONE,"https://aws.amazon.com/quickstart/biotech-blueprint/nextflow
redirects to
https://aws.amazon.com/quickstart/not-available
"
https://api.github.com/repos/nextflow-io/website/issues/22,https://api.github.com/repos/nextflow-io/website,https://api.github.com/repos/nextflow-io/website/issues/22/labels{/name},https://api.github.com/repos/nextflow-io/website/issues/22/comments,https://api.github.com/repos/nextflow-io/website/issues/22/events,https://github.com/nextflow-io/website/issues/22,1000710723,I_kwDOAREjpM47paJD,22,Broken URL,pditommaso,,closed,False,,,,0,2021-09-20T08:39:39Z,2021-09-20T12:34:25Z,2021-09-20T12:33:59Z,MEMBER,"~~The search console is reporting a broken URL in the website~~ 

(wrong repo)
"
https://api.github.com/repos/nextflow-io/website/issues/18,https://api.github.com/repos/nextflow-io/website,https://api.github.com/repos/nextflow-io/website/issues/18/labels{/name},https://api.github.com/repos/nextflow-io/website/issues/18/comments,https://api.github.com/repos/nextflow-io/website/issues/18/events,https://github.com/nextflow-io/website/issues/18,562753983,MDU6SXNzdWU1NjI3NTM5ODM=,18,"In the FAQ example there is an ""every"" which should not be there",BioPsykOLD,,closed,False,,,,1,2020-02-10T18:43:12Z,2020-02-11T08:29:28Z,2020-02-11T08:29:28Z,NONE,"https://github.com/nextflow-io/website/blob/852b8bad17bf093d54dbdb65ff0185869048a211/assets/docs/edge/faq.html#L367

In the FAQ example there is an ""every"" which should not be there.

It is likely obvious for people knowing groovy, otherwise you have to trust the docs, and then it can take many hours to realise that all experienced problems are due to the typo :)"
https://api.github.com/repos/nextflow-io/website/issues/14,https://api.github.com/repos/nextflow-io/website,https://api.github.com/repos/nextflow-io/website/issues/14/labels{/name},https://api.github.com/repos/nextflow-io/website/issues/14/comments,https://api.github.com/repos/nextflow-io/website/issues/14/events,https://github.com/nextflow-io/website/issues/14,418299319,MDU6SXNzdWU0MTgyOTkzMTk=,14,Redesigning the Nextflow Website,evanfloden,,open,False,,,,5,2019-03-07T13:06:38Z,2019-03-18T16:48:20Z,,MEMBER,"The Nextflow website is around 5 years old and we think it needs a bit of a polish up.

We are looking to redesign it and want input from the community.

Some initial ideas include:
* A more modern design generally.
* Add upcoming events, training, community resources (e.g. nf-core).
* Harmonise the look of the documentation pages.
* Include logos of institutions using Nextflow and possibly user stories.

It would be greatly appreciated if we could get some comments about:
* What do you like or dislike about the website?
* What do you think is missing?
* What would be useful for new users to assess Nextflow?

Also, if you or someone you know can recommend a web-designer who would be willing to work with us, you can contact Paolo (paolo.ditommaso@crg.eu) or myself (evan.floden@crg.eu).
"
https://api.github.com/repos/nextflow-io/website/issues/12,https://api.github.com/repos/nextflow-io/website,https://api.github.com/repos/nextflow-io/website/issues/12/labels{/name},https://api.github.com/repos/nextflow-io/website/issues/12/comments,https://api.github.com/repos/nextflow-io/website/issues/12/events,https://github.com/nextflow-io/website/issues/12,365326417,MDU6SXNzdWUzNjUzMjY0MTc=,12,CAW link the blog post does not work any more,pditommaso,,closed,False,,,,2,2018-10-01T06:37:27Z,2018-10-02T16:15:12Z,2018-10-02T13:57:44Z,MEMBER,The first link in [CAW](https://www.nextflow.io/blog/2017/caw-and-singularity.html) blog post is broken. @MaxUlysse is there an alternative link? 
https://api.github.com/repos/nextflow-io/website/issues/11,https://api.github.com/repos/nextflow-io/website,https://api.github.com/repos/nextflow-io/website/issues/11/labels{/name},https://api.github.com/repos/nextflow-io/website/issues/11/comments,https://api.github.com/repos/nextflow-io/website/issues/11/events,https://github.com/nextflow-io/website/issues/11,360769537,MDU6SXNzdWUzNjA3Njk1Mzc=,11,Missing image in CAW blog post,pditommaso,,closed,False,,,,3,2018-09-17T08:37:46Z,2018-09-17T09:11:47Z,2018-09-17T09:11:47Z,MEMBER,"The CAW logo is not accessible any more in the CAW blog post. 

See https://www.nextflow.io/blog/2017/caw-and-singularity.html

Document 

https://github.com/nextflow-io/website/blob/master/content/blog/2017/caw-and-singularity.md"
https://api.github.com/repos/nextflow-io/website/issues/10,https://api.github.com/repos/nextflow-io/website,https://api.github.com/repos/nextflow-io/website/issues/10/labels{/name},https://api.github.com/repos/nextflow-io/website/issues/10/comments,https://api.github.com/repos/nextflow-io/website/issues/10/events,https://github.com/nextflow-io/website/issues/10,332236379,MDU6SXNzdWUzMzIyMzYzNzk=,10,Example 3 no longer works,rsuchecki,,closed,False,,,,1,2018-06-14T03:07:36Z,2018-06-14T09:37:54Z,2018-06-14T09:37:54Z,NONE,"```
nextflow run examples/blast.nf -with-docker
N E X T F L O W  ~  version 0.30.1
Pulling nextflow-io/examples ...
Not a valid Nextflow project -- The repository `https://github.com/nextflow-io/examples` 
must contain a the script `main.nf` or the file `nextflow.config`
```
"
https://api.github.com/repos/nextflow-io/website/issues/6,https://api.github.com/repos/nextflow-io/website,https://api.github.com/repos/nextflow-io/website/issues/6/labels{/name},https://api.github.com/repos/nextflow-io/website/issues/6/comments,https://api.github.com/repos/nextflow-io/website/issues/6/events,https://github.com/nextflow-io/website/issues/6,223358746,MDU6SXNzdWUyMjMzNTg3NDY=,6,Add usage example to ext option,jgrzebyta,,closed,False,,,,3,2017-04-21T11:38:48Z,2017-04-21T14:49:15Z,2017-04-21T14:49:15Z,NONE,I will add usage example for option `ext` directive.
https://api.github.com/repos/nextflow-io/website/issues/5,https://api.github.com/repos/nextflow-io/website,https://api.github.com/repos/nextflow-io/website/issues/5/labels{/name},https://api.github.com/repos/nextflow-io/website/issues/5/comments,https://api.github.com/repos/nextflow-io/website/issues/5/events,https://github.com/nextflow-io/website/issues/5,166821900,MDU6SXNzdWUxNjY4MjE5MDA=,5,Add support for HTTPS to nextflow website ,pditommaso,,closed,False,,,,0,2016-07-21T13:40:24Z,2016-07-26T13:42:02Z,2016-07-26T13:42:02Z,MEMBER,"See 
https://aws.amazon.com/blogs/aws/new-aws-certificate-manager-deploy-ssltls-based-apps-on-aws/?tag=vig-20

and 
http://knightlab.northwestern.edu/2015/05/21/implementing-ssl-on-amazon-s3-static-websites/
"
