URL,Repository URL,Labels URL,Comments URL,Events URL,HTML URL,ID,Node ID,Number,Title,User,Labels,State,Locked,Assignee,Assignees,Milestone,Comments,Created At,Updated At,Closed At,Author Association,Body
https://api.github.com/repos/nextflow-io/nf-weblog/issues/10,https://api.github.com/repos/nextflow-io/nf-weblog,https://api.github.com/repos/nextflow-io/nf-weblog/issues/10/labels{/name},https://api.github.com/repos/nextflow-io/nf-weblog/issues/10/comments,https://api.github.com/repos/nextflow-io/nf-weblog/issues/10/events,https://github.com/nextflow-io/nf-weblog/issues/10,1990848298,I_kwDOJ87OUM52qe8q,10,Only `started` and `completed` events are sent to the weblog endpoint,robsyme,,closed,False,,,,3,2023-11-13T15:04:21Z,2023-11-22T15:40:16Z,2023-11-22T15:40:16Z,CONTRIBUTOR,"When running 

```
NXF_VER=23.10.0 nextflow run hello -with-weblog
```

and the dummy python server [here](https://gist.github.com/robsyme/e1219ad4e7a7ae210199d9aaf5f96fcc), only `""event"":""completed""` and `""event"":""started""` are sent to the server. No `process_submitted`, `process_started`, or `process_completed` events are sent."
https://api.github.com/repos/nextflow-io/nf-weblog/issues/9,https://api.github.com/repos/nextflow-io/nf-weblog,https://api.github.com/repos/nextflow-io/nf-weblog/issues/9/labels{/name},https://api.github.com/repos/nextflow-io/nf-weblog/issues/9/comments,https://api.github.com/repos/nextflow-io/nf-weblog/issues/9/events,https://github.com/nextflow-io/nf-weblog/issues/9,1986999622,I_kwDOJ87OUM52bzVG,9,Weblog IllegalAccessError,mouzkolit,,closed,False,,,,3,2023-11-09T20:25:05Z,2023-11-22T15:40:29Z,2023-11-22T15:40:28Z,NONE,"## Bug report 

Setup: I start a nextflow pipeline in a docker container (in azure batch) and this task is distributing the processes to other azure pools and nodes. I get this warning see below and although I receive the first weblog all other weblogs such as submission, running states and completions are not transmitted. Only the last one whenever the pipeline finished off is transmitted again (or an error).


### Steps to reproduce the problem

Run a docker container on a azure batch node with an azure config that distributes the task within azure batch. The pipeline is running fine but the logs are not transmitted.

### Program output 

WARN: java.lang.IllegalAccessError: class nextflow.trace.WebLogObserver tried to access field nextflow.trace.TraceRecord.store (nextflow.trace.WebLogObserver is in unnamed module of loader org.pf4j.PluginClassLoader @34c7232c; nextflow.trace.TraceRecord is in unnamed module of loader 'app')

### Environment 

  Version: 23.10.0 build 5889
  Created: 15-10-2023 15:07 UTC (17:07 CEST)
  ENVIROMent: Azure Batch
  Runtime: Groovy 3.0.19 on Java HotSpot(TM) 64-Bit Server VM 20.0.2+9-78
  Encoding: UTF-8 (UTF-8)

### Additional context

The idea would be to get a weblog via an azure logic app and this would transmit the signal to an API Endpoint. Is there any solution for this?

Thank you for looking into this
"
https://api.github.com/repos/nextflow-io/nf-weblog/issues/7,https://api.github.com/repos/nextflow-io/nf-weblog,https://api.github.com/repos/nextflow-io/nf-weblog/issues/7/labels{/name},https://api.github.com/repos/nextflow-io/nf-weblog/issues/7/comments,https://api.github.com/repos/nextflow-io/nf-weblog/issues/7/events,https://github.com/nextflow-io/nf-weblog/issues/7,1976568623,I_kwDOJ87OUM510Asv,7,No Trace in weblog,vktrrdk,,closed,False,,,,2,2023-11-03T16:39:20Z,2023-11-22T15:42:35Z,2023-11-22T15:42:35Z,NONE,"I tried to get the `trace` from the json sent to the weblog endpoint, but it is not there for me.
I used the latest version of nextflow and also added the corresponding information to the nextflow config.
```
weblog {
  enabled = true
}
trace {
  enabled = true
  fields = 'task_id,name'
}
```

Those are the configurations i tried it with, but the trace was not part of the weblog. Is there anything i have been missing? "
https://api.github.com/repos/nextflow-io/nf-weblog/issues/6,https://api.github.com/repos/nextflow-io/nf-weblog,https://api.github.com/repos/nextflow-io/nf-weblog/issues/6/labels{/name},https://api.github.com/repos/nextflow-io/nf-weblog/issues/6/comments,https://api.github.com/repos/nextflow-io/nf-weblog/issues/6/events,https://github.com/nextflow-io/nf-weblog/issues/6,1941491453,I_kwDOJ87OUM5zuM79,6,missing process signals,tuncayseker,,closed,False,,,,3,2023-10-13T08:26:38Z,2023-11-22T15:41:12Z,2023-10-27T17:22:55Z,NONE,"After the integration of the nf-weblog plugin, http endpoint could not receive the process (started, completed etc.) signals. I tried all versions after the 23.06.0-edge release.  (23.06.0-edge version is ok). Only workflow started and completed signals are sent. Is it expected behavior?"
https://api.github.com/repos/nextflow-io/nf-weblog/issues/5,https://api.github.com/repos/nextflow-io/nf-weblog,https://api.github.com/repos/nextflow-io/nf-weblog/issues/5/labels{/name},https://api.github.com/repos/nextflow-io/nf-weblog/issues/5/comments,https://api.github.com/repos/nextflow-io/nf-weblog/issues/5/events,https://github.com/nextflow-io/nf-weblog/issues/5,1886034381,I_kwDOJ87OUM5wapnN,5,Authentication improvements,bentsherman,,open,False,,,,0,2023-09-07T14:38:20Z,2023-09-07T14:38:20Z,,MEMBER,"The HTTP client used to send requests to the weblog endpoint should be extended to support a few common authentication methods:

- Basic (username / password)
- API key
- OAuth access token

See the TES client in the nf-ga4gh plugin for inspiration.

While the weblog already supports Basic, the user should be able to specify the username and password instead of the base64 encoded token."
https://api.github.com/repos/nextflow-io/nf-weblog/issues/4,https://api.github.com/repos/nextflow-io/nf-weblog,https://api.github.com/repos/nextflow-io/nf-weblog/issues/4/labels{/name},https://api.github.com/repos/nextflow-io/nf-weblog/issues/4/comments,https://api.github.com/repos/nextflow-io/nf-weblog/issues/4/events,https://github.com/nextflow-io/nf-weblog/issues/4,1883871249,I_kwDOJ87OUM5wSZgR,4,WebLog payload - invalid JSON,redbass,,open,False,,,,0,2023-09-06T12:03:16Z,2023-09-06T12:04:36Z,,CONTRIBUTOR,"## Bug report 

### Expected behavior and actual behavior

by running a test workflow as suggested in the README 

```
        ./launch.sh run nextflow-io/hello -plugins nf-weblog -with-weblog http://localhost:4567
```

the system sends, as expected, a set of events in JSON format to the configured endpoint. Unfortunately seems that are not valid JSON.
This is related to the `commandLine` value in the workflow `metadata` that is not correctly escaped

```
     [...]
     ""commandLine"": ""../nextflow/launch.sh run nextflow-io/hello -plugins nf-weblog -with-weblog \'http://localhost:4567\'""
     [...]
```

this problem does not happen when `url` is passed in the config

### Steps to reproduce the problem

(Provide a test case that reproduce the problem either with a self-contained script or GitHub repository)

### Program output 

1. setup an endpoint that can consume a `POST` request

1. run workflow using by specifying the endpoint in the config:
```
 ./launch.sh run nextflow-io/hello -plugins nf-weblog -with-weblog http://localhost:4567
```

1. inspect the request payload

### Environment 

* Nextflow version: ""version"": ""23.08.1-edge"" - ""build"":5874 - ""enable"":{""dsl"":2}
* Java version: [?]
* Operating system: macOS
* Bash version: zsh 5.9 (x86_64-apple-darwin22.0)

### Additional context
---
"
https://api.github.com/repos/nextflow-io/nf-weblog/issues/2,https://api.github.com/repos/nextflow-io/nf-weblog,https://api.github.com/repos/nextflow-io/nf-weblog/issues/2/labels{/name},https://api.github.com/repos/nextflow-io/nf-weblog/issues/2/comments,https://api.github.com/repos/nextflow-io/nf-weblog/issues/2/events,https://github.com/nextflow-io/nf-weblog/issues/2,1859242306,I_kwDOJ87OUM5u0clC,2,New feature: add Basic Auth ,redbass,,closed,False,,,,2,2023-08-21T12:12:14Z,2023-08-28T17:51:56Z,2023-08-28T17:51:56Z,CONTRIBUTOR,"I'm working on a bit of software that uses `weblog` against an AWS lambda. For security reasons, I need to enable any type of authentication.

I've noticed that  Nextflow `SimpleHttpClient` works ([link](https://github.com/nextflow-io/nextflow/blob/8a4348939949ce5532179cc8067350c9c2c598ef/modules/nextflow/src/main/groovy/nextflow/util/SimpleHttpClient.groovy#L232)) that is used by `nf-weblog` already supports Basic authentication and update this plugin with a new bit of configuration to use `httpClient.setBasicToken`.

I've forked the code and added some code changes that should allow this new bit of functionality
https://github.com/nextflow-io/nf-weblog/compare/master...redbass:nf-weblog:add-basictoken-auth?expand=1

Please let me know what is the best way to discuss this solution, my company really needs this bit of functionality to complete our product."
