URL,Repository URL,Labels URL,Comments URL,Events URL,HTML URL,ID,Node ID,Number,Title,User,Labels,State,Locked,Assignee,Assignees,Milestone,Comments,Created At,Updated At,Closed At,Author Association,Body
https://api.github.com/repos/nextflow-io/k8s-fuse-plugin/issues/4,https://api.github.com/repos/nextflow-io/k8s-fuse-plugin,https://api.github.com/repos/nextflow-io/k8s-fuse-plugin/issues/4/labels{/name},https://api.github.com/repos/nextflow-io/k8s-fuse-plugin/issues/4/comments,https://api.github.com/repos/nextflow-io/k8s-fuse-plugin/issues/4/events,https://github.com/nextflow-io/k8s-fuse-plugin/issues/4,2145200459,I_kwDOKZcR0s5_3SlL,4,Add GitHub automation to periodically build the plugin container ,pditommaso,,open,False,jordeu,jordeu,,0,2024-02-20T20:20:06Z,2024-02-20T20:20:15Z,,MEMBER,The goal of this PR is to add a GH action cron job that builds the plugin containers periodically  and keep updated the base image dependencies  
https://api.github.com/repos/nextflow-io/k8s-fuse-plugin/issues/3,https://api.github.com/repos/nextflow-io/k8s-fuse-plugin,https://api.github.com/repos/nextflow-io/k8s-fuse-plugin/issues/3/labels{/name},https://api.github.com/repos/nextflow-io/k8s-fuse-plugin/issues/3/comments,https://api.github.com/repos/nextflow-io/k8s-fuse-plugin/issues/3/events,https://github.com/nextflow-io/k8s-fuse-plugin/issues/3,1934641204,I_kwDOKZcR0s5zUEg0,3,Minimize third party dependencies,jordeu,,open,False,,,,0,2023-10-10T07:50:59Z,2023-10-10T07:50:59Z,,COLLABORATOR,Use only Go and Kubernetes core dependencies.
https://api.github.com/repos/nextflow-io/k8s-fuse-plugin/issues/2,https://api.github.com/repos/nextflow-io/k8s-fuse-plugin,https://api.github.com/repos/nextflow-io/k8s-fuse-plugin/issues/2/labels{/name},https://api.github.com/repos/nextflow-io/k8s-fuse-plugin/issues/2/comments,https://api.github.com/repos/nextflow-io/k8s-fuse-plugin/issues/2/events,https://github.com/nextflow-io/k8s-fuse-plugin/issues/2,1934631994,I_kwDOKZcR0s5zUCQ6,2,Use SLSA 3 Go native builder,jordeu,,open,False,,,,0,2023-10-10T07:47:33Z,2023-10-10T07:47:33Z,,COLLABORATOR,"To increase the trust and security on this binary, sign it and add SLSA provenance.
https://slsa.dev/blog/2022/06/slsa-github-workflows
"
https://api.github.com/repos/nextflow-io/k8s-fuse-plugin/issues/1,https://api.github.com/repos/nextflow-io/k8s-fuse-plugin,https://api.github.com/repos/nextflow-io/k8s-fuse-plugin/issues/1/labels{/name},https://api.github.com/repos/nextflow-io/k8s-fuse-plugin/issues/1/comments,https://api.github.com/repos/nextflow-io/k8s-fuse-plugin/issues/1/events,https://github.com/nextflow-io/k8s-fuse-plugin/issues/1,1934612761,I_kwDOKZcR0s5zT9kZ,1,Add GH action to automatically deploy a new release,jordeu,,open,False,,,,0,2023-10-10T07:37:57Z,2023-10-10T07:37:57Z,,COLLABORATOR,
