URL,Repository URL,Labels URL,Comments URL,Events URL,HTML URL,ID,Node ID,Number,Title,User,Labels,State,Locked,Assignee,Assignees,Milestone,Comments,Created At,Updated At,Closed At,Author Association,Body
https://api.github.com/repos/galaxyproject/cloudauthz/issues/11,https://api.github.com/repos/galaxyproject/cloudauthz,https://api.github.com/repos/galaxyproject/cloudauthz/issues/11/labels{/name},https://api.github.com/repos/galaxyproject/cloudauthz/issues/11/comments,https://api.github.com/repos/galaxyproject/cloudauthz/issues/11/events,https://github.com/galaxyproject/cloudauthz/issues/11,1526750371,I_kwDOB0CGG85bAFyj,11,ADAL to MSAL migration,localden,,open,False,,,,0,2023-01-10T04:33:12Z,2023-01-10T04:33:48Z,,NONE,"Hi folks - I am a PM on the Microsoft Identity SDK team. I've noticed that the project [takes a dependency on ADAL](https://github.com/galaxyproject/cloudauthz/blob/dev/setup.py#L26). This library will hit end-of-support by June of this year (2023) - the recommended path forward here is to update this to MSAL (there is [a Python release](https://github.com/AzureAD/microsoft-authentication-library-for-python)).

What's the best path to make the change? This will affect the Azure token acquisition mechanism."
https://api.github.com/repos/galaxyproject/cloudauthz/issues/7,https://api.github.com/repos/galaxyproject/cloudauthz,https://api.github.com/repos/galaxyproject/cloudauthz/issues/7/labels{/name},https://api.github.com/repos/galaxyproject/cloudauthz/issues/7/comments,https://api.github.com/repos/galaxyproject/cloudauthz/issues/7/events,https://github.com/galaxyproject/cloudauthz/issues/7,336398386,MDU6SXNzdWUzMzYzOTgzODY=,7,Throw exceptions with standard HTTP status codes,VJalili,enhancement,closed,False,,,,0,2018-06-27T21:45:27Z,2018-08-17T16:48:43Z,2018-08-17T16:48:24Z,MEMBER,
