URL,Repository URL,Labels URL,Comments URL,Events URL,HTML URL,ID,Node ID,Number,Title,User,Labels,State,Locked,Assignee,Assignees,Milestone,Comments,Created At,Updated At,Closed At,Author Association,Body
https://api.github.com/repos/galaxyproject/Galaxy-XSD/issues/5,https://api.github.com/repos/galaxyproject/Galaxy-XSD,https://api.github.com/repos/galaxyproject/Galaxy-XSD/issues/5/labels{/name},https://api.github.com/repos/galaxyproject/Galaxy-XSD/issues/5/comments,https://api.github.com/repos/galaxyproject/Galaxy-XSD/issues/5/events,https://github.com/galaxyproject/Galaxy-XSD/issues/5,163513099,MDU6SXNzdWUxNjM1MTMwOTk=,5,Transfer to galaxy-project?,JeanFred,,closed,True,,,,20,2016-07-02T10:47:45Z,2016-07-07T13:58:36Z,2016-07-06T17:48:14Z,COLLABORATOR,"Hey folks,

I developed this a while back (2013!) for myself ; so I was quite happy to hear it was being used in planemo (and is still included in it apparently!).

While I’m happy to keep this around, and to give basic maintenance (as in merging any PR that would come this way), I was wondering whether it would make sense to transfer this repo to the @galaxyproject organisation?

I’m happy either way, so your call :)

Poke @jmchilton.
"
https://api.github.com/repos/galaxyproject/Galaxy-XSD/issues/2,https://api.github.com/repos/galaxyproject/Galaxy-XSD,https://api.github.com/repos/galaxyproject/Galaxy-XSD/issues/2/labels{/name},https://api.github.com/repos/galaxyproject/Galaxy-XSD/issues/2/comments,https://api.github.com/repos/galaxyproject/Galaxy-XSD/issues/2/events,https://github.com/galaxyproject/Galaxy-XSD/issues/2,57734592,MDU6SXNzdWU1NzczNDU5Mg==,2,Add a license,jmchilton,,closed,True,JeanFred,JeanFred,,8,2015-02-15T15:52:27Z,2015-02-16T15:39:07Z,2015-02-16T15:13:13Z,MEMBER,"Can you add a license to this repository to allow redistribution in other projects (ideally something along the lines of Apache, MIT, BSD, AFL)?

I would like to include these XSD files in [planemo](https://github.com/galaxyproject/planemo) which provides functionality for linting tools.
"
