URL,Repository URL,Labels URL,Comments URL,Events URL,HTML URL,ID,Node ID,Number,Title,User,Labels,State,Locked,Assignee,Assignees,Milestone,Comments,Created At,Updated At,Closed At,Author Association,Body
https://api.github.com/repos/galaxyproject/planemo-monitor/issues/45,https://api.github.com/repos/galaxyproject/planemo-monitor,https://api.github.com/repos/galaxyproject/planemo-monitor/issues/45/labels{/name},https://api.github.com/repos/galaxyproject/planemo-monitor/issues/45/comments,https://api.github.com/repos/galaxyproject/planemo-monitor/issues/45/events,https://github.com/galaxyproject/planemo-monitor/issues/45,2084574800,I_kwDOBX0qkc58QBZQ,45,bot currently fails ,bgruening,,open,False,,,,1,2024-01-16T18:26:36Z,2024-01-29T11:36:13Z,,MEMBER,"```
dockerhub-toolshed/multi-package-containers already existsTraceback (most recent call last):
  File ""/home/runner/work/planemo-monitor/planemo-monitor/.venv/bin/planemo"", line 8, in <module>
    sys.exit(planemo())
  File ""/home/runner/work/planemo-monitor/planemo-monitor/.venv/lib/python3.8/site-packages/click/core.py"", line 1157, in __call__
    return self.main(*args, **kwargs)
  File ""/home/runner/work/planemo-monitor/planemo-monitor/.venv/lib/python3.8/site-packages/click/core.py"", line 1078, in main
    rv = self.invoke(ctx)
  File ""/home/runner/work/planemo-monitor/planemo-monitor/.venv/lib/python3.8/site-packages/click/core.py"", line 1688, in invoke
    return _process_result(sub_ctx.command.invoke(sub_ctx))
  File ""/home/runner/work/planemo-monitor/planemo-monitor/.venv/lib/python3.8/site-packages/click/core.py"", line 1434, in invoke
    return ctx.invoke(self.callback, **ctx.params)
  File ""/home/runner/work/planemo-monitor/planemo-monitor/.venv/lib/python3.8/site-packages/click/core.py"", line 783, in invoke
    return __callback(*args, **kwargs)
  File ""/home/runner/work/planemo-monitor/planemo-monitor/.venv/lib/python3.8/site-packages/click/decorators.py"", line 92, in new_func
    return ctx.invoke(f, obj, *args, **kwargs)
  File ""/home/runner/work/planemo-monitor/planemo-monitor/.venv/lib/python3.8/site-packages/click/core.py"", line 783, in invoke
    return __callback(*args, **kwargs)
  File ""/home/runner/work/planemo-monitor/planemo-monitor/.venv/lib/python3.8/site-packages/planemo/cli.py"", line 102, in handle_blended_options
    return f(*args, **kwds)
  File ""/home/runner/work/planemo-monitor/planemo-monitor/.venv/lib/python3.8/site-packages/planemo/commands/cmd_container_register.py"", line 146, in cli
    registry_target.write_targets(ctx, target_filename, mulled_targets, tag, base_image)
  File ""/home/runner/work/planemo-monitor/planemo-monitor/.venv/lib/python3.8/site-packages/planemo/commands/cmd_container_register.py"", line 211, in write_targets
    targets = to_target_str(mulled_targets)
  File ""/home/runner/work/planemo-monitor/planemo-monitor/.venv/lib/python3.8/site-packages/planemo/commands/cmd_container_register.py"", line 220, in to_target_str
    target_str = f""{target.package_name}={target.version}""
AttributeError: 'CondaTarget' object has no attribute 'package_name'
fatal: repository '# needs to stay alone, its big enough' does not exist"
https://api.github.com/repos/galaxyproject/planemo-monitor/issues/41,https://api.github.com/repos/galaxyproject/planemo-monitor,https://api.github.com/repos/galaxyproject/planemo-monitor/issues/41/labels{/name},https://api.github.com/repos/galaxyproject/planemo-monitor/issues/41/comments,https://api.github.com/repos/galaxyproject/planemo-monitor/issues/41/events,https://github.com/galaxyproject/planemo-monitor/issues/41,1424286735,I_kwDOBX0qkc5U5OQP,41,monitor tools-lldelisle is failing,lldelisle,,closed,False,,,,2,2022-10-26T15:49:14Z,2022-10-27T04:42:20Z,2022-10-27T04:42:19Z,NONE,"The first part I understand (I did something stupid in the deprecated tools):
```
Conda installation succeeded - Conda is available at '/home/runner/miniconda3/bin/conda'
Cloning into 'tools-lldelisle'...
git clone https://github.com/BioContainers/multi-package-containers /home/runner/.planemo/multi-package-containers
Cloning into '/home/runner/.planemo/multi-package-containers'...
git merge --ff-only origin/master
Already up to date.
/home/runner/.planemo/gh-1.5.0 repo fork --remote=true --remote-name planemo-remote
git remote add planemo-remote https://github.com/dockerhub-toolshed/multi-package-containers
dockerhub-toolshed/multi-package-containers already existsError loading tool with path /home/runner/work/planemo-monitor/planemo-monitor/tools-lldelisle/deprecated/cooler_getmatrix/cooler_getMatrix.xml
Traceback (most recent call last):
  File ""/home/runner/work/planemo-monitor/planemo-monitor/.venv/lib/python3.8/site-packages/galaxy/tool_util/loader_directory.py"", line 109, in _load_tools_from_path
    tool_element = loader_func(possible_tool_file)
AssertionError: No macro named citation_cooler found, known macros are requirements, stdio.
Error loading tool with path /home/runner/work/planemo-monitor/planemo-monitor/tools-lldelisle/deprecated/cooler_getmatrix/cooler_getMatrix.xml
```
This are previously opened PR:
```
Target file '/home/runner/.planemo/multi-package-containers/combinations/mulled-v2-57736af1eb98c01010848572c9fec9fff6ffaafd:03227845b95c4410fad3b083e7c78106f2420ca3-0.tsv' already exists, skipping
Target file '/home/runner/.planemo/multi-package-containers/combinations/mulled-v2-8dd8177cf5b9476288c149088f4340b576b866e3:de630166bb8d0f0a7886c3fc7be50796a6c79714-0.tsv' already exists, skipping
```
This I don't understand because the conda package exists: https://anaconda.org/bioconda/fiji
```
galaxy.tool_util.deps.conda_util ERROR: Could not execute: '['/home/runner/miniconda3/bin/conda', 'search', '--full-name', '--json', '--platform', 'linux-64', '--override-channels', '--channel', 'conda-forge', '--channel', 'bioconda', '--channel', 'defaults', 'fiji']'
Target [CondaTarget[fiji,version=20220414]] is not available in best practice channels - skipping
Target version [20220414] for package [fiji] is not available in best practice channels - please specify the full version
```
This neither:
```
galaxy.tool_util.deps.conda_util ERROR: Could not execute: '['/home/runner/miniconda3/bin/conda', 'search', '--full-name', '--json', '--platform', 'linux-64', '--override-channels', '--channel', 'conda-forge', '--channel', 'bioconda', '--channel', 'defaults', 'python']'
Target [CondaTarget[python,version=3.7]] is not available in best practice channels - skipping
Target version [3.7] for package [python] is not available in best practice channels - please specify the full version
```
This I understand as it requires 2 channels which are not 'best practice': pytorch and ilastik-forge
```
galaxy.tool_util.deps.conda_util ERROR: Could not execute: '['/home/runner/miniconda3/bin/conda', 'search', '--full-name', '--json', '--platform', 'linux-64', '--override-channels', '--channel', 'conda-forge', '--channel', 'bioconda', '--channel', 'defaults', 'fiji-ilastik']'
Target [CondaTarget[fiji-ilastik,version=1.8.2]] is not available in best practice channels - skipping
Target version [1.8.2] for package [fiji-ilastik] is not available in best practice channels - please specify the full version
```
All these packages also exists in conda... 
```
galaxy.tool_util.deps.conda_util ERROR: Could not execute: '['/home/runner/miniconda3/bin/conda', 'search', '--full-name', '--json', '--platform', 'linux-64', '--override-channels', '--channel', 'conda-forge', '--channel', 'bioconda', '--channel', 'defaults', 'fiji-max_inscribed_circles']'
Target [CondaTarget[fiji-max_inscribed_circles,version=1.1.2]] is not available in best practice channels - skipping
Target version [1.1.2] for package [fiji-max_inscribed_circles] is not available in best practice channels - please specify the full version
Skipping registration, no targets discovered.
galaxy.tool_util.deps.conda_util ERROR: Could not execute: '['/home/runner/miniconda3/bin/conda', 'search', '--full-name', '--json', '--platform', 'linux-64', '--override-channels', '--channel', 'conda-forge', '--channel', 'bioconda', '--channel', 'defaults', 'htslib']'
Target [CondaTarget[htslib,version=1.16]] is not available in best practice channels - skipping
Target version [1.16] for package [htslib] is not available in best practice channels - please specify the full version
galaxy.tool_util.deps.conda_util ERROR: Could not execute: '['/home/runner/miniconda3/bin/conda', 'search', '--full-name', '--json', '--platform', 'linux-64', '--override-channels', '--channel', 'conda-forge', '--channel', 'bioconda', '--channel', 'defaults', 'cooler']'
Target [CondaTarget[cooler,version=0.8.11]] is not available in best practice channels - skipping
Target version [0.8.11] for package [cooler] is not available in best practice channels - please specify the full version
galaxy.tool_util.deps.conda_util ERROR: Could not execute: '['/home/runner/miniconda3/bin/conda', 'search', '--full-name', '--json', '--platform', 'linux-64', '--override-channels', '--channel', 'conda-forge', '--channel', 'bioconda', '--channel', 'defaults', 'h5py']'
Target [CondaTarget[h5py,version=3.7.0]] is not available in best practice channels - skipping
Target version [3.7.0] for package [h5py] is not available in best practice channels - please specify the full version
```
In addition, I could install these packages on my local instance...

If you have an explanation, I would be happy."
https://api.github.com/repos/galaxyproject/planemo-monitor/issues/35,https://api.github.com/repos/galaxyproject/planemo-monitor,https://api.github.com/repos/galaxyproject/planemo-monitor/issues/35/labels{/name},https://api.github.com/repos/galaxyproject/planemo-monitor/issues/35/comments,https://api.github.com/repos/galaxyproject/planemo-monitor/issues/35/events,https://github.com/galaxyproject/planemo-monitor/issues/35,805896229,MDU6SXNzdWU4MDU4OTYyMjk=,35,Include Galaxy tool in container,innovate-invent,,open,False,,,,8,2021-02-10T21:39:34Z,2021-02-11T07:46:01Z,,CONTRIBUTOR,"This is a proposal to expand this project to include the Galaxy tool folder in the container. This is necessary to achieve full Cloud support for Galaxy.

To optimize the size of the containers, these containers can be based off of the mulled container available in biocontainers. The container will need to include in its specification a standardized environment variable pointing to the equivalent of the [$\_\_tool_directory__](https://docs.galaxyproject.org/en/latest/dev/schema.html#reserved-variables) variable in the tool wrapper xml. The Galaxy job runner can then be extended to refer to this variable in the job script.

An alternative is to generate storage containers that have no other purpose than to store the Galaxy tool folder. This folder is then reverse mounted outside of the container to be mounted by the mulled tool container. Docker in particular supports mounting containers together directly bypassing the host filesystem."
https://api.github.com/repos/galaxyproject/planemo-monitor/issues/33,https://api.github.com/repos/galaxyproject/planemo-monitor,https://api.github.com/repos/galaxyproject/planemo-monitor/issues/33/labels{/name},https://api.github.com/repos/galaxyproject/planemo-monitor/issues/33/comments,https://api.github.com/repos/galaxyproject/planemo-monitor/issues/33/events,https://github.com/galaxyproject/planemo-monitor/issues/33,787584784,MDU6SXNzdWU3ODc1ODQ3ODQ=,33,Tools added in last PR don't have multi-tool containers created,pcm32,,closed,False,,,,2,2021-01-17T00:41:46Z,2021-01-19T21:58:31Z,2021-01-19T21:58:05Z,MEMBER,"Thanks for this very convenient setup!

I was checking, and the tools that I added in the last PR don't seem to have multi-tool containers created, for instance:

![image](https://user-images.githubusercontent.com/368478/104828004-a7c6ef00-585c-11eb-8c02-1cfe2114c996.png)

Is there a way I can help to make the CI create the PRs in the multi-tool container repo?

Thanks!"
https://api.github.com/repos/galaxyproject/planemo-monitor/issues/30,https://api.github.com/repos/galaxyproject/planemo-monitor,https://api.github.com/repos/galaxyproject/planemo-monitor/issues/30/labels{/name},https://api.github.com/repos/galaxyproject/planemo-monitor/issues/30/comments,https://api.github.com/repos/galaxyproject/planemo-monitor/issues/30/events,https://github.com/galaxyproject/planemo-monitor/issues/30,668170045,MDU6SXNzdWU2NjgxNzAwNDU=,30,Tests seem to be failing silently with no proper error code...,pcm32,,closed,False,,,,0,2020-07-29T21:23:39Z,2022-02-02T22:04:48Z,2022-02-02T22:04:48Z,MEMBER,"See https://travis-ci.org/github/galaxyproject/planemo-monitor/jobs/713069083#L696

Thanks!"
https://api.github.com/repos/galaxyproject/planemo-monitor/issues/6,https://api.github.com/repos/galaxyproject/planemo-monitor,https://api.github.com/repos/galaxyproject/planemo-monitor/issues/6/labels{/name},https://api.github.com/repos/galaxyproject/planemo-monitor/issues/6/comments,https://api.github.com/repos/galaxyproject/planemo-monitor/issues/6/events,https://github.com/galaxyproject/planemo-monitor/issues/6,265385691,MDU6SXNzdWUyNjUzODU2OTE=,6,Fail the build if there are issues...,jmchilton,,open,False,,,,1,2017-10-13T18:51:49Z,2018-05-06T11:22:56Z,,MEMBER,Right now it seems to just pass silently.
https://api.github.com/repos/galaxyproject/planemo-monitor/issues/1,https://api.github.com/repos/galaxyproject/planemo-monitor,https://api.github.com/repos/galaxyproject/planemo-monitor/issues/1/labels{/name},https://api.github.com/repos/galaxyproject/planemo-monitor/issues/1/comments,https://api.github.com/repos/galaxyproject/planemo-monitor/issues/1/events,https://github.com/galaxyproject/planemo-monitor/issues/1,235237761,MDU6SXNzdWUyMzUyMzc3NjE=,1,Include packages and source in PR message.,jmchilton,,closed,False,,,,0,2017-06-12T13:45:26Z,2017-06-12T17:25:29Z,2017-06-12T17:25:29Z,MEMBER,
