URL,Repository URL,Labels URL,Comments URL,Events URL,HTML URL,ID,Node ID,Number,Title,User,Labels,State,Locked,Assignee,Assignees,Milestone,Comments,Created At,Updated At,Closed At,Author Association,Body
https://api.github.com/repos/galaxyproject/tiaas2/issues/70,https://api.github.com/repos/galaxyproject/tiaas2,https://api.github.com/repos/galaxyproject/tiaas2/issues/70/labels{/name},https://api.github.com/repos/galaxyproject/tiaas2/issues/70/comments,https://api.github.com/repos/galaxyproject/tiaas2/issues/70/events,https://github.com/galaxyproject/tiaas2/issues/70,1869162021,I_kwDODgo4yc5vaSYl,70,Expand the list of location,bebatut,,open,False,hexylena,hexylena,,2,2023-08-28T07:30:52Z,2023-09-04T09:30:16Z,,MEMBER,"Hi,

It would be awesome to add to the list of location options like ""global"", ""Europe"" instead of selecting only countries

Thanks"
https://api.github.com/repos/galaxyproject/tiaas2/issues/69,https://api.github.com/repos/galaxyproject/tiaas2,https://api.github.com/repos/galaxyproject/tiaas2/issues/69/labels{/name},https://api.github.com/repos/galaxyproject/tiaas2/issues/69/comments,https://api.github.com/repos/galaxyproject/tiaas2/issues/69/events,https://github.com/galaxyproject/tiaas2/issues/69,1719899453,I_kwDODgo4yc5mg5U9,69,"if requesting with accept content type json, respond in json for e.g. status page",hexylena,,open,False,,,,0,2023-05-22T15:11:47Z,2023-05-22T15:11:47Z,,MEMBER,
https://api.github.com/repos/galaxyproject/tiaas2/issues/68,https://api.github.com/repos/galaxyproject/tiaas2,https://api.github.com/repos/galaxyproject/tiaas2/issues/68/labels{/name},https://api.github.com/repos/galaxyproject/tiaas2/issues/68/comments,https://api.github.com/repos/galaxyproject/tiaas2/issues/68/events,https://github.com/galaxyproject/tiaas2/issues/68,1676750659,I_kwDODgo4yc5j8S9D,68,Submitting with apology issues,hexylena,,open,False,hexylena,hexylena,,0,2023-04-20T13:40:11Z,2023-04-20T13:40:11Z,,MEMBER,"- did not let you submit day-of
- lost on page refreshes due to e.g. validation errors.
found during gat"
https://api.github.com/repos/galaxyproject/tiaas2/issues/66,https://api.github.com/repos/galaxyproject/tiaas2,https://api.github.com/repos/galaxyproject/tiaas2/issues/66/labels{/name},https://api.github.com/repos/galaxyproject/tiaas2/issues/66/comments,https://api.github.com/repos/galaxyproject/tiaas2/issues/66/events,https://github.com/galaxyproject/tiaas2/issues/66,1663991393,I_kwDODgo4yc5jLn5h,66,Enhancement: Registerd Studentlist,Dirowa,,open,False,,,,5,2023-04-12T07:17:30Z,2023-04-12T10:17:49Z,,NONE,"Hi, at Avans University of applied science, do we use the TIAAS to give galaxy classes so students learn to analyse their own data they generate. 
We love this features, but some teachers are asking if it would be possible to see a list of students who subscribed to the TIAAS?
Could this be possible to keep track of a participant list?
"
https://api.github.com/repos/galaxyproject/tiaas2/issues/57,https://api.github.com/repos/galaxyproject/tiaas2,https://api.github.com/repos/galaxyproject/tiaas2/issues/57/labels{/name},https://api.github.com/repos/galaxyproject/tiaas2/issues/57/comments,https://api.github.com/repos/galaxyproject/tiaas2/issues/57/events,https://github.com/galaxyproject/tiaas2/issues/57,1461496842,I_kwDODgo4yc5XHKwK,57,"Strip out site-specific css, replace with generic bootstrap and a colour parameter",hexylena,,closed,False,hexylena,hexylena,,0,2022-11-23T10:40:59Z,2022-11-24T12:02:32Z,2022-11-24T12:02:32Z,MEMBER,this will let us make accessibility and mobile friendliness improvements
https://api.github.com/repos/galaxyproject/tiaas2/issues/52,https://api.github.com/repos/galaxyproject/tiaas2,https://api.github.com/repos/galaxyproject/tiaas2/issues/52/labels{/name},https://api.github.com/repos/galaxyproject/tiaas2/issues/52/comments,https://api.github.com/repos/galaxyproject/tiaas2/issues/52/events,https://github.com/galaxyproject/tiaas2/issues/52,1435902004,I_kwDODgo4yc5VliA0,52,Calendar non-functional on EU when logged in,hexylena,,closed,False,neoformit,neoformit,,0,2022-11-04T11:04:35Z,2022-11-04T11:59:42Z,2022-11-04T11:59:42Z,MEMBER,"Logged out it's fine. Looks like data sanitization potentially? I am seeing unescaped newlines which I'm strongly suspicious of? 

![image](https://user-images.githubusercontent.com/458683/199957226-b349bba4-e941-4f56-b668-37270ff5d224.png)
"
https://api.github.com/repos/galaxyproject/tiaas2/issues/51,https://api.github.com/repos/galaxyproject/tiaas2,https://api.github.com/repos/galaxyproject/tiaas2/issues/51/labels{/name},https://api.github.com/repos/galaxyproject/tiaas2/issues/51/comments,https://api.github.com/repos/galaxyproject/tiaas2/issues/51/events,https://github.com/galaxyproject/tiaas2/issues/51,1435894410,I_kwDODgo4yc5VlgKK,51,logout button not flowing correctly,hexylena,,closed,False,neoformit,neoformit,,1,2022-11-04T10:58:14Z,2022-11-07T11:35:09Z,2022-11-07T11:35:08Z,MEMBER,"![image](https://user-images.githubusercontent.com/458683/199956770-7be2a280-4a17-4baa-bfc1-3b9147720133.png)
"
https://api.github.com/repos/galaxyproject/tiaas2/issues/46,https://api.github.com/repos/galaxyproject/tiaas2,https://api.github.com/repos/galaxyproject/tiaas2/issues/46/labels{/name},https://api.github.com/repos/galaxyproject/tiaas2/issues/46/comments,https://api.github.com/repos/galaxyproject/tiaas2/issues/46/events,https://github.com/galaxyproject/tiaas2/issues/46,1398681558,I_kwDODgo4yc5TXi_W,46,Registration email HTML as text,neoformit,,closed,False,,,,1,2022-10-06T02:51:14Z,2022-10-06T21:26:04Z,2022-10-06T21:26:04Z,COLLABORATOR,"Registration email notifications seem to be formatted incorrectly:

https://github.com/galaxyproject/tiaas2/blob/e0a12ae02e79127aa3579c553be43e8d926bb77a/training/views.py#L47

HTML email content should be added as a multipart alternative. Instead, this email is send with `Content-type: text/plain` and we end up with this:

![image](https://user-images.githubusercontent.com/42562517/194202545-554bab10-e999-41ad-8c39-e2e9e4c56365.png)

As this just goes to admins I'd suggest just formatting as text:

```py
send_mail(
    f""New TIaaS Request ({identifier})"",
    (
        ""A new TIaaS request has been received. View it in the admin dashboard: ""
        f""{settings.GALAXY_URL}/tiaas/admin/training/training/?processed__exact=UN""
    ),
```
 
As in: https://github.com/neoformit/tiaas2/commit/d7c0a6b4ccfc7fcc5d7d43b4d5be6f1c1a602e79

If you're happy with this, I'll add this to my PR! (Coming soon, I promise)"
https://api.github.com/repos/galaxyproject/tiaas2/issues/45,https://api.github.com/repos/galaxyproject/tiaas2,https://api.github.com/repos/galaxyproject/tiaas2/issues/45/labels{/name},https://api.github.com/repos/galaxyproject/tiaas2/issues/45/comments,https://api.github.com/repos/galaxyproject/tiaas2/issues/45/events,https://github.com/galaxyproject/tiaas2/issues/45,1397412620,I_kwDODgo4yc5TStMM,45,Should we integrate TPVSDB,hexylena,,open,False,,,,0,2022-10-05T08:13:28Z,2022-11-24T13:23:55Z,,MEMBER,"To suggest the amount of resources required for a course?

https://github.com/galaxyproject/tpv-shared-database"
https://api.github.com/repos/galaxyproject/tiaas2/issues/44,https://api.github.com/repos/galaxyproject/tiaas2,https://api.github.com/repos/galaxyproject/tiaas2/issues/44/labels{/name},https://api.github.com/repos/galaxyproject/tiaas2/issues/44/comments,https://api.github.com/repos/galaxyproject/tiaas2/issues/44/events,https://github.com/galaxyproject/tiaas2/issues/44,1397410928,I_kwDODgo4yc5TSsxw,44,"""Hooks""",hexylena,enhancement,open,False,,,,0,2022-10-05T08:12:01Z,2022-10-05T08:12:17Z,,MEMBER,"@beatrizserrano wants a ""hook"" on approval to automatically schedule the resources.

We could potentially provide an entry point which is called with the ""new"" trainings as they're approved.

For EU, they could probably write something that looks like
- look at event request
- \# of people
- training materials / tools / workflows
- available resources
- and calculates how many resources should be provided"
https://api.github.com/repos/galaxyproject/tiaas2/issues/43,https://api.github.com/repos/galaxyproject/tiaas2,https://api.github.com/repos/galaxyproject/tiaas2/issues/43/labels{/name},https://api.github.com/repos/galaxyproject/tiaas2/issues/43/comments,https://api.github.com/repos/galaxyproject/tiaas2/issues/43/events,https://github.com/galaxyproject/tiaas2/issues/43,1381698264,I_kwDODgo4yc5SWwrY,43,Is `TIAAS_EMAIL` used for anything?,neoformit,,closed,False,,,,2,2022-09-22T01:38:25Z,2022-09-25T21:40:39Z,2022-09-25T21:40:39Z,COLLABORATOR,"https://github.com/galaxyproject/tiaas2/blob/e0a12ae02e79127aa3579c553be43e8d926bb77a/config/local_settings.py.template#L40

I can't find a reference to this anywhere in the codebase?"
https://api.github.com/repos/galaxyproject/tiaas2/issues/42,https://api.github.com/repos/galaxyproject/tiaas2,https://api.github.com/repos/galaxyproject/tiaas2/issues/42/labels{/name},https://api.github.com/repos/galaxyproject/tiaas2/issues/42/comments,https://api.github.com/repos/galaxyproject/tiaas2/issues/42/events,https://github.com/galaxyproject/tiaas2/issues/42,1379084644,I_kwDODgo4yc5SMylk,42,"Allow locking dashboard to training members, or a specific user",hexylena,,open,False,hexylena,hexylena,,0,2022-09-20T09:15:06Z,2022-09-20T09:15:07Z,,MEMBER,"Kinda a ""maybe"" feature idea, and only really works if we also allow locking registration somehow?"
https://api.github.com/repos/galaxyproject/tiaas2/issues/41,https://api.github.com/repos/galaxyproject/tiaas2,https://api.github.com/repos/galaxyproject/tiaas2/issues/41/labels{/name},https://api.github.com/repos/galaxyproject/tiaas2/issues/41/comments,https://api.github.com/repos/galaxyproject/tiaas2/issues/41/events,https://github.com/galaxyproject/tiaas2/issues/41,1375786690,I_kwDODgo4yc5SANbC,41,Improve expose-username situation,hexylena,,open,False,,,,0,2022-09-16T11:00:36Z,2022-09-16T11:00:36Z,,MEMBER,"- Allow requesting it at the course level
- Present a check box in the join-training page to opt-in
- show colours again"
https://api.github.com/repos/galaxyproject/tiaas2/issues/40,https://api.github.com/repos/galaxyproject/tiaas2,https://api.github.com/repos/galaxyproject/tiaas2/issues/40/labels{/name},https://api.github.com/repos/galaxyproject/tiaas2/issues/40/comments,https://api.github.com/repos/galaxyproject/tiaas2/issues/40/events,https://github.com/galaxyproject/tiaas2/issues/40,1322219411,I_kwDODgo4yc5Oz3eT,40,Error when pinned to a commit hash,abretaud,,closed,False,,,,1,2022-07-29T12:55:51Z,2022-09-01T13:05:34Z,2022-09-01T13:05:34Z,CONTRIBUTOR,"I tried pinning our .fr tiaas to a specific commit (with ansible tiaas_version), but got this error:

```
cmd"": [""./manage.py"", ""migrate"", ""--noinput"", ""--pythonpath=/shared/mfs/data/galaxy/tiaas""], ""msg"": ""
:stderr: Traceback (most recent call last):
  File \""./manage.py\"", line 21, in <module>
    main()
  File \""./manage.py\"", line 17, in main
    execute_from_command_line(sys.argv)
  File \""/shared/mfs/data/galaxy/tiaas/venv/lib/python3.8/site-packages/django/core/management/__init__.py\"", line 401, in execute_from_command_line
    utility.execute()
  File \""/shared/mfs/data/galaxy/tiaas/venv/lib/python3.8/site-packages/django/core/management/__init__.py\"", line 345, in execute
    settings.INSTALLED_APPS
  File \""/shared/mfs/data/galaxy/tiaas/venv/lib/python3.8/site-packages/django/conf/__init__.py\"", line 82, in __getattr__
    self._setup(name)
  File \""/shared/mfs/data/galaxy/tiaas/venv/lib/python3.8/site-packages/django/conf/__init__.py\"", line 69, in _setup
    self._wrapped = Settings(settings_module)
  File \""/shared/mfs/data/galaxy/tiaas/venv/lib/python3.8/site-packages/django/conf/__init__.py\"", line 170, in __init__
    mod = importlib.import_module(self.SETTINGS_MODULE)
  File \""/usr/lib/python3.8/importlib/__init__.py\"", line 127, in import_module
    return _bootstrap._gcd_import(name[level:], package, level)
  File \""<frozen importlib._bootstrap>\"", line 1014, in _gcd_import
  File \""<frozen importlib._bootstrap>\"", line 991, in _find_and_load
  File \""<frozen importlib._bootstrap>\"", line 975, in _find_and_load_unlocked
  File \""<frozen importlib._bootstrap>\"", line 671, in _load_unlocked
  File \""<frozen importlib._bootstrap_external>\"", line 848, in exec_module
  File \""<frozen importlib._bootstrap>\"", line 219, in _call_with_frames_removed
  File \""/shared/mfs/data/galaxy/tiaas/code/tiaas/settings.py\"", line 164, in <module>
    git_head_ref = os.path.join(BASE_DIR, \"".git\"", git_head_data.split(\"" \"")[1])
IndexError: list index out of range
```

And yes indeed, there's no space in .git/HEAD, just the hash as is"
https://api.github.com/repos/galaxyproject/tiaas2/issues/39,https://api.github.com/repos/galaxyproject/tiaas2,https://api.github.com/repos/galaxyproject/tiaas2/issues/39/labels{/name},https://api.github.com/repos/galaxyproject/tiaas2/issues/39/comments,https://api.github.com/repos/galaxyproject/tiaas2/issues/39/events,https://github.com/galaxyproject/tiaas2/issues/39,1312901018,I_kwDODgo4yc5OQUea,39,looking up galaxy.example.org,gmauro,,closed,False,,,,2,2022-07-21T08:46:16Z,2022-07-21T18:17:34Z,2022-07-21T18:17:34Z,MEMBER,"It's looking up for galaxy.example.org but TIAAS_DOMAIN is properly set.
```
root@sn06:/opt/tiaas2$ grep -ri TIAAS_DOMAIN
code/tiaas/settings.py:TIAAS_DOMAIN = ""https://galaxy.example.org"" # Your Galaxy instance
code/tiaas/settings.py:TIAAS_REDIRECT_LOCATION = TIAAS_DOMAIN
code/training/templates/training/register.html:{{ settings.TIAAS_DOMAIN }}/join-training/your-keyword
code/config/local_settings.py.template:TIAAS_DOMAIN = ""https://galaxy.example.org"" # Your Galaxy instance
config/local_settings.py:TIAAS_DOMAIN = 'https://usegalaxy.eu'

```

![image](https://user-images.githubusercontent.com/4559911/180171174-ff93b051-0775-4cd7-9ee1-70255a1b5e1f.png)
"
https://api.github.com/repos/galaxyproject/tiaas2/issues/38,https://api.github.com/repos/galaxyproject/tiaas2,https://api.github.com/repos/galaxyproject/tiaas2/issues/38/labels{/name},https://api.github.com/repos/galaxyproject/tiaas2/issues/38/comments,https://api.github.com/repos/galaxyproject/tiaas2/issues/38/events,https://github.com/galaxyproject/tiaas2/issues/38,1312883852,I_kwDODgo4yc5OQQSM,38,NameError: name 'xrange' is not defined,gmauro,,closed,False,,,,3,2022-07-21T08:33:11Z,2022-07-21T18:30:45Z,2022-07-21T18:30:30Z,MEMBER,"I updated the virtualenv to python3.8 and found this error in the log:
```
Jul 21 10:21:45 sn06.galaxyproject.eu run.sh[3361465]:   File ""./training/urls.py"", line 3, in <module>
Jul 21 10:21:45 sn06.galaxyproject.eu run.sh[3361465]:     from . import views
Jul 21 10:21:45 sn06.galaxyproject.eu run.sh[3361465]:   File ""./training/views.py"", line 13, in <module>
Jul 21 10:21:45 sn06.galaxyproject.eu run.sh[3361465]:     from .galaxy import (
Jul 21 10:21:45 sn06.galaxyproject.eu run.sh[3361465]:   File ""./training/galaxy.py"", line 3, in <module>
Jul 21 10:21:45 sn06.galaxyproject.eu run.sh[3361465]:     from Crypto.Cipher import Blowfish
Jul 21 10:21:45 sn06.galaxyproject.eu run.sh[3361465]:   File ""/opt/tiaas2/venv/lib/python3.8/site-packages/Crypto/Cipher/Blowfish.py"", line 120, in <module>
Jul 21 10:21:45 sn06.galaxyproject.eu run.sh[3361465]:     key_size = xrange(4,56+1)
Jul 21 10:21:45 sn06.galaxyproject.eu run.sh[3361465]: NameError: name 'xrange' is not defined
```"
https://api.github.com/repos/galaxyproject/tiaas2/issues/34,https://api.github.com/repos/galaxyproject/tiaas2,https://api.github.com/repos/galaxyproject/tiaas2/issues/34/labels{/name},https://api.github.com/repos/galaxyproject/tiaas2/issues/34/comments,https://api.github.com/repos/galaxyproject/tiaas2/issues/34/events,https://github.com/galaxyproject/tiaas2/issues/34,1296077829,I_kwDODgo4yc5NQJQF,34,Ensure all training IDs are lowercased consistently.,hexylena,,closed,False,hexylena,hexylena,,0,2022-07-06T16:18:28Z,2022-07-19T12:32:51Z,2022-07-19T12:32:51Z,MEMBER,
https://api.github.com/repos/galaxyproject/tiaas2/issues/33,https://api.github.com/repos/galaxyproject/tiaas2,https://api.github.com/repos/galaxyproject/tiaas2/issues/33/labels{/name},https://api.github.com/repos/galaxyproject/tiaas2/issues/33/comments,https://api.github.com/repos/galaxyproject/tiaas2/issues/33/events,https://github.com/galaxyproject/tiaas2/issues/33,1267618346,I_kwDODgo4yc5LjlIq,33,Allow displaying the full username for non-GDPR concerned sites,hexylena,,closed,False,hexylena,hexylena,,0,2022-06-10T14:17:34Z,2022-07-19T14:03:47Z,2022-07-19T14:03:47Z,MEMBER,"This came up in the context of teaching, within a university group, that we'd like to be able to see the individual users.

This will never be appropriate for public galaxies probably, but, for private ones having a toggle here can make sense."
https://api.github.com/repos/galaxyproject/tiaas2/issues/32,https://api.github.com/repos/galaxyproject/tiaas2,https://api.github.com/repos/galaxyproject/tiaas2/issues/32/labels{/name},https://api.github.com/repos/galaxyproject/tiaas2/issues/32/comments,https://api.github.com/repos/galaxyproject/tiaas2/issues/32/events,https://github.com/galaxyproject/tiaas2/issues/32,1263468395,I_kwDODgo4yc5LTv9r,32,Prevent extremely late submissions,hexylena,,closed,False,,,,0,2022-06-07T15:18:31Z,2022-07-19T14:03:47Z,2022-07-19T14:03:47Z,MEMBER,"new config parameter, how late may a request be before the event (include business days of local jurisdiction?).

```
tiaas_late_request_prevention: 10 # business days
```

This will reject the submission informing them they have submitted the request TOO late, and inform them to contact the administrators if they need more support.

For administrators we'll provide a ""secret"" url parameter that a submitter can pass along that voids that check, something like `?late-request-apology=I'm+sorry+I+promise+I+won't+do+it+again` that they can hand out to requesters if they're desperate for TIaaS.

This is making a burden on administrators with last minute requests that are not beneficial and only cause stress."
https://api.github.com/repos/galaxyproject/tiaas2/issues/28,https://api.github.com/repos/galaxyproject/tiaas2,https://api.github.com/repos/galaxyproject/tiaas2/issues/28/labels{/name},https://api.github.com/repos/galaxyproject/tiaas2/issues/28/comments,https://api.github.com/repos/galaxyproject/tiaas2/issues/28/events,https://github.com/galaxyproject/tiaas2/issues/28,1167569382,I_kwDODgo4yc5Fl7Hm,28,support showing a message if the registrant is early,hexylena,,closed,False,,,,1,2022-03-13T12:41:23Z,2023-01-05T09:36:39Z,2023-01-05T09:36:39Z,MEMBER,"E.g. for TIaaS, we could publish the URL and when they join instead they get a ""come back soon"" message"
https://api.github.com/repos/galaxyproject/tiaas2/issues/26,https://api.github.com/repos/galaxyproject/tiaas2,https://api.github.com/repos/galaxyproject/tiaas2/issues/26/labels{/name},https://api.github.com/repos/galaxyproject/tiaas2/issues/26/comments,https://api.github.com/repos/galaxyproject/tiaas2/issues/26/events,https://github.com/galaxyproject/tiaas2/issues/26,1122956371,I_kwDODgo4yc5C7vRT,26,Email submitter on approval,hexylena,,closed,False,,,,0,2022-02-03T11:14:38Z,2022-07-19T15:38:31Z,2022-07-19T15:38:31Z,MEMBER,Thanks for the request @abretaud
https://api.github.com/repos/galaxyproject/tiaas2/issues/25,https://api.github.com/repos/galaxyproject/tiaas2,https://api.github.com/repos/galaxyproject/tiaas2/issues/25/labels{/name},https://api.github.com/repos/galaxyproject/tiaas2/issues/25/comments,https://api.github.com/repos/galaxyproject/tiaas2/issues/25/events,https://github.com/galaxyproject/tiaas2/issues/25,1122732049,I_kwDODgo4yc5C64gR,25,Reserving resources,abretaud,,closed,True,,,,8,2022-02-03T07:13:14Z,2022-07-19T14:37:09Z,2022-07-19T14:37:09Z,CONTRIBUTOR,"Hi!
We're currently setting up tiaas on usegalaxy.fr (it's online on https://usegalaxy.fr/tiaas/ but not yet advertised!) and I'm wondering how we could automate the reservation of computing resources when a training is approved. We have a Slurm cluster where we could use reservations.
Is this kind of thing automated on other usegalaxy.* servers, or does it always require a manual action? (PRs to create vms maybe?)
We have a sorting hat in place, so once the resources are reserved it should be easy to make use of them"
https://api.github.com/repos/galaxyproject/tiaas2/issues/24,https://api.github.com/repos/galaxyproject/tiaas2,https://api.github.com/repos/galaxyproject/tiaas2/issues/24/labels{/name},https://api.github.com/repos/galaxyproject/tiaas2/issues/24/comments,https://api.github.com/repos/galaxyproject/tiaas2/issues/24/events,https://github.com/galaxyproject/tiaas2/issues/24,1088303635,I_kwDODgo4yc5A3jIT,24,prevent submission of events that occur prior to today,hexylena,,closed,False,hexylena,hexylena,,0,2021-12-24T10:32:37Z,2022-07-19T14:03:47Z,2022-07-19T14:03:47Z,MEMBER,will fix this after the break @beatrizserrano :sob: sorry
https://api.github.com/repos/galaxyproject/tiaas2/issues/23,https://api.github.com/repos/galaxyproject/tiaas2,https://api.github.com/repos/galaxyproject/tiaas2/issues/23/labels{/name},https://api.github.com/repos/galaxyproject/tiaas2/issues/23/comments,https://api.github.com/repos/galaxyproject/tiaas2/issues/23/events,https://github.com/galaxyproject/tiaas2/issues/23,1072078179,I_kwDODgo4yc4_5p1j,23,Allow prefilling form based on URL parameters,shiltemann,,closed,False,hexylena,hexylena,,0,2021-12-06T12:10:35Z,2022-07-19T14:03:47Z,2022-07-19T14:03:47Z,MEMBER,"Discussed during Gallantries, @hexylena will implement support for pre-filling the form via url parameters if it isn't already and then from the course builder we can have an easy 'request tiaas' button for all servers that takes them to the next step."
https://api.github.com/repos/galaxyproject/tiaas2/issues/8,https://api.github.com/repos/galaxyproject/tiaas2,https://api.github.com/repos/galaxyproject/tiaas2/issues/8/labels{/name},https://api.github.com/repos/galaxyproject/tiaas2/issues/8/comments,https://api.github.com/repos/galaxyproject/tiaas2/issues/8/events,https://github.com/galaxyproject/tiaas2/issues/8,744122391,MDU6SXNzdWU3NDQxMjIzOTE=,8,Training with expired contact info cannot be edited in the admin  ,jdavcs,bug,closed,False,jdavcs,jdavcs,,3,2020-11-16T19:46:38Z,2020-11-25T17:48:15Z,2020-11-25T17:48:15Z,MEMBER,Training with expired contact info (GDPR) cannot be edited in the admin due to the validation of the email field (`<gdpr-redacted>` is not a valid email). 
https://api.github.com/repos/galaxyproject/tiaas2/issues/7,https://api.github.com/repos/galaxyproject/tiaas2,https://api.github.com/repos/galaxyproject/tiaas2/issues/7/labels{/name},https://api.github.com/repos/galaxyproject/tiaas2/issues/7/comments,https://api.github.com/repos/galaxyproject/tiaas2/issues/7/events,https://github.com/galaxyproject/tiaas2/issues/7,744118842,MDU6SXNzdWU3NDQxMTg4NDI=,7,Improve training form validation,jdavcs,"bug, enhancement",closed,False,jdavcs,jdavcs,,2,2020-11-16T19:44:09Z,2020-11-24T19:52:54Z,2020-11-24T19:52:54Z,MEMBER,"Some of the fields lack validation:
- The training request form makes it possible to submit a request for a training that's in the past, as well as a training with an end date that is less than the start date. (also see #6)
- The training identifier should have a unique constraint
- Since the training identifier is used as part of a URL, I think it should consist of alphanumeric characters (no spaces or special chars) EDIT: I see we [clean it](https://github.com/usegalaxy-eu/tiaas2/blob/master/training/views.py#L34); but I wonder whether explicitly validating it and rejecting the form might be less surprising to the user?
- anything else...?"
https://api.github.com/repos/galaxyproject/tiaas2/issues/6,https://api.github.com/repos/galaxyproject/tiaas2,https://api.github.com/repos/galaxyproject/tiaas2/issues/6/labels{/name},https://api.github.com/repos/galaxyproject/tiaas2/issues/6/comments,https://api.github.com/repos/galaxyproject/tiaas2/issues/6/events,https://github.com/galaxyproject/tiaas2/issues/6,744100142,MDU6SXNzdWU3NDQxMDAxNDI=,6,Timely deletion of contact info not guaranteed; may cause other issues,jdavcs,enhancement,closed,False,jdavcs,jdavcs,,2,2020-11-16T19:29:56Z,2022-07-19T14:35:20Z,2022-07-19T14:35:20Z,MEMBER,"Deletion of contact info (re: GDPR) is contingent on someone accessing the Django admin training page that displays a list of all training records. This does not guarantee the timely deletion of contact info (contrary to text in registration form): if the admin page is not accessed, the info is not deleted. Furthermore, the deletion happens as an unexpected side effect of an unrelated action (accessing an admin page). 

Also, given that the date fields are currently not validated (which will be addressed separately), it is easy for someone to submit a request for training, mistakenly selecting an end date that is > 60 days in the past. In this case, there will be no way to contact them to correct the mistake, as the contact info will be wiped out upon accessing the admin page.

One simple solution is a custom Django management task + a cron job."
