URL,Repository URL,Labels URL,Comments URL,Events URL,HTML URL,ID,Node ID,Number,Title,User,Labels,State,Locked,Assignee,Assignees,Milestone,Comments,Created At,Updated At,Closed At,Author Association,Body
https://api.github.com/repos/galaxyproject/wheelforge/issues/18,https://api.github.com/repos/galaxyproject/wheelforge,https://api.github.com/repos/galaxyproject/wheelforge/issues/18/labels{/name},https://api.github.com/repos/galaxyproject/wheelforge/issues/18/comments,https://api.github.com/repos/galaxyproject/wheelforge/issues/18/events,https://github.com/galaxyproject/wheelforge/issues/18,1596092619,I_kwDOHQg6aM5fInDL,18,dependabot/renovate,modem7,,open,False,,,,2,2023-02-23T01:50:51Z,2023-02-23T09:54:39Z,,NONE,"Heya,

Thanks so much for this repo, it's definitely helped me out!

I'm wondering if there's a way to split the meta.yaml into two separate files. A meta and a requirements.txt.

This would allow services like dependabot to submit pull requests automatically. "
