URL,Repository URL,Labels URL,Comments URL,Events URL,HTML URL,ID,Node ID,Number,Title,User,Labels,State,Locked,Assignee,Assignees,Milestone,Comments,Created At,Updated At,Closed At,Author Association,Body
https://api.github.com/repos/galaxyproject/ansible-pulsar/issues/27,https://api.github.com/repos/galaxyproject/ansible-pulsar,https://api.github.com/repos/galaxyproject/ansible-pulsar/issues/27/labels{/name},https://api.github.com/repos/galaxyproject/ansible-pulsar/issues/27/comments,https://api.github.com/repos/galaxyproject/ansible-pulsar/issues/27/events,https://github.com/galaxyproject/ansible-pulsar/issues/27,1399358827,I_kwDOAWjuls5TaIVr,27,Specifying `pulsar_pycurl_ssl_library: nss` doesn't seem to have the desired effect,martinwolst,,closed,False,,,,1,2022-10-06T10:58:33Z,2022-10-27T13:32:55Z,2022-10-27T13:32:55Z,NONE,"Installing pulsar with this role on Centos 7, libcurl is compiled with nss so I've set the option accordingly. The playbook runs without error but doesn't seem to build pycurl with nss and fails when it tries to collect data for a job. The symptom is an import error for poster - presumably because when curl fails, it goes down the list of potentially available transports (that aren't installed).

My workaround to get a functional pycurl is:

`source  .../venv/bin/activate`
`pip uninstall pycurl`
`pip install --compile --install-option=""--with-nss"" pycurl`"
https://api.github.com/repos/galaxyproject/ansible-pulsar/issues/22,https://api.github.com/repos/galaxyproject/ansible-pulsar,https://api.github.com/repos/galaxyproject/ansible-pulsar/issues/22/labels{/name},https://api.github.com/repos/galaxyproject/ansible-pulsar/issues/22/comments,https://api.github.com/repos/galaxyproject/ansible-pulsar/issues/22/events,https://github.com/galaxyproject/ansible-pulsar/issues/22,928138890,MDU6SXNzdWU5MjgxMzg4OTA=,22,Merge in systemd like we did for ansible-galaxy,hexylena,,open,False,,,,0,2021-06-23T11:08:11Z,2021-06-23T11:08:11Z,,MEMBER,pulsar_restart_handler_name
https://api.github.com/repos/galaxyproject/ansible-pulsar/issues/19,https://api.github.com/repos/galaxyproject/ansible-pulsar,https://api.github.com/repos/galaxyproject/ansible-pulsar/issues/19/labels{/name},https://api.github.com/repos/galaxyproject/ansible-pulsar/issues/19/comments,https://api.github.com/repos/galaxyproject/ansible-pulsar/issues/19/events,https://github.com/galaxyproject/ansible-pulsar/issues/19,808479028,MDU6SXNzdWU4MDg0NzkwMjg=,19,Running Jobs on Remote Resources with Pulsar - job_metrics_config_file option missing,gmauro,,closed,False,,,,5,2021-01-28T13:23:00Z,2021-06-09T19:23:56Z,2021-06-09T19:23:56Z,MEMBER,"During the 2021 Galaxy Admin Training:
```
Jan 28 10:18:07 gat-3.eu.training.galaxyproject.eu uwsgi[1702841]: FileNotFoundError: [Errno 2] No such file or directory: ‘/srv/galaxy/jobs/000/30/__instrument_hostname_hostname’
```
This happens because the `job_metrics_config_file` option is not present in the Pulsar configuration.
Pulsar needs to know which metrics Galaxy is expecting to receive"
https://api.github.com/repos/galaxyproject/ansible-pulsar/issues/18,https://api.github.com/repos/galaxyproject/ansible-pulsar,https://api.github.com/repos/galaxyproject/ansible-pulsar/issues/18/labels{/name},https://api.github.com/repos/galaxyproject/ansible-pulsar/issues/18/comments,https://api.github.com/repos/galaxyproject/ansible-pulsar/issues/18/events,https://github.com/galaxyproject/ansible-pulsar/issues/18,770987636,MDU6SXNzdWU3NzA5ODc2MzY=,18,GAT setup - conda setup issue,hexylena,,closed,False,,,,2,2020-12-18T15:48:25Z,2021-01-04T12:28:53Z,2021-01-04T12:28:53Z,MEMBER,"```
pulsar@gat-4:~$ /mnt/pulsar/venv/bin/pulsar-main -c /mnt/pulsar/config/ --ini_path /mnt/pulsar/config/server.ini
/mnt/pulsar/venv/lib/python3.8/site-packages/pulsar/util/pastescript/loadwsgi.py:125: PkgResourcesDeprecationWarning: Parameters to load are deprecated.  Call .resolve and .require separately.
  return pkg_resources.EntryPoint.parse(""x="" + s).load(False)
2020-12-18 15:45:36,160 INFO  [pulsar.core][MainThread] Starting the Pulsar without a toolbox to white-list.Ensure this application is protected by firewall or a configured private token.
2020-12-18 15:45:36,161 WARNI [galaxy.tool_util.deps][MainThread] Path 'dependencies' does not exist, ignoring
2020-12-18 15:45:36,161 WARNI [galaxy.tool_util.deps][MainThread] Path 'dependencies' is not directory, ignoring
2020-12-18 15:45:36,166 ERROR [pulsar.main][MainThread] Failed to initialize Pulsar application
Traceback (most recent call last):
  File ""/mnt/pulsar/venv/lib/python3.8/site-packages/pulsar/main.py"", line 158, in _app
    pulsar_app = load_pulsar_app(
  File ""/mnt/pulsar/venv/lib/python3.8/site-packages/pulsar/main.py"", line 132, in load_pulsar_app
    pulsar_app = pulsar.core.PulsarApp(**config)
  File ""/mnt/pulsar/venv/lib/python3.8/site-packages/pulsar/core.py"", line 52, in __init__
    self.__setup_dependency_manager(conf)
  File ""/mnt/pulsar/venv/lib/python3.8/site-packages/pulsar/core.py"", line 147, in __setup_dependency_manager
    self.dependency_manager = build_dependency_manager(app_config_dict=conf, default_tool_dependency_dir=default_tool_dependency_dir)
  File ""/mnt/pulsar/venv/lib/python3.8/site-packages/galaxy/tool_util/deps/__init__.py"", line 90, in build_dependency_manager
    dependency_manager = DependencyManager(**dependency_manager_kwds)
  File ""/mnt/pulsar/venv/lib/python3.8/site-packages/galaxy/tool_util/deps/__init__.py"", line 131, in __init__
    self.dependency_resolvers = self.__parse_resolver_conf_plugins(plugin_source)
  File ""/mnt/pulsar/venv/lib/python3.8/site-packages/galaxy/tool_util/deps/__init__.py"", line 333, in __parse_resolver_conf_plugins
    return plugin_config.load_plugins(self.resolver_classes, plugin_source, extra_kwds, plugin_type_keys=['type', 'resolver_type'])
  File ""/mnt/pulsar/venv/lib/python3.8/site-packages/galaxy/util/plugin_config.py"", line 37, in load_plugins
    return __load_plugins_from_dicts(plugins_dict, plugin_source.source, extra_kwds, plugin_type_keys=plugin_type_keys)
  File ""/mnt/pulsar/venv/lib/python3.8/site-packages/galaxy/util/plugin_config.py"", line 81, in __load_plugins_from_dicts
    plugin = plugins_dict[plugin_type](**plugin_kwds)
  File ""/mnt/pulsar/venv/lib/python3.8/site-packages/galaxy/tool_util/deps/resolvers/conda.py"", line 137, in __init__
    self.disabled = not galaxy.tool_util.deps.installable.ensure_installed(conda_context, install_conda, self.auto_init)
  File ""/mnt/pulsar/venv/lib/python3.8/site-packages/galaxy/tool_util/deps/installable.py"", line 66, in ensure_installed
    os.mkdir(parent_path)
PermissionError: [Errno 13] Permission denied: '/mnt/pulsar/venv/lib/python3.8/site-packages/dependencies'
```

config is relatively straightforward


```
- hosts: pulsarservers
  roles:
    - galaxyproject.pulsar
```

and

```
galaxy_server_url: gat-0.training.galaxyproject.eu

pulsar_root: /mnt/pulsar

pulsar_pip_install: true
pulsar_pycurl_ssl_library: openssl
pulsar_systemd: true
pulsar_systemd_runner: webless

pulsar_create_user: true
pulsar_user: {name: pulsar, shell: /bin/bash}

pulsar_optional_dependencies:
  - pyOpenSSL
  # For remote transfers initiated on the Pulsar end rather than the Galaxy end
  - pycurl
  # drmaa required if connecting to an external DRM using it.
  - drmaa
  # kombu needed if using a message queue
  - kombu
  # psutil and pylockfile are optional dependencies but can make Pulsar
  # more robust in small ways.
  - psutil

pulsar_yaml_config:
  conda_auto_init: True
  conda_auto_install: True
  staging_directory: ""{{ pulsar_staging_dir }}""
  persistence_directory: ""{{ pulsar_persistence_dir }}""
  # The following are the settings for the pulsar server to contact the message queue with related timeouts etc.
  message_queue_url: ""pyamqp://galaxy_au:{{ rabbitmq_password_galaxy_au }}@{{ galaxy_server_url }}:5671/pulsar/galaxu_au?ssl=1""
  min_polling_interval: 0.5
  amqp_publish_retry: True
  amqp_publish_retry_max_retries: 5
  amqp_publish_retry_interval_start: 10
  amqp_publish_retry_interval_step: 10
  amqp_publish_retry_interval_max: 60

pulsar_dependency_resolvers:
  - name: conda
    args:
      - name: auto_init
        value: true

```

ping @Slugger70  no idea why it's not using the dependency directory"
https://api.github.com/repos/galaxyproject/ansible-pulsar/issues/8,https://api.github.com/repos/galaxyproject/ansible-pulsar,https://api.github.com/repos/galaxyproject/ansible-pulsar/issues/8/labels{/name},https://api.github.com/repos/galaxyproject/ansible-pulsar/issues/8/comments,https://api.github.com/repos/galaxyproject/ansible-pulsar/issues/8/events,https://github.com/galaxyproject/ansible-pulsar/issues/8,589210241,MDU6SXNzdWU1ODkyMTAyNDE=,8,Extra config files are not configurable or overrideable,natefoo,,open,False,,,,0,2020-03-27T15:24:03Z,2020-03-27T15:24:03Z,,MEMBER,"For example, usegalaxy-playbook uses a modified version of this role to include a couple changes to `server.ini.j2` and `job_metrics_conf.xml.j2`."
https://api.github.com/repos/galaxyproject/ansible-pulsar/issues/5,https://api.github.com/repos/galaxyproject/ansible-pulsar,https://api.github.com/repos/galaxyproject/ansible-pulsar/issues/5/labels{/name},https://api.github.com/repos/galaxyproject/ansible-pulsar/issues/5/comments,https://api.github.com/repos/galaxyproject/ansible-pulsar/issues/5/events,https://github.com/galaxyproject/ansible-pulsar/issues/5,464244136,MDU6SXNzdWU0NjQyNDQxMzY=,5,Upstream our systemd additions,hexylena,,closed,False,,,,1,2019-07-04T12:37:46Z,2019-07-12T08:42:23Z,2019-07-12T08:42:22Z,MEMBER,@gmauro would you be able to upstream all of our changes? I can help review and merge.
https://api.github.com/repos/galaxyproject/ansible-pulsar/issues/4,https://api.github.com/repos/galaxyproject/ansible-pulsar,https://api.github.com/repos/galaxyproject/ansible-pulsar/issues/4/labels{/name},https://api.github.com/repos/galaxyproject/ansible-pulsar/issues/4/comments,https://api.github.com/repos/galaxyproject/ansible-pulsar/issues/4/events,https://github.com/galaxyproject/ansible-pulsar/issues/4,464241445,MDU6SXNzdWU0NjQyNDE0NDU=,4,Fix deprecation warnings,natefoo,,closed,False,,,,0,2019-07-04T12:31:17Z,2020-02-27T16:26:27Z,2020-02-27T16:26:27Z,MEMBER,
