URL,Repository URL,Labels URL,Comments URL,Events URL,HTML URL,ID,Node ID,Number,Title,User,Labels,State,Locked,Assignee,Assignees,Milestone,Comments,Created At,Updated At,Closed At,Author Association,Body
https://api.github.com/repos/galaxyproject/ansible-postgresql-objects/issues/12,https://api.github.com/repos/galaxyproject/ansible-postgresql-objects,https://api.github.com/repos/galaxyproject/ansible-postgresql-objects/issues/12/labels{/name},https://api.github.com/repos/galaxyproject/ansible-postgresql-objects/issues/12/comments,https://api.github.com/repos/galaxyproject/ansible-postgresql-objects/issues/12/events,https://github.com/galaxyproject/ansible-postgresql-objects/issues/12,1650852562,I_kwDOAWK3wc5iZgLS,12,ERROR! couldn't resolve module/action 'community.postgresql.postgresql_privs'.,Tronde,,closed,False,,,,2,2023-04-02T08:03:28Z,2023-04-02T08:24:56Z,2023-04-02T08:21:46Z,NONE,"Hello Team,  
Using your role as part of my playbook I get the following error:

~~~
ERROR! couldn't resolve module/action 'community.postgresql.postgresql_privs'. This often indicates a misspelling, missing collection, or incorrect module path.

The error appears to be in '/…/ansible/roles/galaxyproject.postgresql_objects/tasks/main.yml': line 13, column 3, but may
be elsewhere in the file depending on the exact syntax problem.

The offending line appears to be:


- name: Revoke extra privileges
  ^ here
~~~

Looking at the line in question I see that `community.postgresql.postgresql_privs` is used there. But I cannot find `community.postgresql.postgresql_privs` or `community.posgresql` on Galaxy.

Am i holding it wrong? Or is there something broken in this role?

I would appreciate if you find the time to look into it and respond to this issue with information whether this is a usage issue or some kind of bug.

Best regards,  
Tronde"
https://api.github.com/repos/galaxyproject/ansible-postgresql-objects/issues/10,https://api.github.com/repos/galaxyproject/ansible-postgresql-objects,https://api.github.com/repos/galaxyproject/ansible-postgresql-objects/issues/10/labels{/name},https://api.github.com/repos/galaxyproject/ansible-postgresql-objects/issues/10/comments,https://api.github.com/repos/galaxyproject/ansible-postgresql-objects/issues/10/events,https://github.com/galaxyproject/ansible-postgresql-objects/issues/10,1444028762,I_kwDOAWK3wc5WEiFa,10,`natefoo.postgresql_objects` HTTP Error 404: Not Found,martinwolst,,closed,False,,,,3,2022-11-10T14:41:39Z,2022-11-11T09:56:01Z,2022-11-11T09:48:31Z,NONE,"With: ansible [core 2.11.12]

The role fails to install for me, has worked in the past so I'm guessing a recent change.

```
ansible-galaxy install -p roles natefoo.postgresql_objects
Starting galaxy role install process
- downloading role 'postgresql_objects', owned by natefoo
- downloading role from https://github.com/natefoo/ansible-postgresql-objects/archive/1.1.tar.gz
 [ERROR]: failed to download the file: HTTP Error 404: Not Found
[WARNING]: - natefoo.postgresql_objects was NOT installed successfully.
```
"
https://api.github.com/repos/galaxyproject/ansible-postgresql-objects/issues/5,https://api.github.com/repos/galaxyproject/ansible-postgresql-objects,https://api.github.com/repos/galaxyproject/ansible-postgresql-objects/issues/5/labels{/name},https://api.github.com/repos/galaxyproject/ansible-postgresql-objects/issues/5/comments,https://api.github.com/repos/galaxyproject/ansible-postgresql-objects/issues/5/events,https://github.com/galaxyproject/ansible-postgresql-objects/issues/5,199891634,MDU6SXNzdWUxOTk4OTE2MzQ=,5,compatibility with ansible 2.2,drosofff,,closed,False,,,,1,2017-01-10T18:00:02Z,2022-11-11T09:56:55Z,2022-11-11T09:56:55Z,MEMBER,"Hi @natefoo 

I suspect a lack of compatibility of this role code with ansible 2.2 because this version with https://github.com/ARTbio/GalaxyKickStart gives
```
TASK [ensure_postgresql_up : supervisorctl] ************************************
fatal: [localhost]: FAILED! => {""changed"": false, ""failed"": true, ""msg"": ""ERROR: no such process/group: postgresql\n"", ""name"": ""postgresql"", ""state"": ""present""}
...ignoring

TASK [ensure_postgresql_up : supervisorctl] ************************************
skipping: [localhost]

TASK [ensure_postgresql_up : service] ******************************************
ok: [localhost]

TASK [ensure_postgresql_up : command] ******************************************
changed: [localhost]

TASK [natefoo.postgresql_objects : Revoke extra privileges] ********************
skipping: [localhost] => (item=postgresql_objects_privileges)

TASK [natefoo.postgresql_objects : Drop databases] *****************************
skipping: [localhost] => (item=postgresql_objects_databases)

TASK [natefoo.postgresql_objects : Create and drop users] **********************
fatal: [localhost]: FAILED! => {""failed"": true, ""msg"": ""the field 'args' has an invalid value, which appears to include a variable that is undefined. The error was: 'unicode object' has no attribute 'name'\n\nThe error appears to have been in '/home/vagrant/GalaxyKickStart/roles/natefoo.postgresql_objects/tasks/main.yml': line 38, column 3, but may\nbe elsewhere in the file depending on the exact syntax problem.\n\nThe offending line appears to be:\n\n\n- name: Create and drop users\n  ^ here\n""}
	to retry, use: --limit @/home/vagrant/GalaxyKickStart/galaxy.retry

PLAY RECAP *********************************************************************
localhost                  : ok=27   changed=21   unreachable=0    failed=1
```

whereas downgrading ansible to 2.1.2.0 fixes the failing

Best
@drosofff"
https://api.github.com/repos/galaxyproject/ansible-postgresql-objects/issues/1,https://api.github.com/repos/galaxyproject/ansible-postgresql-objects,https://api.github.com/repos/galaxyproject/ansible-postgresql-objects/issues/1/labels{/name},https://api.github.com/repos/galaxyproject/ansible-postgresql-objects/issues/1/comments,https://api.github.com/repos/galaxyproject/ansible-postgresql-objects/issues/1/events,https://github.com/galaxyproject/ansible-postgresql-objects/issues/1,101911080,MDU6SXNzdWUxMDE5MTEwODA=,1,read only to database,klemenkobetic,,closed,False,,,,5,2015-08-19T14:46:57Z,2022-11-11T09:56:34Z,2022-11-11T09:56:34Z,NONE,"is it possible to add read only user rights to database?
"
