URL,Repository URL,Labels URL,Comments URL,Events URL,HTML URL,ID,Node ID,Number,Title,User,Labels,State,Locked,Assignee,Assignees,Milestone,Comments,Created At,Updated At,Closed At,Author Association,Body
https://api.github.com/repos/galaxyproject/ansible-repos/issues/1,https://api.github.com/repos/galaxyproject/ansible-repos,https://api.github.com/repos/galaxyproject/ansible-repos/issues/1/labels{/name},https://api.github.com/repos/galaxyproject/ansible-repos/issues/1/comments,https://api.github.com/repos/galaxyproject/ansible-repos/issues/1/events,https://github.com/galaxyproject/ansible-repos/issues/1,667389828,MDU6SXNzdWU2NjczODk4Mjg=,1,Ubuntu 20.04 also needs the ppa,lldelisle,,closed,False,,,,2,2020-07-28T21:26:06Z,2020-08-25T15:29:47Z,2020-08-25T14:09:40Z,NONE,"Hi,
I tried to install slurm with the ansible role as in the GTN on ubuntu 20.04 and I add issues with slurm-drmaa. I just found that this playbook take care of this but unfortunately only for 18.04. I think you should extend the cases when you need the ppa:

https://github.com/galaxyproject/ansible-repos/blob/8bf4df36c7007d53f79650b8e63318566af2a4f0/tasks/main.yml#L6

Many thanks,

Lucille"
