URL,Repository URL,Labels URL,Comments URL,Events URL,HTML URL,ID,Node ID,Number,Title,User,Labels,State,Locked,Assignee,Assignees,Milestone,Comments,Created At,Updated At,Closed At,Author Association,Body
https://api.github.com/repos/galaxyproject/homebrew-tap/issues/4,https://api.github.com/repos/galaxyproject/homebrew-tap,https://api.github.com/repos/galaxyproject/homebrew-tap/issues/4/labels{/name},https://api.github.com/repos/galaxyproject/homebrew-tap/issues/4/comments,https://api.github.com/repos/galaxyproject/homebrew-tap/issues/4/events,https://github.com/galaxyproject/homebrew-tap/issues/4,200088976,MDU6SXNzdWUyMDAwODg5NzY=,4,Issue with brew installation ,mmiladi,,open,False,,,,5,2017-01-11T13:10:02Z,2018-03-14T15:19:43Z,,NONE,"Hi,
Attempting to install homebrew-tap leads me to an openssl missing header file (Ubunutu 16.04):
```
...
==> python -c import setuptools... --no-user-cfg install --prefix=/home/milad/.linuxbrew/Cellar/planemo/0.36.1/libexec/vendor --single-version-externally-managed --record=installed.txt
Last 15 lines from /home/milad/.cache/Homebrew/Logs/planemo/11.python:
running build
running build_py
creating build
creating build/lib.linux-x86_64-2.7
creating build/lib.linux-x86_64-2.7/curl
copying python/curl/__init__.py -> build/lib.linux-x86_64-2.7/curl
running build_ext
building 'pycurl' extension
creating build/temp.linux-x86_64-2.7
creating build/temp.linux-x86_64-2.7/src
/usr/bin/gcc-5 -DNDEBUG -g -fwrapv -O3 -Wall -Wstrict-prototypes -Os -w -pipe -march=core2 -isystem/home/milad/.linuxbrew/include -fPIC -DPYCURL_VERSION=""7.19.5.3"" -DHAVE_CURL_OPENSSL=1 -DHAVE_CURL_SSL=1 -I/home/milad/miniconda2/include/python2.7 -c src/docstrings.c -o build/temp.linux-x86_64-2.7/src/docstrings.o
In file included from src/docstrings.c:4:0:
src/pycurl.h:161:31: fatal error: openssl/crypto.h: No such file or directory
compilation terminated.
error: command '/usr/bin/gcc-5' failed with exit status 1

READ THIS: https://github.com/Linuxbrew/linuxbrew/blob/master/share/doc/homebrew/Troubleshooting.md#troubleshooting
If reporting this issue please do so at (not Homebrew/homebrew):
  https://github.com/galaxyproject/homebrew-tap/issues

/usr/lib/ruby/2.3.0/open-uri.rb:359:in `open_http': 422 Unprocessable Entity (GitHub::Error)
Validation Failed
	from /usr/lib/ruby/2.3.0/open-uri.rb:737:in `buffer_open'
	from /usr/lib/ruby/2.3.0/open-uri.rb:212:in `block in open_loop'
	from /usr/lib/ruby/2.3.0/open-uri.rb:210:in `catch'
	from /usr/lib/ruby/2.3.0/open-uri.rb:210:in `open_loop'
	from /usr/lib/ruby/2.3.0/open-uri.rb:151:in `open_uri'
	from /usr/lib/ruby/2.3.0/open-uri.rb:717:in `open'
	from /usr/lib/ruby/2.3.0/open-uri.rb:31:in `open'
	from /home/milad/.linuxbrew/Library/Homebrew/utils.rb:621:in `open'
	from /home/milad/.linuxbrew/Library/Homebrew/utils.rb:654:in `issues_matching'
	from /home/milad/.linuxbrew/Library/Homebrew/utils.rb:686:in `issues_for_formula'
	from /home/milad/.linuxbrew/Library/Homebrew/exceptions.rb:222:in `fetch_issues'
	from /home/milad/.linuxbrew/Library/Homebrew/exceptions.rb:218:in `issues'
	from /home/milad/.linuxbrew/Library/Homebrew/exceptions.rb:263:in `dump'
	from /home/milad/.linuxbrew/Library/brew.rb:133:in `rescue in <main>'
	from /home/milad/.linuxbrew/Library/brew.rb:29:in `<main>'
```"
https://api.github.com/repos/galaxyproject/homebrew-tap/issues/1,https://api.github.com/repos/galaxyproject/homebrew-tap,https://api.github.com/repos/galaxyproject/homebrew-tap/issues/1/labels{/name},https://api.github.com/repos/galaxyproject/homebrew-tap/issues/1/comments,https://api.github.com/repos/galaxyproject/homebrew-tap/issues/1/events,https://github.com/galaxyproject/homebrew-tap/issues/1,154399272,MDU6SXNzdWUxNTQzOTkyNzI=,1,SHA256 mismatch,kellrott,,closed,False,,,,1,2016-05-12T05:21:29Z,2016-05-24T19:12:21Z,2016-05-24T19:12:21Z,NONE,"Looks like https://github.com/galaxyproject/homebrew-tap/blob/master/planemo.rb#L22 needs to be updated.
From Brew command:

```
   googlecompute: failed: [localhost] => {""changed"": true, ""cmd"": ""/home/ubuntu/.linuxbrew/bin/brew install -v planemo"", ""delta"": ""0:00:37.173330"", ""end"": ""2016-05-12 03:52:37.978571"", ""rc"": 1, ""start"": ""2016-05-12 03:52:00.805241"", ""warnings"": []}
    googlecompute: stderr: Warning: SHA1 support is deprecated and will be removed in a future version.
    googlecompute: Please switch this formula to SHA256.
    googlecompute: Warning: SHA1 support is deprecated and will be removed in a future version.
    googlecompute: Please switch this formula to SHA256.
    googlecompute: Warning: SHA1 support is deprecated and will be removed in a future version.
    googlecompute: Please switch this formula to SHA256.
    googlecompute: Warning: SHA1 support is deprecated and will be removed in a future version.
    googlecompute: Please switch this formula to SHA256.
    googlecompute: Warning: SHA1 support is deprecated and will be removed in a future version.
    googlecompute: Please switch this formula to SHA256.
    googlecompute: Warning: SHA1 support is deprecated and will be removed in a future version.
    googlecompute: Please switch this formula to SHA256.
    googlecompute: Warning: SHA1 support is deprecated and will be removed in a future version.
    googlecompute: Please switch this formula to SHA256.
    googlecompute: Warning: SHA1 support is deprecated and will be removed in a future version.
    googlecompute: Please switch this formula to SHA256.
    googlecompute: Warning: SHA1 support is deprecated and will be removed in a future version.
    googlecompute: Please switch this formula to SHA256.
    googlecompute: Error: SHA256 mismatch
    googlecompute: Expected: daa01654169f741ce0039be2b79a25f5ba830ad949c8190afc306c726c81049a
    googlecompute: Actual: b91b9fa63526311cc95f05cc2ed23ece3ad7d12768932b4fe82c6d2a817ddca6
    googlecompute: Archive: /home/ubuntu/.cache/Homebrew/planemo--galaxy-lib-16.7.6.tar.gz
    googlecompute: To retry an incomplete download, remove the file above.
```
"
