URL,Repository URL,Labels URL,Comments URL,Events URL,HTML URL,ID,Node ID,Number,Title,User,Labels,State,Locked,Assignee,Assignees,Milestone,Comments,Created At,Updated At,Closed At,Author Association,Body
https://api.github.com/repos/galaxyproject/galaxykubeman-helm/issues/85,https://api.github.com/repos/galaxyproject/galaxykubeman-helm,https://api.github.com/repos/galaxyproject/galaxykubeman-helm/issues/85/labels{/name},https://api.github.com/repos/galaxyproject/galaxykubeman-helm/issues/85/comments,https://api.github.com/repos/galaxyproject/galaxykubeman-helm/issues/85/events,https://github.com/galaxyproject/galaxykubeman-helm/issues/85,2284324454,I_kwDOD9XADM6IKAZm,85,CVMFS nodeplugin CrashLoop,ksuderman,,open,False,ksuderman,ksuderman,,0,2024-05-07T22:25:03Z,2024-05-07T22:25:03Z,,COLLABORATOR,The CVMFS nodeplugin gets stuck in a crashloop when it is restarted by Kubernetes.  Disabling the alien cache seems to correct this problem.
https://api.github.com/repos/galaxyproject/galaxykubeman-helm/issues/84,https://api.github.com/repos/galaxyproject/galaxykubeman-helm,https://api.github.com/repos/galaxyproject/galaxykubeman-helm/issues/84/labels{/name},https://api.github.com/repos/galaxyproject/galaxykubeman-helm/issues/84/comments,https://api.github.com/repos/galaxyproject/galaxykubeman-helm/issues/84/events,https://github.com/galaxyproject/galaxykubeman-helm/issues/84,2262297151,I_kwDOD9XADM6G1-o_,84,Update galaxy-cvmfs-csi,ksuderman,,open,False,,,,0,2024-04-24T22:39:02Z,2024-04-24T22:39:02Z,,COLLABORATOR,"The latest `cvmfs-csi` (2.3.2) resolves problems with the nodeplugin  getting stuck in a crashloop automounting directories when it is restarted.

**Note** the new `cvmfs-csi` Helm chart is deployed to an `oci:` repository that requires Helm >= 3.8"
https://api.github.com/repos/galaxyproject/galaxykubeman-helm/issues/80,https://api.github.com/repos/galaxyproject/galaxykubeman-helm,https://api.github.com/repos/galaxyproject/galaxykubeman-helm/issues/80/labels{/name},https://api.github.com/repos/galaxyproject/galaxykubeman-helm/issues/80/comments,https://api.github.com/repos/galaxyproject/galaxykubeman-helm/issues/80/events,https://github.com/galaxyproject/galaxykubeman-helm/issues/80,2246452351,I_kwDOD9XADM6F5iR_,80,Update Ganesha to the latest version,ksuderman,patch,closed,False,ksuderman,ksuderman,,0,2024-04-16T16:24:33Z,2024-04-16T19:09:08Z,2024-04-16T19:09:08Z,COLLABORATOR,The 1.5.0 version is quite old and version 1.8.0 fixes the problems with 1.6.0 and 1.7.0
https://api.github.com/repos/galaxyproject/galaxykubeman-helm/issues/79,https://api.github.com/repos/galaxyproject/galaxykubeman-helm,https://api.github.com/repos/galaxyproject/galaxykubeman-helm/issues/79/labels{/name},https://api.github.com/repos/galaxyproject/galaxykubeman-helm/issues/79/comments,https://api.github.com/repos/galaxyproject/galaxykubeman-helm/issues/79/events,https://github.com/galaxyproject/galaxykubeman-helm/issues/79,2215699467,I_kwDOD9XADM6EEOQL,79,Allow resource configuration,ksuderman,,open,False,,,,0,2024-03-29T16:59:35Z,2024-03-29T16:59:35Z,,COLLABORATOR,Configuring a `job_resource_params_conf.xml` allows users to specify resources that are allocated to a tool.  See https://training.galaxyproject.org/training-material/topics/admin/tutorials/job-destinations/tutorial.html#writing-a-testing-tool
https://api.github.com/repos/galaxyproject/galaxykubeman-helm/issues/73,https://api.github.com/repos/galaxyproject/galaxykubeman-helm,https://api.github.com/repos/galaxyproject/galaxykubeman-helm/issues/73/labels{/name},https://api.github.com/repos/galaxyproject/galaxykubeman-helm/issues/73/comments,https://api.github.com/repos/galaxyproject/galaxykubeman-helm/issues/73/events,https://github.com/galaxyproject/galaxykubeman-helm/issues/73,1901575210,I_kwDOD9XADM5xV7wq,73,Setup job not always run after a `helm upgrade`,ksuderman,,closed,False,,,,1,2023-09-18T19:07:52Z,2024-04-16T16:21:51Z,2024-04-16T16:21:51Z,COLLABORATOR,"The job defined in the `job-setup-galaxy.yaml` template is not always run after a `helm upgrade`.  It is not clear why it runs some times but not others.  Possible solutions might be:

1. Make the job a `post-install` and `post-upgrade` Helm hook.  
2. Include the `Release.Revision` in the Job name.  Since the name changes with each revision Kubernetes _should_ re-run the job.
"
