URL,Repository URL,Labels URL,Comments URL,Events URL,HTML URL,ID,Node ID,Number,Title,User,Labels,State,Locked,Assignee,Assignees,Milestone,Comments,Created At,Updated At,Closed At,Author Association,Body
https://api.github.com/repos/galaxyproject/ansible-cloudlaunch/issues/2,https://api.github.com/repos/galaxyproject/ansible-cloudlaunch,https://api.github.com/repos/galaxyproject/ansible-cloudlaunch/issues/2/labels{/name},https://api.github.com/repos/galaxyproject/ansible-cloudlaunch/issues/2/comments,https://api.github.com/repos/galaxyproject/ansible-cloudlaunch/issues/2/events,https://github.com/galaxyproject/ansible-cloudlaunch/issues/2,372138266,MDU6SXNzdWUzNzIxMzgyNjY=,2,Build UI using angular-cli fails,pvanheus,,closed,True,,,,3,2018-10-19T22:40:15Z,2018-10-24T11:15:56Z,2018-10-24T11:15:56Z,CONTRIBUTOR,"The most relevant part of the error message is: ""You are running version v6.14.4 of Node.js, which is not supported by Angular CLI v6.\nThe official Node.js version that is supported is 8.9 and greater.""

Full error:

```
fatal: [cloudlaunch.sanbi.ac.za]: FAILED! => {""changed"": true, ""cmd"": ""npm run buildprod"", ""delta"": ""0:00:01.361430"", ""end"": ""2018-10-19 22:25:57.662513"", ""msg"": ""non-zero return code"", ""rc"": 1, ""start"": ""2018-10-19 22:25:56.301083"", ""stderr"": ""You are running version v6.14.4 of Node.js, which is not supported by Angular CLI v6.\nThe official Node.js version that is supported is 8.9 and greater.\n\nPlease visit https://nodejs.org/en/ to find instructions on how to update Node.js.\n\nnpm ERR! Linux 4.4.0-119-generic\nnpm ERR! argv \""/usr/bin/node\"" \""/usr/bin/npm\"" \""run\"" \""buildprod\""\nnpm ERR! node v6.14.4\nnpm ERR! npm  v3.10.10\nnpm ERR! code ELIFECYCLE\nnpm ERR! cloudlaunch-ui@0.0.0 buildprod: `ng build --prod --aot=false --build-optimizer=false`\nnpm ERR! Exit status 3\nnpm ERR! \nnpm ERR! Failed at the cloudlaunch-ui@0.0.0 buildprod script 'ng build --prod --aot=false --build-optimizer=false'.\nnpm ERR! Make sure you have the latest version of node.js and npm installed.\nnpm ERR! If you do, this is most likely a problem with the cloudlaunch-ui package,\nnpm ERR! not with npm itself.\nnpm ERR! Tell the author that this fails on your system:\nnpm ERR!     ng build --prod --aot=false --build-optimizer=false\nnpm ERR! You can get information on how to open an issue for this project with:\nnpm ERR!     npm bugs cloudlaunch-ui\nnpm ERR! Or if that isn't available, you can get their info via:\nnpm ERR!     npm owner ls cloudlaunch-ui\nnpm ERR! There is likely additional logging output above.\n\nnpm ERR! Please include the following file with any support request:\nnpm ERR!     /opt/cloudlaunch-ui/npm-debug.log"", ""stderr_lines"": [""You are running version v6.14.4 of Node.js, which is not supported by Angular CLI v6."", ""The official Node.js version that is supported is 8.9 and greater."", """", ""Please visit https://nodejs.org/en/ to find instructions on how to update Node.js."", """", ""npm ERR! Linux 4.4.0-119-generic"", ""npm ERR! argv \""/usr/bin/node\"" \""/usr/bin/npm\"" \""run\"" \""buildprod\"""", ""npm ERR! node v6.14.4"", ""npm ERR! npm  v3.10.10"", ""npm ERR! code ELIFECYCLE"", ""npm ERR! cloudlaunch-ui@0.0.0 buildprod: `ng build --prod --aot=false --build-optimizer=false`"", ""npm ERR! Exit status 3"", ""npm ERR! "", ""npm ERR! Failed at the cloudlaunch-ui@0.0.0 buildprod script 'ng build --prod --aot=false --build-optimizer=false'."", ""npm ERR! Make sure you have the latest version of node.js and npm installed."", ""npm ERR! If you do, this is most likely a problem with the cloudlaunch-ui package,"", ""npm ERR! not with npm itself."", ""npm ERR! Tell the author that this fails on your system:"", ""npm ERR!     ng build --prod --aot=false --build-optimizer=false"", ""npm ERR! You can get information on how to open an issue for this project with:"", ""npm ERR!     npm bugs cloudlaunch-ui"", ""npm ERR! Or if that isn't available, you can get their info via:"", ""npm ERR!     npm owner ls cloudlaunch-ui"", ""npm ERR! There is likely additional logging output above."", """", ""npm ERR! Please include the following file with any support request:"", ""npm ERR!     /opt/cloudlaunch-ui/npm-debug.log""], ""stdout"": ""\n> cloudlaunch-ui@0.0.0 buildprod /opt/cloudlaunch-ui\n> ng build --prod --aot=false --build-optimizer=false"", ""stdout_lines"": ["""", ""> cloudlaunch-ui@0.0.0 buildprod /opt/cloudlaunch-ui"", ""> ng build --prod --aot=false --build-optimizer=false""]}
```

This is in `roles/cloudlaunch/tasks/setup_webui.yml`. 
"
