URL,Repository URL,Labels URL,Comments URL,Events URL,HTML URL,ID,Node ID,Number,Title,User,Labels,State,Locked,Assignee,Assignees,Milestone,Comments,Created At,Updated At,Closed At,Author Association,Body
https://api.github.com/repos/galaxyproject/ansible-cvmfs/issues/66,https://api.github.com/repos/galaxyproject/ansible-cvmfs,https://api.github.com/repos/galaxyproject/ansible-cvmfs/issues/66/labels{/name},https://api.github.com/repos/galaxyproject/ansible-cvmfs/issues/66/comments,https://api.github.com/repos/galaxyproject/ansible-cvmfs/issues/66/events,https://github.com/galaxyproject/ansible-cvmfs/issues/66,1903046160,I_kwDOB-dqa85xbi4Q,66,0.2.21(latest on ansible-galaxy) is broken for localproxy,laperlej,,open,False,,,,0,2023-09-19T13:52:42Z,2023-09-19T13:58:03Z,,NONE,"Hi,

I want to use the localproxy part of this role but have encountered a few issues, all the issues that cause errors were already solved by @kysrpex.

https://github.com/galaxyproject/ansible-cvmfs/commits?author=kysrpex

Would be nice to have an up to date version on ansible-galaxy.

Ideally, I would also like #65 to be merged beforehand to have a fully working localproxy installation script."
https://api.github.com/repos/galaxyproject/ansible-cvmfs/issues/56,https://api.github.com/repos/galaxyproject/ansible-cvmfs,https://api.github.com/repos/galaxyproject/ansible-cvmfs/issues/56/labels{/name},https://api.github.com/repos/galaxyproject/ansible-cvmfs/issues/56/comments,https://api.github.com/repos/galaxyproject/ansible-cvmfs/issues/56/events,https://github.com/galaxyproject/ansible-cvmfs/issues/56,1697682897,I_kwDOB-dqa85lMJXR,56,Support alternative cvmfs-config packages,natefoo,,open,False,,,,0,2023-05-05T14:05:49Z,2023-05-05T14:05:49Z,,MEMBER,"The `cvmfs` package depends on a package providing `cvmfs-config`, which in the default case is provided by the `cvmfs-config-default` package. This package includes the `cvmfs-config.cern.ch` repo as the config repo. For Galaxy purposes this is an unnecessary mount - it doesn't harm anything, but for installations that don't use the CERN and OSG repos, you can just install the `cvmfs-config-none` package, which provides `cvmfs-config` but with a blank config.

However, `cvmfs-config-none` is not in the standard `cernvm` yum repo since you can't have two packages providing the same thing in a single repo, but it is in the (shipped with the repo config but disabled by default) `cernvm-config` repo. So the following works:

```console
yum install --enablerepo=cernvm-config cvmfs-config-none cvmfs
```

There are also packages here: http://ecsft.cern.ch/dist/cvmfs/cvmfs-config/, including a Debian package which does the same for Debian-based distros."
https://api.github.com/repos/galaxyproject/ansible-cvmfs/issues/45,https://api.github.com/repos/galaxyproject/ansible-cvmfs,https://api.github.com/repos/galaxyproject/ansible-cvmfs/issues/45/labels{/name},https://api.github.com/repos/galaxyproject/ansible-cvmfs/issues/45/comments,https://api.github.com/repos/galaxyproject/ansible-cvmfs/issues/45/events,https://github.com/galaxyproject/ansible-cvmfs/issues/45,1288314982,I_kwDOB-dqa85MyiBm,45,The role does not work with ansible-core 2.13.x,FokkeDijkstra,,closed,False,,,,0,2022-06-29T07:52:17Z,2022-06-29T08:40:42Z,2022-06-29T08:40:42Z,CONTRIBUTOR,"The way lists were combined in tasks/main.yml breaks the role in ansible-core 2.13.x. The resulting variable then contains two separate lists, instead of a combined list.
The suggested fix is in #44"
https://api.github.com/repos/galaxyproject/ansible-cvmfs/issues/40,https://api.github.com/repos/galaxyproject/ansible-cvmfs,https://api.github.com/repos/galaxyproject/ansible-cvmfs/issues/40/labels{/name},https://api.github.com/repos/galaxyproject/ansible-cvmfs/issues/40/comments,https://api.github.com/repos/galaxyproject/ansible-cvmfs/issues/40/events,https://github.com/galaxyproject/ansible-cvmfs/issues/40,1066584984,I_kwDOB-dqa84_ksuY,40,cvmfs client config is not reloaded upon change,Slugger70,,open,False,,,,0,2021-11-29T22:55:44Z,2021-11-29T22:55:44Z,,CONTRIBUTOR,"If CVMFS client is already installed on a VM and a change is made to the configuration such as cache size - cvmfs requires a reload via `cvmfs_config reload`.

This doesn't happen in this ansible.

I guess it will require a handler and some triggers."
https://api.github.com/repos/galaxyproject/ansible-cvmfs/issues/38,https://api.github.com/repos/galaxyproject/ansible-cvmfs,https://api.github.com/repos/galaxyproject/ansible-cvmfs/issues/38/labels{/name},https://api.github.com/repos/galaxyproject/ansible-cvmfs/issues/38/comments,https://api.github.com/repos/galaxyproject/ansible-cvmfs/issues/38/events,https://github.com/galaxyproject/ansible-cvmfs/issues/38,955650679,MDU6SXNzdWU5NTU2NTA2Nzk=,38,"/etc/cvmfs/repositories.d directory doesn't exist on cvmfs_role of ""client"". Ansible fails on options.yml",deano2point0,,closed,False,,,,8,2021-07-29T09:35:23Z,2022-03-23T20:31:39Z,2022-03-23T20:31:39Z,NONE,"When running this role on a node with cvmfs_role of ""client"" it fails when it gets to the lineinfile module in options.yml as there is no /etc/cvmfs/repositories.d directory or contents on the node. I have read through the tasks file and I can't see anything that would create these files on a client. Am I missing something, or is this broken?"
https://api.github.com/repos/galaxyproject/ansible-cvmfs/issues/37,https://api.github.com/repos/galaxyproject/ansible-cvmfs,https://api.github.com/repos/galaxyproject/ansible-cvmfs/issues/37/labels{/name},https://api.github.com/repos/galaxyproject/ansible-cvmfs/issues/37/comments,https://api.github.com/repos/galaxyproject/ansible-cvmfs/issues/37/events,https://github.com/galaxyproject/ansible-cvmfs/issues/37,902118887,MDU6SXNzdWU5MDIxMTg4ODc=,37,Set actual data directory,colindaven,,closed,False,,,,2,2021-05-26T09:50:35Z,2021-05-26T13:39:25Z,2021-05-26T13:39:24Z,NONE,"Hi Galaxy Admins,

just checking - we are serving from a small VM (14G in / ) so want to set the Reference data to be saved on a NAS.

Is it sufficient to just change this setting from `/srv` to our `/bignfs/cvmfs` ?

https://github.com/galaxyproject/ansible-cvmfs/blob/main/defaults/main.yml

`cvmfs_srv_mount: /srv`

Thanks !"
https://api.github.com/repos/galaxyproject/ansible-cvmfs/issues/35,https://api.github.com/repos/galaxyproject/ansible-cvmfs,https://api.github.com/repos/galaxyproject/ansible-cvmfs/issues/35/labels{/name},https://api.github.com/repos/galaxyproject/ansible-cvmfs/issues/35/comments,https://api.github.com/repos/galaxyproject/ansible-cvmfs/issues/35/events,https://github.com/galaxyproject/ansible-cvmfs/issues/35,884414603,MDU6SXNzdWU4ODQ0MTQ2MDM=,35,New stratum1 ,lecorguille,,open,False,natefoo,natefoo,,3,2021-05-10T15:00:28Z,2021-06-16T15:57:31Z,,MEMBER,"Hi here,

We finally have our new storage infrastructure [and time], to become a stratum1 for the galaxyproject cvmfs repos.
(Note that we will format it completely mid-June because the installation wasn't well done by the saler 😭 ).

Anyway ! I wanted to focus on the singularity one and extend to the other one soon (or if it's mandatory).
I ran the ansible playbook and 
```bash
$ nohup /usr/bin/cvmfs_server snapshot  singularity.galaxyproject.org &


$ tail nohup.out
Replicating from catalog at /.cvmfs
  Processing chunks [1 registered chunks]:  fetched 0 new chunks out of 1 unique chunks
Replicating from update-subset-a-2020-03-26T03:24:51Z repository tag
  Processing chunks [33426 registered chunks]: .................... fetched 0 new chunks out of 19951 unique chunks
Replicating from generic-2020-03-25T15:10:35Z repository tag
  Processing chunks [1 registered chunks]:  fetched 0 new chunks out of 1 unique chunks
Stopping 16 workers
Uploading manifest ensemble
Serving revision 811
Fetched 1219941 new chunks out of 388842575 processed chunks


$ du -sh singularity.galaxyproject.org/
6.3T	singularity.galaxyproject.org/
```

- Can I check the integrity or the completness of the repo?
```
$ /usr/bin/cvmfs_server check singularity.galaxyproject.org
Verifying integrity of singularity.galaxyproject.org...
failed to fetch repository manifest (1 - failed to download)
failed to load repository manifest
```
Is it normal?

- What next? 
  - Do we need to make this server available? with the 80 port?

"
https://api.github.com/repos/galaxyproject/ansible-cvmfs/issues/33,https://api.github.com/repos/galaxyproject/ansible-cvmfs,https://api.github.com/repos/galaxyproject/ansible-cvmfs/issues/33/labels{/name},https://api.github.com/repos/galaxyproject/ansible-cvmfs/issues/33/comments,https://api.github.com/repos/galaxyproject/ansible-cvmfs/issues/33/events,https://github.com/galaxyproject/ansible-cvmfs/issues/33,820973850,MDU6SXNzdWU4MjA5NzM4NTA=,33,"Failure in ""remove per-repository garbage collection cron jobs"" step",bedroge,,closed,False,natefoo,natefoo,,2,2021-03-03T10:29:32Z,2021-08-10T16:15:51Z,2021-08-10T16:15:51Z,CONTRIBUTOR,"This new step in https://github.com/galaxyproject/ansible-cvmfs/blob/master/tasks/gc.yml#L3 is failing for me, because `user` is not defined:
```
missing parameter(s) required by 'cron_file': user
```

Also see:
https://docs.ansible.com/ansible/latest/collections/ansible/builtin/cron_module.html#parameter-cron_file
```
To use the cron_file parameter you must specify the user as well.
```"
https://api.github.com/repos/galaxyproject/ansible-cvmfs/issues/30,https://api.github.com/repos/galaxyproject/ansible-cvmfs,https://api.github.com/repos/galaxyproject/ansible-cvmfs/issues/30/labels{/name},https://api.github.com/repos/galaxyproject/ansible-cvmfs/issues/30/comments,https://api.github.com/repos/galaxyproject/ansible-cvmfs/issues/30/events,https://github.com/galaxyproject/ansible-cvmfs/issues/30,770962327,MDU6SXNzdWU3NzA5NjIzMjc=,30,Crashes when running the role for the GAT,hexylena,,closed,False,,,,3,2020-12-18T15:14:06Z,2021-01-04T10:58:15Z,2021-01-04T10:58:15Z,MEMBER,"```
ubuntu@gat-0:~/galaxy$ sudo cvmfs_config  chksetup
Error: failed to load cvmfs library, tried: './libcvmfs_fuse3_stub.so' '/usr/lib/libcvmfs_fuse3_stub.so' '/usr/lib64/libcvmfs_fuse3_stub.so' './libcvmfs_fuse_stub.so' '/usr/lib/libcvmfs_fuse_stub.so' '/usr/lib64/libcvmfs_fuse_stub.so'
./libcvmfs_fuse3_stub.so: cannot open shared object file: No such file or directory
/usr/lib/libcvmfs_fuse3_stub.so: cannot open shared object file: No such file or directory
/usr/lib64/libcvmfs_fuse3_stub.so: cannot open shared object file: No such file or directory
./libcvmfs_fuse_stub.so: cannot open shared object file: No such file or directory
libcrypto.so.1.0.0: cannot open shared object file: No such file or directory
/usr/lib64/libcvmfs_fuse_stub.so: cannot open shared object file: No such file or directory

CVMFS_USER variable is empty
Error: failed to run /usr/bin/fusermount as cvmfs user
Error: /dev/fuse is not readable by cvmfs user
Error: /dev/fuse is not writable by cvmfs user
Error: /etc/nsswitch not readable by cvmfs user
```

"
https://api.github.com/repos/galaxyproject/ansible-cvmfs/issues/24,https://api.github.com/repos/galaxyproject/ansible-cvmfs,https://api.github.com/repos/galaxyproject/ansible-cvmfs/issues/24/labels{/name},https://api.github.com/repos/galaxyproject/ansible-cvmfs/issues/24/comments,https://api.github.com/repos/galaxyproject/ansible-cvmfs/issues/24/events,https://github.com/galaxyproject/ansible-cvmfs/issues/24,673247370,MDU6SXNzdWU2NzMyNDczNzA=,24,Need ability to set the client cache location,Slugger70,,closed,False,,,,0,2020-08-05T04:39:12Z,2020-09-15T05:21:46Z,2020-09-15T05:21:46Z,CONTRIBUTOR,"In client install the default location for the cvmfs cache is set to be in `CVMFS_CACHE_BASE=/var/lib/cvmfs` and this is not ideal in some situations or in cases where the disk that /var is on is not big enough for the desired cache size. 

Could this be parameterized in the role with a default set to the above?

For example on all of Galaxy Australia's workers, the cache has been relocated to /mnt/cvmfs_cache/shared."
https://api.github.com/repos/galaxyproject/ansible-cvmfs/issues/16,https://api.github.com/repos/galaxyproject/ansible-cvmfs,https://api.github.com/repos/galaxyproject/ansible-cvmfs/issues/16/labels{/name},https://api.github.com/repos/galaxyproject/ansible-cvmfs/issues/16/comments,https://api.github.com/repos/galaxyproject/ansible-cvmfs/issues/16/events,https://github.com/galaxyproject/ansible-cvmfs/issues/16,464243509,MDU6SXNzdWU0NjQyNDM1MDk=,16,Fix deprecation warnings,natefoo,,closed,False,,,,0,2019-07-04T12:36:10Z,2019-07-04T12:52:10Z,2019-07-04T12:52:10Z,MEMBER,"```
TASK [galaxyproject.cvmfs : Set facts for CVMFS config repository, if enabled] ***
[DEPRECATION WARNING]: evaluating cvmfs_config_repo as a bare variable, this
behaviour will go away and you might need to add |bool to the expression in the
 future. Also see CONDITIONAL_BARE_VARS configuration toggle.. This feature
will be removed in version 2.12. Deprecation warnings can be disabled by
setting deprecation_warnings=False in ansible.cfg.

TASK [galaxyproject.cvmfs : Install apt dependencies] **************************
[DEPRECATION WARNING]: Invoking ""apt"" only once while using a loop via
squash_actions is deprecated. Instead of using a loop to supply multiple items
and specifying `name: ""{{ item }}""`, please use `name: ['apt-transport-https',
'ca-certificates']` and remove the loop. This feature will be removed in
version 2.11. Deprecation warnings can be disabled by setting
deprecation_warnings=False in ansible.cfg.

TASK [galaxyproject.cvmfs : Install cvmfs_wipecache setuid binary] *************
[DEPRECATION WARNING]: evaluating cvmfs_install_setuid_cvmfs_wipecache as a
bare variable, this behaviour will go away and you might need to add |bool to
the expression in the future. Also see CONDITIONAL_BARE_VARS configuration
toggle.. This feature will be removed in version 2.12. Deprecation warnings can
 be disabled by setting deprecation_warnings=False in ansible.cfg.

TASK [galaxyproject.cvmfs : Install cvmfs_remount_sync setuid binary] **********
[DEPRECATION WARNING]: evaluating cvmfs_install_setuid_cvmfs_remount_sync as a
bare variable, this behaviour will go away and you might need to add |bool to
the expression in the future. Also see CONDITIONAL_BARE_VARS configuration
toggle.. This feature will be removed in version 2.12. Deprecation warnings can
 be disabled by setting deprecation_warnings=False in ansible.cfg.

TASK [galaxyproject.cvmfs : Download cvmfs_preload utility when desired] *******
[DEPRECATION WARNING]: evaluating cvmfs_preload_install as a bare variable,
this behaviour will go away and you might need to add |bool to the expression
in the future. Also see CONDITIONAL_BARE_VARS configuration toggle.. This
feature will be removed in version 2.12. Deprecation warnings can be disabled
by setting deprecation_warnings=False in ansible.cfg.
```

"
https://api.github.com/repos/galaxyproject/ansible-cvmfs/issues/10,https://api.github.com/repos/galaxyproject/ansible-cvmfs,https://api.github.com/repos/galaxyproject/ansible-cvmfs/issues/10/labels{/name},https://api.github.com/repos/galaxyproject/ansible-cvmfs/issues/10/comments,https://api.github.com/repos/galaxyproject/ansible-cvmfs/issues/10/events,https://github.com/galaxyproject/ansible-cvmfs/issues/10,405283838,MDU6SXNzdWU0MDUyODM4Mzg=,10,Fix always-changed tasks,natefoo,,closed,False,,,,0,2019-01-31T14:56:22Z,2019-03-27T13:13:26Z,2019-03-27T13:13:26Z,MEMBER,"```
TASK [galaxyproject.cvmfs : Perform AutoFS and FUSE configuration for CernVM-FS] ***
changed: [jan-2019-training-inst-3.training.galaxyproject.eu]
```"
https://api.github.com/repos/galaxyproject/ansible-cvmfs/issues/7,https://api.github.com/repos/galaxyproject/ansible-cvmfs,https://api.github.com/repos/galaxyproject/ansible-cvmfs/issues/7/labels{/name},https://api.github.com/repos/galaxyproject/ansible-cvmfs/issues/7/comments,https://api.github.com/repos/galaxyproject/ansible-cvmfs/issues/7/events,https://github.com/galaxyproject/ansible-cvmfs/issues/7,337826446,MDU6SXNzdWUzMzc4MjY0NDY=,7,Add cvmfs1-ufr0.usegalaxy.eu,hexylena,,closed,False,,,,0,2018-07-03T09:54:59Z,2019-01-10T16:11:56Z,2019-01-10T16:11:56Z,MEMBER,after #5 is merged
https://api.github.com/repos/galaxyproject/ansible-cvmfs/issues/3,https://api.github.com/repos/galaxyproject/ansible-cvmfs,https://api.github.com/repos/galaxyproject/ansible-cvmfs/issues/3/labels{/name},https://api.github.com/repos/galaxyproject/ansible-cvmfs/issues/3/comments,https://api.github.com/repos/galaxyproject/ansible-cvmfs/issues/3/events,https://github.com/galaxyproject/ansible-cvmfs/issues/3,325337790,MDU6SXNzdWUzMjUzMzc3OTA=,3,cvmfs_stratum1_servers unused?,hexylena,,closed,False,,,,0,2018-05-22T15:07:26Z,2018-07-03T09:54:43Z,2018-07-03T09:54:43Z,MEMBER,
