URL,Repository URL,Labels URL,Comments URL,Events URL,HTML URL,ID,Node ID,Number,Title,User,Labels,State,Locked,Assignee,Assignees,Milestone,Comments,Created At,Updated At,Closed At,Author Association,Body
https://api.github.com/repos/galaxyproject/dockstore-galaxy-interface/issues/26,https://api.github.com/repos/galaxyproject/dockstore-galaxy-interface,https://api.github.com/repos/galaxyproject/dockstore-galaxy-interface/issues/26/labels{/name},https://api.github.com/repos/galaxyproject/dockstore-galaxy-interface/issues/26/comments,https://api.github.com/repos/galaxyproject/dockstore-galaxy-interface/issues/26/events,https://github.com/galaxyproject/dockstore-galaxy-interface/issues/26,1310215098,I_kwDOC75GJM5OGEu6,26,NPE Parsing a workflow,coverbeck,,open,False,,,,4,2022-07-20T00:02:12Z,2022-07-21T17:16:09Z,,COLLABORATOR,"Dockstore is failing to register this [workflow](https://github.com/nebiolabs/neb-galaxy-workflows/blob/f3ab079e9b365794727c13a5da3daea064a26513/nebnext-immune-sequencing/presto_immune_sequencing_v3.20.ga) from this repo: https://github.com/nebiolabs/neb-galaxy-workflows

I tried debugging it a little, and this plugin is throwing an NPE, so there's not even an error message that the end-user sees.

Here's the stack trace I see when running in the plugin locally (I added a test in my local repo, hence the `testPrestoImmuneValidation` method which doesn't exist in this repo:

```
java.lang.NullPointerException
	at org.galaxyproject.gxformat2.v19_09.utils.LoadingOptions.expandUrl(LoadingOptions.java:93)
	at org.galaxyproject.gxformat2.v19_09.utils.UriLoader.expandUrl(UriLoader.java:26)
	at org.galaxyproject.gxformat2.v19_09.utils.UriLoader.load(UriLoader.java:48)
	at org.galaxyproject.gxformat2.v19_09.utils.Loader.load(Loader.java:16)
	at org.galaxyproject.gxformat2.v19_09.utils.Loader.loadField(Loader.java:85)
	at org.galaxyproject.gxformat2.v19_09.WorkflowStepInputImpl.<init>(WorkflowStepInputImpl.java:149)
	at java.base/jdk.internal.reflect.NativeConstructorAccessorImpl.newInstance0(Native Method)
	at java.base/jdk.internal.reflect.NativeConstructorAccessorImpl.newInstance(NativeConstructorAccessorImpl.java:62)
	at java.base/jdk.internal.reflect.DelegatingConstructorAccessorImpl.newInstance(DelegatingConstructorAccessorImpl.java:45)
	at java.base/java.lang.reflect.Constructor.newInstance(Constructor.java:490)
	at org.galaxyproject.gxformat2.v19_09.utils.RecordLoader.load(RecordLoader.java:23)
	at org.galaxyproject.gxformat2.v19_09.utils.RecordLoader.load(RecordLoader.java:6)
	at org.galaxyproject.gxformat2.v19_09.utils.UnionLoader.load(UnionLoader.java:26)
	at org.galaxyproject.gxformat2.v19_09.utils.Loader.load(Loader.java:16)
	at org.galaxyproject.gxformat2.v19_09.utils.Loader.loadField(Loader.java:85)
	at org.galaxyproject.gxformat2.v19_09.utils.ArrayLoader.load(ArrayLoader.java:27)
	at org.galaxyproject.gxformat2.v19_09.utils.ArrayLoader.load(ArrayLoader.java:6)
	at org.galaxyproject.gxformat2.v19_09.utils.OptionalLoader.load(OptionalLoader.java:20)
	at org.galaxyproject.gxformat2.v19_09.utils.OptionalLoader.load(OptionalLoader.java:5)
	at org.galaxyproject.gxformat2.v19_09.utils.Loader.load(Loader.java:16)
	at org.galaxyproject.gxformat2.v19_09.utils.IdMapLoader.load(IdMapLoader.java:51)
	at org.galaxyproject.gxformat2.v19_09.utils.Loader.load(Loader.java:16)
	at org.galaxyproject.gxformat2.v19_09.utils.Loader.loadField(Loader.java:85)
	at org.galaxyproject.gxformat2.v19_09.WorkflowStepImpl.<init>(WorkflowStepImpl.java:476)
	at java.base/jdk.internal.reflect.NativeConstructorAccessorImpl.newInstance0(Native Method)
	at java.base/jdk.internal.reflect.NativeConstructorAccessorImpl.newInstance(NativeConstructorAccessorImpl.java:62)
	at java.base/jdk.internal.reflect.DelegatingConstructorAccessorImpl.newInstance(DelegatingConstructorAccessorImpl.java:45)
	at java.base/java.lang.reflect.Constructor.newInstance(Constructor.java:490)
	at org.galaxyproject.gxformat2.v19_09.utils.RecordLoader.load(RecordLoader.java:23)
	at org.galaxyproject.gxformat2.v19_09.utils.RecordLoader.load(RecordLoader.java:6)
	at org.galaxyproject.gxformat2.v19_09.utils.UnionLoader.load(UnionLoader.java:26)
	at org.galaxyproject.gxformat2.v19_09.utils.Loader.load(Loader.java:16)
	at org.galaxyproject.gxformat2.v19_09.utils.Loader.loadField(Loader.java:85)
	at org.galaxyproject.gxformat2.v19_09.utils.ArrayLoader.load(ArrayLoader.java:27)
	at org.galaxyproject.gxformat2.v19_09.utils.ArrayLoader.load(ArrayLoader.java:6)
	at org.galaxyproject.gxformat2.v19_09.utils.Loader.load(Loader.java:16)
	at org.galaxyproject.gxformat2.v19_09.utils.IdMapLoader.load(IdMapLoader.java:51)
	at org.galaxyproject.gxformat2.v19_09.utils.Loader.load(Loader.java:16)
	at org.galaxyproject.gxformat2.v19_09.utils.Loader.loadField(Loader.java:85)
	at org.galaxyproject.gxformat2.v19_09.GalaxyWorkflowImpl.<init>(GalaxyWorkflowImpl.java:311)
	at java.base/jdk.internal.reflect.NativeConstructorAccessorImpl.newInstance0(Native Method)
	at java.base/jdk.internal.reflect.NativeConstructorAccessorImpl.newInstance(NativeConstructorAccessorImpl.java:62)
	at java.base/jdk.internal.reflect.DelegatingConstructorAccessorImpl.newInstance(DelegatingConstructorAccessorImpl.java:45)
	at java.base/java.lang.reflect.Constructor.newInstance(Constructor.java:490)
	at org.galaxyproject.gxformat2.v19_09.utils.RecordLoader.load(RecordLoader.java:23)
	at org.galaxyproject.gxformat2.v19_09.utils.RecordLoader.load(RecordLoader.java:6)
	at org.galaxyproject.gxformat2.v19_09.utils.UnionLoader.load(UnionLoader.java:26)
	at org.galaxyproject.gxformat2.v19_09.utils.Loader.documentLoad(Loader.java:41)
	at org.galaxyproject.gxformat2.v19_09.utils.RootLoader.loadDocument(RootLoader.java:18)
	at org.galaxyproject.gxformat2.v19_09.utils.RootLoader.loadDocument(RootLoader.java:23)
	at org.galaxyproject.gxformat2.v19_09.utils.RootLoader.loadDocument(RootLoader.java:27)
	at org.galaxyproject.gxformat2.Format2Linter.lint(Format2Linter.java:10)
	at org.galaxyproject.gxformat2.Lint.lint(Lint.java:20)
	at org.galaxyproject.dockstore_galaxy_interface.language.GalaxyWorkflowPlugin$GalaxyWorkflowPluginImpl.validateWorkflowSet(GalaxyWorkflowPlugin.java:115)
	at org.galaxyproject.dockstore_galaxy_interface.language.GalaxyWorkflowLanguagePluginTest.testPrestoImmuneValidation(GalaxyWorkflowLanguagePluginTest.java:173)
	at java.base/jdk.internal.reflect.NativeMethodAccessorImpl.invoke0(Native Method)
	at java.base/jdk.internal.reflect.NativeMethodAccessorImpl.invoke(NativeMethodAccessorImpl.java:62)
	at java.base/jdk.internal.reflect.DelegatingMethodAccessorImpl.invoke(DelegatingMethodAccessorImpl.java:43)
	at java.base/java.lang.reflect.Method.invoke(Method.java:566)
	at org.junit.runners.model.FrameworkMethod$1.runReflectiveCall(FrameworkMethod.java:50)
	at org.junit.internal.runners.model.ReflectiveCallable.run(ReflectiveCallable.java:12)
	at org.junit.runners.model.FrameworkMethod.invokeExplosively(FrameworkMethod.java:47)
	at org.junit.internal.runners.statements.InvokeMethod.evaluate(InvokeMethod.java:17)
	at org.junit.runners.ParentRunner.runLeaf(ParentRunner.java:325)
	at org.junit.runners.BlockJUnit4ClassRunner.runChild(BlockJUnit4ClassRunner.java:78)
	at org.junit.runners.BlockJUnit4ClassRunner.runChild(BlockJUnit4ClassRunner.java:57)
	at org.junit.runners.ParentRunner$3.run(ParentRunner.java:290)
	at org.junit.runners.ParentRunner$1.schedule(ParentRunner.java:71)
	at org.junit.runners.ParentRunner.runChildren(ParentRunner.java:288)
	at org.junit.runners.ParentRunner.access$000(ParentRunner.java:58)
	at org.junit.runners.ParentRunner$2.evaluate(ParentRunner.java:268)
	at org.junit.runners.ParentRunner.run(ParentRunner.java:363)
	at org.junit.runners.Suite.runChild(Suite.java:128)
	at org.junit.runners.Suite.runChild(Suite.java:27)
	at org.junit.runners.ParentRunner$3.run(ParentRunner.java:290)
	at org.junit.runners.ParentRunner$1.schedule(ParentRunner.java:71)
	at org.junit.runners.ParentRunner.runChildren(ParentRunner.java:288)
	at org.junit.runners.ParentRunner.access$000(ParentRunner.java:58)
	at org.junit.runners.ParentRunner$2.evaluate(ParentRunner.java:268)
	at org.junit.runners.ParentRunner.run(ParentRunner.java:363)
	at org.junit.runner.JUnitCore.run(JUnitCore.java:137)
	at com.intellij.junit4.JUnit4IdeaTestRunner.startRunnerWithArgs(JUnit4IdeaTestRunner.java:69)
	at com.intellij.rt.junit.IdeaTestRunner$Repeater$1.execute(IdeaTestRunner.java:38)
	at com.intellij.rt.execution.junit.TestsRepeater.repeat(TestsRepeater.java:11)
	at com.intellij.rt.junit.IdeaTestRunner$Repeater.startRunnerWithArgs(IdeaTestRunner.java:35)
	at com.intellij.rt.junit.JUnitStarter.prepareStreamsAndStart(JUnitStarter.java:235)
	at com.intellij.rt.junit.JUnitStarter.main(JUnitStarter.java:54)
```"
https://api.github.com/repos/galaxyproject/dockstore-galaxy-interface/issues/21,https://api.github.com/repos/galaxyproject/dockstore-galaxy-interface,https://api.github.com/repos/galaxyproject/dockstore-galaxy-interface/issues/21/labels{/name},https://api.github.com/repos/galaxyproject/dockstore-galaxy-interface/issues/21/comments,https://api.github.com/repos/galaxyproject/dockstore-galaxy-interface/issues/21/events,https://github.com/galaxyproject/dockstore-galaxy-interface/issues/21,951608231,MDU6SXNzdWU5NTE2MDgyMzE=,21,ClassCastException on DAG generation or parsing tools,denis-yuen,,closed,False,,,,2,2021-07-23T14:01:48Z,2023-01-09T20:30:31Z,2023-01-09T20:30:31Z,COLLABORATOR,"500 error, should be some other error code depending on the workflow in question

```
2021-07-23T07:44:38.033-04:00	ERROR [2021-07-23 11:44:38,032] io.dropwizard.jersey.errors.LoggingExceptionMapper: Error handling a request: f2e3eb6f5144bcdc
	2021-07-23T07:44:38.033-04:00	! java.lang.ClassCastException: class java.util.LinkedHashMap cannot be cast to class java.lang.String (java.util.LinkedHashMap and java.lang.String are in module java.base of loader 'bootstrap')
	2021-07-23T07:44:38.033-04:00	! at org.galaxyproject.gxformat2.Format2WorkflowAdapter.normalizedSteps(Format2WorkflowAdapter.java:32)
	2021-07-23T07:44:38.033-04:00	! at org.galaxyproject.gxformat2.Cytoscape.getElements(Cytoscape.java:72)
	2021-07-23T07:44:38.033-04:00
! at org.galaxyproject.dockstore_galaxy_interface.language.GalaxyWorkflowPlugin$GalaxyWorkflowPluginImpl.loadCytoscapeElements(GalaxyWorkflowPlugin.java:67)
	! at org.galaxyproject.dockstore_galaxy_interface.language.GalaxyWorkflowPlugin$GalaxyWorkflowPluginImpl.loadCytoscapeElements(GalaxyWorkflowPlugin.java:67)
	2021-07-23T07:44:38.033-04:00	! at io.dockstore.webservice.languages.LanguagePluginHandler.getContent(LanguagePluginHandler.java:188)
	2021-07-23T07:44:38.033-04:00	! at io.dockstore.webservice.languages.LanguageHandlerInterface.getCleanDAG(LanguageHandlerInterface.java:170)
	2021-07-23T07:44:38.033-04:00	! at io.dockstore.webservice.resources.WorkflowResource.getWorkflowDag(WorkflowResource.java:1361)
```

```
2021-07-23T07:42:30.479-04:00	ERROR [2021-07-23 11:42:30,478] io.dropwizard.jersey.errors.LoggingExceptionMapper: Error handling a request: f67c65bbef4f9ffe
	2021-07-23T07:42:30.479-04:00	! java.lang.ClassCastException: class java.util.LinkedHashMap cannot be cast to class java.lang.String (java.util.LinkedHashMap and java.lang.String are in module java.base of loader 'bootstrap')
	2021-07-23T07:42:30.479-04:00	! at org.galaxyproject.gxformat2.Format2WorkflowAdapter.normalizedSteps(Format2WorkflowAdapter.java:32)
	2021-07-23T07:42:30.479-04:00	! at org.galaxyproject.gxformat2.Cytoscape.getElements(Cytoscape.java:72)
	2021-07-23T07:42:30.479-04:00	! at org.galaxyproject.dockstore_galaxy_interface.language.GalaxyWorkflowPlugin$GalaxyWorkflowPluginImpl.generateToolsTable(GalaxyWorkflowPlugin.java:76)
	2021-07-23T07:42:30.479-04:00	! at io.dockstore.webservice.languages.LanguagePluginHandler.getContent(LanguagePluginHandler.java:195)
	2021-07-23T07:42:30.479-04:00	! at io.dockstore.webservice.resources.WorkflowResource.getTableToolContent(WorkflowResource.java:1407)
```

Requests are https://dockstore.org/my-workflows/github.com/mvdbeek/bioinformatics-workflows/salmon-proof-of-concept-galaxy and https://dockstore.org/my-workflows/github.com/mvdbeek/bioinformatics-workflows/salmon-proof-of-concept-galaxy "
https://api.github.com/repos/galaxyproject/dockstore-galaxy-interface/issues/11,https://api.github.com/repos/galaxyproject/dockstore-galaxy-interface,https://api.github.com/repos/galaxyproject/dockstore-galaxy-interface/issues/11/labels{/name},https://api.github.com/repos/galaxyproject/dockstore-galaxy-interface/issues/11/comments,https://api.github.com/repos/galaxyproject/dockstore-galaxy-interface/issues/11/events,https://github.com/galaxyproject/dockstore-galaxy-interface/issues/11,571606811,MDU6SXNzdWU1NzE2MDY4MTE=,11,Get Docker image from Galaxy Descriptor files,agduncan94,,open,False,,,,0,2020-02-26T19:30:42Z,2020-02-26T19:30:42Z,,NONE,We need to extend the galaxy plugin to pull the Docker information for the tool table and DAG. See https://github.com/galaxyproject/dockstore-galaxy-interface/blob/0.0.3/src/main/java/org/galaxyproject/gxformat2/Cytoscape.java#L71 for where to start.
https://api.github.com/repos/galaxyproject/dockstore-galaxy-interface/issues/2,https://api.github.com/repos/galaxyproject/dockstore-galaxy-interface,https://api.github.com/repos/galaxyproject/dockstore-galaxy-interface/issues/2/labels{/name},https://api.github.com/repos/galaxyproject/dockstore-galaxy-interface/issues/2/comments,https://api.github.com/repos/galaxyproject/dockstore-galaxy-interface/issues/2/events,https://github.com/galaxyproject/dockstore-galaxy-interface/issues/2,528245978,MDU6SXNzdWU1MjgyNDU5Nzg=,2,Implement outline of validation.,jmchilton,,closed,False,,,,1,2019-11-25T17:58:32Z,2019-12-11T02:07:43Z,2019-12-11T02:07:43Z,MEMBER,"Maybe a common library between Python and Java. Test cases for both, expose in the GUI."
https://api.github.com/repos/galaxyproject/dockstore-galaxy-interface/issues/1,https://api.github.com/repos/galaxyproject/dockstore-galaxy-interface,https://api.github.com/repos/galaxyproject/dockstore-galaxy-interface/issues/1/labels{/name},https://api.github.com/repos/galaxyproject/dockstore-galaxy-interface/issues/1/comments,https://api.github.com/repos/galaxyproject/dockstore-galaxy-interface/issues/1/events,https://github.com/galaxyproject/dockstore-galaxy-interface/issues/1,528245254,MDU6SXNzdWU1MjgyNDUyNTQ=,1,Test Parameter Files,jmchilton,,closed,False,,,,0,2019-11-25T17:57:05Z,2020-07-23T15:28:45Z,2020-07-23T15:28:45Z,MEMBER,"Find test parameter files. Implement return them in ``indexWorkflowFiles``.
"
