URL,Repository URL,Labels URL,Comments URL,Events URL,HTML URL,ID,Node ID,Number,Title,User,Labels,State,Locked,Assignee,Assignees,Milestone,Comments,Created At,Updated At,Closed At,Author Association,Body
https://api.github.com/repos/galaxyproject/GTN-community-paper-2020/issues/3,https://api.github.com/repos/galaxyproject/GTN-community-paper-2020,https://api.github.com/repos/galaxyproject/GTN-community-paper-2020/issues/3/labels{/name},https://api.github.com/repos/galaxyproject/GTN-community-paper-2020/issues/3/comments,https://api.github.com/repos/galaxyproject/GTN-community-paper-2020/issues/3/events,https://github.com/galaxyproject/GTN-community-paper-2020/issues/3,1097788459,I_kwDOEAXTys5Bbuwr,3,Final steps from community:  see this GTN issue!,hexylena,,open,True,,,,0,2022-01-10T11:31:31Z,2022-01-10T11:31:41Z,,MEMBER,Please see here for what community members should do! https://github.com/galaxyproject/training-material/issues/3107
https://api.github.com/repos/galaxyproject/GTN-community-paper-2020/issues/2,https://api.github.com/repos/galaxyproject/GTN-community-paper-2020,https://api.github.com/repos/galaxyproject/GTN-community-paper-2020/issues/2/labels{/name},https://api.github.com/repos/galaxyproject/GTN-community-paper-2020/issues/2/comments,https://api.github.com/repos/galaxyproject/GTN-community-paper-2020/issues/2/events,https://github.com/galaxyproject/GTN-community-paper-2020/issues/2,1010722376,I_kwDOEAXTys48PmZI,2,Final steps for publishing,hexylena,,open,True,,,,5,2021-09-29T09:31:39Z,2022-04-15T07:58:57Z,,MEMBER,"Up for grabs
- [ ] Expand a bit remote/hybrid each (just mention the events we've done. based on smörgåsbord, other events took place.)

@shiltemann 
- [x] Check text for making sense, is the ordering sensible, etc.
- [x] Section missing on training biomedical scientists. Should we remove it?
- [ ] Check text for missing changes since we started writing (xref @shiltemann's presentation for GCC)
- [x] Writes something on Jupyter Notebooks. 

@hexylena 
- [x] Maybe restructure table 2 to display it more nicely that makes it easier to read? Check the content there too
- [x] Make tiaas' api easier to access. (year, country, people, gtn?)
- [x] Table 3 to 'supplementary'"
