URL,Repository URL,Labels URL,Comments URL,Events URL,HTML URL,ID,Node ID,Number,Title,User,Labels,State,Locked,Assignee,Assignees,Milestone,Comments,Created At,Updated At,Closed At,Author Association,Body
https://api.github.com/repos/galaxyproject/itcr/issues/6,https://api.github.com/repos/galaxyproject/itcr,https://api.github.com/repos/galaxyproject/itcr/issues/6/labels{/name},https://api.github.com/repos/galaxyproject/itcr/issues/6/comments,https://api.github.com/repos/galaxyproject/itcr/issues/6/events,https://github.com/galaxyproject/itcr/issues/6,420771378,MDU6SXNzdWU0MjA3NzEzNzg=,6,Extend Galaxy for in-place data analysis,jgoecks,,open,False,martenson,"martenson, VJalili, luke-c-sargent",,0,2019-03-13T23:52:44Z,2019-03-13T23:53:00Z,,CONTRIBUTOR,"Goal: Analyze Gen3 datasets in place using Galaxy tools/workflows

Approach: 
- Use Gen3-FUSE for dataset access
- Extend ObjectStore to use Gen3-FUSE data when needed for analysis
- Extend tools to work when metadata not available OR develop library to create Galaxy metadata for inclusion in Gen3
- Persist user file names.

"
https://api.github.com/repos/galaxyproject/itcr/issues/5,https://api.github.com/repos/galaxyproject/itcr,https://api.github.com/repos/galaxyproject/itcr/issues/5/labels{/name},https://api.github.com/repos/galaxyproject/itcr/issues/5/comments,https://api.github.com/repos/galaxyproject/itcr/issues/5/events,https://github.com/galaxyproject/itcr/issues/5,420770306,MDU6SXNzdWU0MjA3NzAzMDY=,5,Register data with Galaxy,jgoecks,,open,False,martenson,"martenson, luke-c-sargent",,0,2019-03-13T23:48:03Z,2019-03-13T23:48:03Z,,CONTRIBUTOR,"Assumptions
- Input is manifest from Gen3
- There is running Galaxy server

Goal 1: use Galaxy libraries to get data into Galaxy through symlinks via Gen3-FUSE

Goal 2: extend Galaxy to import dataset UUIDs + metadata from Gen3
- Do not sniff metadata on import/upload
- Add API call to create LDDA or HDA using metadata + URL (or UUID to be resolved at runtime)
"
https://api.github.com/repos/galaxyproject/itcr/issues/4,https://api.github.com/repos/galaxyproject/itcr,https://api.github.com/repos/galaxyproject/itcr/issues/4/labels{/name},https://api.github.com/repos/galaxyproject/itcr/issues/4/comments,https://api.github.com/repos/galaxyproject/itcr/issues/4/events,https://github.com/galaxyproject/itcr/issues/4,420765076,MDU6SXNzdWU0MjA3NjUwNzY=,4,Start up Galaxy on Cancer cloud,jgoecks,,open,False,afgane,"afgane, VJalili",,0,2019-03-13T23:27:40Z,2019-03-13T23:27:40Z,,CONTRIBUTOR,"Goal: Launch Galaxy in Gen3 K8 cluster
Approach: Use cloud launch to launch Galaxy in cancer cloud
Questions:
- Want a galaxyhub Gen3 microservice?
- Which Gen3 microservices are needed by Galaxy?
- How are tool installations handled?
"
https://api.github.com/repos/galaxyproject/itcr/issues/3,https://api.github.com/repos/galaxyproject/itcr,https://api.github.com/repos/galaxyproject/itcr/issues/3/labels{/name},https://api.github.com/repos/galaxyproject/itcr/issues/3/comments,https://api.github.com/repos/galaxyproject/itcr/issues/3/events,https://github.com/galaxyproject/itcr/issues/3,420764073,MDU6SXNzdWU0MjA3NjQwNzM=,3,Select Data,jgoecks,,open,False,luke-c-sargent,luke-c-sargent,,0,2019-03-13T23:23:46Z,2019-03-13T23:26:09Z,,CONTRIBUTOR,"Goal: Connect Gen3 Windmill data browser to Galaxy

Tasks:

- Create Galaxy data source for Windmill
- Add “Analyze in Galaxy” button to Windmill

Output from data selection: manifest file that is automatically sent to Galaxy
"
https://api.github.com/repos/galaxyproject/itcr/issues/2,https://api.github.com/repos/galaxyproject/itcr,https://api.github.com/repos/galaxyproject/itcr/issues/2/labels{/name},https://api.github.com/repos/galaxyproject/itcr/issues/2/comments,https://api.github.com/repos/galaxyproject/itcr/issues/2/events,https://github.com/galaxyproject/itcr/issues/2,420763021,MDU6SXNzdWU0MjA3NjMwMjE=,2,Authenticate/authorize with Gen3 Fence,jgoecks,,open,False,VJalili,VJalili,,2,2019-03-13T23:19:57Z,2019-03-27T18:49:46Z,,CONTRIBUTOR,"Goal: Get credentials needed to act on behalf of user—access data, run compute.
Approach: Create PSA backend to talk with Gen3 Fence
Questions: Can we use Fence to log in to Galaxy?

Related to #1 

"
https://api.github.com/repos/galaxyproject/itcr/issues/1,https://api.github.com/repos/galaxyproject/itcr,https://api.github.com/repos/galaxyproject/itcr/issues/1/labels{/name},https://api.github.com/repos/galaxyproject/itcr/issues/1/comments,https://api.github.com/repos/galaxyproject/itcr/issues/1/events,https://github.com/galaxyproject/itcr/issues/1,417574318,MDU6SXNzdWU0MTc1NzQzMTg=,1,Does Gen3 offer any OIDC IdP service?,VJalili,,open,False,,,,0,2019-03-06T01:06:17Z,2019-03-06T01:06:17Z,,MEMBER,"If it is only a broker, can we add the same backends it supports to Galaxy (via PSA)?"
