URL,Repository URL,Labels URL,Comments URL,Events URL,HTML URL,ID,Node ID,Number,Title,User,Labels,State,Locked,Assignee,Assignees,Milestone,Comments,Created At,Updated At,Closed At,Author Association,Body
https://api.github.com/repos/galaxyproject/galaxy_mentor_network/issues/64,https://api.github.com/repos/galaxyproject/galaxy_mentor_network,https://api.github.com/repos/galaxyproject/galaxy_mentor_network/issues/64/labels{/name},https://api.github.com/repos/galaxyproject/galaxy_mentor_network/issues/64/comments,https://api.github.com/repos/galaxyproject/galaxy_mentor_network/issues/64/events,https://github.com/galaxyproject/galaxy_mentor_network/issues/64,1166272007,I_kwDOGs5Gtc5Fg-YH,64,Group Mentoring,rahmot,,open,False,,,,0,2022-03-11T10:50:15Z,2022-03-11T10:50:15Z,,CONTRIBUTOR,- [ ] Introduce group mentoring.
https://api.github.com/repos/galaxyproject/galaxy_mentor_network/issues/63,https://api.github.com/repos/galaxyproject/galaxy_mentor_network,https://api.github.com/repos/galaxyproject/galaxy_mentor_network/issues/63/labels{/name},https://api.github.com/repos/galaxyproject/galaxy_mentor_network/issues/63/comments,https://api.github.com/repos/galaxyproject/galaxy_mentor_network/issues/63/events,https://github.com/galaxyproject/galaxy_mentor_network/issues/63,1166270889,I_kwDOGs5Gtc5Fg-Gp,63,Introductory Slide Template,rahmot,,open,False,,,,0,2022-03-11T10:49:01Z,2022-03-11T10:49:01Z,,CONTRIBUTOR,- [ ] Prepare introductory slide template for Network (Gmentee and Gmentor) to use on their first call. Here is a [sample](https://docs.google.com/presentation/d/1ldkpTlGa84jvl9QXErORvKoA22zcGv7bpDBKyi9mA1Y/edit#slide=id.g10457bd95f8_0_419).
https://api.github.com/repos/galaxyproject/galaxy_mentor_network/issues/62,https://api.github.com/repos/galaxyproject/galaxy_mentor_network,https://api.github.com/repos/galaxyproject/galaxy_mentor_network/issues/62/labels{/name},https://api.github.com/repos/galaxyproject/galaxy_mentor_network/issues/62/comments,https://api.github.com/repos/galaxyproject/galaxy_mentor_network/issues/62/events,https://github.com/galaxyproject/galaxy_mentor_network/issues/62,1166256552,I_kwDOGs5Gtc5Fg6mo,62,FAQ page - collapse content,rahmot,,open,False,,,,0,2022-03-11T10:33:44Z,2022-03-11T10:33:44Z,,CONTRIBUTOR,"For users to easily navigate the [FAQ page](https://galaxy-mentor-network.netlify.app/faq/), it is essential to make it less cluttering. There are lots of information on the page right now, and we will be adding more in the future. 

- [ ] Use any accordion icons (caret, plus, arrow) to collapse the content of each section."
https://api.github.com/repos/galaxyproject/galaxy_mentor_network/issues/61,https://api.github.com/repos/galaxyproject/galaxy_mentor_network,https://api.github.com/repos/galaxyproject/galaxy_mentor_network/issues/61/labels{/name},https://api.github.com/repos/galaxyproject/galaxy_mentor_network/issues/61/comments,https://api.github.com/repos/galaxyproject/galaxy_mentor_network/issues/61/events,https://github.com/galaxyproject/galaxy_mentor_network/issues/61,1163862487,I_kwDOGs5Gtc5FXyHX,61,Testimonials,rahmot,,open,False,,,,0,2022-03-09T12:12:58Z,2022-03-09T12:12:58Z,,CONTRIBUTOR,"Testimonials should appear on the homepage below the `About the program` section.

Once we have received at least 3 feedback from participants, we should:

- [ ] Create the testimonial slider.

"
https://api.github.com/repos/galaxyproject/galaxy_mentor_network/issues/60,https://api.github.com/repos/galaxyproject/galaxy_mentor_network,https://api.github.com/repos/galaxyproject/galaxy_mentor_network/issues/60/labels{/name},https://api.github.com/repos/galaxyproject/galaxy_mentor_network/issues/60/comments,https://api.github.com/repos/galaxyproject/galaxy_mentor_network/issues/60/events,https://github.com/galaxyproject/galaxy_mentor_network/issues/60,1163854243,I_kwDOGs5Gtc5FXwGj,60,Network Page,rahmot,,open,False,,,,0,2022-03-09T12:04:50Z,2022-03-09T12:04:50Z,,CONTRIBUTOR,"The network page is currently empty because there are no participants at the time the website was launched. 

The network page shows the participants in the mentoring program and the projects or goals they achieved during the program.

- [ ] Create 3 YAML files in the data folder to store participants' information (metadata, people, and projects)
- [ ] Write code to automatically display the projects and participants on the network page. [Here](https://github.com/open-life-science/open-life-science.github.io/blob/main/_includes/people.html) is an example."
https://api.github.com/repos/galaxyproject/galaxy_mentor_network/issues/59,https://api.github.com/repos/galaxyproject/galaxy_mentor_network,https://api.github.com/repos/galaxyproject/galaxy_mentor_network/issues/59/labels{/name},https://api.github.com/repos/galaxyproject/galaxy_mentor_network/issues/59/comments,https://api.github.com/repos/galaxyproject/galaxy_mentor_network/issues/59/events,https://github.com/galaxyproject/galaxy_mentor_network/issues/59,1163751595,I_kwDOGs5Gtc5FXXCr,59,Matching Process Schema,rahmot,,open,False,,,,0,2022-03-09T10:23:14Z,2022-03-09T10:23:53Z,,CONTRIBUTOR,"Design the matching process schema so that participants and people visiting the GMN website for the first time can understand how the Gmentor-Gmentee matching process works at a glance.

- [ ] Create the schema
- [ ] Add it to the mentorship Guidelines page on the GMN website
"
https://api.github.com/repos/galaxyproject/galaxy_mentor_network/issues/41,https://api.github.com/repos/galaxyproject/galaxy_mentor_network,https://api.github.com/repos/galaxyproject/galaxy_mentor_network/issues/41/labels{/name},https://api.github.com/repos/galaxyproject/galaxy_mentor_network/issues/41/comments,https://api.github.com/repos/galaxyproject/galaxy_mentor_network/issues/41/events,https://github.com/galaxyproject/galaxy_mentor_network/issues/41,1137316927,I_kwDOGs5Gtc5DyhQ_,41,Fixed nav bar,Chinonyemildred,,open,False,,,,0,2022-02-14T13:35:23Z,2022-02-14T13:35:23Z,,CONTRIBUTOR,"I tried to make the navigation bar fixed so that users will not have to scroll all the way back up to the top of the page before they can click on another page. However, when I added the property `fixed-top`, the nav background color disappeared even though the items were fixed.

<img width=""960"" alt=""Screenshot 2022-02-13 112228"" src=""https://user-images.githubusercontent.com/82679007/153874054-ee54215f-15b4-43aa-a3a1-f3eecd3df4eb.png"">
"
https://api.github.com/repos/galaxyproject/galaxy_mentor_network/issues/23,https://api.github.com/repos/galaxyproject/galaxy_mentor_network,https://api.github.com/repos/galaxyproject/galaxy_mentor_network/issues/23/labels{/name},https://api.github.com/repos/galaxyproject/galaxy_mentor_network/issues/23/comments,https://api.github.com/repos/galaxyproject/galaxy_mentor_network/issues/23/events,https://github.com/galaxyproject/galaxy_mentor_network/issues/23,1124482961,I_kwDOGs5Gtc5DBj-R,23,Help Needed!,Chinonyemildred,,closed,False,,,,5,2022-02-04T18:15:12Z,2022-02-07T13:47:38Z,2022-02-07T13:47:38Z,CONTRIBUTOR,"<img width=""960"" alt=""Screenshot 2022-02-04 190558"" src=""https://user-images.githubusercontent.com/82679007/152580613-2fc0ece8-4ed7-4df7-9f38-a220bb5ebe19.png"">


Please how do I clear out these '14 commits'? I tried @bebatut 's method this evening....I `git checkout main`>`git pull origin main`>`git checkout -b branch name` before I made my edits..

I also did `git log` and only the recent commit I did was in the log yet when I open the commit here, it was still carrying these 14 baggage.

Stackoverflow responses suggested `git reset --hard HEAD`, it didn't help much. 

Please any clues on how to delete them entirely? "
https://api.github.com/repos/galaxyproject/galaxy_mentor_network/issues/12,https://api.github.com/repos/galaxyproject/galaxy_mentor_network,https://api.github.com/repos/galaxyproject/galaxy_mentor_network/issues/12/labels{/name},https://api.github.com/repos/galaxyproject/galaxy_mentor_network/issues/12/comments,https://api.github.com/repos/galaxyproject/galaxy_mentor_network/issues/12/events,https://github.com/galaxyproject/galaxy_mentor_network/issues/12,1119564785,I_kwDOGs5Gtc5CuzPx,12,Deploy using Netlify to get preview,bebatut,,closed,False,,,,5,2022-01-31T15:16:13Z,2022-02-02T12:33:31Z,2022-02-02T12:33:31Z,MEMBER,
https://api.github.com/repos/galaxyproject/galaxy_mentor_network/issues/11,https://api.github.com/repos/galaxyproject/galaxy_mentor_network,https://api.github.com/repos/galaxyproject/galaxy_mentor_network/issues/11/labels{/name},https://api.github.com/repos/galaxyproject/galaxy_mentor_network/issues/11/comments,https://api.github.com/repos/galaxyproject/galaxy_mentor_network/issues/11/events,https://github.com/galaxyproject/galaxy_mentor_network/issues/11,1119561794,I_kwDOGs5Gtc5CuyhC,11,"Add Bootstrap or something else for managing styles, classes and all the CSS",bebatut,,closed,False,,,,7,2022-01-31T15:14:06Z,2022-02-17T09:19:29Z,2022-02-17T09:19:29Z,MEMBER,
