URL,Repository URL,Labels URL,Comments URL,Events URL,HTML URL,ID,Node ID,Number,Title,User,Labels,State,Locked,Assignee,Assignees,Milestone,Comments,Created At,Updated At,Closed At,Author Association,Body
https://api.github.com/repos/galaxyproject/blend4j/issues/42,https://api.github.com/repos/galaxyproject/blend4j,https://api.github.com/repos/galaxyproject/blend4j/issues/42/labels{/name},https://api.github.com/repos/galaxyproject/blend4j/issues/42/comments,https://api.github.com/repos/galaxyproject/blend4j/issues/42/events,https://github.com/galaxyproject/blend4j/issues/42,547680644,MDU6SXNzdWU1NDc2ODA2NDQ=,42,Use docker for testing?,dfornika,,open,False,,,,0,2020-01-09T19:41:33Z,2020-01-09T19:41:33Z,,CONTRIBUTOR,"Would it simplify the testing setup to drop galaxy-bootstrap and use the galaxy-stable docker image to test against?

See: https://github.com/dfornika/clj-blend/blob/master/.travis.yml"
https://api.github.com/repos/galaxyproject/blend4j/issues/40,https://api.github.com/repos/galaxyproject/blend4j,https://api.github.com/repos/galaxyproject/blend4j/issues/40/labels{/name},https://api.github.com/repos/galaxyproject/blend4j/issues/40/comments,https://api.github.com/repos/galaxyproject/blend4j/issues/40/events,https://github.com/galaxyproject/blend4j/issues/40,539215075,MDU6SXNzdWU1MzkyMTUwNzU=,40,Workflow execution throws exception,tdudgeon,,open,False,,,,5,2019-12-17T17:41:28Z,2019-12-30T21:42:39Z,,NONE,"Executing a workflow according to the example in the JavaDocs no longer seem to work correctly.
The `WorkflowsClientImpl.runWorkflow()` call results in the following Exception:

```
Exception in thread ""main"" GalaxyResponseException{status=500, responseBody={""err_msg"": ""Uncaught exception in exposed API method:"", ""err_code"": 0}, errorMessage=Uncaught exception in exposed API method:, errorCode=0, traceback=null}
	at com.github.jmchilton.blend4j.galaxy.Client.buildResponseException(Client.java:18)
	at com.github.jmchilton.blend4j.BaseClient.checkResponse(BaseClient.java:138)
	at com.github.jmchilton.blend4j.BaseClient.create(BaseClient.java:47)
	at com.github.jmchilton.blend4j.BaseClient.create(BaseClient.java:36)
	at com.github.jmchilton.blend4j.BaseClient.create(BaseClient.java:32)
	at com.github.jmchilton.blend4j.galaxy.WorkflowsClientImpl.runWorkflowResponse(WorkflowsClientImpl.java:38)
	at com.github.jmchilton.blend4j.galaxy.WorkflowsClientImpl.runWorkflow(WorkflowsClientImpl.java:42)
```

Despite this the workflow does start, but the particular workflow involved here does not complete fully. Some jobs simply fail to run, even though the same workflow runs fine through the GUI or with bioblend (using the same inputs). This could be a separate problem, but first need to get the `WorkflowsClientImpl.runWorkflow()` call working correctly."
https://api.github.com/repos/galaxyproject/blend4j/issues/38,https://api.github.com/repos/galaxyproject/blend4j,https://api.github.com/repos/galaxyproject/blend4j/issues/38/labels{/name},https://api.github.com/repos/galaxyproject/blend4j/issues/38/comments,https://api.github.com/repos/galaxyproject/blend4j/issues/38/events,https://github.com/galaxyproject/blend4j/issues/38,327503619,MDU6SXNzdWUzMjc1MDM2MTk=,38,HistoriesClient#downloadDataset mangles HTML file contents,peterk87,,open,False,,,,0,2018-05-29T22:03:16Z,2018-05-29T22:03:16Z,,NONE,"Downloading an HTML Galaxy output file (in my case, a QUAST HTML output report) with [`HistoriesClient#downloadDataset`](https://github.com/galaxyproject/blend4j/blob/master/src/main/java/com/github/jmchilton/blend4j/galaxy/HistoriesClientImpl.java#L112) results in a binary file with mangled contents, while downloading from  `galaxyUrl + downloadUrl` of the `DataSet` object corresponding to the HTML file in Galaxy conserves the file format (tested with Clojure's [`slurp`](https://clojuredocs.org/clojure.core/slurp) method). "
https://api.github.com/repos/galaxyproject/blend4j/issues/26,https://api.github.com/repos/galaxyproject/blend4j,https://api.github.com/repos/galaxyproject/blend4j/issues/26/labels{/name},https://api.github.com/repos/galaxyproject/blend4j/issues/26/comments,https://api.github.com/repos/galaxyproject/blend4j/issues/26/events,https://github.com/galaxyproject/blend4j/issues/26,52375714,MDU6SXNzdWU1MjM3NTcxNA==,26,Update for recent changes to the workflow API,jmchilton,"bug, enhancement",open,False,,,,0,2014-12-18T15:25:05Z,2014-12-18T15:25:05Z,,MEMBER,"Bug fixes and exposing new features both should be exposed.
"
https://api.github.com/repos/galaxyproject/blend4j/issues/24,https://api.github.com/repos/galaxyproject/blend4j,https://api.github.com/repos/galaxyproject/blend4j/issues/24/labels{/name},https://api.github.com/repos/galaxyproject/blend4j/issues/24/comments,https://api.github.com/repos/galaxyproject/blend4j/issues/24/events,https://github.com/galaxyproject/blend4j/issues/24,45646231,MDU6SXNzdWU0NTY0NjIzMQ==,24,Make Tools API Client Useful,jmchilton,,open,False,,,,0,2014-10-13T14:11:39Z,2014-10-13T14:29:26Z,,MEMBER,"- [ ] Allow complex parameters to be specified.
- [ ] Higher level constructs for multi-map parameters, collection reductions, etc...
- [ ] More testing.
- [ ] Write documentation. 
- [ ] Parse the output of tool running into a useful data structure.

Some work in progress in the improved_tools_api branch (https://github.com/jmchilton/blend4j/tree/improved_tools_api).
"
https://api.github.com/repos/galaxyproject/blend4j/issues/20,https://api.github.com/repos/galaxyproject/blend4j,https://api.github.com/repos/galaxyproject/blend4j/issues/20/labels{/name},https://api.github.com/repos/galaxyproject/blend4j/issues/20/comments,https://api.github.com/repos/galaxyproject/blend4j/issues/20/events,https://github.com/galaxyproject/blend4j/issues/20,42772882,MDU6SXNzdWU0Mjc3Mjg4Mg==,20,Allow more configurable ways to specify step_ids in workflows.,jmchilton,,open,False,,,,0,2014-09-15T13:37:51Z,2014-09-15T13:37:51Z,,MEMBER,
https://api.github.com/repos/galaxyproject/blend4j/issues/18,https://api.github.com/repos/galaxyproject/blend4j,https://api.github.com/repos/galaxyproject/blend4j/issues/18/labels{/name},https://api.github.com/repos/galaxyproject/blend4j/issues/18/comments,https://api.github.com/repos/galaxyproject/blend4j/issues/18/events,https://github.com/galaxyproject/blend4j/issues/18,41348853,MDU6SXNzdWU0MTM0ODg1Mw==,18,Eliminate transient test errors.,jmchilton,bug,open,False,,,,0,2014-08-28T01:59:49Z,2014-08-28T01:59:49Z,,MEMBER,"It is becoming increasingly problematic to run Galaxy under sqlite - there are frequent database locking errors that cause failures quite easily. blend4j's travis test architecture should move to Postgres.

Even then there still may be transient errors caused by problems with eggs fetching for instance - it might make sense to move to Jenkins based testing and testing inside a very stable and repeatable Docker container for instance.
"
https://api.github.com/repos/galaxyproject/blend4j/issues/9,https://api.github.com/repos/galaxyproject/blend4j,https://api.github.com/repos/galaxyproject/blend4j/issues/9/labels{/name},https://api.github.com/repos/galaxyproject/blend4j/issues/9/comments,https://api.github.com/repos/galaxyproject/blend4j/issues/9/events,https://github.com/galaxyproject/blend4j/issues/9,37106359,MDU6SXNzdWUzNzEwNjM1OQ==,9,Throw consistent and blend4j specific exceptions...,jmchilton,,open,False,,,,0,2014-07-03T17:53:13Z,2014-07-03T17:53:13Z,,MEMBER,"... so consumers don't have to explicitly depend on the underlying library (at least not in their the source code).
"
https://api.github.com/repos/galaxyproject/blend4j/issues/6,https://api.github.com/repos/galaxyproject/blend4j,https://api.github.com/repos/galaxyproject/blend4j/issues/6/labels{/name},https://api.github.com/repos/galaxyproject/blend4j/issues/6/comments,https://api.github.com/repos/galaxyproject/blend4j/issues/6/events,https://github.com/galaxyproject/blend4j/issues/6,22415456,MDU6SXNzdWUyMjQxNTQ1Ng==,6,Server down,roryk,,closed,False,,,,3,2013-11-10T19:34:29Z,2013-11-11T19:04:58Z,2013-11-11T14:56:23Z,NONE,"Hi John,

Not sure if this is down forever or just temporary but:

http://artifactory.msi.umn.edu/libs-snapshot-local/com/github/jmchilton/blend4j/blend4j/0.1-SNAPSHOT/blend4j-0.1-SNAPSHOT.pom

Gives a 503.
"
https://api.github.com/repos/galaxyproject/blend4j/issues/5,https://api.github.com/repos/galaxyproject/blend4j,https://api.github.com/repos/galaxyproject/blend4j/issues/5/labels{/name},https://api.github.com/repos/galaxyproject/blend4j/issues/5/comments,https://api.github.com/repos/galaxyproject/blend4j/issues/5/events,https://github.com/galaxyproject/blend4j/issues/5,19211704,MDU6SXNzdWUxOTIxMTcwNA==,5,Large File Uploads,jmchilton,enhancement,open,False,,,,0,2013-09-09T17:49:11Z,2013-09-09T17:49:11Z,,MEMBER,"Large file uploads are problematic because underlying infrastructure seems to be loading whole files into memory.

http://dev.list.galaxyproject.org/Large-files-in-blend4j-td4661549.html

Thanks to Eric Kuyt for the bug report.
"
https://api.github.com/repos/galaxyproject/blend4j/issues/4,https://api.github.com/repos/galaxyproject/blend4j,https://api.github.com/repos/galaxyproject/blend4j/issues/4/labels{/name},https://api.github.com/repos/galaxyproject/blend4j/issues/4/comments,https://api.github.com/repos/galaxyproject/blend4j/issues/4/events,https://github.com/galaxyproject/blend4j/issues/4,13083569,MDU6SXNzdWUxMzA4MzU2OQ==,4,"Unit test failures in com.github.jmchilton.blend4j.galaxy.IntegrationTest, LibrariesTest",heuermh,,open,False,,,,4,2013-04-11T19:02:22Z,2013-10-02T03:29:11Z,,NONE,"Hello,

I am seeing unit test failures related to 501 and 403 HTTP errors with TestGalaxyInstance (https://main.g2.bx.psu.edu/)

$ mvn install
...
Running workflow in history 1db3a2621ee83293
  Workflow Output ID bbd44e69cb8906b5b1b3268bfc864c57
Tests run: 14, Failures: 7, Errors: 0, Skipped: 0, Time elapsed: 13.684 sec <<< FAILURE!

Results :

Failed tests:   testCreatePrivateDataLibrary(com.github.jmchilton.blend4j.galaxy.IntegrationTest): Expected 200 status code, got 501. <html>
  testDirectoryLibraryUpload(com.github.jmchilton.blend4j.galaxy.IntegrationTest): A message body reader for Java class com.github.jmchilton.blend4j.galaxy.beans.Library, and Java type class com.github.jmchilton.blend4j.galaxy.beans.Library, and MIME media type text/plain; charset=utf8 was not found
  testFilesystemPathsLibraryUpload(com.github.jmchilton.blend4j.galaxy.IntegrationTest): A message body reader for Java class com.github.jmchilton.blend4j.galaxy.beans.Library, and Java type class com.github.jmchilton.blend4j.galaxy.beans.Library, and MIME media type text/plain; charset=utf8 was not found
  testLibraries(com.github.jmchilton.blend4j.galaxy.IntegrationTest): Expected 200 status code, got 403. 403 Forbidden
  testUsers(com.github.jmchilton.blend4j.galaxy.IntegrationTest): Expected 200 status code, got 501. <html>
  testFileUpload(com.github.jmchilton.blend4j.galaxy.LibrariesTest): A message body reader for Java class com.github.jmchilton.blend4j.galaxy.beans.Library, and Java type class com.github.jmchilton.blend4j.galaxy.beans.Library, and MIME media type text/plain; charset=utf8 was not found
  testPathPaste(com.github.jmchilton.blend4j.galaxy.LibrariesTest): A message body reader for Java class com.github.jmchilton.blend4j.galaxy.beans.Library, and Java type class com.github.jmchilton.blend4j.galaxy.beans.Library, and MIME media type text/plain; charset=utf8 was not found

Tests run: 14, Failures: 7, Errors: 0, Skipped: 0
"
https://api.github.com/repos/galaxyproject/blend4j/issues/3,https://api.github.com/repos/galaxyproject/blend4j,https://api.github.com/repos/galaxyproject/blend4j/issues/3/labels{/name},https://api.github.com/repos/galaxyproject/blend4j/issues/3/comments,https://api.github.com/repos/galaxyproject/blend4j/issues/3/events,https://github.com/galaxyproject/blend4j/issues/3,12924515,MDU6SXNzdWUxMjkyNDUxNQ==,3,Document dbkey for uploading files.,jmchilton,enhancement,open,False,,,,0,2013-04-08T14:03:50Z,2013-04-08T14:03:50Z,,MEMBER,"Some confusion related to this was reported on the galaxy-dev list.
"
https://api.github.com/repos/galaxyproject/blend4j/issues/2,https://api.github.com/repos/galaxyproject/blend4j,https://api.github.com/repos/galaxyproject/blend4j/issues/2/labels{/name},https://api.github.com/repos/galaxyproject/blend4j/issues/2/comments,https://api.github.com/repos/galaxyproject/blend4j/issues/2/events,https://github.com/galaxyproject/blend4j/issues/2,11809280,MDU6SXNzdWUxMTgwOTI4MA==,2,InvocationTargetException,rdlecler,,open,False,,,,0,2013-03-08T15:39:00Z,2013-03-08T15:39:00Z,,NONE,"I tried running Examples.java but caught an Exception (see below)

Note: I'm using Jersey 1.17, and I couldn't find the old codehas libraries as it appears that they were updated to the com.org.fasterxml, so I had to update all the package names.

Cheers,
Rob

Found history with name TestHistory1 and id 1db3a2621ee83293
Found history with name Upload Test History and id c96b1e7d095dbdd6
Found history with name testHistorya2908386-ad8f-44fd-8f8c-696b15380823 and id 01c97f9db62b771b
Found history with name Upload Test History and id 7d10270a9e17d13e
Found history with name testHistory1a60d5ca-747a-4725-b605-12acad0a71ba and id 1c0aea2a5c77b7c5
Found history with name testHistoryfe2c081e-0cad-4d22-90f8-f61b0370aa8a and id 536de0230ef77ce5
Found history with name testHistoryd620cf70-fda8-40ff-bcdc-7de84dbc2ba7 and id 046e46fbdbfb23d7
Found history with name testHistorya6660f48-b6be-44e4-891b-1aca5586f5a6 and id 610475881700b502
Found history with name testHistoryf53a4fde-0bd1-457a-beaf-7d363343d217 and id 50ff9decf61f8c35
Found history with name testHistory131e2cb5-ee47-408c-bc80-3752c96607f6 and id 874c457f6d7e78ab
Found history with name testHistory1805ed8a-1e5c-47fe-bb18-9d465e59808e and id 2977abadda23957f
Found history with name Upload Test History and id 0b69aa3f754d0b70
Found history with name testHistory7f77c62b-5744-48b9-928c-e6f8e76e8610 and id 26effb503f74d366
Found history with name Upload Test History and id bdb8bdc4c1428384
Found history with name testHistory0857b4f4-6c13-4499-8725-0c0c3c09a3e4 and id 3353a144d274d9fd
Found history with name Upload Test History and id f2ef8cd25a6d83eb
Found history with name Upload Test History and id 449dfdbf4b325f13
Found history with name Upload Test History and id ecda98a08ebe5379
Found history with name testHistory317648b9-45c1-44d6-b35d-4a6f54b8c678 and id 13a76ba718bc6547
Found history with name testHistory58e0ae55-67b2-48cf-8146-18fbbba9fd52 and id 950e77746683dc0f
Found history with name testHistoryee312780-3460-4a05-af2e-03f7e1336309 and id 429d1d7e3d791f66
Found history with name testHistory63de4bc4-1358-4aea-8787-c652a91275ea and id 508c32cb09aa9842
Found history with name testHistoryd370f90a-a2b8-4e3a-8b6a-726c82f4b8a1 and id d3a92945ad48f694
Found history with name testHistory9053d363-1a2c-417f-9100-917d715c49c1 and id bb6c7fab3d9266fb
Found history with name testHistory289ce122-5710-4392-be67-6b243c31a1b6 and id 0465f82e25343c7b
Found history with name testHistory78f6f788-5b23-4515-8478-e1dba4203129 and id 29db3aafe4c85469
Found history with name testHistorybf88d728-cd21-4c44-a4c1-7d63ad499a8f and id 59d9bdf9931e24f6
Found history with name testHistory0974f03d-7a1a-4c58-b50c-84c5fac92cfe and id ccdb14ba878d5349
Found history with name testHistory86bed660-81c7-455f-8e7c-175e76bc3c24 and id 566e7df7f2f98d29
Found history with name testHistory5e58c6ea-3651-435a-be58-72b7dcd16025 and id fbaf04fd28824d50
Found history with name testHistory53880b50-3083-447b-95c7-97ee5038a5ac and id ff5de47a2fe20d96
Found history with name testHistoryd7545c55-23ff-4d65-96a7-7a517dcabcc2 and id 72b231b4f10c4a6b
Found history with name testHistory72931df0-d8cc-4908-a8e6-d23fa7422ac2 and id 1843496bbba11294
Found history with name testHistorye9c93be1-7061-4dde-941a-87106758c678 and id a207c4e75fff75e5
Found history with name testHistory98972efd-b8ff-408e-8d73-221cf5c176d6 and id 20f0bcbe8f4467d8
Found history with name testHistorycfcb5cfe-9f99-40bd-a618-cf6fa12a36e3 and id 2d15b3811ed1e263
Found history with name testHistory40fee6e7-1a29-42d9-b9bb-56e91e4a1f66 and id 222d85075b554a59
Found history with name testHistory3ee7a5df-e589-4eaf-85c9-8883300b2555 and id 4e2e0201da33a401
Found history with name testHistory9357be5d-d484-4a03-a6ab-534a62b7c218 and id abbfab38d740acae
Found history with name testHistory8cd72a25-8b5d-4eaf-ae07-dec253bb1ab1 and id cfd971f78160197a
Exception in thread ""main"" java.lang.reflect.InvocationTargetException
    at sun.reflect.NativeMethodAccessorImpl.invoke0(Native Method)
    at sun.reflect.NativeMethodAccessorImpl.invoke(NativeMethodAccessorImpl.java:39)
    at sun.reflect.DelegatingMethodAccessorImpl.invoke(DelegatingMethodAccessorImpl.java:25)
    at java.lang.reflect.Method.invoke(Method.java:597)
    at com.github.jmchilton.blend4j.galaxy.Examples.runExample(Examples.java:239)
    at com.github.jmchilton.blend4j.galaxy.Examples.runExamples(Examples.java:47)
    at com.github.jmchilton.blend4j.galaxy.Examples.main(Examples.java:35)
Caused by: com.sun.jersey.api.client.ClientHandlerException: com.sun.jersey.api.client.ClientHandlerException: A message body writer for Java type, class com.github.jmchilton.blend4j.galaxy.beans.Library, and MIME media type, application/json, was not found
    at com.sun.jersey.client.urlconnection.URLConnectionClientHandler.handle(URLConnectionClientHandler.java:151)
    at com.sun.jersey.api.client.Client.handle(Client.java:648)
    at com.sun.jersey.api.client.WebResource.handle(WebResource.java:680)
    at com.sun.jersey.api.client.WebResource.access$200(WebResource.java:74)
    at com.sun.jersey.api.client.WebResource$Builder.post(WebResource.java:568)
    at com.github.jmchilton.blend4j.galaxy.ClientImpl.create(ClientImpl.java:79)
    at com.github.jmchilton.blend4j.galaxy.ClientImpl.create(ClientImpl.java:72)
    at com.github.jmchilton.blend4j.galaxy.LibrariesClientImpl.createLibraryRequest(LibrariesClientImpl.java:25)
    at com.github.jmchilton.blend4j.galaxy.LibrariesClientImpl.createLibrary(LibrariesClientImpl.java:30)
    at com.github.jmchilton.blend4j.galaxy.Examples.levelsOfAbstraction(Examples.java:94)
    ... 7 more
Caused by: com.sun.jersey.api.client.ClientHandlerException: A message body writer for Java type, class com.github.jmchilton.blend4j.galaxy.beans.Library, and MIME media type, application/json, was not found
    at com.sun.jersey.api.client.RequestWriter.writeRequestEntity(RequestWriter.java:288)
    at com.sun.jersey.client.urlconnection.URLConnectionClientHandler._invoke(URLConnectionClientHandler.java:213)
    at com.sun.jersey.client.urlconnection.URLConnectionClientHandler.handle(URLConnectionClientHandler.java:149)
    ... 16 more
"
