URL,Repository URL,Labels URL,Comments URL,Events URL,HTML URL,ID,Node ID,Number,Title,User,Labels,State,Locked,Assignee,Assignees,Milestone,Comments,Created At,Updated At,Closed At,Author Association,Body
https://api.github.com/repos/galaxyproject/conda-iuc/issues/17,https://api.github.com/repos/galaxyproject/conda-iuc,https://api.github.com/repos/galaxyproject/conda-iuc/issues/17/labels{/name},https://api.github.com/repos/galaxyproject/conda-iuc/issues/17/comments,https://api.github.com/repos/galaxyproject/conda-iuc/issues/17/events,https://github.com/galaxyproject/conda-iuc/issues/17,415249966,MDU6SXNzdWU0MTUyNDk5NjY=,17,this project's nightly builds on circleci always fail,martenson,,open,False,,,,0,2019-02-27T17:50:06Z,2019-02-27T17:50:06Z,,MEMBER,https://circleci.com/gh/galaxyproject/conda-iuc/748
https://api.github.com/repos/galaxyproject/conda-iuc/issues/13,https://api.github.com/repos/galaxyproject/conda-iuc,https://api.github.com/repos/galaxyproject/conda-iuc/issues/13/labels{/name},https://api.github.com/repos/galaxyproject/conda-iuc/issues/13/comments,https://api.github.com/repos/galaxyproject/conda-iuc/issues/13/events,https://github.com/galaxyproject/conda-iuc/issues/13,266921454,MDU6SXNzdWUyNjY5MjE0NTQ=,13,Feature request made on gitlab/gitlab-ce to propose conda recipes templates,jibe-b,,open,False,,,,0,2017-10-19T17:15:55Z,2017-10-19T17:15:55Z,,NONE,"Newcomers to conda could find it practical to start conda recipes with templates.

Gitlab already has docker templates (in any repository you own, on the UI, click on ""New page"" and a template can be choosen).

Here is a feature request on gitlab, if you like the idea, you may want to support and direct this feature to the needs of a tool newcomer to tools wrapping with conda.

https://gitlab.com/gitlab-org/gitlab-ce/issues/35207#note_43965633"
https://api.github.com/repos/galaxyproject/conda-iuc/issues/4,https://api.github.com/repos/galaxyproject/conda-iuc,https://api.github.com/repos/galaxyproject/conda-iuc/issues/4/labels{/name},https://api.github.com/repos/galaxyproject/conda-iuc/issues/4/comments,https://api.github.com/repos/galaxyproject/conda-iuc/issues/4/events,https://github.com/galaxyproject/conda-iuc/issues/4,146873413,MDU6SXNzdWUxNDY4NzM0MTM=,4,Building deseq2 on local instance fails,yhoogstrate,,closed,False,,,,0,2016-04-08T09:23:34Z,2016-07-08T12:27:09Z,2016-07-08T12:27:09Z,MEMBER,"Building crashes with the following error:

```
Saving to: ‘Rcpp_0.12.0.tar.gz’

Rcpp_0.12.0.tar.gz                                    100%[========================================================================================================================>]   2.19M  10.2MB/s   in 0.2s   

2016-04-08 11:11:08 (10.2 MB/s) - ‘Rcpp_0.12.0.tar.gz’ saved [2297548/2297548]

+ sha256sum Rcpp_0.12.0.tar.gz
+ awk '{ if ($1 == ""68782050f5252c4246f1b5b335105eccf4c804d57a0cd41eb63a300f7e0241a0"") exit 0; else exit 1}'
+ tar xfz Rcpp_0.12.0.tar.gz
+ cd Rcpp
+ mv DESCRIPTION DESCRIPTION.old
+ grep -v '^Priority: ' DESCRIPTION.old
+ /home/youri/anaconda2/envs/_build/bin/R CMD INSTALL --build .
* installing to library ‘/home/youri/anaconda2/envs/_build/lib/R/library’
* installing *source* package ‘Rcpp’ ...
** package ‘Rcpp’ successfully unpacked and MD5 sums checked
** libs
g++ -I/home/youri/anaconda2/envs/_build/lib/R/include -DNDEBUG -I../inst/include/ -I/home/youri/anaconda2/envs/_build/include    -fpic  -I/home/youri/anaconda2/envs/_build/include  -c Date.cpp -o Date.o
g++ -I/home/youri/anaconda2/envs/_build/lib/R/include -DNDEBUG -I../inst/include/ -I/home/youri/anaconda2/envs/_build/include    -fpic  -I/home/youri/anaconda2/envs/_build/include  -c Module.cpp -o Module.o
g++ -I/home/youri/anaconda2/envs/_build/lib/R/include -DNDEBUG -I../inst/include/ -I/home/youri/anaconda2/envs/_build/include    -fpic  -I/home/youri/anaconda2/envs/_build/include  -c Rcpp_init.cpp -o Rcpp_init.o
g++ -I/home/youri/anaconda2/envs/_build/lib/R/include -DNDEBUG -I../inst/include/ -I/home/youri/anaconda2/envs/_build/include    -fpic  -I/home/youri/anaconda2/envs/_build/include  -c api.cpp -o api.o
g++ -I/home/youri/anaconda2/envs/_build/lib/R/include -DNDEBUG -I../inst/include/ -I/home/youri/anaconda2/envs/_build/include    -fpic  -I/home/youri/anaconda2/envs/_build/include  -c attributes.cpp -o attributes.
o
g++ -I/home/youri/anaconda2/envs/_build/lib/R/include -DNDEBUG -I../inst/include/ -I/home/youri/anaconda2/envs/_build/include    -fpic  -I/home/youri/anaconda2/envs/_build/include  -c barrier.cpp -o barrier.o
g++ -shared -L/home/youri/anaconda2/envs/_build/lib64/R/lib -L/home/youri/anaconda2/envs/_build/lib -lgfortran -o Rcpp.so Date.o Module.o Rcpp_init.o api.o attributes.o barrier.o -L/home/youri/anaconda2/envs/_buil
d/lib64/R/lib -lR
installing to /home/youri/anaconda2/envs/_build/lib/R/library/Rcpp/libs
** R
** inst
** preparing package for lazy loading
** help
*** installing help indices
** building package indices
** installing vignettes
** testing if installed package can be loaded
Error in dyn.load(file, DLLpath = DLLpath, ...) : 
  unable to load shared object '/home/youri/anaconda2/envs/_build/lib/R/library/Rcpp/libs/Rcpp.so':
  /home/youri/anaconda2/envs/_build/lib/R/library/Rcpp/libs/Rcpp.so: undefined symbol: _ZNSt7__cxx1112basic_stringIcSt11char_traitsIcESaIcEED1Ev
Error: loading failed
Execution halted
ERROR: loading failed
* removing ‘/home/youri/anaconda2/envs/_build/lib/R/library/Rcpp’
Command failed: /bin/bash -x -e /usr/local/src/conda-iuc/recipes/bioconductor-deseq2/1.8.2/build.sh
```

I think it's linking to a different glibc than it should be but I'm not sure. The so-file gets deleted in the build process so I can't track down to what it is actually linking
"
