URL,Repository URL,Labels URL,Comments URL,Events URL,HTML URL,ID,Node ID,Number,Title,User,Labels,State,Locked,Assignee,Assignees,Milestone,Comments,Created At,Updated At,Closed At,Author Association,Body
https://api.github.com/repos/galaxyproject/galaxy-cloudman-playbook/issues/16,https://api.github.com/repos/galaxyproject/galaxy-cloudman-playbook,https://api.github.com/repos/galaxyproject/galaxy-cloudman-playbook/issues/16/labels{/name},https://api.github.com/repos/galaxyproject/galaxy-cloudman-playbook/issues/16/comments,https://api.github.com/repos/galaxyproject/galaxy-cloudman-playbook/issues/16/events,https://github.com/galaxyproject/galaxy-cloudman-playbook/issues/16,197020003,MDU6SXNzdWUxOTcwMjAwMDM=,16,Can't progress past installing Java packages ansible playbook,katbeaulieu,,open,False,,,,2,2016-12-21T20:00:40Z,2017-01-11T23:22:28Z,,NONE,"In running:
`ansible-playbook -i inventory/builders image.yml --extra-vars vnc_password=vnc --extra-vars psql_galaxyftp_password=gftp --extra-vars cleanup=yes`

I get this error:
`failed: [10.117.231.40] (item=[u'java_packages']) => {""failed"": true, ""item"": [""java_packages""], ""msg"": ""No package matching 'java_packages' is available""}`

All I have done so far is clone the repository and run: 
`ansible-galaxy install -r requirements_roles.yml -p roles -f`
As well as updated inventory/builders with the ip address for the vm and changed image.yml according to the README.md

Ansible version is 2.1, running from Ubuntu 14.04, trying to provision instance in Openstack Mitaka."
https://api.github.com/repos/galaxyproject/galaxy-cloudman-playbook/issues/15,https://api.github.com/repos/galaxyproject/galaxy-cloudman-playbook,https://api.github.com/repos/galaxyproject/galaxy-cloudman-playbook/issues/15/labels{/name},https://api.github.com/repos/galaxyproject/galaxy-cloudman-playbook/issues/15/comments,https://api.github.com/repos/galaxyproject/galaxy-cloudman-playbook/issues/15/events,https://github.com/galaxyproject/galaxy-cloudman-playbook/issues/15,144945713,MDU6SXNzdWUxNDQ5NDU3MTM=,15,galaxyprojectdotorg.tools role does not exist in galaxyFS.yml,hackdna,,open,False,,,,5,2016-03-31T16:09:18Z,2016-03-31T19:33:36Z,,NONE,"The [README](https://github.com/galaxyproject/galaxy-cloudman-playbook/blob/master/README.md) file says on lines 205-208:

If you wish to use this playbook only to install some Galaxy tools, comment out all roles except `galaxyprojectdotorg.tools` in `galaxyFS.yml` file. You may also want to comment out the `pre_tasks`, depending on where you are running this.

However, there is no `galaxyprojectdotorg.tools` role in `galaxyFS.yml`, so it's not clear which roles to remove. Also, it is not clear which `pre_tasks` to remove.
"
https://api.github.com/repos/galaxyproject/galaxy-cloudman-playbook/issues/14,https://api.github.com/repos/galaxyproject/galaxy-cloudman-playbook,https://api.github.com/repos/galaxyproject/galaxy-cloudman-playbook/issues/14/labels{/name},https://api.github.com/repos/galaxyproject/galaxy-cloudman-playbook/issues/14/comments,https://api.github.com/repos/galaxyproject/galaxy-cloudman-playbook/issues/14/events,https://github.com/galaxyproject/galaxy-cloudman-playbook/issues/14,114302036,MDU6SXNzdWUxMTQzMDIwMzY=,14,cm_autorun.py require's default bucket to have a public URL for the components vs boto connection,MatthewRalston,,closed,False,,,,0,2015-10-30T16:16:57Z,2015-10-30T16:17:05Z,2015-10-30T16:17:05Z,NONE,"If no credentials are provided or there is no ""bucket_cluster"", then the boot script claims to attempt to fetch the cm_boot.py script from the default_bucket_name, printing the bucket to the log and setting ""use_default_bucket = True"". I can see that the correct default bucket is described in my user data printed to the screen.

Then, in the `if not got_boot_script or use_default_bucket:` statement (which is true at this point from above), then the log message ""Could not get boot script from cluster bucket, retrieving the public one from bucket url"" is given and the _get_file_from_url method is used, instead of creating a boto connection with the access credentials.

I guess that this was designed so that if nothing custom is specified, then the info can be retrieved from the default ""cloudman"", ""cloudman-test"" or ""cloudman-dev"" buckets with their public URLs. In my situtation, I have a default bucket I'd like to use (as opposed to setting cluster bucket in the extra user data in cloudlaunch), but I did not know that the ""default_bucket"" and ""bucket_cluster"" would be treated differently (the former as a publicly accessible FTP location and the latter as an actual object store bucket. This is more for posterity than as an actual issue. 

Line 274 in cm_autorun.py:

```
    else:
        log.debug(""bucket_cluster not specified or no credentials provided; defaulting to bucket '%s'""
                  % default_bucket_name)
        use_default_bucket = True
    # If using cluster bucket, use credentials because the boot script may not be accessible to everyone                                                                                
    got_boot_script = False                                                                                                                                                             
    if use_default_bucket is False:                                                                                                                                                     
        log.debug(""Trying to get boot script '%s' from cluster bucket '%s'""                                                                                                             
                  % (ud['boot_script_name'], ud.get('bucket_cluster', None)))                                                                                                           
        got_boot_script = _get_file_from_bucket(s3_conn, ud['bucket_cluster'],                                                                                                          
                                                ud['boot_script_name'],                                                                                                                 
                                                DEFAULT_BOOT_SCRIPT_NAME)                                                                                                               
        if got_boot_script:                                                                                                                                                             
            os.chmod(os.path.join(LOCAL_PATH, DEFAULT_BOOT_SCRIPT_NAME), 0744)                                                                                                          
    # If did not get the boot script, fall back on the publicly available one                                                                                                           
    if not got_boot_script or use_default_bucket:                                                                                                                                       
        boot_script_url = os.path.join(_get_default_bucket_url(ud), ud.get('boot_script_name',
                                       DEFAULT_BOOT_SCRIPT_NAME))
        log.debug(""Could not get boot script '%s' from cluster bucket '%s'; ""
                  ""retrieving the public one from bucket url '%s'""
                  % (ud['boot_script_name'], ud.get('bucket_cluster', None), boot_script_url))
        got_boot_script = _get_file_from_url(boot_script_url)
```
"
https://api.github.com/repos/galaxyproject/galaxy-cloudman-playbook/issues/13,https://api.github.com/repos/galaxyproject/galaxy-cloudman-playbook,https://api.github.com/repos/galaxyproject/galaxy-cloudman-playbook/issues/13/labels{/name},https://api.github.com/repos/galaxyproject/galaxy-cloudman-playbook/issues/13/comments,https://api.github.com/repos/galaxyproject/galaxy-cloudman-playbook/issues/13/events,https://github.com/galaxyproject/galaxy-cloudman-playbook/issues/13,111700980,MDU6SXNzdWUxMTE3MDA5ODA=,13,Is there a proftpd source package?,MatthewRalston,,closed,False,,,,6,2015-10-15T20:29:33Z,2015-10-19T19:20:20Z,2015-10-19T19:20:20Z,NONE,"The proftpd.yml tasks includes a .deb package to install on Debian family systems. I need the equivalent source package so that I can install on CentOS. Is this customized for Galaxy in some way? It looks like this is the last barrier to creating a CentOS AMI...
"
https://api.github.com/repos/galaxyproject/galaxy-cloudman-playbook/issues/12,https://api.github.com/repos/galaxyproject/galaxy-cloudman-playbook,https://api.github.com/repos/galaxyproject/galaxy-cloudman-playbook/issues/12/labels{/name},https://api.github.com/repos/galaxyproject/galaxy-cloudman-playbook/issues/12/comments,https://api.github.com/repos/galaxyproject/galaxy-cloudman-playbook/issues/12/events,https://github.com/galaxyproject/galaxy-cloudman-playbook/issues/12,111272219,MDU6SXNzdWUxMTEyNzIyMTk=,12,How do I install the custom galaxy/cloudman Nginx RPM?,MatthewRalston,,closed,False,,,,4,2015-10-13T21:12:48Z,2015-10-15T20:26:43Z,2015-10-15T20:26:43Z,NONE,"Hello, after running `build/nginx.yml` in CentOS, I am left with an rpm file. After installing the rpm, I have attempted to start the nginx service

```
>service nginx start
nginx: unrecognized service
```

How can I install this rpm so that I can restart nginx with appropriate configurations?
Tasks:

```
- name: Create work dir
  file: path={{ work_dir }} state=directory

- name: Update APT cache
  apt: update_cache=yes cache_valid_time=3600
  sudo: True
  when: ansible_distribution == ""Ubuntu""

- name: Install prerequisite packages for Ubuntu
  apt: name={{ item }} state=latest
  with_items:
    - make
    - ruby
    - ruby-dev
    - git
    - libpam-dev
    - libssl-dev
  sudo: True
  when: ansible_os_family == ""Debian""

- name: Install prerequisite packages  for CentOS
  yum: name={{ item }} state=latest
  with_items:
    - git
    - make
    - openssl-devel
    - pam      
    - pam-devel
    - pam_ldap
    - ruby-devel
    - rubygems
  sudo: True
  when: ansible_distribution == ""CentOS""


- name: Install prerequisite packages specific to Ubuntu 12.04
  apt: name={{ item }} state=latest
  with_items:
    - rubygems
  sudo: True
  when: ansible_distribution_release == ""Precise""

- name: Install fpm
  gem: name=fpm state=present user_install=no
  sudo: True

- name: Fetch nginx source
  get_url:
    url=http://nginx.org/download/nginx-{{ nginx_version }}.tar.gz
    sha256sum={{ nginx_sha256 }}
    dest={{ work_dir }}/nginx-{{ nginx_version }}.tar.gz

- name: Untar nginx source
  unarchive: src={{ work_dir }}/nginx-{{ nginx_version }}.tar.gz
    dest={{ work_dir }} copy=no creates={{ work_dir }}/nginx-{{ nginx_version }}

- name: Fetch nginx_upload_module source
  git: repo={{ nginx_upload_module_repo }}
    version={{ nginx_upload_module_branch }} dest={{ work_dir }}/nginx_upload_module

- name: Fetch nginx_http_auth_pam_module source
  get_url: url=http://web.iti.upv.es/~sto/nginx/ngx_http_auth_pam_module-{{ nginx_http_auth_pam_module_version }}.tar.gz
    sha256sum={{ nginx_http_auth_pam_module_sha256 }} dest={{ work_dir }}/ngx_http_auth_pam_module-{{ nginx_http_auth_pam_module_version }}.tar.gz

- name: Untar nginx_http_auth_pam_module source
  unarchive: src={{ work_dir }}/ngx_http_auth_pam_module-{{ nginx_http_auth_pam_module_version }}.tar.gz
    dest={{ work_dir }} copy=no creates={{ work_dir }}/ngx_http_auth_pam_module-{{ nginx_http_auth_pam_module_version }}

- name: Fetch PCRE source
  get_url: url=ftp://ftp.csx.cam.ac.uk/pub/software/programming/pcre/pcre-{{ pcre_version }}.tar.gz
    sha256sum={{ pcre_sha256 }} dest={{ work_dir }}/pcre-{{ pcre_version }}.tar.gz
  when: ansible_distribution == ""CHANGEME""

- name: Untar PCRE source
  unarchive: src={{ work_dir}}/pcre-{{ pcre_version }}.tar.gz
    dest={{ work_dir }} copy=no creates={{ work_dir }}/pcre-{{ pcre_version }}

- name: Fetch zlib source
  get_url: url=http://zlib.net/zlib-{{ zlib_version }}.tar.gz
    sha256sum={{ zlib_sha256 }} dest={{ work_dir }}/zlib-{{ zlib_version }}.tar.gz

- name: Untar zlib source
  unarchive: src={{ work_dir }}/zlib-{{ zlib_version }}.tar.gz
    dest={{ work_dir }} copy=no creates={{ work_dir }}/zlib-{{ zlib_version }}

- name: Configure nginx
  command: ./configure {{ nginx_configure_args }}
    chdir={{ work_dir }}/nginx-{{ nginx_version }}
    creates={{ work_dir }}/nginx-{{ nginx_version }}/objs/ngx_auto_config.h

- name: Build nginx
  command: make
    chdir={{ work_dir }}/nginx-{{ nginx_version }}
    creates={{ work_dir }}/nginx-{{ nginx_version }}/objs/nginx

- name: Stage nginx package
  command: make DESTDIR={{ work_dir }}/nginx-{{ nginx_version }}-dest INSTALL_USER={{ user_id }} INSTALL_GROUP={{ user_group }} install
    chdir={{ work_dir }}/nginx-{{ nginx_version }}
    creates={{ work_dir }}/nginx-{{ nginx_version }}-dest

- name: Create var-opt dir
  command: mkdir -p {{ work_dir }}/nginx-{{ nginx_version }}-dest/{{ var_opt_path }}/nginx

- name: Create RPM
  command: fpm -s dir -t rpm -n galaxy-nginx -v {{ nginx_version }}-{{ build_id }}.gxy -p {{ work_dir }}/galaxy-nginx-{{ nginx_version }}_gxy{{ build_id }}_x86_64.rpm {{ fpm_args }} {{ nginx_dir_prefix | regex_replace('^/(\w+)/.*$', '\\1') }} var
    chdir={{ work_dir }}/nginx-{{ nginx_version }}-dest
    creates={{ work_dir }}/{{ work_dir }}/galaxy-nginx-{{ nginx_version }}_gxy{{ build_id }}_x86_64.rpm
  when: ansible_os_family == ""CentOS""

- name: Create deb
  command: fpm -s dir -t deb -n galaxy-nginx -v {{ nginx_version }}-gxy{{ build_id }}-{{ ansible_lsb['codename'] }} -p {{ work_dir }}/galaxy-nginx-{{ nginx_version }}_gxy{{ build_id }}-{{ ansible_lsb['codename'] }}_amd64.deb {{ fpm_args }} --conflicts nginx --conflicts nginx-core --conflicts nginx-common {{ nginx_dir_prefix | regex_replace('^/(\w+)/.*$', '\\1') }} var
    chdir={{ work_dir }}/nginx-{{ nginx_version }}-dest
    creates={{ work_dir }}/galaxy-nginx-{{ nginx_version }}_gxy{{ build_id }}-{{ ansible_lsb['codename'] }}_amd64.deb
  when: ansible_os_family == ""Debian""

- name: Install Nginx RPM
  command: rpm -Uvh {{ work_dir }}/galaxy-nginx-{{ nginx_version }}_gxy{{ build_id }}_x86_64.rpm
  when: ansible_distribution == ""CentOS""
```
"
https://api.github.com/repos/galaxyproject/galaxy-cloudman-playbook/issues/11,https://api.github.com/repos/galaxyproject/galaxy-cloudman-playbook,https://api.github.com/repos/galaxyproject/galaxy-cloudman-playbook/issues/11/labels{/name},https://api.github.com/repos/galaxyproject/galaxy-cloudman-playbook/issues/11/comments,https://api.github.com/repos/galaxyproject/galaxy-cloudman-playbook/issues/11/events,https://github.com/galaxyproject/galaxy-cloudman-playbook/issues/11,111249876,MDU6SXNzdWUxMTEyNDk4NzY=,11,PCRE version 8.33 doesn't exist,MatthewRalston,,closed,False,,,,1,2015-10-13T19:16:10Z,2015-10-14T15:14:06Z,2015-10-14T15:14:06Z,NONE,"The FTP site for PCRE source has decided to remove the 8.33 source repo.
"
https://api.github.com/repos/galaxyproject/galaxy-cloudman-playbook/issues/8,https://api.github.com/repos/galaxyproject/galaxy-cloudman-playbook,https://api.github.com/repos/galaxyproject/galaxy-cloudman-playbook/issues/8/labels{/name},https://api.github.com/repos/galaxyproject/galaxy-cloudman-playbook/issues/8/comments,https://api.github.com/repos/galaxyproject/galaxy-cloudman-playbook/issues/8/events,https://github.com/galaxyproject/galaxy-cloudman-playbook/issues/8,92904304,MDU6SXNzdWU5MjkwNDMwNA==,8,building galaxyFS - services restart unwanted,kaktus42,,open,False,,,,0,2015-07-03T16:20:12Z,2015-07-03T16:20:12Z,,NONE,"When creating an galaxyFS archive (the cm.filesystem role), the galaxy and postgres services are being shut down.
In a cloudman instance unfortunately these services get restarted while the archive is being created, which leads best case to an error during the tar process (file has changed while we read it). Worst case is probably a malformed galaxyFS without any error message.

Workaround: manually suspending these services before running the role.
"
https://api.github.com/repos/galaxyproject/galaxy-cloudman-playbook/issues/7,https://api.github.com/repos/galaxyproject/galaxy-cloudman-playbook,https://api.github.com/repos/galaxyproject/galaxy-cloudman-playbook/issues/7/labels{/name},https://api.github.com/repos/galaxyproject/galaxy-cloudman-playbook/issues/7/comments,https://api.github.com/repos/galaxyproject/galaxy-cloudman-playbook/issues/7/events,https://github.com/galaxyproject/galaxy-cloudman-playbook/issues/7,87540870,MDU6SXNzdWU4NzU0MDg3MA==,7,"""Machine Image"" AMI doesn't start cloudman",kaktus42,,closed,False,,,,15,2015-06-11T23:33:41Z,2015-07-14T19:13:51Z,2015-06-16T16:34:45Z,NONE,"I created an AMI according to the README and launched a new instance with that image.
Unfortunately the CloudMan doesn't come up like in https://wiki.galaxyproject.org/CloudMan/Building (step 2)
The security groups include HTTP(S) access.
`$sudo service nginx status` reveals: `* nginx is not running`
ngingx-error log:
`2015/06/11 23:10:03 [emerg] 2727#0: mkdir() ""/mnt/galaxy/upload_store"" failed (2: No such file or directory)`
"
https://api.github.com/repos/galaxyproject/galaxy-cloudman-playbook/issues/6,https://api.github.com/repos/galaxyproject/galaxy-cloudman-playbook,https://api.github.com/repos/galaxyproject/galaxy-cloudman-playbook/issues/6/labels{/name},https://api.github.com/repos/galaxyproject/galaxy-cloudman-playbook/issues/6/comments,https://api.github.com/repos/galaxyproject/galaxy-cloudman-playbook/issues/6/events,https://github.com/galaxyproject/galaxy-cloudman-playbook/issues/6,68466336,MDU6SXNzdWU2ODQ2NjMzNg==,6,is the server branch still active?,leipzig,,closed,False,,,,1,2015-04-14T18:45:00Z,2015-04-14T18:54:33Z,2015-04-14T18:54:33Z,NONE,"it looks like /scripts/install_tool_shed_tools.py has diverged significantly
"
https://api.github.com/repos/galaxyproject/galaxy-cloudman-playbook/issues/4,https://api.github.com/repos/galaxyproject/galaxy-cloudman-playbook,https://api.github.com/repos/galaxyproject/galaxy-cloudman-playbook/issues/4/labels{/name},https://api.github.com/repos/galaxyproject/galaxy-cloudman-playbook/issues/4/comments,https://api.github.com/repos/galaxyproject/galaxy-cloudman-playbook/issues/4/events,https://github.com/galaxyproject/galaxy-cloudman-playbook/issues/4,66577704,MDU6SXNzdWU2NjU3NzcwNA==,4,Missing licence information,peterjc,,closed,False,,,,3,2015-04-06T10:34:22Z,2015-04-06T14:28:15Z,2015-04-06T14:15:08Z,NONE,"I could not see which licence you are using in the README file, nor was a LICENSE file present as GitHub suggest: https://help.github.com/articles/open-source-licensing/
"
