URL,Repository URL,Labels URL,Comments URL,Events URL,HTML URL,ID,Node ID,Number,Title,User,Labels,State,Locked,Assignee,Assignees,Milestone,Comments,Created At,Updated At,Closed At,Author Association,Body
https://api.github.com/repos/galaxyproject/ansible-interactive-environments/issues/2,https://api.github.com/repos/galaxyproject/ansible-interactive-environments,https://api.github.com/repos/galaxyproject/ansible-interactive-environments/issues/2/labels{/name},https://api.github.com/repos/galaxyproject/ansible-interactive-environments/issues/2/comments,https://api.github.com/repos/galaxyproject/ansible-interactive-environments/issues/2/events,https://github.com/galaxyproject/ansible-interactive-environments/issues/2,260233463,MDU6SXNzdWUyNjAyMzM0NjM=,2,NodeJS behind nginx with basic http authentication,drosofff,,open,False,,,,0,2017-09-25T10:55:05Z,2017-09-25T10:55:05Z,,MEMBER,"Hi @natefoo 
I am testing Jupiter IE in view to integrate it in our production server.
This works fine actually except if the Galaxy is restricted by http basic authentication. In that case, nginx complains as follow:

```
2017/09/25 12:42:57 [error] 15128#0: *3 connect() failed (111: Connection refused) while connecting to upstream, client: 134.157.182.128, server: lbcd41.snv.jussieu.fr, request: ""GET /gie_proxy/jupyter/ipython/login?next=%2Fgie_proxy%2Fjupyter%2Fipython%2Ftree HTTP/1.1"", upstream: ""http://[::1]:8800/gie_proxy/jupyter/ipython/login?next=%2Fgie_proxy%2Fjupyter%2Fipython%2Ftree"", host: ""lbcd41.snv.jussieu.fr"", referrer: ""https://lbcd41.snv.jussieu.fr/plugins/interactive_environments/jupyter/show?dataset_id=211cec9ad9430304""
2017/09/25 12:43:01 [error] 15128#0: *157 no user/password was provided for basic authentication, client: 172.17.0.4, server: lbcd41.snv.jussieu.fr, request: ""GET /api/histories?key=fe672f6d326c33bec7c6d5a6e9d0e17b HTTP/1.1"", host: ""lbcd41.snv.jussieu.fr""
```
Do you know by chance if there is a simple turnaround to not authenticate when proxying 8800, or if authentication can be configured with the NodeJS server and npm or something ?

Sorry to bother you if you are not the expert for this issue. If you have any idea on who could have already struggled with this, I'll take it."
https://api.github.com/repos/galaxyproject/ansible-interactive-environments/issues/1,https://api.github.com/repos/galaxyproject/ansible-interactive-environments,https://api.github.com/repos/galaxyproject/ansible-interactive-environments/issues/1/labels{/name},https://api.github.com/repos/galaxyproject/ansible-interactive-environments/issues/1/comments,https://api.github.com/repos/galaxyproject/ansible-interactive-environments/issues/1/events,https://github.com/galaxyproject/ansible-interactive-environments/issues/1,166111275,MDU6SXNzdWUxNjYxMTEyNzU=,1,Change repo description to point to new docs,nturaga,,closed,False,,,,1,2016-07-18T14:46:02Z,2016-07-18T14:52:18Z,2016-07-18T14:52:18Z,NONE,"https://docs.galaxyproject.org/en/master/admin/interactive_environments.html
"
