URL,Repository URL,Labels URL,Comments URL,Events URL,HTML URL,ID,Node ID,Number,Title,User,Labels,State,Locked,Assignee,Assignees,Milestone,Comments,Created At,Updated At,Closed At,Author Association,Body
https://api.github.com/repos/galaxyproject/total-perspective-vortex/issues/127,https://api.github.com/repos/galaxyproject/total-perspective-vortex,https://api.github.com/repos/galaxyproject/total-perspective-vortex/issues/127/labels{/name},https://api.github.com/repos/galaxyproject/total-perspective-vortex/issues/127/comments,https://api.github.com/repos/galaxyproject/total-perspective-vortex/issues/127/events,https://github.com/galaxyproject/total-perspective-vortex/issues/127,2127223869,I_kwDOFe5uac5-ytw9,127,TPV config file - documentation should mention the name of the file? ,maikenp,,closed,False,,,,1,2024-02-09T14:07:53Z,2024-02-09T14:22:19Z,2024-02-09T14:22:19Z,NONE,"Does the tpv configuration file need a specific name? It is not mentioned here: https://total-perspective-vortex.readthedocs.io/en/latest/topics/tpv_by_example.html

I see in https://www.youtube.com/watch?v=4l7mVHGm_8A that tpv_config.yml is used. Is this the required name? "
https://api.github.com/repos/galaxyproject/total-perspective-vortex/issues/123,https://api.github.com/repos/galaxyproject/total-perspective-vortex,https://api.github.com/repos/galaxyproject/total-perspective-vortex/issues/123/labels{/name},https://api.github.com/repos/galaxyproject/total-perspective-vortex/issues/123/comments,https://api.github.com/repos/galaxyproject/total-perspective-vortex/issues/123/events,https://github.com/galaxyproject/total-perspective-vortex/issues/123,2033371257,I_kwDOFe5uac55Msh5,123,add a convenient way to get the object_store_id of a input dataset,bgruening,,closed,False,,,,1,2023-12-08T22:09:59Z,2024-01-25T09:59:18Z,2024-01-25T09:59:17Z,MEMBER,"We would like to access the object store ID of an input file.
Something like `{input_size}` would be nice to have, maybe `object_stors_ids` that returns a tuple (param name, object_store_id)?

Deferred datasets need to be excluded as they are not yet in any object store."
https://api.github.com/repos/galaxyproject/total-perspective-vortex/issues/120,https://api.github.com/repos/galaxyproject/total-perspective-vortex,https://api.github.com/repos/galaxyproject/total-perspective-vortex/issues/120/labels{/name},https://api.github.com/repos/galaxyproject/total-perspective-vortex/issues/120/comments,https://api.github.com/repos/galaxyproject/total-perspective-vortex/issues/120/events,https://github.com/galaxyproject/total-perspective-vortex/issues/120,2008506484,I_kwDOFe5uac53t2B0,120,Add support for expressions in context variables,nuwang,,open,False,,,,0,2023-11-23T16:04:57Z,2024-03-11T14:18:56Z,,MEMBER,"### context

[From hrzolix on matrix](https://matrix.to/#/!rfLDbcWEWZapZrujix:gitter.im/$i4AdcVKJ5tqSSEmXd95tu7DapYcpwBsYTEXYh24sZsc?via=gitter.im&via=matrix.org)

[hrzolix]
I'm trying to give our users freely to choose parameters for tools, so far cores and memory work but I've tried to add the option for choosing queue, because we in background we have cpu, cpu_30, cpu_180 (7, 30, 180 days). I'm running into a problem here NameError: name 'params' is not defined

Here is the tpv_rules_local.yml:

```yaml
global:
  default_inherits: default

tools:
  default:
    abstract: true
    cores: 2
    mem: 4
    params:
      queue: 'cpu_180'
    rules:
      - id: resource_params_defined
        if: |
          param_dict = job.get_param_values(app)
          param_dict.get('__job_resource', {}).get('__job_resource__select') == 'yes'
        cores:  int(job.get_param_values(app)['__job_resource']['cores'])
        mem: int(job.get_param_values(app)['__job_resource']['mem'])
        params:
          queue: ""{str(job.get_param_values(app)['__job_resource']['queue'])}""

destinations:
  local_env:
    runner: local_runner
    max_accepted_cores: 1
    params:
      tmp_dir: true
  pbs:
    runner: pbs_drmaa
    params:
      native_specification: ""-q {params['queue']} -l select=1:ncpus={cores}:mem={mem}GB""
```

[Nuwan Goonasekera]
Can you try using a context variable instead? Using params within params is possible, but tricky and probably not worth the trouble. Something like this should work:
```yaml
global:
  default_inherits: default

tools:
  default:
    abstract: true
    cores: 2
    mem: 4
    context:
      queue: 'cpu_180'
    rules:
      - id: resource_params_defined
        if: |
          param_dict = job.get_param_values(app)
          param_dict.get('__job_resource', {}).get('__job_resource__select') == 'yes'
        cores:  int(job.get_param_values(app)['__job_resource']['cores'])
        mem: int(job.get_param_values(app)['__job_resource']['mem'])
        context:
          queue: ""{str(job.get_param_values(app)['__job_resource']['queue'])}""

destinations:
  local_env:
    runner: local_runner
    max_accepted_cores: 1
    params:
      tmp_dir: true
  pbs:
    runner: pbs_drmaa
    params:
      native_specification: ""-q {queue} -l select=1:ncpus={cores}:mem={mem}GB""
```

[hrzolix]
Hi Nuwan, I tried this and I got an error for queue does not exits, apparently it parses directly: -q {str(job.get_param_values(app)['__job_resource']['queue'])} -l select=1:ncpus=4:mem=8GB


[Nuwan Goonasekera]
Aah yes! I forgot that context variables must be constants. In that case, can you try reverting to your original code, but refer to params as entity.params?:
```yaml
  pbs:
    runner: pbs_drmaa
    params:
      native_specification: ""-q {entity.params['queue']} -l select=1:ncpus={cores}:mem={mem}GB""
```

In the long run, we should probably consider adding support for computed context variables instead. That makes it much nicer I reckon

[hrzolix]
hm again its the same unfortunately : -q {str(job.get_param_values(app)['__job_resource']['queue'])} -l select=1:ncpus=6:mem=4GB
Here is the  job_resource_params_conf.xml if it helps
```xml
<parameters>
        <param label=""Cores"" name=""cores"" type=""integer"" min=""1"" max=""128"" value="""" help=""Number of processing cores, 'ncpus' value (1-128). Leave blank to use default value(1)."" />
        <param label=""Queue"" name=""queue"" type=""select"" value="""" help=""Depending on job time, choose a queue for your job(cpu=7days, cpu_30=30 days cpu_180=180 days.)"">
                <option value=""cpu_180"">CPU_180 (default)</option>
                <option value=""cpu_30"">CPU_30</option>
                <option value=""cpu"">CPU</option>
        </param>
        <param label=""Memory"" name=""mem"" type=""integer"" min=""4"" max=""480"" value="""" help=""Memory size in gigabytes, 'mem' value (4-256). Leave blank to use default value(3.8GB)."" />
</parameters>
```

[Nuwan Goonasekera]
You're right, it doesn't work that way. This is because of the evaluation order of variables. You can use this instead:
```yaml
global:
  default_inherits: default

tools:
  default:
    abstract: true
    cores: 2
    mem: 4
    env:
      queue: 'cpu_180'
    rules:
      - id: resource_params_defined
        if: |
          param_dict = job.get_param_values(app)
          param_dict.get('__job_resource', {}).get('__job_resource__select') == 'yes'
        cores:  int(job.get_param_values(app)['__job_resource']['cores'])
        mem: int(job.get_param_values(app)['__job_resource']['mem'])
        env:
          queue: ""{str(job.get_param_values(app)['__job_resource']['queue'])}""

destinations:
  local_env:
    runner: local_runner
    max_accepted_cores: 1
    params:
      tmp_dir: true
  pbs:
    runner: pbs_drmaa
    params:
      native_specification: ""-q {[env['value'] for env in env if env['name'] == 'queue'][0]} -l select=1:ncpus={cores}:mem={mem}GB""
```
That'll work for now, but the downside is that it passes a needless environment variable to the tool"
https://api.github.com/repos/galaxyproject/total-perspective-vortex/issues/118,https://api.github.com/repos/galaxyproject/total-perspective-vortex,https://api.github.com/repos/galaxyproject/total-perspective-vortex/issues/118/labels{/name},https://api.github.com/repos/galaxyproject/total-perspective-vortex/issues/118/comments,https://api.github.com/repos/galaxyproject/total-perspective-vortex/issues/118/events,https://github.com/galaxyproject/total-perspective-vortex/issues/118,1997264570,I_kwDOFe5uac53C9a6,118,Proper method for preventing default inheritance,natefoo,,open,False,,,,1,2023-11-16T16:31:35Z,2023-11-16T19:30:40Z,,MEMBER,"[From Matrix](https://matrix.to/#/!gNlHetNvseiGJNBrFZ:matrix.org/$ue6ETXoNXqnK7sjEBHNfbHN9D3g0Q_wgmowZuSvJoik?via=matrix.org):

@nuwang 
> There's no way currently to stop it from inherting the default I believe. So you could try setting env: [] explicitly on _conda_local, but that may or may not work

@natefoo 
> Yeah, things are working as I have them now (by making the upload and data source tools have their own rule on the default tool) but it does seem like some way to prevent the default inheritance would be ideal.

@nuwang 
> Looking at the code, setting inherits to an empty string may work  
> But yeah, we should probably add that if not

I can confirm that setting `inherits` to an empty string does indeed work, but as discussed, a proper method (YAML `null`?) would be preferable."
https://api.github.com/repos/galaxyproject/total-perspective-vortex/issues/117,https://api.github.com/repos/galaxyproject/total-perspective-vortex,https://api.github.com/repos/galaxyproject/total-perspective-vortex/issues/117/labels{/name},https://api.github.com/repos/galaxyproject/total-perspective-vortex/issues/117/comments,https://api.github.com/repos/galaxyproject/total-perspective-vortex/issues/117/events,https://github.com/galaxyproject/total-perspective-vortex/issues/117,1943912765,I_kwDOFe5uac5z3cE9,117,file size not available for deferred datasets,mvdbeek,,open,False,,,,0,2023-10-15T14:34:12Z,2023-10-15T14:34:12Z,,MEMBER,"I don't know what should happen then, but I suppose a lot of rules make the assumption file size is available, which will be broken with deferred datasets. I suppose you'd want to document that somewhere ?"
https://api.github.com/repos/galaxyproject/total-perspective-vortex/issues/115,https://api.github.com/repos/galaxyproject/total-perspective-vortex,https://api.github.com/repos/galaxyproject/total-perspective-vortex/issues/115/labels{/name},https://api.github.com/repos/galaxyproject/total-perspective-vortex/issues/115/comments,https://api.github.com/repos/galaxyproject/total-perspective-vortex/issues/115/events,https://github.com/galaxyproject/total-perspective-vortex/issues/115,1921641506,I_kwDOFe5uac5yiewi,115,TPV dry-run: mock tool has `None` as version,kysrpex,,open,False,,,,7,2023-10-02T10:24:19Z,2023-10-03T06:46:54Z,,CONTRIBUTOR,"`tool.version` is `None` for the mock tool. Therefore, running TPV dry-run with rules using version helpers such as `helpers.tool_version_gte` causes it to crash (example [here](https://github.com/usegalaxy-eu/infrastructure-playbook/actions/runs/6224691677/job/16893456908#step:20), rule causing the crash [here](https://github.com/usegalaxy-eu/infrastructure-playbook/blob/3886cd108bc58942bc3c647c19633152dc614548/files/galaxy/tpv/tool_defaults.yml#L45-L52)).

In general I think it would be a good idea to have a second look on the mock objects that power the dry-run to make sure that no other similar issues are lurking in the code."
https://api.github.com/repos/galaxyproject/total-perspective-vortex/issues/114,https://api.github.com/repos/galaxyproject/total-perspective-vortex,https://api.github.com/repos/galaxyproject/total-perspective-vortex/issues/114/labels{/name},https://api.github.com/repos/galaxyproject/total-perspective-vortex/issues/114/comments,https://api.github.com/repos/galaxyproject/total-perspective-vortex/issues/114/events,https://github.com/galaxyproject/total-perspective-vortex/issues/114,1874625363,I_kwDOFe5uac5vvINT,114,"Add info about cores, mem and gpus to a job in a standard way",cat-bro,,open,False,,,,1,2023-08-31T01:50:30Z,2023-08-31T05:14:53Z,,COLLABORATOR,"We have talked about injecting the values of 'cores', 'mem' and 'gpus' into any job processed by TPV so that it can be queried later, probably into the destination_params field.

It's not possible at the moment to write an SQL query that will extract this info from both Galaxy Australia and Galaxy Europe since these values are stored in different places. For example, Galaxy Australia has
```
{""nativeSpecification"": ""--nodes=1 --ntasks=4 --ntasks-per-node=4 --mem=16384 --partition=main""}
```
within the encoded destination_params field, and we can extract these values in a query with regex, but the same regex would not work for another Galaxy instance that was either not using slurm or using it differently.

Having values within destination_params (`tpv_cores`, `tpv_mem`, `tpv_gpus`) in addition to our various DRM specifications would be helpful from an admin perspective, and these could also be used in custom ranking functions.
"
https://api.github.com/repos/galaxyproject/total-perspective-vortex/issues/111,https://api.github.com/repos/galaxyproject/total-perspective-vortex,https://api.github.com/repos/galaxyproject/total-perspective-vortex/issues/111/labels{/name},https://api.github.com/repos/galaxyproject/total-perspective-vortex/issues/111/comments,https://api.github.com/repos/galaxyproject/total-perspective-vortex/issues/111/events,https://github.com/galaxyproject/total-perspective-vortex/issues/111,1861501241,I_kwDOFe5uac5u9EE5,111,TPV parses tool version with upstream library,mvdbeek,bug,closed,False,,,,3,2023-08-22T13:45:32Z,2023-08-25T14:30:54Z,2023-08-25T14:30:54Z,MEMBER,"```
def tool_version_gte(tool, version):
    return packaging.version.parse(tool.version) >= packaging.version.parse(version)
```
this isn't safe as newer versions of packing don't allow legacy versions anymore:

```
InvalidVersion: Invalid version: '0.6.1a1.0'
  File ""galaxy/jobs/mapper.py"", line 235, in __cache_job_destination
    self.cached_job_destination = self.__determine_job_destination(
  File ""galaxy/jobs/mapper.py"", line 223, in __determine_job_destination
    job_destination = self.__handle_dynamic_job_destination(raw_job_destination)
  File ""galaxy/jobs/mapper.py"", line 203, in __handle_dynamic_job_destination
    return self.__handle_rule(expand_function, destination)
  File ""galaxy/jobs/mapper.py"", line 206, in __handle_rule
    job_destination = self.__invoke_expand_function(rule_function, destination)
  File ""galaxy/jobs/mapper.py"", line 123, in __invoke_expand_function
    return expand_function(**actual_args)
  File ""tpv/rules/gateway.py"", line 51, in map_tool_to_destination
    return ACTIVE_DESTINATION_MAPPER.map_to_destination(app, tool, user, job, job_wrapper, resource_params,
  File ""tpv/core/mapper.py"", line 150, in map_to_destination
    evaluated_entity = self.match_combine_evaluate_entities(context, tool, user)
  File ""tpv/core/mapper.py"", line 120, in match_combine_evaluate_entities
    evaluated_entity = combined_entity.evaluate(context)
  File ""tpv/core/entities.py"", line 485, in evaluate
    if rule.is_matching(context):
  File ""tpv/core/entities.py"", line 735, in is_matching
    if self.loader.eval_code_block(self.match, context):
  File ""tpv/core/loader.py"", line 53, in eval_code_block
    return eval(eval_block, locals)
  File ""<string>"", line 4, in <module>
    import logging
  File ""tpv/core/helpers.py"", line 104, in tool_version_gte
    return packaging.version.parse(tool.version) >= packaging.version.parse(version)
  File ""packaging/version.py"", line 52, in parse
    return Version(version)
  File ""packaging/version.py"", line 198, in __init__
    raise InvalidVersion(f""Invalid version: '{version}'"")
JobMappingException: Encountered an unhandled exception while caching job destination dynamic rule.
  File ""galaxy/jobs/handler.py"", line 710, in __verify_job_ready
    job_destination = job_wrapper.job_destination
  File ""galaxy/jobs/__init__.py"", line 2534, in job_destination
    return self.job_runner_mapper.get_job_destination(self.params)
  File ""galaxy/jobs/mapper.py"", line 254, in get_job_destination
    return self.__cache_job_destination(params)
  File ""galaxy/jobs/mapper.py"", line 244, in __cache_job_destination
    raise JobMappingException(ERROR_MESSAGE_RULE_EXCEPTION)
InvalidVersion: Invalid version: '0.6.1a1.0'
  File ""galaxy/jobs/mapper.py"", line 235, in __cache_job_destination
    self.cached_job_destination = self.__determine_job_destination(
  File ""galaxy/jobs/mapper.py"", line 223, in __determine_job_destination
    job_destination = self.__handle_dynamic_job_destination(raw_job_destination)
  File ""galaxy/jobs/mapper.py"", line 203, in __handle_dynamic_job_destination
    return self.__handle_rule(expand_function, destination)
  File ""galaxy/jobs/mapper.py"", line 206, in __handle_rule
    job_destination = self.__invoke_expand_function(rule_function, destination)
  File ""galaxy/jobs/mapper.py"", line 123, in __invoke_expand_function
    return expand_function(**actual_args)
  File ""tpv/rules/gateway.py"", line 51, in map_tool_to_destination
    return ACTIVE_DESTINATION_MAPPER.map_to_destination(app, tool, user, job, job_wrapper, resource_params,
  File ""tpv/core/mapper.py"", line 150, in map_to_destination
    evaluated_entity = self.match_combine_evaluate_entities(context, tool, user)
  File ""tpv/core/mapper.py"", line 120, in match_combine_evaluate_entities
    evaluated_entity = combined_entity.evaluate(context)
  File ""tpv/core/entities.py"", line 485, in evaluate
    if rule.is_matching(context):
  File ""tpv/core/entities.py"", line 735, in is_matching
    if self.loader.eval_code_block(self.match, context):
  File ""tpv/core/loader.py"", line 53, in eval_code_block
    return eval(eval_block, locals)
  File ""<string>"", line 4, in <module>
    import logging
  File ""tpv/core/helpers.py"", line 104, in tool_version_gte
    return packaging.version.parse(tool.version) >= packaging.version.parse(version)
  File ""packaging/version.py"", line 52, in parse
    return Version(version)
  File ""packaging/version.py"", line 198, in __init__
    raise InvalidVersion(f""Invalid version: '{version}'"")
```
Galaxy includes a vendored version, you probably want to use that instead (https://github.com/galaxyproject/galaxy/blob/dev/lib/galaxy/tool_util/version.py)"
https://api.github.com/repos/galaxyproject/total-perspective-vortex/issues/109,https://api.github.com/repos/galaxyproject/total-perspective-vortex,https://api.github.com/repos/galaxyproject/total-perspective-vortex/issues/109/labels{/name},https://api.github.com/repos/galaxyproject/total-perspective-vortex/issues/109/comments,https://api.github.com/repos/galaxyproject/total-perspective-vortex/issues/109/events,https://github.com/galaxyproject/total-perspective-vortex/issues/109,1798997676,I_kwDOFe5uac5rOoas,109,Declare minimum Python version required to run TPV,kysrpex,,open,False,,,,0,2023-07-11T13:52:53Z,2023-07-11T13:52:53Z,,CONTRIBUTOR,"In setup.py there is no declaration of the minimum Python version that TPV requires. E.g. `python_requires="">=3.X""`.

Apart from the obvious reasons why this is good, I think it would also facilitates the incorporation of tools to the [TPV shared database](https://github.com/galaxyproject/tpv-shared-database), because then people who write rules know what features of the language to stick to."
https://api.github.com/repos/galaxyproject/total-perspective-vortex/issues/106,https://api.github.com/repos/galaxyproject/total-perspective-vortex,https://api.github.com/repos/galaxyproject/total-perspective-vortex/issues/106/labels{/name},https://api.github.com/repos/galaxyproject/total-perspective-vortex/issues/106/comments,https://api.github.com/repos/galaxyproject/total-perspective-vortex/issues/106/events,https://github.com/galaxyproject/total-perspective-vortex/issues/106,1785399153,I_kwDOFe5uac5qawdx,106,Destination clamping not working as expected,nuwang,,closed,False,nuwang,nuwang,,0,2023-07-03T06:02:11Z,2023-07-04T17:55:14Z,2023-07-04T17:55:14Z,MEMBER,"As reported by @cat-bro, when dispatching jobs to a destination, clamping produces unexpected results. If resources are clamped at a destination, admins would naturally expect the cores/mem/gpu values defined at the destination to affect all expressions. However, this is not the case, and only expressions defined at the destination are affected by clamping. 

This can be demonstrated through the following example:
```yaml
tools:
  tool_for_testing_resource_clamping:
    cores: 16
    mem: cores * 3
    gpus: 2
    env:
      MY_TOOL_ENV: ""cores: {cores} mem: {mem} gpus: {gpus}""
    scheduling:
      require:
        - test_of_resource_clamping

destinations:
  clamped_destination:
    runner: k8s
    max_accepted_cores: 32
    max_accepted_mem: 128
    max_accepted_gpus: 2
    cores: 8
    gpus: 1
    env:
      MY_DEST_ENV: ""cores: {cores} mem: {mem} gpus: {gpus}""
    scheduling:
      accept:
        - test_of_resource_clamping
```

Here, the two env values will have the following values:
 ```bash
 MY_TOOL_ENV=""cores: 16 mem: 48 gpus: 2""
 MY_DEST_ENV=""cores: 8 mem: 24 gpus: 1""
 ```
 
 which is probably surprising behaviour to most users.
 
 
**Cause**
In order to match up with a destination, the cores, mem and gpu values must be concrete and known, as the job must fit the destination. Therefore, the tool is evaluated prior to matching up with a destination. Once matched up, the cores, mem and gpu values may be clamped at the destination. However, because the tool expressions have already been evaluated, only destination expressions are affected. This means that tool fields not defined at the destination will have values prior to destination clamping, and fields defined at the destination will have values after destination clamping.

**Fix**
There's a slight chicken and egg problem here because in order to match up the destination, conditional expressions etc. must be evaluated, but if the expressions are evaluated, then it's too late to clamp it at the destination. The solution appears to be to delay evaluation as much as possible by evaluating only conditionals, but not the final expressions. A fix is  almost complete.
 "
https://api.github.com/repos/galaxyproject/total-perspective-vortex/issues/104,https://api.github.com/repos/galaxyproject/total-perspective-vortex,https://api.github.com/repos/galaxyproject/total-perspective-vortex/issues/104/labels{/name},https://api.github.com/repos/galaxyproject/total-perspective-vortex/issues/104/comments,https://api.github.com/repos/galaxyproject/total-perspective-vortex/issues/104/events,https://github.com/galaxyproject/total-perspective-vortex/issues/104,1752601637,I_kwDOFe5uac5odpQl,104,Our config files are considered like url by the load_yaml_from_url_or_path method in util.py ,MercierEva,,closed,False,,,,3,2023-06-12T12:00:13Z,2023-06-12T13:56:22Z,2023-06-12T13:56:22Z,NONE," Hi, 
 
 After the installation of TPV on our fr instance, We encountered this issue :
 ```
  File ""/shared/mfs/data/dev/galaxy/server/lib/galaxy/jobs/mapper.py"", line 236, in __cache_job_destination
    params, raw_job_destination=raw_job_destination
  File ""/shared/mfs/data/dev/galaxy/server/lib/galaxy/jobs/mapper.py"", line 223, in __determine_job_destination
    job_destination = self.__handle_dynamic_job_destination(raw_job_destination)
  File ""/shared/mfs/data/dev/galaxy/server/lib/galaxy/jobs/mapper.py"", line 203, in __handle_dynamic_job_destination
    return self.__handle_rule(expand_function, destination)
  File ""/shared/mfs/data/dev/galaxy/server/lib/galaxy/jobs/mapper.py"", line 206, in __handle_rule
    job_destination = self.__invoke_expand_function(rule_function, destination)
  File ""/shared/mfs/data/dev/galaxy/server/lib/galaxy/jobs/mapper.py"", line 123, in __invoke_expand_function
    return expand_function(**actual_args)
  File ""/shared/mfs/data/dev/galaxy/.venv/lib/python3.7/site-packages/tpv/rules/gateway.py"", line 50, in map_tool_to_destination
    ACTIVE_DESTINATION_MAPPER = setup_destination_mapper(app, tpv_config_files)
  File ""/shared/mfs/data/dev/galaxy/.venv/lib/python3.7/site-packages/tpv/rules/gateway.py"", line 28, in setup_destination_mapper
    mapper = load_destination_mapper(tpv_config_files)
  File ""/shared/mfs/data/dev/galaxy/.venv/lib/python3.7/site-packages/tpv/rules/gateway.py"", line 19, in load_destination_mapper
    current_loader = TPVConfigLoader.from_url_or_path(tpv_config_file)
  File ""/shared/mfs/data/dev/galaxy/.venv/lib/python3.7/site-packages/tpv/core/loader.py"", line 128, in from_url_or_path
    tpv_config = util.load_yaml_from_url_or_path(url_or_path)
  File ""/shared/mfs/data/dev/galaxy/.venv/lib/python3.7/site-packages/tpv/core/util.py"", line 13, in load_yaml_from_url_or_path
    else:
  File ""/shared/mfs/data/dev/galaxy/.venv/lib/python3.7/site-packages/requests/api.py"", line 73, in get
    return request(""get"", url, params=params, **kwargs)
  File ""/shared/mfs/data/dev/galaxy/.venv/lib/python3.7/site-packages/requests/api.py"", line 59, in request
    return session.request(method=method, url=url, **kwargs)
  File ""/shared/mfs/data/dev/galaxy/.venv/lib/python3.7/site-packages/requests/sessions.py"", line 573, in request
    prep = self.prepare_request(req)
  File ""/shared/mfs/data/dev/galaxy/.venv/lib/python3.7/site-packages/requests/sessions.py"", line 496, in prepare_request
    hooks=merge_hooks(request.hooks, self.hooks),
  File ""/shared/mfs/data/dev/galaxy/.venv/lib/python3.7/site-packages/requests/models.py"", line 368, in prepare
    self.prepare_url(url, params)
  File ""/shared/mfs/data/dev/galaxy/.venv/lib/python3.7/site-packages/requests/models.py"", line 440, in prepare_url
    f""Invalid URL {url!r}: No scheme supplied. ""
requests.exceptions.MissingSchema: Invalid URL '/shared/mfs/data/dev/galaxy/config/total_perspective_vortex/users.yml': No scheme supplied. Perhaps you meant https:///shared/mfs/data/dev/galaxy/config/total_perspective_vortex/users.yml?
```
I was the same error when I ran the dry-run cli commands if I don't add explicitly yaml files

I have not ideas how I could change the situation. Also, inside a venv, I don't know how I could debug to display variables content

Thanks by advance,"
https://api.github.com/repos/galaxyproject/total-perspective-vortex/issues/100,https://api.github.com/repos/galaxyproject/total-perspective-vortex,https://api.github.com/repos/galaxyproject/total-perspective-vortex/issues/100/labels{/name},https://api.github.com/repos/galaxyproject/total-perspective-vortex/issues/100/comments,https://api.github.com/repos/galaxyproject/total-perspective-vortex/issues/100/events,https://github.com/galaxyproject/total-perspective-vortex/issues/100,1712235049,I_kwDOFe5uac5mDqIp,100,Not correct total input file sizes estimation,gallardoalba,,closed,False,,,,6,2023-05-16T15:14:56Z,2023-05-17T14:18:41Z,2023-05-17T14:18:41Z,NONE,"I found a case in which TPV didn't compute correctly the total size of the input files. This is the test history: https://usegalaxy.eu/u/gallardoalba/h/copy-of-onttest (the last smudgeplot run). It was expected to allocate 75GB of memory, since the total input size is larger than 1GB (Galaxy EU rules https://github.com/usegalaxy-eu/infrastructure-playbook/blob/master/files/galaxy/tpv/tools.yml#L545), but however it allocated 8GB. @kysrpex is also reviewing the problem."
https://api.github.com/repos/galaxyproject/total-perspective-vortex/issues/85,https://api.github.com/repos/galaxyproject/total-perspective-vortex,https://api.github.com/repos/galaxyproject/total-perspective-vortex/issues/85/labels{/name},https://api.github.com/repos/galaxyproject/total-perspective-vortex/issues/85/comments,https://api.github.com/repos/galaxyproject/total-perspective-vortex/issues/85/events,https://github.com/galaxyproject/total-perspective-vortex/issues/85,1616061567,I_kwDOFe5uac5gUyR_,85,Would TPV be able to tell between a job sent by a workflow and a job sent directly by a user?,pcm32,,closed,False,,,,8,2023-03-08T22:44:03Z,2023-05-05T12:01:07Z,2023-05-05T07:45:47Z,MEMBER,"I'm thinking on some different rules for jobs that come from workflows and jobs that come from users, I wonder if we can tell them apart. I would like workflow jobs to have re-trials when the error is unknown (besides OOMs, etc), but have direct user jobs only have retrials on specified errors (OOMs, walltime, etc) but not on unknown errors. Thanks!"
https://api.github.com/repos/galaxyproject/total-perspective-vortex/issues/83,https://api.github.com/repos/galaxyproject/total-perspective-vortex,https://api.github.com/repos/galaxyproject/total-perspective-vortex/issues/83/labels{/name},https://api.github.com/repos/galaxyproject/total-perspective-vortex/issues/83/comments,https://api.github.com/repos/galaxyproject/total-perspective-vortex/issues/83/events,https://github.com/galaxyproject/total-perspective-vortex/issues/83,1601215031,I_kwDOFe5uac5fcJo3,83,TPV error (version 1.4.1) for jobs with input_size rules but no input datasets,cat-bro,,closed,False,,,,1,2023-02-27T13:43:44Z,2023-03-06T04:32:03Z,2023-03-06T04:32:03Z,COLLABORATOR,"A few jobs have failed for iqtree fastqc and abyss. These particular jobs have no input datasets but their entries in the tpv config do have file size rules.  They fail with the job info field containing 'Encountered an unhandled exception while caching job destination dynamic rule.'

This is the traceback from the handler log.

```
Traceback (most recent call last):
  File ""/mnt/galaxy/galaxy-app/lib/galaxy/jobs/mapper.py"", line 236, in __cache_job_destination
    self.cached_job_destination = self.__determine_job_destination(
  File ""/mnt/galaxy/galaxy-app/lib/galaxy/jobs/mapper.py"", line 224, in __determine_job_destination
    job_destination = self.__handle_dynamic_job_destination(raw_job_destination)
  File ""/mnt/galaxy/galaxy-app/lib/galaxy/jobs/mapper.py"", line 204, in __handle_dynamic_job_destination
    return self.__handle_rule(expand_function, destination)
  File ""/mnt/galaxy/galaxy-app/lib/galaxy/jobs/mapper.py"", line 207, in __handle_rule
    job_destination = self.__invoke_expand_function(rule_function, destination)
  File ""/mnt/galaxy/galaxy-app/lib/galaxy/jobs/mapper.py"", line 124, in __invoke_expand_function
    return expand_function(**actual_args)
  File ""/mnt/galaxy/venv/lib/python3.8/site-packages/tpv/rules/gateway.py"", line 50, in map_tool_to_destination
    return ACTIVE_DESTINATION_MAPPER.map_to_destination(app, tool, user, job)
  File ""/mnt/galaxy/venv/lib/python3.8/site-packages/tpv/core/mapper.py"", line 143, in map_to_destination
    context, late_evaluated_entity = self.match_combine_evaluate_entities(app, tool, user, job)
  File ""/mnt/galaxy/venv/lib/python3.8/site-packages/tpv/core/mapper.py"", line 123, in match_combine_evaluate_entities
    early_evaluated_entities = self.evaluate_entities_early(entity_list, context)
  File ""/mnt/galaxy/venv/lib/python3.8/site-packages/tpv/core/mapper.py"", line 56, in evaluate_entities_early
    return [self.evaluate_entity_early(entities, entity, context) for entity in entities]
  File ""/mnt/galaxy/venv/lib/python3.8/site-packages/tpv/core/mapper.py"", line 56, in <listcomp>
    return [self.evaluate_entity_early(entities, entity, context) for entity in entities]
  File ""/mnt/galaxy/venv/lib/python3.8/site-packages/tpv/core/mapper.py"", line 53, in evaluate_entity_early
    return entity.evaluate_early(context)
  File ""/mnt/galaxy/venv/lib/python3.8/site-packages/tpv/core/entities.py"", line 438, in evaluate_early
    if rule.is_matching(context):
  File ""/mnt/galaxy/venv/lib/python3.8/site-packages/tpv/core/entities.py"", line 566, in is_matching
    if self.loader.eval_code_block(self.match, context):
  File ""/mnt/galaxy/venv/lib/python3.8/site-packages/tpv/core/loader.py"", line 49, in eval_code_block
    'input_size': helpers.input_size(context['job']) if 'input_size' in str(code) else 0
  File ""/mnt/galaxy/venv/lib/python3.8/site-packages/tpv/core/helpers.py"", line 26, in input_size
    return calculate_dataset_total(job.input_datasets)/GIGABYTES
  File ""/mnt/galaxy/venv/lib/python3.8/site-packages/tpv/core/helpers.py"", line 19, in calculate_dataset_total
    return reduce(sum_total,
TypeError: reduce() of empty sequence with no initial value
```

These errors were not seen at all with release 1.2.0."
https://api.github.com/repos/galaxyproject/total-perspective-vortex/issues/81,https://api.github.com/repos/galaxyproject/total-perspective-vortex,https://api.github.com/repos/galaxyproject/total-perspective-vortex/issues/81/labels{/name},https://api.github.com/repos/galaxyproject/total-perspective-vortex/issues/81/comments,https://api.github.com/repos/galaxyproject/total-perspective-vortex/issues/81/events,https://github.com/galaxyproject/total-perspective-vortex/issues/81,1590344420,I_kwDOFe5uac5eyrrk,81,TPV dry-run failing with error,nuwang,,closed,False,,,,0,2023-02-18T13:22:48Z,2023-03-03T04:08:59Z,2023-03-03T04:08:59Z,MEMBER,"As reported by @bgruening 
```
(venv) galaxy@sn06:~$ tpv dry-run --tool *spades* --job-conf /opt/galaxy/config/job_conf.yml                                                                                                                                                                                    │············································
ERROR: galaxy.jobs: Problem parsing file '/opt/galaxy/config/job_conf.yml', please correct the indicated portion of the file and restart Galaxy. 'NoneType' object has no attribute 'application_stack'                                                                         │············································
Traceback (most recent call last):                                                                                                                                                                                                                                              │············································
  File ""/opt/galaxy/server/lib/galaxy/jobs/__init__.py"", line 379, in __init__                                                                                                                                                                                                  │············································
    self._configure_from_dict(job_config_dict)                                                                                                                                                                                                                                  │············································
  File ""/opt/galaxy/server/lib/galaxy/jobs/__init__.py"", line 420, in _configure_from_dict                                                                                                                                                                                      │············································
    self._set_default_handler_assignment_methods()                                                                                                                                                                                                                              │············································
  File ""/opt/galaxy/server/lib/galaxy/web_stack/handlers.py"", line 150, in _set_default_handler_assignment_methods                                                                                                                                                              │············································
    self.handler_assignment_methods = [self.app.application_stack.get_preferred_handler_assignment_method()]                                                                                                                                                                    │············································
  File ""/opt/galaxy/server/lib/galaxy/web_stack/__init__.py"", line 83, in get_preferred_handler_assignment_method                                                                                                                                                               │············································
    if self.app.application_stack.supports_skip_locked():                                                                                                                                                                                                                       │············································
AttributeError: 'NoneType' object has no attribute 'application_stack'                                                                                                                                                                                                          │············································
Traceback (most recent call last):                                                                                                                                                                                                                                              │············································
  File ""/opt/galaxy/server/lib/galaxy/jobs/__init__.py"", line 379, in __init__                                                                                                                                                                                                  │············································
    self._configure_from_dict(job_config_dict)                                                                                                                                                                                                                                  │············································
  File ""/opt/galaxy/server/lib/galaxy/jobs/__init__.py"", line 420, in _configure_from_dict                                                                                                                                                                                      │············································
    self._set_default_handler_assignment_methods()                                                                                                                                                                                                                              │············································
  File ""/opt/galaxy/server/lib/galaxy/web_stack/handlers.py"", line 150, in _set_default_handler_assignment_methods                                                                                                                                                              │············································
    self.handler_assignment_methods = [self.app.application_stack.get_preferred_handler_assignment_method()]                                                                                                                                                                    │············································
  File ""/opt/galaxy/server/lib/galaxy/web_stack/__init__.py"", line 83, in get_preferred_handler_assignment_method                                                                                                                                                               │············································
    if self.app.application_stack.supports_skip_locked():                                                                                                                                                                                                                       │············································
AttributeError: 'NoneType' object has no attribute 'application_stack'                                                                                                                                                                                                          │············································
                                                                                                                                                                                                                                                                                │············································
During handling of the above exception, another exception occurred:                                                            
```"
https://api.github.com/repos/galaxyproject/total-perspective-vortex/issues/77,https://api.github.com/repos/galaxyproject/total-perspective-vortex,https://api.github.com/repos/galaxyproject/total-perspective-vortex/issues/77/labels{/name},https://api.github.com/repos/galaxyproject/total-perspective-vortex/issues/77/comments,https://api.github.com/repos/galaxyproject/total-perspective-vortex/issues/77/events,https://github.com/galaxyproject/total-perspective-vortex/issues/77,1531049620,I_kwDOFe5uac5bQfaU,77,dry-run stack trace,bernt-matthias,,closed,False,,,,2,2023-01-12T16:49:41Z,2023-01-13T18:24:37Z,2023-01-13T18:24:37Z,CONTRIBUTOR,"`tpv dry-run --job-conf /data/galaxy_server/galaxy-dev/config/job_conf.yml --tool trinity --input-size 40`

```
ERROR: galaxy.jobs: Problem parsing the XML in file /data/galaxy_server/galaxy-dev/config/job_conf.yml, please correct the indicated portion of the file and restart Galaxy. 'NoneType' object has no attribute 'application_stack'
Traceback (most recent call last):
  File ""/gpfs0/home/songalax/.tpv-venv/lib/python3.8/site-packages/galaxy/jobs/__init__.py"", line 374, in __init__
    self._configure_from_dict(job_config_dict)
  File ""/gpfs0/home/songalax/.tpv-venv/lib/python3.8/site-packages/galaxy/jobs/__init__.py"", line 413, in _configure_from_dict
    self._set_default_handler_assignment_methods()
  File ""/gpfs0/home/songalax/.tpv-venv/lib/python3.8/site-packages/galaxy/web_stack/handlers.py"", line 149, in _set_default_handler_assignment_methods
    self.handler_assignment_methods = [self.app.application_stack.get_preferred_handler_assignment_method()]
  File ""/gpfs0/home/songalax/.tpv-venv/lib/python3.8/site-packages/galaxy/web_stack/__init__.py"", line 113, in get_preferred_handler_assignment_method
    if self.app.application_stack.supports_skip_locked():
AttributeError: 'NoneType' object has no attribute 'application_stack'
Traceback (most recent call last):
  File ""/gpfs0/home/songalax/.tpv-venv/lib/python3.8/site-packages/galaxy/jobs/__init__.py"", line 374, in __init__
    self._configure_from_dict(job_config_dict)
  File ""/gpfs0/home/songalax/.tpv-venv/lib/python3.8/site-packages/galaxy/jobs/__init__.py"", line 413, in _configure_from_dict
    self._set_default_handler_assignment_methods()
  File ""/gpfs0/home/songalax/.tpv-venv/lib/python3.8/site-packages/galaxy/web_stack/handlers.py"", line 149, in _set_default_handler_assignment_methods
    self.handler_assignment_methods = [self.app.application_stack.get_preferred_handler_assignment_method()]
  File ""/gpfs0/home/songalax/.tpv-venv/lib/python3.8/site-packages/galaxy/web_stack/__init__.py"", line 113, in get_preferred_handler_assignment_method
    if self.app.application_stack.supports_skip_locked():
AttributeError: 'NoneType' object has no attribute 'application_stack'

During handling of the above exception, another exception occurred:

Traceback (most recent call last):
  File ""/gpfs0/home/songalax/.tpv-venv/bin/tpv"", line 8, in <module>
    sys.exit(main())
  File ""/gpfs0/home/songalax/.tpv-venv/lib/python3.8/site-packages/tpv/core/shell.py"", line 163, in main
    return args.func(args)
  File ""/gpfs0/home/songalax/.tpv-venv/lib/python3.8/site-packages/tpv/core/shell.py"", line 68, in tpv_dry_run_config_files
    galaxy_app = mock_galaxy.App(job_conf=args.job_conf, create_model=True)
  File ""/gpfs0/home/songalax/.tpv-venv/lib/python3.8/site-packages/tpv/core/test/mock_galaxy.py"", line 67, in __init__
    self.job_config = JobConfiguration(self)
  File ""/gpfs0/home/songalax/.tpv-venv/lib/python3.8/site-packages/galaxy/jobs/__init__.py"", line 383, in __init__
    raise config_exception(e, job_config_file)
Exception: Problem parsing the XML in file /data/galaxy_server/galaxy-dev/config/job_conf.yml, please correct the indicated portion of the file and restart Galaxy. 'NoneType' object has no attribute 'application_stack'
```

my job_conf

```
runners:
#   local:
#     load: galaxy.jobs.runners.local:LocalJobRunner
  drmaa:
    load: galaxy.jobs.runners.drmaa:SlurmJobRunner
    invalidjobexception_state: ok
    invalidjobexception_retries: 0
    internalexception_state: ok
    internalexception_retries: 0
 
# handling:
#   assign:
#     - db-skip-locked
 
 
execution:
  default: tpv_dispatcher
  environments:
    tpv_dispatcher:
      runner: dynamic
      type: python
      function: map_tool_to_destination
      rules_module: tpv.rules
      tpv_config_files:
#         - https://github.com/galaxyproject/total-perspective-vortex/raw/main/tpv/tests/fixtures/mapping-rules.yml
        - config/tpv_rules_local.yml
```

and rules

```
tools:
   default:
     cores: 1
     mem: 8
     time: 0:10:10
     partition: -p testing
     params:
       nativeSpecification: ""-t {time} --mem-per-cpu={mem*1024} {partition}""
 
destinations:
  slurm:
    runner: slurm
    destination_name_override: ""EVE-{cores}-cores-{mem}-mem""
    max_accepted_cores: 56
    max_accepted_mem: 37
    max_accepted_gpus: 1
```
"
https://api.github.com/repos/galaxyproject/total-perspective-vortex/issues/75,https://api.github.com/repos/galaxyproject/total-perspective-vortex,https://api.github.com/repos/galaxyproject/total-perspective-vortex/issues/75/labels{/name},https://api.github.com/repos/galaxyproject/total-perspective-vortex/issues/75/comments,https://api.github.com/repos/galaxyproject/total-perspective-vortex/issues/75/events,https://github.com/galaxyproject/total-perspective-vortex/issues/75,1530616125,I_kwDOFe5uac5bO1k9,75,Automatic Publish to PyPi workflow not working,nuwang,,closed,False,,,,1,2023-01-12T12:17:50Z,2023-04-02T13:46:24Z,2023-04-02T13:46:24Z,MEMBER,"In the last two releases, it only published to test PyPi. It appears to be skipping over this condition: https://github.com/galaxyproject/total-perspective-vortex/blob/60974cc9d2998e408a10b87fa13ac70c43e8b7d3/.github/workflows/deploy.yaml#L34
as seen here: https://github.com/galaxyproject/total-perspective-vortex/actions/runs/3895409750/jobs/6650694608

However, it successfully published to PyPi in the 1.4.1 release: https://github.com/galaxyproject/total-perspective-vortex/actions/runs/3515392049/jobs/5890593794

I don't think I did anything different, other than creating a github release.

Any ideas @bgruening?"
https://api.github.com/repos/galaxyproject/total-perspective-vortex/issues/74,https://api.github.com/repos/galaxyproject/total-perspective-vortex,https://api.github.com/repos/galaxyproject/total-perspective-vortex/issues/74/labels{/name},https://api.github.com/repos/galaxyproject/total-perspective-vortex/issues/74/comments,https://api.github.com/repos/galaxyproject/total-perspective-vortex/issues/74/events,https://github.com/galaxyproject/total-perspective-vortex/issues/74,1530590284,I_kwDOFe5uac5bOvRM,74,Create a TPV tutorial on the GTN,nuwang,,closed,False,,,,11,2023-01-12T11:59:50Z,2024-02-05T18:56:39Z,2024-02-05T18:56:39Z,MEMBER,"Ping @hexylena
Do you have any suggestions on what it should include, that is missing, or could enhance: https://total-perspective-vortex.readthedocs.io/en/latest/topics/tpv_by_example.html?
"
https://api.github.com/repos/galaxyproject/total-perspective-vortex/issues/72,https://api.github.com/repos/galaxyproject/total-perspective-vortex,https://api.github.com/repos/galaxyproject/total-perspective-vortex/issues/72/labels{/name},https://api.github.com/repos/galaxyproject/total-perspective-vortex/issues/72/comments,https://api.github.com/repos/galaxyproject/total-perspective-vortex/issues/72/events,https://github.com/galaxyproject/total-perspective-vortex/issues/72,1529906893,I_kwDOFe5uac5bMIbN,72,TPV should stringify env vars,neoformit,,closed,False,,,,3,2023-01-12T00:27:11Z,2023-01-12T05:18:11Z,2023-01-12T05:18:11Z,NONE,"This entry to `vortex_config.yml` caused a Galaxy error. It seems like Galaxy expects env vars to always be strings:

```yml
  toolshed.g2.bx.psu.edu/repos/iuc/maker/maker/.*:
    scheduling:
      accept:
        - pulsar
    cores: 8
    mem: 30.39
    env:
      MAKER_MPI: 1
```

On job handler logs:
```
galaxy.security.object_wrapper WARNING 2023-01-11 06:33:41,550 [pN:handler_1,p:2530827,tN:SlurmRunner.work_thread-2] Unable to create dynamic subclass SafeStringWrapper(galaxy.model.none_like.None:<class 'NoneType'>,<class 'NotImplementedType'>,<class 'bool'>,<class 'bytearray'>,<class 'ellipsis'>,<class 'galaxy.security.object_wrapper.SafeStringWrapper'>,<class 'galaxy.tools.wrappers.ToolParameterValueWrapper'>,<class 'numbers.Number'>) for <class 'galaxy.model.none_like.NoneDataset'>, None: type() doesn't support MRO entry resolution; use types.new_class()
```

In the history, the job fails with no stdout/stderr.

Changing the vortex conf to this fixes the issue:

```yml
    env:
      MAKER_MPI: ""1""
```

Can TPV stringify all env vars to avoid this?
"
https://api.github.com/repos/galaxyproject/total-perspective-vortex/issues/71,https://api.github.com/repos/galaxyproject/total-perspective-vortex,https://api.github.com/repos/galaxyproject/total-perspective-vortex/issues/71/labels{/name},https://api.github.com/repos/galaxyproject/total-perspective-vortex/issues/71/comments,https://api.github.com/repos/galaxyproject/total-perspective-vortex/issues/71/events,https://github.com/galaxyproject/total-perspective-vortex/issues/71,1512219391,I_kwDOFe5uac5aIqL_,71,tpv test results in error,bgruening,,closed,False,,,,0,2022-12-27T22:35:01Z,2023-02-15T02:30:49Z,2023-02-15T02:30:49Z,MEMBER,"Hi get this error trying to run `tpv test`:

```
ERROR: galaxy.jobs: Problem parsing file '/home/bag/projects/code/galaxy/config/job_conf.sample.yml', please correct the indicated portion of the file and restart Galaxy. 'Bunch' object has no attribute 'is_set'
Traceback (most recent call last):
  File ""/home/bag/projects/code/galaxy/lib/galaxy/jobs/__init__.py"", line 368, in __init__
    if not self.app.config.is_set(""job_config_file"") and not os.path.exists(job_config_file):
AttributeError: 'Bunch' object has no attribute 'is_set'
Traceback (most recent call last):
  File ""/home/bag/projects/code/galaxy/lib/galaxy/jobs/__init__.py"", line 368, in __init__
    if not self.app.config.is_set(""job_config_file"") and not os.path.exists(job_config_file):
AttributeError: 'Bunch' object has no attribute 'is_set'
```"
https://api.github.com/repos/galaxyproject/total-perspective-vortex/issues/65,https://api.github.com/repos/galaxyproject/total-perspective-vortex,https://api.github.com/repos/galaxyproject/total-perspective-vortex/issues/65/labels{/name},https://api.github.com/repos/galaxyproject/total-perspective-vortex/issues/65/comments,https://api.github.com/repos/galaxyproject/total-perspective-vortex/issues/65/events,https://github.com/galaxyproject/total-perspective-vortex/issues/65,1494205651,I_kwDOFe5uac5ZD8TT,65,Resubmission with OOM doesn't seem to be kicked off,pcm32,,open,False,,,,7,2022-12-13T13:08:13Z,2022-12-13T19:39:36Z,,MEMBER,"On my k8s setup, having fixed the OOM labeling, I use the following tpv setup:

```
  /galaxy/server/config/persist-seq-extra-tpv.yaml:
    applyToJob: true
    applyToWeb: true
    applyToSetupJob: false
    applyToWorkflow: true
    applyToNginx: false
    tpl: false
    content: |
      global:
        default_inherits: default
      tools:
        default:
          mem: 6
          env:
            OOM_TOOL_MEMORY: ""{mem * int(job.destination_params.get('SCALING_FACTOR', 1)) if job.destination_params else 1}""
          params:
            SCALING_FACTOR: ""{2 * int(job.destination_params.get('SCALING_FACTOR', 2)) if job.destination_params else 2}""
        resubmit:
          with_more_mem_on_failure:
            condition: memory_limit_reached and attempt <= 3
            destination: tpv_dispatcher
```

following I bit one of the test cases here.

on top of the existing one by default on the Helm chart:

```
  job_conf.yml:
    runners:
      k8s:
        k8s_extra_job_envs:
          HDF5_USE_FILE_LOCKING: 'FALSE'
    execution:
      environments:
        tpv_dispatcher:
          tpv_config_files:
            - https://raw.githubusercontent.com/galaxyproject/tpv-shared-database/main/tools.yml
            - lib/galaxy/jobs/rules/tpv_rules_local.yml
            - /galaxy/server/config/persist-seq-extra-tpv.yaml
```

on run I see the following DEBUG outputs from tpv:

```
tpv.core.entities DEBUG 2022-12-13 12:56:45,941 [pN:job_handler_0,p:8,tN:JobHandlerQueue.monitor_thread] Ranking destinations: [<class 'tpv.core.entities.Destination'> id=k8s, cores=None, mem=None, gpus=None, env=None, params={'limits_cpu': '{cores}', 'limits_memory': '{mem}Gi', 'requests_cpu': '{cores}', 'requests_memory': '{mem}Gi'}, resubmit=None, tags=<class 'tpv.core.entities.TagSetManager'> tags=[<Tag: name=scheduling, value=docker, type=TagType.ACCEPT>], rank=, inherits=None, context=None, rules={}] for entity: <class 'tpv.core.entities.Tool'> id=default, cores=1, mem=6, gpus=None, env={'OOM_TOOL_MEMORY': '1'}, params={'container_monitor': False, 'docker_default_container_id': 'quay.io/galaxyproject/galaxy-min:22.05', 'docker_enabled': 'true', 'tmp_dir': 'true', 'SCALING_FACTOR': '2'}, resubmit={}, tags=<class 'tpv.core.entities.TagSetManager'> tags=[<Tag: name=scheduling, value=local, type=TagType.REJECT>, <Tag: name=scheduling, value=offline, type=TagType.REJECT>], rank=helpers.we, inherits=None, context={}, rules={} using custom function
```

which looks fine I guess besides the fact that `resubmit` is empty or ""{}"" depending on where you look. But then I see a more worrying:

```
galaxy.security.object_wrapper WARNING 2022-12-13 12:56:46,202 [pN:job_handler_0,p:8,tN:KubernetesRunner.work_thread-0] Unable to create dynamic subclass SafeStringWrapper(galaxy.model.none_like.None:<class 'NoneType'>,<class 'NotImplementedType'>,<class 'bool'>,<class 'bytearray'>,<class 'ellipsis'>,<class 'galaxy.security.object_wrapper.SafeStringWrapper'>,<class 'galaxy.tools.wrappers.ToolParameterValueWrapper'>,<class 'numbers.Number'>) for <class 'galaxy.model.none_like.NoneDataset'>, None: type() doesn't support MRO entry resolution; use types.new_class()
```

which I suspect is related. On Galaxy, the jobs shows the OOM message on the UI (""Tool failed due to insufficient memory. Try with more memory.""). Any idea of what might be going wrong? Is the DEBUG showing what one would expect? Thanks.

I also tried the setup in the readthedocs docs, it didn't work for me either, will post the results here as well."
https://api.github.com/repos/galaxyproject/total-perspective-vortex/issues/61,https://api.github.com/repos/galaxyproject/total-perspective-vortex,https://api.github.com/repos/galaxyproject/total-perspective-vortex/issues/61/labels{/name},https://api.github.com/repos/galaxyproject/total-perspective-vortex/issues/61/comments,https://api.github.com/repos/galaxyproject/total-perspective-vortex/issues/61/events,https://github.com/galaxyproject/total-perspective-vortex/issues/61,1483542998,I_kwDOFe5uac5YbRHW,61,Feature request: abstract destination entities,cat-bro,,closed,False,,,v2.0.0,0,2022-12-08T03:54:46Z,2022-12-21T08:52:45Z,2022-12-21T08:52:44Z,COLLABORATOR,"When defining destinations, it would be useful to be able to define an abstract destination with a bunch of properties that can be inherited by other destinations, but which is not itself a destination that jobs could be scheduled to.  An example is pulsar destinations that have a lot in common.

```
destinations:
  _pulsar_destination:
    params:
      submit_native_specification: ""--nodes=1 --ntasks={cores} --ntasks-per-node={cores} --mem={round(mem*1024)} --partition={partition}""
    rules:
      - if: params.get('singularity_enabled', False)
        params:
            singularity_volumes: ""{{ pulsar_singularity_volumes }}""
            container_resolvers: 
                - type: explicit_singularity
                - type: mulled_singularity
  pulsar_A:
    inherits: _pulsar_destination
    scheduling:
       accept:
         - pulsar_A
  pulsar_B:
    inherits: _pulsar_destination
    scheduling:
       accept:
         - pulsar_B
```"
https://api.github.com/repos/galaxyproject/total-perspective-vortex/issues/60,https://api.github.com/repos/galaxyproject/total-perspective-vortex,https://api.github.com/repos/galaxyproject/total-perspective-vortex/issues/60/labels{/name},https://api.github.com/repos/galaxyproject/total-perspective-vortex/issues/60/comments,https://api.github.com/repos/galaxyproject/total-perspective-vortex/issues/60/events,https://github.com/galaxyproject/total-perspective-vortex/issues/60,1481623041,I_kwDOFe5uac5YT8YB,60,"Use only TPV defined destinations, ignoring job_conf defined destinations",nuwang,enhancement,closed,False,,,v2.0.0,0,2022-12-07T10:54:48Z,2022-12-19T13:58:27Z,2022-12-19T13:58:27Z,MEMBER,"Currently, all TPV destinations must also be defined in job_conf.yml. This was done to prevent drift between the two files. However, it appears that we have a consensus to simply ignore the job_conf.yml altogether, and only respect destinations in the TPV config. Therefore, tpv will need to add additional parameters such as runner, and construct the JobDestination itself."
https://api.github.com/repos/galaxyproject/total-perspective-vortex/issues/59,https://api.github.com/repos/galaxyproject/total-perspective-vortex,https://api.github.com/repos/galaxyproject/total-perspective-vortex/issues/59/labels{/name},https://api.github.com/repos/galaxyproject/total-perspective-vortex/issues/59/comments,https://api.github.com/repos/galaxyproject/total-perspective-vortex/issues/59/events,https://github.com/galaxyproject/total-perspective-vortex/issues/59,1481600928,I_kwDOFe5uac5YT2-g,59,Enhance linter,nuwang,enhancement,open,False,,,,1,2022-12-07T10:43:01Z,2023-01-12T18:06:36Z,,MEMBER,"Enhance linter to issue warnings when inappropriate fields are defined (for example, cores should probably not be defined on a user, destinations should be defining max_accepted_cores, not cores)

Also add warnings on unrecognised constructs, such as `elif`.

xref: https://github.com/galaxyproject/total-perspective-vortex/pull/58"
https://api.github.com/repos/galaxyproject/total-perspective-vortex/issues/56,https://api.github.com/repos/galaxyproject/total-perspective-vortex,https://api.github.com/repos/galaxyproject/total-perspective-vortex/issues/56/labels{/name},https://api.github.com/repos/galaxyproject/total-perspective-vortex/issues/56/comments,https://api.github.com/repos/galaxyproject/total-perspective-vortex/issues/56/events,https://github.com/galaxyproject/total-perspective-vortex/issues/56,1455712582,I_kwDOFe5uac5WxGlG,56,Add more helpful initial context variables,nuwang,enhancement,closed,False,,,v2.0.0,1,2022-11-18T19:54:19Z,2022-12-08T07:11:56Z,2022-12-08T07:11:56Z,MEMBER,"Currently, only app, job, tool and user are propagated to the initial context: https://github.com/galaxyproject/total-perspective-vortex/blob/396afc17d0ba2f78e0827e6f8319246977994172/tpv/rules/gateway.py#L46. Adding the remainder from here
https://docs.galaxyproject.org/en/latest/admin/jobs.html#dynamic-destination-mapping-dtd-method would help some special cases.

Except perhaps for user_email (available through user), and rule_helpers?"
https://api.github.com/repos/galaxyproject/total-perspective-vortex/issues/55,https://api.github.com/repos/galaxyproject/total-perspective-vortex,https://api.github.com/repos/galaxyproject/total-perspective-vortex/issues/55/labels{/name},https://api.github.com/repos/galaxyproject/total-perspective-vortex/issues/55/comments,https://api.github.com/repos/galaxyproject/total-perspective-vortex/issues/55/events,https://github.com/galaxyproject/total-perspective-vortex/issues/55,1455668054,I_kwDOFe5uac5Ww7tW,55,Improvements for dry-run cli,natefoo,enhancement,open,False,,,,1,2022-11-18T19:17:32Z,2022-12-06T05:48:25Z,,MEMBER,"From the comments on #52 and #48:

- We could avoid having to specify the Galaxy job conf by reading `galaxy.yml` and parsing the job conf out of there. However, adding this functionality directly to TPV (including automatically locating `galaxy.yml`) is reinventing a wheel (and a rather complicated and messy one) that is already done by Gravity and Galaxy itself. Ideally we would separate this out into a library that all 3 projects could then use.
- The dry-run is not going to work for more complex custom rules because we are mocking Galaxy objects that won't have all of the attributes that a custom rule might access (e.g. `object_store`). We can look at a couple of things, including Galaxy's IntegrationTestCase and the minimal app that celery workers load.
- There is currently no way to specify any tool param values ~~or input sizes~~ when performing a dry run. EDIT: `--input-size` added to #52."
https://api.github.com/repos/galaxyproject/total-perspective-vortex/issues/53,https://api.github.com/repos/galaxyproject/total-perspective-vortex,https://api.github.com/repos/galaxyproject/total-perspective-vortex/issues/53/labels{/name},https://api.github.com/repos/galaxyproject/total-perspective-vortex/issues/53/comments,https://api.github.com/repos/galaxyproject/total-perspective-vortex/issues/53/events,https://github.com/galaxyproject/total-perspective-vortex/issues/53,1454424241,I_kwDOFe5uac5WsMCx,53,Exponential runtime and memory usage from deep copy,natefoo,bug,closed,False,,,,2,2022-11-18T04:31:01Z,2022-11-18T17:15:58Z,2022-11-18T17:15:58Z,MEMBER,"I ran into this while adding some rules to the default tool in order to check the value of the job resource param selectors, but here's the simplest case I'm able to demonstrate. It happens when you add a rule to the default tool:

**default_tool.yml**
```yaml
global:
  default_inherits: default
    
tools:
  default:
    cores: 1
    mem: cores * 3.9
    env: {}
    scheduling:
      reject:
        - offline
    rules:
      - id: foo
        if: 1 == 1
```

[**tools.yml** from Galaxy PSU](https://github.com/gregvonkuster/galaxy-psu-playbook/blob/723912be2ec607e5dd439c1fe7e74a01ed1a6657/files/galaxy/dynamic_job_rules/total_perspective_vortex/tools.yml)

[**destinations.yml** from Galaxy PSU](https://github.com/gregvonkuster/galaxy-psu-playbook/blob/723912be2ec607e5dd439c1fe7e74a01ed1a6657/files/galaxy/dynamic_job_rules/total_perspective_vortex/destinations.yml)

Each tool that you add to `tools.yml` increases the runtime and memory usage exponentially. This occurs in the `copy.deepcopy()` calls in `tpv.core.entities:EntityWithRules` methods `override()` and `evaluate_early()`. For example, if you only include the first `N` tools in `tools.yml`:

| tools `N` | time in `evaluate_early()` | time in `override()` | total runtime | mem peak (~) |
| --- | ---: | ---: | ---: | ---: |
| 8 | 1.389 | 0.731 | 7.362 | 200 MB |
| 9 | 2.947 | 1.409 | 11.800 | 240 MB |
| 10 | 6.358 | 3.181 | 20.993 | 332 MB |
| 11 | 13.544 | 6.375 | 40.299 | 505 MB |
| 12 | 28.343 | 13.783 | 82.550 | 846 MB |
| 13 | 58.562 | 28.955 | 170.150 | 1542 MB |
| 14 | 126.610 | 60.037 | 356.950 | 2869 MB |

The `rules` dict on `new_entity` still only has one entry after the copy but something is making recursive copies here - you can see it pretty plainly by dumping the stack while it's running, or hitting CTRL+C if you run from the command line.

It does not seem to make a difference if the rules are named or not.

Interestingly, you *don't* encounter this when the tools and default tool are all in one `tools` dict in one file, so it has something to do with the merging."
https://api.github.com/repos/galaxyproject/total-perspective-vortex/issues/50,https://api.github.com/repos/galaxyproject/total-perspective-vortex,https://api.github.com/repos/galaxyproject/total-perspective-vortex/issues/50/labels{/name},https://api.github.com/repos/galaxyproject/total-perspective-vortex/issues/50/comments,https://api.github.com/repos/galaxyproject/total-perspective-vortex/issues/50/events,https://github.com/galaxyproject/total-perspective-vortex/issues/50,1437483122,I_kwDOFe5uac5VrkBy,50,replace long-term IDs by default with short-form IDs?,bgruening,enhancement,open,False,,,,1,2022-11-06T17:42:24Z,2022-11-21T05:39:33Z,,MEMBER,"(not sure if this should be better discussed at the https://github.com/galaxyproject/tpv-shared-database repo)

Is there any reason we use the long-form IDs by default and need to add the `*` bits?

I think https://github.com/galaxyproject/tpv-shared-database/blob/main/tools.yml#L35 makes it rather hard for contributors to add new tools if they only know the short ID. In addition, the long ID increases the chance of hard-to-spot errors.

Is there any reason we use the long IDs by default? And why do we need to add the `*`, can this not be done by TPV?

In the example:

`  toolshed.g2.bx.psu.edu/repos/bgruening/deeptools/deeptools_bamCompare/.*:`

Can we use by default `deeptools_bamCompare:`?
If people want to specify versions and be very strict they could use `toolshed.g2.bx.psu.edu/repos/bgruening/deeptools/deeptools_bamCompare/3.2.1+galaxy1:`

Thoughts?
"
https://api.github.com/repos/galaxyproject/total-perspective-vortex/issues/49,https://api.github.com/repos/galaxyproject/total-perspective-vortex,https://api.github.com/repos/galaxyproject/total-perspective-vortex/issues/49/labels{/name},https://api.github.com/repos/galaxyproject/total-perspective-vortex/issues/49/comments,https://api.github.com/repos/galaxyproject/total-perspective-vortex/issues/49/events,https://github.com/galaxyproject/total-perspective-vortex/issues/49,1437480624,I_kwDOFe5uac5Vrjaw,49,tpv lint should lint an entire directory,bgruening,enhancement,open,False,,,,1,2022-11-06T17:33:15Z,2022-11-18T12:11:08Z,,MEMBER,"Currently `tpv lint` provides a cryptic error message when you try to lint an entire directory:

```
venv) galaxy@sn06:~$ tpv lint config/total_perspective_vortex/
INFO : tpv.core.shell: lint failed.
```

It would be nice if this could work like in planemo and gives any error in any YAML file."
https://api.github.com/repos/galaxyproject/total-perspective-vortex/issues/48,https://api.github.com/repos/galaxyproject/total-perspective-vortex,https://api.github.com/repos/galaxyproject/total-perspective-vortex/issues/48/labels{/name},https://api.github.com/repos/galaxyproject/total-perspective-vortex/issues/48/comments,https://api.github.com/repos/galaxyproject/total-perspective-vortex/issues/48/events,https://github.com/galaxyproject/total-perspective-vortex/issues/48,1436211229,I_kwDOFe5uac5Vmtgd,48,TPV dry-run tool,mira-miracoli,enhancement,closed,False,,,v2.0.0,6,2022-11-04T14:57:40Z,2022-12-06T05:49:03Z,2022-12-06T05:49:03Z,NONE,"We had the idea to make a small CLI TPV tool, that takes your config files, a few input params like
```gnome-terminal
$ tpv-dry -d /.../config/tpv tool=metaspades user=test_user@galaxyproject.eu size=2G
```
and then mocks a Galaxy instance, like in the unit tests, calculates the destination and gives a easy-to-read output, which destination was chosen and why. eg:

```gnome-terminal
RESULT for .....
--------------------------------------------------------------------------------------
DESTINATION
final: condor_tpv
mached(with ranks): condor_tpv(1), singularity(2), interactive(3)
--------------------------------------------------------------------------------------
PARAMS
cores: 8 (min of tool: 10, user: 8, role: 9)
mem: ....
...
```
Additionally an explanation of how the rank was calculated in this specific case, would be helpful to debug errors in the configuration and check if it works as intentioned.
EU will work on this, but all help and suggestions are appreciated :)"
https://api.github.com/repos/galaxyproject/total-perspective-vortex/issues/47,https://api.github.com/repos/galaxyproject/total-perspective-vortex,https://api.github.com/repos/galaxyproject/total-perspective-vortex/issues/47/labels{/name},https://api.github.com/repos/galaxyproject/total-perspective-vortex/issues/47/comments,https://api.github.com/repos/galaxyproject/total-perspective-vortex/issues/47/events,https://github.com/galaxyproject/total-perspective-vortex/issues/47,1421850337,I_kwDOFe5uac5Uv7bh,47,Add support for importing remote files?,nuwang,enhancement,open,False,,,,0,2022-10-25T04:59:15Z,2022-11-18T13:04:07Z,,MEMBER,"TPV already supports including multiple remote config files through `job_conf.yml`. However, it may also be worthwhile enabling TPV config files to be composed of multiple smaller files through an import section.

e.g.:
mylocal_tpv_conf.yml
```yaml
global:
   import:
      - https://github.com/galaxyproject/tpv-shared-database/blob/main/tools.yml
      - https://raw.githubusercontent.com/usegalaxy-au/infrastructure/master/files/galaxy/dynamic_job_rules/production/total_perspective_vortex/tools.yml
      - https://raw.githubusercontent.com/usegalaxy-au/infrastructure/master/files/galaxy/dynamic_job_rules/production/total_perspective_vortex/users.yml
      - https://raw.githubusercontent.com/usegalaxy-au/infrastructure/master/files/galaxy/dynamic_job_rules/production/total_perspective_vortex/destinations.yml

tools:
  # my tool overrides
  ....

users:
  # my user overrides
  ....
 
```

Advantages:
1. Allow more complex tpv configurations to be refactored into multiple smaller files, without breaking users
2. Aggregate multiple files into a single file that others can just import

This is more with a view to future proofing than actual current necessity, but maybe there are more use cases?"
https://api.github.com/repos/galaxyproject/total-perspective-vortex/issues/46,https://api.github.com/repos/galaxyproject/total-perspective-vortex,https://api.github.com/repos/galaxyproject/total-perspective-vortex/issues/46/labels{/name},https://api.github.com/repos/galaxyproject/total-perspective-vortex/issues/46/comments,https://api.github.com/repos/galaxyproject/total-perspective-vortex/issues/46/events,https://github.com/galaxyproject/total-perspective-vortex/issues/46,1414489421,I_kwDOFe5uac5UT2VN,46,unreadable colours for highlight in docs,hexylena,enhancement,open,False,,,,2,2022-10-19T07:56:28Z,2022-12-07T10:51:46Z,,MEMBER,"Hey I'm colourblind and I really struggle to see the green/yellow difference in the code snippets. could that be changed?

https://total-perspective-vortex.readthedocs.io/en/latest/topics/tpv_by_example.html"
https://api.github.com/repos/galaxyproject/total-perspective-vortex/issues/45,https://api.github.com/repos/galaxyproject/total-perspective-vortex,https://api.github.com/repos/galaxyproject/total-perspective-vortex/issues/45/labels{/name},https://api.github.com/repos/galaxyproject/total-perspective-vortex/issues/45/comments,https://api.github.com/repos/galaxyproject/total-perspective-vortex/issues/45/events,https://github.com/galaxyproject/total-perspective-vortex/issues/45,1410154901,I_kwDOFe5uac5UDUGV,45,GPUs evaluate to None when set to 0,bgruening,bug,closed,False,,,v2.0.0,2,2022-10-15T12:40:16Z,2022-12-08T10:19:30Z,2022-12-08T07:18:41Z,MEMBER,"I think `gpus: 0` will result in `None` when referenced with `{{ gpus }}`. We need 0 in this case so I needed to came up with this hack.

https://github.com/usegalaxy-eu/infrastructure-playbook/commit/ede003c7959eac7f4f4e6b3fb57e85fc83804353

We have now ITs running on EU with TPV. Wonderful! :)"
https://api.github.com/repos/galaxyproject/total-perspective-vortex/issues/40,https://api.github.com/repos/galaxyproject/total-perspective-vortex,https://api.github.com/repos/galaxyproject/total-perspective-vortex/issues/40/labels{/name},https://api.github.com/repos/galaxyproject/total-perspective-vortex/issues/40/comments,https://api.github.com/repos/galaxyproject/total-perspective-vortex/issues/40/events,https://github.com/galaxyproject/total-perspective-vortex/issues/40,1402884193,I_kwDOFe5uac5TnlBh,40,"Given tools requesting ""too much"" mem/cpu from TPVSDB, allow capping to max(available) ",hexylena,enhancement,closed,False,,,v2.0.0,9,2022-10-10T09:41:49Z,2022-12-08T06:06:48Z,2022-12-08T06:06:48Z,MEMBER,"Given the current simplicity of rules in TPVSDB (which I'm sure will become more advanced over time taking into account input sizes)

It could make sense to allow small admins to just by default, cap rules to what resources are available on their system. Not everyone has a TB of mem for flye, or needs that. 

Until the rule becomes more clearly defined, writing it such that we can, by default, have more reasonable allocations on smaller sites would allow us to push TPV as the default option for everyone (since I'm fully behind it as the best solution)

@natefoo proposed having a way to ""check every tool + rules against every possible destination"" but I didn't like this personally as I'd have to re-run that every time TPVSDB updates, and I'd have to maintain a set of custom rules that only existed to override the maximum values.
"
https://api.github.com/repos/galaxyproject/total-perspective-vortex/issues/39,https://api.github.com/repos/galaxyproject/total-perspective-vortex,https://api.github.com/repos/galaxyproject/total-perspective-vortex/issues/39/labels{/name},https://api.github.com/repos/galaxyproject/total-perspective-vortex/issues/39/comments,https://api.github.com/repos/galaxyproject/total-perspective-vortex/issues/39/events,https://github.com/galaxyproject/total-perspective-vortex/issues/39,1402872012,I_kwDOFe5uac5TniDM,39,Custom user test cases,hexylena,,closed,False,,,,3,2022-10-10T09:31:57Z,2022-10-12T06:47:47Z,2022-10-10T11:17:50Z,MEMBER,"I would love to be able to write a 'test' case, and make sure that it goes to the expected destination.

Given e.g. 5 files, precedence of variables coming from all of those + potential 'default' sections, it would be nice to simulate a rule given things like their user/group/role/etc

I understand the python could be prohibitive to mock, so if it was just for non-python-y rules it would be fine."
https://api.github.com/repos/galaxyproject/total-perspective-vortex/issues/37,https://api.github.com/repos/galaxyproject/total-perspective-vortex,https://api.github.com/repos/galaxyproject/total-perspective-vortex/issues/37/labels{/name},https://api.github.com/repos/galaxyproject/total-perspective-vortex/issues/37/comments,https://api.github.com/repos/galaxyproject/total-perspective-vortex/issues/37/events,https://github.com/galaxyproject/total-perspective-vortex/issues/37,1401951724,I_kwDOFe5uac5TkBXs,37,Public rules repository,bernt-matthias,,closed,False,,,,2,2022-10-08T13:43:13Z,2022-10-12T07:09:41Z,2022-10-12T07:09:41Z,CONTRIBUTOR,Is there already a community repo for collecting rules? I found some links in examples in the docs but they seemed to be dead (https://total-perspective-vortex.readthedocs.io/en/latest/topics/configure_galaxy.html#combining-multiple-remote-and-local-configs) 
https://api.github.com/repos/galaxyproject/total-perspective-vortex/issues/25,https://api.github.com/repos/galaxyproject/total-perspective-vortex,https://api.github.com/repos/galaxyproject/total-perspective-vortex/issues/25/labels{/name},https://api.github.com/repos/galaxyproject/total-perspective-vortex/issues/25/comments,https://api.github.com/repos/galaxyproject/total-perspective-vortex/issues/25/events,https://github.com/galaxyproject/total-perspective-vortex/issues/25,1264237141,I_kwDOFe5uac5LWrpV,25,Add a tpv format command to improve files,nuwang,,closed,False,,,,0,2022-06-08T06:00:05Z,2022-09-27T05:43:19Z,2022-09-27T05:43:19Z,MEMBER,"1. Order tools by name
2. Move possible regexes first and exact matches last"
https://api.github.com/repos/galaxyproject/total-perspective-vortex/issues/24,https://api.github.com/repos/galaxyproject/total-perspective-vortex,https://api.github.com/repos/galaxyproject/total-perspective-vortex/issues/24/labels{/name},https://api.github.com/repos/galaxyproject/total-perspective-vortex/issues/24/comments,https://api.github.com/repos/galaxyproject/total-perspective-vortex/issues/24/events,https://github.com/galaxyproject/total-perspective-vortex/issues/24,1264234569,I_kwDOFe5uac5LWrBJ,24,Add support for a custom evaluation context that can be inherited and overridden,nuwang,,closed,False,,,,1,2022-06-08T05:56:23Z,2022-08-15T04:47:42Z,2022-08-15T04:47:42Z,MEMBER,Allow a custom evaluation context to be defined.
https://api.github.com/repos/galaxyproject/total-perspective-vortex/issues/20,https://api.github.com/repos/galaxyproject/total-perspective-vortex,https://api.github.com/repos/galaxyproject/total-perspective-vortex/issues/20/labels{/name},https://api.github.com/repos/galaxyproject/total-perspective-vortex/issues/20/comments,https://api.github.com/repos/galaxyproject/total-perspective-vortex/issues/20/events,https://github.com/galaxyproject/total-perspective-vortex/issues/20,1259157053,I_kwDOFe5uac5LDTY9,20,"Add support for params to contain lists, dicts",cat-bro,,closed,False,,,,1,2022-06-03T01:28:56Z,2022-06-05T20:12:13Z,2022-06-05T20:12:12Z,COLLABORATOR,"This is already on the radar from discussion of `resubmit` parameters.

At the moment the tpv will not load a parameter that is a dict or a list.  Some parameters that would not be supported at the moment are `resubmit`, [container_override](https://github.com/galaxyproject/usegalaxy-playbook/blob/58c07fd6aa0c370bca8c877062e137a2990f95b5/env/common/templates/galaxy/config/job_router_conf.yml.j2#L98), [container_resolvers](https://github.com/galaxyproject/usegalaxy-playbook/blob/119221663eb26a96e4e4827e16b9fe04688e1114/env/common/templates/galaxy/config/job_conf.yml.j2#L407)"
https://api.github.com/repos/galaxyproject/total-perspective-vortex/issues/16,https://api.github.com/repos/galaxyproject/total-perspective-vortex,https://api.github.com/repos/galaxyproject/total-perspective-vortex/issues/16/labels{/name},https://api.github.com/repos/galaxyproject/total-perspective-vortex/issues/16/comments,https://api.github.com/repos/galaxyproject/total-perspective-vortex/issues/16/events,https://github.com/galaxyproject/total-perspective-vortex/issues/16,1202836524,I_kwDOFe5uac5HsdQs,16,Some galaxy job datasets are being counted twice in input_size calculation,cat-bro,,closed,False,,,,0,2022-04-13T06:47:55Z,2022-08-16T05:17:47Z,2022-08-16T05:17:47Z,COLLABORATOR,"Some job input datasets have two job_to_input_dataset objects associating the job with the dataset instead of one.  I don't know why this happens.  I've seen it happen with both trinity and flye.  For a trinity job

```
SELECT
    hda.id AS hda_id,
    jtid.id AS jtid_id,
    jtid.name AS jtid_name,
    d.id AS d_id,
    pg_size_pretty(d.file_size) AS d_file_size
FROM job j
    JOIN job_to_input_dataset jtid
        ON j.id = jtid.job_id
    JOIN history_dataset_association hda
        ON hda.id = jtid.dataset_id
    JOIN dataset d
        ON hda.dataset_id = d.id
WHERE j.id = 8947;
```

yields these datasets

```
 hda_id | jtid_id |     jtid_name     | d_id  | d_file_size
--------+---------+-------------------+-------+-------------
  16157 |    8607 | pool|left_input   | 15194 | 11 GB
  16157 |    8608 | pool|left_input1  | 15194 | 11 GB
  16158 |    8609 | pool|right_input  | 15195 | 12 GB
  16158 |    8610 | pool|right_input1 | 15195 | 12 GB
```

There are 4 jtid ids but only two datasets ids.  GA puts a 30G limit on trinity input size. A recent job with input files summing to 23G has failed for being over the limit. I think that [`job.input_datasets`](https://github.com/galaxyproject/total-perspective-vortex/blob/main/vortex/core/helpers.py#L25) is the same set of jtids as returned by the query above. If this is the case, it probably needs to be filtered so that a dataset is not double-counted when there are two connections between the job and the dataset.

"
