URL,Repository URL,Labels URL,Comments URL,Events URL,HTML URL,ID,Node ID,Number,Title,User,Labels,State,Locked,Assignee,Assignees,Milestone,Comments,Created At,Updated At,Closed At,Author Association,Body
https://api.github.com/repos/galaxyproject/ansible-galaxy-os/issues/30,https://api.github.com/repos/galaxyproject/ansible-galaxy-os,https://api.github.com/repos/galaxyproject/ansible-galaxy-os/issues/30/labels{/name},https://api.github.com/repos/galaxyproject/ansible-galaxy-os/issues/30/comments,https://api.github.com/repos/galaxyproject/ansible-galaxy-os/issues/30/events,https://github.com/galaxyproject/ansible-galaxy-os/issues/30,803383233,MDU6SXNzdWU4MDMzODMyMzM=,30,new branch,colindaven,,open,False,,,,1,2021-02-08T09:40:41Z,2021-02-08T14:26:06Z,,NONE,"Hi,

can a maintainer please create a new branch, ubuntu20.04, so I can create a PR against this branch ?

Or shall I create a PR against master ?

Thanks
Colin"
https://api.github.com/repos/galaxyproject/ansible-galaxy-os/issues/5,https://api.github.com/repos/galaxyproject/ansible-galaxy-os,https://api.github.com/repos/galaxyproject/ansible-galaxy-os/issues/5/labels{/name},https://api.github.com/repos/galaxyproject/ansible-galaxy-os/issues/5/comments,https://api.github.com/repos/galaxyproject/ansible-galaxy-os/issues/5/events,https://github.com/galaxyproject/ansible-galaxy-os/issues/5,118009724,MDU6SXNzdWUxMTgwMDk3MjQ=,5,Missing pkg-config,mvdbeek,,closed,False,,,,1,2015-11-20T10:21:46Z,2015-11-30T17:05:01Z,2015-11-30T17:05:01Z,MEMBER,"reported by @drosofff in https://github.com/galaxyproject/tools-iuc/issues/407#issuecomment-158272388
"
https://api.github.com/repos/galaxyproject/ansible-galaxy-os/issues/3,https://api.github.com/repos/galaxyproject/ansible-galaxy-os,https://api.github.com/repos/galaxyproject/ansible-galaxy-os/issues/3/labels{/name},https://api.github.com/repos/galaxyproject/ansible-galaxy-os/issues/3/comments,https://api.github.com/repos/galaxyproject/ansible-galaxy-os/issues/3/events,https://github.com/galaxyproject/ansible-galaxy-os/issues/3,106087335,MDU6SXNzdWUxMDYwODczMzU=,3,Docker install broken,kellrott,,closed,False,,,,2,2015-09-11T20:23:24Z,2015-09-11T20:30:12Z,2015-09-11T20:30:12Z,NONE,"Using under the planemo-machine build, docker fails with the error:

```
    googlecompute: TASK: [galaxyprojectdotorg.galaxy-os | Add Docker repository key] *************
    googlecompute: failed: [localhost] => {""failed"": true}
    googlecompute: msg: Failed to download key at https://get.docker.io/gpg: Request failed: <urlopen error [Errno 1] _ssl.c:510: error:14094410:SSL routines:SSL3_READ_BYTES:sslv3 alert handshake failure>
    googlecompute: 
    googlecompute: FATAL: all hosts have already failed -- aborting
    googlecompute:
    googlecompute: PLAY RECAP ********************************************************************
```
"
https://api.github.com/repos/galaxyproject/ansible-galaxy-os/issues/1,https://api.github.com/repos/galaxyproject/ansible-galaxy-os,https://api.github.com/repos/galaxyproject/ansible-galaxy-os/issues/1/labels{/name},https://api.github.com/repos/galaxyproject/ansible-galaxy-os/issues/1/comments,https://api.github.com/repos/galaxyproject/ansible-galaxy-os/issues/1/events,https://github.com/galaxyproject/ansible-galaxy-os/issues/1,55931613,MDU6SXNzdWU1NTkzMTYxMw==,1,Support additional operating systems.,jmchilton,"enhancement, help wanted",closed,False,,,,2,2015-01-29T17:40:02Z,2018-11-19T13:53:47Z,2018-11-19T13:53:17Z,MEMBER,"Explicit support and tests (maybe `Dockerfiles` for each) for wide range of operating systems.
- [ ] CentOS 6
- [x] CentOS 7
- [ ] Scientific Linux 7
- [ ] Debian Wheezy
- [ ] Ubuntu 14.10
"
