URL,Repository URL,Labels URL,Comments URL,Events URL,HTML URL,ID,Node ID,Number,Title,User,Labels,State,Locked,Assignee,Assignees,Milestone,Comments,Created At,Updated At,Closed At,Author Association,Body
https://api.github.com/repos/galaxyproject/ansible-gxadmin/issues/3,https://api.github.com/repos/galaxyproject/ansible-gxadmin,https://api.github.com/repos/galaxyproject/ansible-gxadmin/issues/3/labels{/name},https://api.github.com/repos/galaxyproject/ansible-gxadmin/issues/3/comments,https://api.github.com/repos/galaxyproject/ansible-gxadmin/issues/3/events,https://github.com/galaxyproject/ansible-gxadmin/issues/3,584316688,MDU6SXNzdWU1ODQzMTY2ODg=,3,/usr/local/bin/gxadmin: line 332: psql: command not found,lecorguille,,open,False,,,,1,2020-03-19T10:39:39Z,2020-03-19T10:51:38Z,,MEMBER,"On your side, how do you use gxadmin?
As the galaxy user or as root?

Because psql isn't install for root. So should we make this role install the postgresql-client?

Plus, it could be cool to set this file [~/.pgpass](https://github.com/usegalaxy-eu/gxadmin#postgres), since if the role is integrated with the main galaxy one, we have all the necessary variable to fill it."
https://api.github.com/repos/galaxyproject/ansible-gxadmin/issues/1,https://api.github.com/repos/galaxyproject/ansible-gxadmin,https://api.github.com/repos/galaxyproject/ansible-gxadmin/issues/1/labels{/name},https://api.github.com/repos/galaxyproject/ansible-gxadmin/issues/1/comments,https://api.github.com/repos/galaxyproject/ansible-gxadmin/issues/1/events,https://github.com/galaxyproject/ansible-gxadmin/issues/1,577957080,MDU6SXNzdWU1Nzc5NTcwODA=,1,Clone gxadmin repository task is failing,lldelisle,,closed,False,,,,1,2020-03-09T14:39:44Z,2020-03-10T09:41:02Z,2020-03-10T09:41:02Z,CONTRIBUTOR,"Hi Helena,
Keepint the default gxadmin_repo I got:
```
TASK [usegalaxy_eu.gxadmin : Clone gxadmin repository] ****************************************************************************************************************************
fatal: [gat-1.student.galaxy.training]: FAILED! => {""before"": ""dbf783c39b0e5a347177ea34c4d15384b80ab7e7"", ""changed"": false, ""msg"": ""Local modifications exist in repository (force=no).""}                                                                                                                                                                             
```

Could it be because you did not put `.git` in:
https://github.com/usegalaxy-eu/ansible-gxadmin/blob/298f6216e136a4034fe4dced45d51725e28228e5/defaults/main.yml#L6
?"
