URL,Repository URL,Labels URL,Comments URL,Events URL,HTML URL,ID,Node ID,Number,Title,User,Labels,State,Locked,Assignee,Assignees,Milestone,Comments,Created At,Updated At,Closed At,Author Association,Body
https://api.github.com/repos/galaxyproject/gravity/issues/115,https://api.github.com/repos/galaxyproject/gravity,https://api.github.com/repos/galaxyproject/gravity/issues/115/labels{/name},https://api.github.com/repos/galaxyproject/gravity/issues/115/comments,https://api.github.com/repos/galaxyproject/gravity/issues/115/events,https://github.com/galaxyproject/gravity/issues/115,1987986237,I_kwDOAdVyGs52fkM9,115,Exception ConfigFile object is not subscriptable when activating the report. ,jvanbraekel,,closed,False,,,,0,2023-11-10T16:50:28Z,2024-02-06T18:59:11Z,2024-02-06T18:59:11Z,CONTRIBUTOR,"Hello,

I use gravity version 1.0.3, python 3.8.10, and I manage my galaxy 23.0 instance locally with  galaxyctl. 
My galaxy.yml gravity 'reports' section,  only contains enable: false. 

As soon as I switch to enable: true, I get a gravity exception ""'ConfigFile' object is not subscriptable""   for all subsequent galaxyctl calls: status, start, stop,etc.This is reproducible whatever the content of the reports.yml file is,  even when I  reference the  reports.yml.sample as ""config_file"" parameter, it crash the same way and nginx return a 502 when I try to browse to the '/reports/' location.  Then, when I switch the 'enable' flag to false, gravity/galaxyctl gets back to its former stable state.  

Full stack trace of the exception :

```
Traceback (most recent call last):
  File ""/home/galaxy/galaxy/.venv/bin/galaxyctl"", line 8, in <module>
    sys.exit(galaxyctl())
  File ""/home/galaxy/galaxy/.venv/lib/python3.8/site-packages/click/core.py"", line 1130, in __call__
    return self.main(*args, **kwargs)
  File ""/home/galaxy/galaxy/.venv/lib/python3.8/site-packages/click/core.py"", line 1055, in main
    rv = self.invoke(ctx)
  File ""/home/galaxy/galaxy/.venv/lib/python3.8/site-packages/click/core.py"", line 1657, in invoke
    return _process_result(sub_ctx.command.invoke(sub_ctx))
  File ""/home/galaxy/galaxy/.venv/lib/python3.8/site-packages/click/core.py"", line 1404, in invoke
    return ctx.invoke(self.callback, **ctx.params)
  File ""/home/galaxy/galaxy/.venv/lib/python3.8/site-packages/click/core.py"", line 760, in invoke
    return __callback(*args, **kwargs)
  File ""/home/galaxy/galaxy/.venv/lib/python3.8/site-packages/click/decorators.py"", line 26, in new_func
    return f(get_current_context(), *args, **kwargs)
  File ""/home/galaxy/galaxy/.venv/lib/python3.8/site-packages/gravity/commands/cmd_status.py"", line 18, in cli
    with process_manager.process_manager(**ctx.parent.cm_kwargs) as pm:
  File ""/usr/lib/python3.8/contextlib.py"", line 113, in __enter__
    return next(self.gen)
  File ""/home/galaxy/galaxy/.venv/lib/python3.8/site-packages/gravity/process_manager/__init__.py"", line 22, in process_manager
    pm = ProcessManagerRouter(*args, **kwargs)
  File ""/home/galaxy/galaxy/.venv/lib/python3.8/site-packages/gravity/process_manager/__init__.py"", line 296, in __init__
    self.config_manager = config_manager or ConfigManager(state_dir=state_dir, config_file=config_file)
  File ""/home/galaxy/galaxy/.venv/lib/python3.8/site-packages/gravity/config_manager.py"", line 60, in __init__
    self.auto_load()
  File ""/home/galaxy/galaxy/.venv/lib/python3.8/site-packages/gravity/config_manager.py"", line 389, in auto_load
    self.load_config_file(os.path.abspath(config))
  File ""/home/galaxy/galaxy/.venv/lib/python3.8/site-packages/gravity/config_manager.py"", line 103, in load_config_file
    self.__load_config(gravity_config_dict, app_config)
  File ""/home/galaxy/galaxy/.venv/lib/python3.8/site-packages/gravity/config_manager.py"", line 193, in __load_config
    config.services.extend(service_for_service_type(service_type).services_if_enabled(config, gravity_settings))
  File ""/home/galaxy/galaxy/.venv/lib/python3.8/site-packages/gravity/state.py"", line 151, in services_if_enabled
    services = [cls(config=config, settings=settings.dict(), service_name=service_name)]
  File ""/home/galaxy/galaxy/.venv/lib/python3.8/site-packages/gravity/state.py"", line 155, in __init__
    super().__init__(*args, **kwargs)
  File ""pydantic/main.py"", line 342, in pydantic.main.BaseModel.__init__
pydantic.error_wrappers.ValidationError: 1 validation error for GalaxyReportsService
settings
  'ConfigFile' object is not subscriptable (type=type_error)

```"
https://api.github.com/repos/galaxyproject/gravity/issues/113,https://api.github.com/repos/galaxyproject/gravity,https://api.github.com/repos/galaxyproject/gravity/issues/113/labels{/name},https://api.github.com/repos/galaxyproject/gravity/issues/113/comments,https://api.github.com/repos/galaxyproject/gravity/issues/113/events,https://github.com/galaxyproject/gravity/issues/113,1951714567,I_kwDOAdVyGs50VM0H,113,Different venv for gx_it_proxy,abretaud,,open,False,,,,2,2023-10-19T09:27:19Z,2023-11-13T08:57:10Z,,CONTRIBUTOR,"Hi!
In the admin training we set `gie_proxy_virtualenv` to a different venv than galaxy's venv
When you configure gravity, (I think) there's no way to tell it to use this specific venv only for the gx_it_proxy service
Not sure what would be the best fix for that:
- just set `gie_proxy_virtualenv` to galaxy's venv?
- set the PATH variable on the gx_it_proxy service in gravity's config?
- patch gravity to allow setting a different virtualenv at service level?

(I think it has worked for us at .fr because we accidentally did solution 1 at some point, but reinstalling galaxy's venv from scratch made this problem appear)"
https://api.github.com/repos/galaxyproject/gravity/issues/111,https://api.github.com/repos/galaxyproject/gravity,https://api.github.com/repos/galaxyproject/gravity/issues/111/labels{/name},https://api.github.com/repos/galaxyproject/gravity/issues/111/comments,https://api.github.com/repos/galaxyproject/gravity/issues/111/events,https://github.com/galaxyproject/gravity/issues/111,1927906148,I_kwDOAdVyGs5y6YNk,111,Drop unicornherder support?,nsoranzo,,open,False,,,,0,2023-10-05T10:11:00Z,2023-10-05T10:11:00Z,,MEMBER,https://github.com/alphagov/unicornherder was archived today.
https://api.github.com/repos/galaxyproject/gravity/issues/108,https://api.github.com/repos/galaxyproject/gravity,https://api.github.com/repos/galaxyproject/gravity/issues/108/labels{/name},https://api.github.com/repos/galaxyproject/gravity/issues/108/comments,https://api.github.com/repos/galaxyproject/gravity/issues/108/events,https://github.com/galaxyproject/gravity/issues/108,1771120200,I_kwDOAdVyGs5pkSZI,108,Rolling restart delay?,abretaud,,closed,False,,,,1,2023-06-23T09:21:49Z,2023-09-15T10:31:42Z,2023-09-15T10:31:41Z,CONTRIBUTOR,"Hi!
We've configured usegalaxy.fr with 2 gunicorns web handlers, load balanced in our nginx config, with rolling restart using gravity.
While doing some tests, I noticed that at the moment the process 0 has just finished restarting, and process 1 is being killed, we get a small interruption.
I suspect (but not 100% sure) that there's a tiny moment where nginx has not yet seen that process 0 has just recovered, while process 1 do not respond anymore => nginx throws an error. Has anyone seen this? Maybe there is some nginx config tweaking needed, or maybe there could be a small (configurable?) delay between process restarts in rolling mode?"
https://api.github.com/repos/galaxyproject/gravity/issues/106,https://api.github.com/repos/galaxyproject/gravity,https://api.github.com/repos/galaxyproject/gravity/issues/106/labels{/name},https://api.github.com/repos/galaxyproject/gravity/issues/106/comments,https://api.github.com/repos/galaxyproject/gravity/issues/106/events,https://github.com/galaxyproject/gravity/issues/106,1672537457,I_kwDOAdVyGs5jsOVx,106,Start tusd if it is not already running when performing `graceful`,natefoo,,open,False,,,,0,2023-04-18T07:39:44Z,2023-04-18T07:39:44Z,,MEMBER,"Currently tusd is excluded from `graceful` in order to prevent any interruptions in uploading, but this also prevents it from being started if it's not already running, which is probably not what we want (and requires a manual start in the [tusd GTN tutorial](https://training.galaxyproject.org/training-material/topics/admin/tutorials/tus/tutorial.html)."
https://api.github.com/repos/galaxyproject/gravity/issues/107,https://api.github.com/repos/galaxyproject/gravity,https://api.github.com/repos/galaxyproject/gravity/issues/107/labels{/name},https://api.github.com/repos/galaxyproject/gravity/issues/107/comments,https://api.github.com/repos/galaxyproject/gravity/issues/107/events,https://github.com/galaxyproject/gravity/issues/107,1743888448,I_kwDOAdVyGs5n8aBA,107,Support galaxy `galaxy_user` and `galaxy_group` from planemo commands,selten,,open,False,,,,1,2023-04-04T09:07:56Z,2023-06-06T13:34:11Z,,NONE,"Currently when running `planemo test` against a local Galaxy 23.0 installation (dockerized, installed under root), planemo will error out with a message like:
```
Executing: galaxyctl start
Error: 1 validation error for Settings
galaxy_user
  galaxy_user is required when running as root (type=value_error)
Problem running Galaxy command [].
Traceback (most recent call last):
  File ""/usr/local/bin/planemo"", line 8, in <module>
    sys.exit(planemo())
  File ""/usr/local/lib/python3.8/dist-packages/click/core.py"", line 1130, in __call__
    return self.main(*args, **kwargs)
  File ""/usr/local/lib/python3.8/dist-packages/click/core.py"", line 1055, in main
    rv = self.invoke(ctx)
  File ""/usr/local/lib/python3.8/dist-packages/click/core.py"", line 1657, in invoke
    return _process_result(sub_ctx.command.invoke(sub_ctx))
  File ""/usr/local/lib/python3.8/dist-packages/click/core.py"", line 1404, in invoke
    return ctx.invoke(self.callback, **ctx.params)
  File ""/usr/local/lib/python3.8/dist-packages/click/core.py"", line 760, in invoke
    return __callback(*args, **kwargs)
  File ""/usr/local/lib/python3.8/dist-packages/click/decorators.py"", line 84, in new_func
    return ctx.invoke(f, obj, *args, **kwargs)
  File ""/usr/local/lib/python3.8/dist-packages/click/core.py"", line 760, in invoke
    return __callback(*args, **kwargs)
  File ""/usr/local/lib/python3.8/dist-packages/planemo/cli.py"", line 102, in handle_blended_options
    return f(*args, **kwds)
  File ""/usr/local/lib/python3.8/dist-packages/planemo/commands/cmd_test.py"", line 75, in cli
    return_value = test_runnables(ctx, runnables, original_paths=uris, **kwds)
  File ""/usr/local/lib/python3.8/dist-packages/planemo/engine/test.py"", line 13, in test_runnables
    test_data = engine.test(runnables, test_timeout=kwds.get(""test_timeout""))
  File ""/usr/local/lib/python3.8/dist-packages/planemo/engine/interface.py"", line 76, in test
    test_results = self._collect_test_results(test_cases, test_timeout)
  File ""/usr/local/lib/python3.8/dist-packages/planemo/engine/interface.py"", line 90, in _collect_test_results
    run_responses = self._run_test_cases(test_cases, test_timeout)
  File ""/usr/local/lib/python3.8/dist-packages/planemo/engine/galaxy.py"", line 79, in _run_test_cases
    with self.ensure_runnables_served(runnables) as config:
  File ""/usr/lib/python3.8/contextlib.py"", line 113, in __enter__
    return next(self.gen)
  File ""/usr/local/lib/python3.8/dist-packages/planemo/engine/galaxy.py"", line 134, in ensure_runnables_served
    with serve_daemon(self._ctx, runnables, **self._serve_kwds()) as config:
  File ""/usr/lib/python3.8/contextlib.py"", line 113, in __enter__
    return next(self.gen)
  File ""/usr/local/lib/python3.8/dist-packages/planemo/galaxy/serve.py"", line 84, in serve_daemon
    with serve(ctx, runnables, **kwds) as config:
  File ""/usr/lib/python3.8/contextlib.py"", line 113, in __enter__
    return next(self.gen)
  File ""/usr/local/lib/python3.8/dist-packages/planemo/galaxy/serve.py"", line 22, in serve
    with _serve(ctx, runnables, **kwds) as config:
  File ""/usr/lib/python3.8/contextlib.py"", line 113, in __enter__
    return next(self.gen)
  File ""/usr/local/lib/python3.8/dist-packages/planemo/galaxy/serve.py"", line 56, in _serve
    raise Exception(message)
Exception: Problem running Galaxy command [].
```

It seems like the following lines in the Galaxy config file are responsible for this: https://github.com/galaxyproject/galaxy/blob/release_23.0/lib/galaxy/config/sample/galaxy.yml.sample#L57-L63"
https://api.github.com/repos/galaxyproject/gravity/issues/103,https://api.github.com/repos/galaxyproject/gravity,https://api.github.com/repos/galaxyproject/gravity/issues/103/labels{/name},https://api.github.com/repos/galaxyproject/gravity/issues/103/comments,https://api.github.com/repos/galaxyproject/gravity/issues/103/events,https://github.com/galaxyproject/gravity/issues/103,1648627201,I_kwDOAdVyGs5iRA4B,103,Setting process_manager to systemd,methylome,,closed,False,,,,2,2023-03-31T03:58:00Z,2023-04-12T13:43:48Z,2023-04-12T09:32:14Z,NONE,"I installed galaxy 22.05 and configured gravity to use systemd.
```
gravity:
    app_server: gunicorn
    celery:
        concurrency: 2
        loglevel: DEBUG
    galaxy_group: galaxy
    galaxy_root: /data/soft/Galaxy/galaxy_22_05/server
    galaxy_user: galaxy
    gunicorn:
        bind: unix:/data/soft/Galaxy/galaxy_22_05/var/config/gunicorn.sock
        extra_args: --forwarded-allow-ips=""*""
        preload: true
        workers: 16
    handlers:
        handler:
            pools:
            - job-handler
            - workflow-scheduler
            processes: 6
    process_manager: systemd
```

However, status showed supervisord.
```
(venv) [root@crab gravity]# systemctl status galaxy
● galaxy.service - Galaxy
   Loaded: loaded (/etc/systemd/system/galaxy.service; enabled; vendor preset: disabled)                                                                                 
   Active: active (running) since Fri 2023-03-31 12:30:17 KST; 13min ago
  Process: 18864 ExecStop=/data/soft/Galaxy/galaxy_22_05/venv/bin/galaxyctl shutdown (code=killed, signal=TERM)                                                          
 Main PID: 20001 (galaxyctl)
    Tasks: 579 (limit: 52428)
   Memory: 1.4G (limit: 16.0G)
      CPU: 1min 14.684s
   CGroup: /system.slice/galaxy.service
           ├─20001 /data/soft/Galaxy/galaxy_22_05/venv/bin/python /data/soft/Galaxy/galaxy_22_05/venv/bin/galaxyctl start --foreground --quiet                           
           ├─20010 /data/soft/Galaxy/galaxy_22_05/venv/bin/python /data/soft/Galaxy/galaxy_22_05/venv/bin/supervisord -c /data/soft/Galaxy/galaxy_22_05/var/gravity/super>
           ├─20011 /bin/tail -f /data/soft/Galaxy/galaxy_22_05/var/gravity/supervisor/supervisord.log                                                                    
           ├─20012 /data/soft/Galaxy/galaxy_22_05/venv/bin/python /data/soft/Galaxy/galaxy_22_05/venv/bin/celery --app galaxy.celery worker --concurrency 2 --loglevel DE>
           ├─20013 /data/soft/Galaxy/galaxy_22_05/venv/bin/python /data/soft/Galaxy/galaxy_22_05/venv/bin/celery --app galaxy.celery beat --loglevel DEBUG --schedule /da>
           ├─20014 /data/soft/Galaxy/galaxy_22_05/venv/bin/python /data/soft/Galaxy/galaxy_22_05/venv/bin/gunicorn galaxy.webapps.galaxy.fast_factory:factory() --timeout>
           ├─20015 python ./lib/galaxy/main.py -c /data/soft/Galaxy/galaxy_22_05/config/galaxy.yml --server-name=handler_0 --attach-to-pool=job-handler --attach-to-pool=>
           ├─20016 python ./lib/galaxy/main.py -c /data/soft/Galaxy/galaxy_22_05/config/galaxy.yml --server-name=handler_1 --attach-to-pool=job-handler --attach-to-pool=>
           ├─20017 python ./lib/galaxy/main.py -c /data/soft/Galaxy/galaxy_22_05/config/galaxy.yml --server-name=handler_2 --attach-to-pool=job-handler --attach-to-pool=>
           ├─20018 python ./lib/galaxy/main.py -c /data/soft/Galaxy/galaxy_22_05/config/galaxy.yml --server-name=handler_3 --attach-to-pool=job-handler --attach-to-pool=>
           ├─20019 python ./lib/galaxy/main.py -c /data/soft/Galaxy/galaxy_22_05/config/galaxy.yml --server-name=handler_4 --attach-to-pool=job-handler --attach-to-pool=>
           └─20020 python ./lib/galaxy/main.py -c /data/soft/Galaxy/galaxy_22_05/config/galaxy.yml --server-name=handler_5 --attach-to-pool=job-handler --attach-to-pool=>

Mar 31 12:30:40 crab.mbdc.kr galaxyctl[20001]: 2023-03-31 12:30:40,462 INFO success: handler_2 entered RUNNING state, process has stayed up for > than 20 seconds (starts>
Mar 31 12:30:40 crab.mbdc.kr galaxyctl[20001]: 2023-03-31 12:30:40,462 INFO success: handler_3 entered RUNNING state, process has stayed up for > than 20 seconds (starts>
Mar 31 12:30:40 crab.mbdc.kr galaxyctl[20001]: 2023-03-31 12:30:40,462 INFO success: handler_4 entered RUNNING state, process has stayed up for > than 20 seconds (starts>
Mar 31 12:30:40 crab.mbdc.kr galaxyctl[20001]: 2023-03-31 12:30:40,462 INFO success: handler_5 entered RUNNING state, process has stayed up for > than 20 seconds (starts>
Mar 31 12:30:40 crab.mbdc.kr galaxyctl[20001]: 2023-03-31 12:30:40,461 INFO success: handler_0 entered RUNNING state, process has stayed up for > than 20 seconds (starts>
Mar 31 12:30:40 crab.mbdc.kr galaxyctl[20001]: 2023-03-31 12:30:40,462 INFO success: handler_1 entered RUNNING state, process has stayed up for > than 20 seconds (starts>
Mar 31 12:30:40 crab.mbdc.kr galaxyctl[20001]: 2023-03-31 12:30:40,462 INFO success: handler_2 entered RUNNING state, process has stayed up for > than 20 seconds (starts>
Mar 31 12:30:40 crab.mbdc.kr galaxyctl[20001]: 2023-03-31 12:30:40,462 INFO success: handler_3 entered RUNNING state, process has stayed up for > than 20 seconds (starts>
Mar 31 12:30:40 crab.mbdc.kr galaxyctl[20001]: 2023-03-31 12:30:40,462 INFO success: handler_4 entered RUNNING state, process has stayed up for > than 20 seconds (starts>
Mar 31 12:30:40 crab.mbdc.kr galaxyctl[20001]: 2023-03-31 12:30:40,462 INFO success: handler_5 entered RUNNING state, process has stayed up for > than 20 seconds (starts>
```

Was systemd used for process management?
"
https://api.github.com/repos/galaxyproject/gravity/issues/101,https://api.github.com/repos/galaxyproject/gravity,https://api.github.com/repos/galaxyproject/gravity/issues/101/labels{/name},https://api.github.com/repos/galaxyproject/gravity/issues/101/comments,https://api.github.com/repos/galaxyproject/gravity/issues/101/events,https://github.com/galaxyproject/gravity/issues/101,1610492394,I_kwDOAdVyGs5f_inq,101,Don't terminate supervisord on `stop` when running in the foreground,natefoo,,open,False,,,,0,2023-03-06T01:32:35Z,2023-03-06T01:32:35Z,,MEMBER,Otherwise `galaxyctl stop` results in systemd restarting the service.
https://api.github.com/repos/galaxyproject/gravity/issues/92,https://api.github.com/repos/galaxyproject/gravity,https://api.github.com/repos/galaxyproject/gravity/issues/92/labels{/name},https://api.github.com/repos/galaxyproject/gravity/issues/92/comments,https://api.github.com/repos/galaxyproject/gravity/issues/92/events,https://github.com/galaxyproject/gravity/issues/92,1476911201,I_kwDOAdVyGs5YB-Bh,92,timeline for 1.x release?,hexylena,,closed,False,,,,9,2022-12-05T16:17:05Z,2023-02-13T21:34:28Z,2023-02-13T21:27:40Z,MEMBER,"Hey y'all,

just wanted to check in on the timeline for the 1.x release, just so I can get started updating the trainings with the new systemd setup.

no rush or nothing, no pressure."
https://api.github.com/repos/galaxyproject/gravity/issues/90,https://api.github.com/repos/galaxyproject/gravity,https://api.github.com/repos/galaxyproject/gravity/issues/90/labels{/name},https://api.github.com/repos/galaxyproject/gravity/issues/90/comments,https://api.github.com/repos/galaxyproject/gravity/issues/90/events,https://github.com/galaxyproject/gravity/issues/90,1467828289,I_kwDOAdVyGs5XfUhB,90,gx_it_proxy not stopped properly,abretaud,,closed,False,,,,1,2022-11-29T10:33:55Z,2022-12-09T18:46:39Z,2022-12-09T18:46:39Z,CONTRIBUTOR,"Hi!
We've upgraded usegalaxy.fr to 22.05 and switched gravity.
I have a little problem for the gx_it_proxy process: it seems like gravity fails to stop it properly.
When I start it, I get these processes:
```
galaxy   1143118  5.2  0.1 772872 44440 ?        Sl   11:12   0:01 npm exec gx-it-proxy --ip 0.0.0.0 --port 8000 --sessions /foobar/interactivetools_map.sqlite --verbose
galaxy   1143132  0.0  0.0   2608   596 ?        S    11:12   0:00 sh -c gx-it-proxy ""--ip"" ""0.0.0.0"" ""--port"" ""8000"" ""--sessions"" ""/foobar/interactivetools_map.sqlite"" ""--verbose""
galaxy   1143133  1.3  0.0 820016 27052 ?        Sl   11:12   0:00 node /blablabla/node_modules/.bin/gx-it-proxy --ip 0.0.0.0 --port 8000 --sessions /foobarinteractivetools_map.sqlite --verbose
```

Running `galaxyctl stop gx-it-proxy` kills the first 2 processes, but not the third one.
Any idea what could be wrong?

(It's annoying because I get an error when trying a graceful restart, when it tries to stop/restart the proxy, and fails with ""port already in use"")"
https://api.github.com/repos/galaxyproject/gravity/issues/88,https://api.github.com/repos/galaxyproject/gravity,https://api.github.com/repos/galaxyproject/gravity/issues/88/labels{/name},https://api.github.com/repos/galaxyproject/gravity/issues/88/comments,https://api.github.com/repos/galaxyproject/gravity/issues/88/events,https://github.com/galaxyproject/gravity/issues/88,1454526373,I_kwDOAdVyGs5Wsk-l,88,Path quoting is haphazard and fragile,natefoo,,open,False,,,,0,2022-11-18T06:10:08Z,2022-11-18T06:10:08Z,,MEMBER,"Exposed by the Galaxy startup tests that use a space in the galaxy root pathname, we had some bugs with path handling, which are addressed in #87.

However, the quoting is a bit scattered and haphazard. Part of the issue is that we use the same format vars for multiple purposes, only some of which are going to be part of the command line, which (currently) is the only thing that should be quoted. The working dir option for both process managers should not be quoted, and neither should the log path for supervisor, since these are not interpreted by a shell. We quote the data dir because it's used in a command line but not elsewhere. We don't quote galaxy_root because it's not used in any command lines, etc.

So we probably need a more structured way to denote what needs to be quoted and what doesn't. The simplest and cleanest solution may be to just split the command line format vars from the rest of the format vars.

Also, the GxIT session map path and `tusd_path` probably still need to be fixed."
https://api.github.com/repos/galaxyproject/gravity/issues/84,https://api.github.com/repos/galaxyproject/gravity,https://api.github.com/repos/galaxyproject/gravity/issues/84/labels{/name},https://api.github.com/repos/galaxyproject/gravity/issues/84/comments,https://api.github.com/repos/galaxyproject/gravity/issues/84/events,https://github.com/galaxyproject/gravity/issues/84,1434796002,I_kwDOAdVyGs5VhT_i,84,journald archiving,natefoo,,open,False,,,,3,2022-11-03T14:53:07Z,2022-11-09T10:40:20Z,,MEMBER,"Log archiving is something that can be useful - for example, I tend to keep my Galaxy logs for a pretty long time so that I can go back and find old job errors, find the last time I saw particular error messages (or when they started), etc.

With supervisor you could configure log rotation and then use an external utility to archive old logs and prune the archive. With journald this is trickier - although journald rotates its storage, it's all one big journal file. Also, on EL (even EL8) the default journald configuration uses the tmpfs-mounted `/run/log` rather than `/var/log`, so logs are lost on reboot.

From a quick look I have two ideas of potential solutions:

1.  Use journal namespaces. From `systemd-journald.service(8)`:

    > **JOURNAL NAMESPACES**  
    > Journal 'namespaces' are both a mechanism for logically isolating the log stream of projects consisting of one or more services from the rest of the system and a mechanism for improving performance. Multiple journal namespaces may exist simultaneously, each defining its own, independent log stream managed by its own instance of systemd-journald.  Namespaces are independent of each other, both in the data store and in the IPC interface. By default only a single 'default' namespace exists, managed by systemd-journald.service (and its associated socket units). Additional namespaces are created by starting an instance of the systemd-journald@.service service template. The instance name is the namespace identifier, which is a short string used for referencing the journal namespace. Service units may be assigned to a specific journal namespace through the LogNamespace= unit file setting, see systemd.exec(5) for details. The --namespace= switch of journalctl(1) may be used to view the log stream of a specific namespace. If the switch is not used the log stream of the default namespace is shown, i.e. log data from other namespaces is not visible.

    If the Galaxy processes were in their own journald namespace then when you archive the rotated journals, you're only archiving the Galaxy logs.

    Unfortunately this is a relatively new feature, not even EL8 has it.

2.  Periodically export logs to text using e.g. `journalctl -u <whatever>.service --since yesterday --until today` for all the previous day's logs, and then archive those exports.

This may be more of an Ansible/deployment issue than Gravity itself, but I figured I should capture it somewhere."
https://api.github.com/repos/galaxyproject/gravity/issues/82,https://api.github.com/repos/galaxyproject/gravity,https://api.github.com/repos/galaxyproject/gravity/issues/82/labels{/name},https://api.github.com/repos/galaxyproject/gravity/issues/82/comments,https://api.github.com/repos/galaxyproject/gravity/issues/82/events,https://github.com/galaxyproject/gravity/issues/82,1424778541,I_kwDOAdVyGs5U7GUt,82,Automatic updating,natefoo,,closed,False,,,,3,2022-10-26T22:37:14Z,2022-11-07T15:25:36Z,2022-11-07T15:25:36Z,MEMBER,"Under 0.x we automatically perform an update whenever you run any of the significant operational subcommands like `start`, `stop`, `restart`, etc. Under 1.x this is dropped except for `start`.

I am on the fence about whether to restore automatic updating under these cases, but if we don't, then Gravity should probably refuse to proceed if you try to perform one of these operations and the configs on disk don't match the configs that it generates (unless you pass `--force` or something?).

It is also worth pointing out that `update` under systemd will clobber other instances' configs unless you have them all in a single Gravity config. Since we can't get subdirs for systemd units (or even our own isolated dir) as far as I can tell, there's not really a way around that."
https://api.github.com/repos/galaxyproject/gravity/issues/78,https://api.github.com/repos/galaxyproject/gravity,https://api.github.com/repos/galaxyproject/gravity/issues/78/labels{/name},https://api.github.com/repos/galaxyproject/gravity/issues/78/comments,https://api.github.com/repos/galaxyproject/gravity/issues/78/events,https://github.com/galaxyproject/gravity/issues/78,1406549652,I_kwDOAdVyGs5T1j6U,78,!include: gravity.yml breaks Galaxy,natefoo,,closed,False,,,,1,2022-10-12T17:15:42Z,2022-10-28T15:52:20Z,2022-10-28T15:52:20Z,MEMBER,"Because the `!include` directive support is only implemented in Gravity, it works fine with Gravity, but when Galaxy tries to load `galaxy.yml`, it blows up. I implemented the include support but then didn't end up actually needing it so I guess that didn't get tested...

So we should either make Galaxy capable of parsing it (it doesn't actually need to perform the include), or we should drop support for it entirely. You could also imagine having separate Galaxy and Gravity configs, and adding a `galaxy_config_file` param to Gravity for locating the Galaxy config corresponding to a given Gravity config."
https://api.github.com/repos/galaxyproject/gravity/issues/75,https://api.github.com/repos/galaxyproject/gravity,https://api.github.com/repos/galaxyproject/gravity/issues/75/labels{/name},https://api.github.com/repos/galaxyproject/gravity/issues/75/comments,https://api.github.com/repos/galaxyproject/gravity/issues/75/events,https://github.com/galaxyproject/gravity/issues/75,1392166780,I_kwDOAdVyGs5S-sd8,75,How do you translate complex supervisor setups to gravity?,pcm32,,open,False,,,,1,2022-09-30T09:44:13Z,2022-09-30T10:05:25Z,,MEMBER,"Hi there,

we are trying to move our setup to 22.01 with gravity (the setup we use against the EBI cluster). Our setup depends partly on homebrew and the galaxy virtual env, so our previous supervisor jobs look like this:

```
  - name: ""galaxy_handler-{{ galaxy_gxa_version }}""
    command: /usr/bin/bash -c ""source ~/.bashrc && source {{ galaxy_venv_dir }}/bin/activate && python ./lib/galaxy/main.py -c {{ galaxy_cf_file_sv }} --server-name=handler_%(host_node_name)s_%(process_num)s --attach-to-pool job-handlers --attach-to-pool workflow-schedulers""
    state: present
    configuration: |
      directory: {{ galaxy_server_dir }}
      environment: TMPDIR=""{{ shared_scratch | default(shared_base) }}/galaxy-{{ galaxy_gxa_version }}-wd/tmp""
      process_name: galaxy_handler%(process_num)s
      process_num: 1
      numprocs: {{ galaxy_handler_processes }}
      umask: 022
      autostart: true
      autorestart: true
      startsecs: 20
      ;user: {{ galaxy_user }}
      stopasgroup: true
      startretries: 1
```

is there a way with gravity to add all that configuration so that it ends up in the supervisor job? And also specific things that need to be sourced before the main galaxy python process is spinned (see command section)?

We also have other jobs being run by supervisor, like for instance nginx (which I guess gravity will configure), but we still do things like:

```
  - name: 'nginx'
    command: /usr/bin/bash -c ""source ~/.bashrc && nginx -c {{ nginx_config_file }} -g 'daemon off;'""
    state: present
    configuration: |
      autostart: true
      autorestart: true
      stopasgroup: true
      stopsignal: QUIT
```

Should we avoid using gravity at all and configure web, handlers and auxiliary processes directly on supervisor? But then there is not much documentation on how to set up gunicorn for Galaxy without gravity.

Thanks!"
https://api.github.com/repos/galaxyproject/gravity/issues/74,https://api.github.com/repos/galaxyproject/gravity,https://api.github.com/repos/galaxyproject/gravity/issues/74/labels{/name},https://api.github.com/repos/galaxyproject/gravity/issues/74/comments,https://api.github.com/repos/galaxyproject/gravity/issues/74/events,https://github.com/galaxyproject/gravity/issues/74,1391363637,I_kwDOAdVyGs5S7oY1,74,Zero downtime restarts,natefoo,,closed,False,,,,9,2022-09-29T19:09:42Z,2022-10-28T15:51:50Z,2022-10-28T15:51:50Z,MEMBER,"Currently we're relying on [unicornherder](https://github.com/alphagov/unicornherder/) to perform zero-downtime restarts, but this has a few drawbacks. We have patches for some of the biggest issues we're running in to (alphagov/unicornherder#38, alphagov/unicornherder#39) and others that we don't (galaxyproject/galaxy#14625) but as unicornherder seems to not be seeing much activity these days, we would like to consider alternatives.

One option is to try to support `SIGUSR2` restarts with gunicorn directly in Gravity, but you still need some kind of background process management since as far as I know, you cannot keep gunicorn directly attached in the foreground to systemd/supervisord after the `SIGUSR2` restart cycle completes, as discssed in benoitc/gunicorn#2856.

However, in discussion with @hexylena, it seems like we can use the solution that EU was using with uWSGI. On org, I was using [uWSGI Zerg Mode](https://uwsgi-docs.readthedocs.io/en/latest/Zerg.html) to run one zergling at a time, bringing up a second whenever a restart was needed. Bringing up the second signaled the first to shut down, and then things continued normally from there. So at any given time you had one or the other zergling running, but not both.

On EU, they run multiple zerglings run at all times. When a restart is needed, one zergling is restarted, and once that zergling has fully reloaded and is accepting requests, the next zergling is restarted, and so on.

In the case of Gravity, I believe we should be able to have systemd open the socket, and then run two gunicorn workers that use the same fd-over-socket method used by Zerg Mode and [circusd](https://circus.readthedocs.io/en/latest/for-ops/sockets/) (which was actually the initial way we ran gunicorn in development prior to 22.01...). Gravity then will just need to manage the restart dance.

The only thing I don't like about this scenario is that under supervisord, you have two logfiles, one for each worker, which is kind of a bummer. But this is mitigated in a systemd setup where everything logs to journald, so you can just request the combined logs using a journalctl unit matching pattern."
https://api.github.com/repos/galaxyproject/gravity/issues/67,https://api.github.com/repos/galaxyproject/gravity,https://api.github.com/repos/galaxyproject/gravity/issues/67/labels{/name},https://api.github.com/repos/galaxyproject/gravity/issues/67/comments,https://api.github.com/repos/galaxyproject/gravity/issues/67/events,https://github.com/galaxyproject/gravity/issues/67,1343575172,I_kwDOAdVyGs5QFVSE,67,some parameters are not passed to gx-it-proxy from Galaxy's config file,SergeyYakubov,,closed,False,,,,0,2022-08-18T20:00:52Z,2022-09-15T14:17:41Z,2022-09-15T14:17:41Z,NONE,"`forward_ip`, `forward_port`, and other parameters that one can set in Galaxy are not being passed to gx-it-proxy, if I understand this line correctly:

https://github.com/galaxyproject/gravity/blob/f47527f433a1e8179087a5075c7e68f113063b60/gravity/state.py#L129"
https://api.github.com/repos/galaxyproject/gravity/issues/66,https://api.github.com/repos/galaxyproject/gravity,https://api.github.com/repos/galaxyproject/gravity/issues/66/labels{/name},https://api.github.com/repos/galaxyproject/gravity/issues/66/comments,https://api.github.com/repos/galaxyproject/gravity/issues/66/events,https://github.com/galaxyproject/gravity/issues/66,1340955988,I_kwDOAdVyGs5P7V1U,66,run.sh --daemon results in log duplication,natefoo,,open,False,,,,0,2022-08-16T22:46:34Z,2022-08-16T22:46:34Z,,MEMBER,"Because of [the way logging is set up](https://github.com/galaxyproject/galaxy/blob/6fa4ca9cb52b67ceab8b2e1f7ebf449ef0a5756c/lib/galaxy/config/__init__.py#L1106) when `$GALAXY_DAEMON_LOG` is set, the Galaxy/gunicorn log is written to both the gunicorn log path (`{log_dir}/gunicorn.log`) and the `$GALAXY_DAEMON_LOG` path (default of `./galaxy.log`). Not showstopping but probably not what we want."
https://api.github.com/repos/galaxyproject/gravity/issues/63,https://api.github.com/repos/galaxyproject/gravity,https://api.github.com/repos/galaxyproject/gravity/issues/63/labels{/name},https://api.github.com/repos/galaxyproject/gravity/issues/63/comments,https://api.github.com/repos/galaxyproject/gravity/issues/63/events,https://github.com/galaxyproject/gravity/issues/63,1287525652,I_kwDOAdVyGs5MvhUU,63,Systemd 'conversion' & GAT updates,hexylena,question,closed,False,,,,15,2022-06-28T15:28:34Z,2023-09-07T17:39:33Z,2023-09-07T17:39:33Z,MEMBER,"hey y'all. I'm .. struggling a bit, with the updates to gravity from systemd. Currently it feels like I'm losing a *lot* of things that I use on a daily basis, but maybe I've just missed the equivalent replacements?

- `journalctl --since ""30 minutes ago"" galaxy`, I don't think there's an equivalent, I used this daily to find problems that happened at a specific time point. I don't really want to go back to looking at timestamps and parsing them with my brain.
- `journalctl -fu galaxy-handler-*`, I can't seem to use wildcards. I used this regularly since I don't know which handler was serving a request, and I wanted to check which one errored, easily.
- `journalctl -fu galaxy`, period. Now I have to know the log location (or as the galaxy user, run `/srv/galaxy/venv/bin/galaxyctl --state-dir /srv/galaxy/var/gravity/ follow handler gunicorn`). This feels like a major downgrade from the sheer simplicity of systemd (yes I said it.)
- cgroups & memory limits. I know we'll have new controls maybe, but, I miss being able to micromanage which types of handlers and units got how much memory. I don't want to apply it at the global level
- log rotation, journald was handling that, now we have to do it ourselves, or, I guess add `logfile_maxbytes` but I liked my old log rotation.
- log cleaning, now I have to manually delete them, rather than being able to rely on `journalctl --vacuum-size=500M` (great for removing old stuff when in a VM with limited space!) or `journalctl --vacuum-time=2d` (especially nice for deleting old logs, and being sure we aren't holding GDPR type data for too long.)

Then there's some open questions for me

- tusd, is this now getting merged in? Do we throw away the tutorial or is the ansible role/config still required? Do we now manage this some other way? I don't know what changes are required here.
- gx-it-proxy, same as above.

**Pro**: I know this would put all of us on a more standardised platform, and a lot closer to what main does (which feels good in theory!!). I know systemd isn't always well received, and doesn't work as well for ""laptop"" users, I understand/get/like the portability of supervisord, especially for all the small/laptop users who are replacing `run.sh` (and main.) 

**Con**: But I think bigger sites are really getting a lot of benefits from it that we really like. Many small galaxies started in the past 3-4 years all use systemd, journald. All of these admins will have to update what they're doing.

I guess I'm asking: 

- Do y'all believe this is the one true path, using gravity to control galaxy? I don't want to duplicate effort, not when there's a lot of knowledge encoded in gravity. I don't have bandwidth to re-implement as systemd units currently.
- If this is the true path, could we maybe get more hands updating the training, since this seems to affect a lot of it. Is there some way this can be a part of the release/release-testing process? That devs who understand the product, are making sure the admin training is using current best practices everywhere? I'm not sure I'm capable to catch them, as a non-experienced gravity user."
https://api.github.com/repos/galaxyproject/gravity/issues/61,https://api.github.com/repos/galaxyproject/gravity,https://api.github.com/repos/galaxyproject/gravity/issues/61/labels{/name},https://api.github.com/repos/galaxyproject/gravity/issues/61/comments,https://api.github.com/repos/galaxyproject/gravity/issues/61/events,https://github.com/galaxyproject/gravity/issues/61,1273966359,I_kwDOAdVyGs5L7y8X,61,Can't set arbitrary environment vars on handlers,natefoo,,closed,False,,,,0,2022-06-16T18:59:14Z,2022-08-31T15:51:31Z,2022-08-31T15:51:31Z,MEMBER,"This was implemented in #56 and I thought I had tested that it worked with handlers, both defined dynamically via the gravity config and static handlers defined in the job conf, but it would appear that neither case works."
https://api.github.com/repos/galaxyproject/gravity/issues/55,https://api.github.com/repos/galaxyproject/gravity,https://api.github.com/repos/galaxyproject/gravity/issues/55/labels{/name},https://api.github.com/repos/galaxyproject/gravity/issues/55/comments,https://api.github.com/repos/galaxyproject/gravity/issues/55/events,https://github.com/galaxyproject/gravity/issues/55,1269505408,I_kwDOAdVyGs5Lqx2A,55,Don't restart tusd on galaxyctl graceful,natefoo,,closed,False,,,,0,2022-06-13T14:12:11Z,2022-11-14T17:05:26Z,2022-11-14T17:05:26Z,MEMBER,"It will be rarely be desirable to restart tusd. We want it to stay running and only restart if explicitly directed (so, should it also be excluded from `restart` and `stop`?)."
https://api.github.com/repos/galaxyproject/gravity/issues/54,https://api.github.com/repos/galaxyproject/gravity,https://api.github.com/repos/galaxyproject/gravity/issues/54/labels{/name},https://api.github.com/repos/galaxyproject/gravity/issues/54/comments,https://api.github.com/repos/galaxyproject/gravity/issues/54/events,https://github.com/galaxyproject/gravity/issues/54,1267930984,I_kwDOAdVyGs5Lkxdo,54,Don't SIGHUP gunicorn to gracefully reload when the app is preloaded,natefoo,,closed,False,,,,2,2022-06-10T19:36:16Z,2022-10-06T12:38:14Z,2022-10-06T12:38:14Z,MEMBER,"[Per the docs](https://docs.gunicorn.org/en/stable/signals.html):

> `HUP`: Reload the configuration, start the new worker processes with a new configuration and gracefully shutdown older workers. If the application is not preloaded (using the preload_app option), Gunicorn will also load the new version of it.

So sending a `HUP` to a preloaded application doesn't actually result in a restart."
https://api.github.com/repos/galaxyproject/gravity/issues/52,https://api.github.com/repos/galaxyproject/gravity,https://api.github.com/repos/galaxyproject/gravity/issues/52/labels{/name},https://api.github.com/repos/galaxyproject/gravity/issues/52/comments,https://api.github.com/repos/galaxyproject/gravity/issues/52/events,https://github.com/galaxyproject/gravity/issues/52,1265590761,I_kwDOAdVyGs5Lb2Hp,52,slurm drmaa env variable setting?,Slugger70,,closed,False,,,,6,2022-06-09T04:52:31Z,2022-06-16T18:59:36Z,2022-06-16T13:20:16Z,CONTRIBUTOR,"When running Galaxy using a DRMAA system, Galaxy needs to know where to find the drmaa libraries.

The DRMAA_LIBRARY_PATH environment variable needs to be included in the supervisor setup for Galaxy. At the moment there seems no way for Gravity to pick up extra environment variables and add them to the running environment in supervisord.

This is especially required for job handlers (standalone) started by gravity. I imagine that it may also be required by gunicorn as in some setups it may also be handling jobs.



"
https://api.github.com/repos/galaxyproject/gravity/issues/51,https://api.github.com/repos/galaxyproject/gravity,https://api.github.com/repos/galaxyproject/gravity/issues/51/labels{/name},https://api.github.com/repos/galaxyproject/gravity/issues/51/comments,https://api.github.com/repos/galaxyproject/gravity/issues/51/events,https://github.com/galaxyproject/gravity/issues/51,1263397326,I_kwDOAdVyGs5LTenO,51,Multiple Celery Queues,mvdbeek,,open,False,,,,1,2022-06-07T14:27:42Z,2022-06-07T14:29:25Z,,MEMBER,For CPU-intensive and I/O tasks.
https://api.github.com/repos/galaxyproject/gravity/issues/43,https://api.github.com/repos/galaxyproject/gravity,https://api.github.com/repos/galaxyproject/gravity/issues/43/labels{/name},https://api.github.com/repos/galaxyproject/gravity/issues/43/comments,https://api.github.com/repos/galaxyproject/gravity/issues/43/events,https://github.com/galaxyproject/gravity/issues/43,1179442388,I_kwDOAdVyGs5GTNzU,43,Check consistency of supervisor config,mvdbeek,"bug, enhancement",closed,False,,,,1,2022-03-24T12:22:34Z,2022-10-28T16:03:16Z,2022-10-28T16:03:16Z,MEMBER,"and re-write if possible. If you update from galaxy.yml.sample to galaxy.yml we rewrite the gravity config, but not the supervisor config, which still refers to the old config file (galaxy.yml.sample), so unless you also change something in the gravity section you're still starting from the old sample. We can probably use the recorded gravity version in the gravity config to not do this unnecessarily."
https://api.github.com/repos/galaxyproject/gravity/issues/38,https://api.github.com/repos/galaxyproject/gravity,https://api.github.com/repos/galaxyproject/gravity/issues/38/labels{/name},https://api.github.com/repos/galaxyproject/gravity/issues/38/comments,https://api.github.com/repos/galaxyproject/gravity/issues/38/events,https://github.com/galaxyproject/gravity/issues/38,1164072991,I_kwDOAdVyGs5FYlgf,38,Enable Celery when running via gravity,mvdbeek,,open,False,,,,5,2022-03-09T15:13:48Z,2022-03-14T16:38:35Z,,MEMBER,"I don't think we can switch this to true within Galaxy just now, but we know in gravity that Celery is available, so we could set `GALAXY_CONFIG_ENABLE_CELERY_TASKS=true` in the supervisor config."
https://api.github.com/repos/galaxyproject/gravity/issues/33,https://api.github.com/repos/galaxyproject/gravity,https://api.github.com/repos/galaxyproject/gravity/issues/33/labels{/name},https://api.github.com/repos/galaxyproject/gravity/issues/33/comments,https://api.github.com/repos/galaxyproject/gravity/issues/33/events,https://github.com/galaxyproject/gravity/issues/33,1158302611,I_kwDOAdVyGs5FCkuT,33,`galaxyctl` should have a `--force` flag,mvdbeek,,closed,False,,,,1,2022-03-03T11:36:00Z,2022-03-08T16:51:42Z,2022-03-08T16:51:42Z,MEMBER,"When we change things in gravity we may want to re-write process configs, even if the config state didn't change."
https://api.github.com/repos/galaxyproject/gravity/issues/30,https://api.github.com/repos/galaxyproject/gravity,https://api.github.com/repos/galaxyproject/gravity/issues/30/labels{/name},https://api.github.com/repos/galaxyproject/gravity/issues/30/comments,https://api.github.com/repos/galaxyproject/gravity/issues/30/events,https://github.com/galaxyproject/gravity/issues/30,1146288266,I_kwDOAdVyGs5EUviK,30,Resolving symlinks hides galaxy_root,jdavcs,,closed,False,,,,1,2022-02-21T22:55:18Z,2022-03-08T16:51:50Z,2022-03-08T16:51:50Z,MEMBER,"The config file path is resolved [here](https://github.com/galaxyproject/gravity/blob/main/gravity/options.py#L22) (by Click) and [here](https://github.com/galaxyproject/gravity/blob/main/gravity/state.py#L139), in both cases via `os.path.realpath`. Thus, if it were initially a symlink, we lose the symlink's parent. As a result, [code like this](https://github.com/galaxyproject/gravity/blob/main/gravity/config_manager.py#L121) breaks because `pardir` value is incorrect.

I don't have a proposed solution (still getting acquainted with gravity), but I suspect we are resolving those paths too early and too unconditionally: the symlink's path may be useful. Also, it seems to me gravity should assume we are running from `galaxy_root` if that value is not explicitly provided."
https://api.github.com/repos/galaxyproject/gravity/issues/29,https://api.github.com/repos/galaxyproject/gravity,https://api.github.com/repos/galaxyproject/gravity/issues/29/labels{/name},https://api.github.com/repos/galaxyproject/gravity/issues/29/comments,https://api.github.com/repos/galaxyproject/gravity/issues/29/events,https://github.com/galaxyproject/gravity/issues/29,1144817853,I_kwDOAdVyGs5EPIi9,29,Foreground start and logging,mvdbeek,,closed,False,,,,3,2022-02-19T18:45:48Z,2022-03-15T10:48:15Z,2022-03-15T10:48:15Z,MEMBER,"From @natefoo :

> galaxyctl start probably needs a -n flag to allow for logging to go to log files instead of stdout/stderr, but non-daemonization. This makes it more usable for system init tools (e.g. systemd).

Would that command be tailing the logs into a single file ? Is that compatible with following the logs using `journalctl` ? Would the exisiting `log_dir` option not be sufficient ? "
https://api.github.com/repos/galaxyproject/gravity/issues/22,https://api.github.com/repos/galaxyproject/gravity,https://api.github.com/repos/galaxyproject/gravity/issues/22/labels{/name},https://api.github.com/repos/galaxyproject/gravity/issues/22/comments,https://api.github.com/repos/galaxyproject/gravity/issues/22/events,https://github.com/galaxyproject/gravity/issues/22,1116419343,I_kwDOAdVyGs5CizUP,22,Manage tusd,natefoo,,closed,False,,,,0,2022-01-27T15:46:39Z,2022-03-15T10:47:28Z,2022-03-15T10:47:28Z,MEMBER,"Probably with a new `upload_server` option in `galaxy.yml` that defaults to `internal` (or `tuswsgi`) but can be `tusd`. There isn't a convenient pythonic way to install tusd, but the [ansible role](https://github.com/galaxyproject/ansible-role-tusd) can be used to put it in the Galaxy venv."
https://api.github.com/repos/galaxyproject/gravity/issues/13,https://api.github.com/repos/galaxyproject/gravity,https://api.github.com/repos/galaxyproject/gravity/issues/13/labels{/name},https://api.github.com/repos/galaxyproject/gravity/issues/13/comments,https://api.github.com/repos/galaxyproject/gravity/issues/13/events,https://github.com/galaxyproject/gravity/issues/13,76002777,MDU6SXNzdWU3NjAwMjc3Nw==,13,"Multiple Galaxy instances, multiple config files",natefoo,"help wanted, question, idea",closed,False,,,,4,2015-05-13T14:24:57Z,2022-10-28T15:56:15Z,2022-10-28T15:56:15Z,MEMBER,"I started writing Gravity as a way to control a Galaxy servers. Then it quickly became a tool for managing an entire Galaxy instance with multiple config files, much like we have for usegalaxy.org. It then grew to be a tool to encompass multiple instances, so you could use one Gravity to control all of your Galaxies (on a single host, anyway). Although a lot of this is unfinished and sitting in the cli_instance_config branch.

That latter concept of multiple instance support could be useful in development. And there are sites running two production Galaxy instances from the same box, probably as the same user. But it does add some amount of complexity to dealing with the Gravity command line.

Perhaps it would be better to hide away all of the multiple instance complexity unless it's the case that you have created more than one instance. Or perhaps it'd be better to drop multiple instance support entirely.

Finally, I like the way that @jmchilton has added `pulsar*` commands to Pulsar as part of the Pythonic (`setup.py`) install, and I kind of think we ought to ship a `galaxy` command directly with Galaxy, either as Gravity installed as a dependency of Galaxy, some trimmed down version of Gravity, or something entirely separate from Gravity.

All that said, time to get back to work on Gravity and make it stable. =)
"
https://api.github.com/repos/galaxyproject/gravity/issues/12,https://api.github.com/repos/galaxyproject/gravity,https://api.github.com/repos/galaxyproject/gravity/issues/12/labels{/name},https://api.github.com/repos/galaxyproject/gravity/issues/12/comments,https://api.github.com/repos/galaxyproject/gravity/issues/12/events,https://github.com/galaxyproject/gravity/issues/12,61170088,MDU6SXNzdWU2MTE3MDA4OA==,12,Use of eggs vs requirements.txt,hexylena,,closed,False,,,,1,2015-03-13T18:18:05Z,2015-10-26T22:22:53Z,2015-10-26T22:22:53Z,MEMBER,
https://api.github.com/repos/galaxyproject/gravity/issues/11,https://api.github.com/repos/galaxyproject/gravity,https://api.github.com/repos/galaxyproject/gravity/issues/11/labels{/name},https://api.github.com/repos/galaxyproject/gravity/issues/11/comments,https://api.github.com/repos/galaxyproject/gravity/issues/11/events,https://github.com/galaxyproject/gravity/issues/11,61169952,MDU6SXNzdWU2MTE2OTk1Mg==,11,PYTHONPATH not set in supervisord configs.,hexylena,,closed,False,,,,1,2015-03-13T18:17:43Z,2022-03-15T10:48:32Z,2022-03-15T10:48:32Z,MEMBER,
https://api.github.com/repos/galaxyproject/gravity/issues/10,https://api.github.com/repos/galaxyproject/gravity,https://api.github.com/repos/galaxyproject/gravity/issues/10/labels{/name},https://api.github.com/repos/galaxyproject/gravity/issues/10/comments,https://api.github.com/repos/galaxyproject/gravity/issues/10/events,https://github.com/galaxyproject/gravity/issues/10,58170705,MDU6SXNzdWU1ODE3MDcwNQ==,10,Combine galaxyadm and galaxycfg,natefoo,enhancement,closed,False,,,,0,2015-02-19T05:50:57Z,2015-02-19T05:51:53Z,2015-02-19T05:51:53Z,MEMBER,"There's not really a strong enough case for two separate commands.
"
https://api.github.com/repos/galaxyproject/gravity/issues/9,https://api.github.com/repos/galaxyproject/gravity,https://api.github.com/repos/galaxyproject/gravity/issues/9/labels{/name},https://api.github.com/repos/galaxyproject/gravity/issues/9/comments,https://api.github.com/repos/galaxyproject/gravity/issues/9/events,https://github.com/galaxyproject/gravity/issues/9,58168875,MDU6SXNzdWU1ODE2ODg3NQ==,9,Changing a Paste server's port causes supervisorctl update to fail,natefoo,bug,closed,False,natefoo,natefoo,,1,2015-02-19T05:15:52Z,2022-01-27T17:58:30Z,2022-01-27T17:58:29Z,MEMBER,"Changing the port removes the service's supervisor config and recreates it, but `supervisorctl update` is called in between, and the service still exists in the group definition, so update fails.

This can easily be worked around for the moment by running `galaxyadm update` again.
"
https://api.github.com/repos/galaxyproject/gravity/issues/8,https://api.github.com/repos/galaxyproject/gravity,https://api.github.com/repos/galaxyproject/gravity/issues/8/labels{/name},https://api.github.com/repos/galaxyproject/gravity/issues/8/comments,https://api.github.com/repos/galaxyproject/gravity/issues/8/events,https://github.com/galaxyproject/gravity/issues/8,57867081,MDU6SXNzdWU1Nzg2NzA4MQ==,8,Switch from argparse to click,natefoo,enhancement,closed,False,,,,2,2015-02-17T00:10:32Z,2022-01-27T17:57:02Z,2022-01-27T17:57:01Z,MEMBER,"Since that seems to be the popular way of doing things. Plus I figure if it's more planemo-like, that'll net some contributors. And the code looks much nicer with click.
"
https://api.github.com/repos/galaxyproject/gravity/issues/7,https://api.github.com/repos/galaxyproject/gravity,https://api.github.com/repos/galaxyproject/gravity/issues/7/labels{/name},https://api.github.com/repos/galaxyproject/gravity/issues/7/comments,https://api.github.com/repos/galaxyproject/gravity/issues/7/events,https://github.com/galaxyproject/gravity/issues/7,57658594,MDU6SXNzdWU1NzY1ODU5NA==,7,Add galaxy scripts,natefoo,enhancement,open,False,,,,2,2015-02-13T21:48:57Z,2015-03-23T13:12:14Z,,MEMBER,"A lot of the things in Galaxy's `scripts/` directory probably could/should be moved to gravity. At least `helper.py`
"
https://api.github.com/repos/galaxyproject/gravity/issues/6,https://api.github.com/repos/galaxyproject/gravity,https://api.github.com/repos/galaxyproject/gravity/issues/6/labels{/name},https://api.github.com/repos/galaxyproject/gravity/issues/6/comments,https://api.github.com/repos/galaxyproject/gravity/issues/6/events,https://github.com/galaxyproject/gravity/issues/6,57656182,MDU6SXNzdWU1NzY1NjE4Mg==,6,Implement a `set` subcommand,natefoo,idea,closed,False,,,,1,2015-02-13T21:25:55Z,2022-10-28T15:58:56Z,2022-10-28T15:58:56Z,MEMBER,"The initial use case for this was the need for `galaxycfg set instance_name autostart true` to override the current hardcoded default of not starting instances when `supervisord` starts.

However, this led me to consider whether it's better to move the file-driven configuration of `[galaxy:server]` in `galaxy.ini` into a command line-driven configuration.

In favor of putting things in `galaxy.ini`, it's a familiar config interface for admins and those settings persist across removal from gravity, and in a location that is expected by the admin. However, the cli config paradigm seems to be fairly popular these days (see: docker, vagrant, zfs), and has the benefit of allowing for rapid changes and instantaneous syntax checking.

One downside of the cli-driven configuration is that settings would be persisted to a the internal `configstate.json` which users should not edit by hand. I think people prefer to have the option to config either way - for example, if I was deploying (e.g. with Ansible), I want to be able to write a config file rather than have to call a bunch of shell commands.
"
https://api.github.com/repos/galaxyproject/gravity/issues/5,https://api.github.com/repos/galaxyproject/gravity,https://api.github.com/repos/galaxyproject/gravity/issues/5/labels{/name},https://api.github.com/repos/galaxyproject/gravity/issues/5/comments,https://api.github.com/repos/galaxyproject/gravity/issues/5/events,https://github.com/galaxyproject/gravity/issues/5,57655025,MDU6SXNzdWU1NzY1NTAyNQ==,5,Allow configuration of arbitrary environment variables,natefoo,enhancement,closed,False,,,,1,2015-02-13T21:15:14Z,2022-09-07T16:41:57Z,2022-09-07T16:41:57Z,MEMBER,"Administrators may want to configure the environment their server process runs under.
"
https://api.github.com/repos/galaxyproject/gravity/issues/4,https://api.github.com/repos/galaxyproject/gravity,https://api.github.com/repos/galaxyproject/gravity/issues/4/labels{/name},https://api.github.com/repos/galaxyproject/gravity/issues/4/comments,https://api.github.com/repos/galaxyproject/gravity/issues/4/events,https://github.com/galaxyproject/gravity/issues/4,57654767,MDU6SXNzdWU1NzY1NDc2Nw==,4,Check for hash collisions when generating instance names,natefoo,enhancement,closed,False,,,,1,2015-02-13T21:13:01Z,2022-10-28T15:59:42Z,2022-10-28T15:59:41Z,MEMBER,"Might also want to store a list of all previously generated instance_names to make sure there's no reuse, since virtualenvs aren't removed when configs are deregistered.
"
https://api.github.com/repos/galaxyproject/gravity/issues/3,https://api.github.com/repos/galaxyproject/gravity,https://api.github.com/repos/galaxyproject/gravity/issues/3/labels{/name},https://api.github.com/repos/galaxyproject/gravity/issues/3/comments,https://api.github.com/repos/galaxyproject/gravity/issues/3/events,https://github.com/galaxyproject/gravity/issues/3,57654628,MDU6SXNzdWU1NzY1NDYyOA==,3,Formalize use of AttributeDict,natefoo,enhancement,closed,False,natefoo,natefoo,,1,2015-02-13T21:11:46Z,2022-10-28T16:00:31Z,2022-10-28T16:00:30Z,MEMBER,"`ConfigManager` uses a few of these subclassed from `dict` to add some extras, like the `defaults` property on a `ConfigFile` or `__cmp__()` method for `Service`s. But, you can't stick arbitrary data in them or else it'll be persisted to `configstate.json`, since the serialization is the entire dictionary, and attributes set on the `AttributeDict` become members of the underlying dict.

So, either get rid of the `__setattr__`/`__getattr__` as synonyms for item operations, or don't subclass from dict, and make sure it still serializes as a dict when passed to `json.dumps`.
"
https://api.github.com/repos/galaxyproject/gravity/issues/2,https://api.github.com/repos/galaxyproject/gravity,https://api.github.com/repos/galaxyproject/gravity/issues/2/labels{/name},https://api.github.com/repos/galaxyproject/gravity/issues/2/comments,https://api.github.com/repos/galaxyproject/gravity/issues/2/events,https://github.com/galaxyproject/gravity/issues/2,57653398,MDU6SXNzdWU1NzY1MzM5OA==,2,Write documentation,natefoo,enhancement,open,False,natefoo,natefoo,,2,2015-02-13T21:00:38Z,2022-10-28T16:01:46Z,,MEMBER,"Code and regular usage documentation, and then upload to RTD.
"
https://api.github.com/repos/galaxyproject/gravity/issues/1,https://api.github.com/repos/galaxyproject/gravity,https://api.github.com/repos/galaxyproject/gravity/issues/1/labels{/name},https://api.github.com/repos/galaxyproject/gravity/issues/1/comments,https://api.github.com/repos/galaxyproject/gravity/issues/1/events,https://github.com/galaxyproject/gravity/issues/1,57653328,MDU6SXNzdWU1NzY1MzMyOA==,1,Write tests,natefoo,enhancement,closed,False,natefoo,natefoo,,1,2015-02-13T21:00:08Z,2022-03-03T11:34:25Z,2022-03-03T11:34:24Z,MEMBER,
