URL,Repository URL,Labels URL,Comments URL,Events URL,HTML URL,ID,Node ID,Number,Title,User,Labels,State,Locked,Assignee,Assignees,Milestone,Comments,Created At,Updated At,Closed At,Author Association,Body
https://api.github.com/repos/galaxyproject/ansible-nginx/issues/17,https://api.github.com/repos/galaxyproject/ansible-nginx,https://api.github.com/repos/galaxyproject/ansible-nginx/issues/17/labels{/name},https://api.github.com/repos/galaxyproject/ansible-nginx/issues/17/comments,https://api.github.com/repos/galaxyproject/ansible-nginx/issues/17/events,https://github.com/galaxyproject/ansible-nginx/issues/17,1318301625,I_kwDOAfuejs5Ok6-5,17,Permission problems with SSL private key,jarrah42,,closed,False,,,,0,2022-07-26T14:08:54Z,2022-09-02T11:50:07Z,2022-09-02T11:50:07Z,CONTRIBUTOR,"[Moved from galaxyproject/ansible-galaxy#163]

I'm using ansible to install/configure galaxy using our own SSL private key. In the ssl-internal.yml role the permission on the private key is set to 0400, however in our installation, this needs to be 0440 as the key must be accessible to PostgreSQL (the group is postgres). This causes PostgreSQL to fail to start, galaxy then spins trying to connect to the database, and eventually the filesystem fills up due to all the log messages. I think an easy fix would be to make this permission setting configurable."
https://api.github.com/repos/galaxyproject/ansible-nginx/issues/14,https://api.github.com/repos/galaxyproject/ansible-nginx,https://api.github.com/repos/galaxyproject/ansible-nginx/issues/14/labels{/name},https://api.github.com/repos/galaxyproject/ansible-nginx/issues/14/comments,https://api.github.com/repos/galaxyproject/ansible-nginx/issues/14/events,https://github.com/galaxyproject/ansible-nginx/issues/14,1041235048,I_kwDOAfuejs4-D_xo,14,usegalaxy-eu.certbot was not found,talaikis,,closed,False,hexylena,hexylena,,1,2021-11-01T14:26:23Z,2021-11-09T12:23:30Z,2021-11-09T12:23:30Z,NONE,"```
[WARNING]: - usegalaxy-eu.certbot was NOT installed successfully: - sorry, usegalaxy-eu.certbot was
not found on https://galaxy.ansible.com/api/.
ERROR! - you can use --ignore-errors to skip failed roles and finish processing the list.
```"
https://api.github.com/repos/galaxyproject/ansible-nginx/issues/13,https://api.github.com/repos/galaxyproject/ansible-nginx,https://api.github.com/repos/galaxyproject/ansible-nginx/issues/13/labels{/name},https://api.github.com/repos/galaxyproject/ansible-nginx/issues/13/comments,https://api.github.com/repos/galaxyproject/ansible-nginx/issues/13/events,https://github.com/galaxyproject/ansible-nginx/issues/13,1041103640,I_kwDOAfuejs4-DfsY,13,Does nothing with EPEL,talaikis,,closed,False,natefoo,natefoo,,1,2021-11-01T12:09:04Z,2022-07-13T18:51:45Z,2022-07-13T18:51:45Z,NONE,"```bash
TASK [galaxyproject.nginx : Install EPEL nginx] ************************************************************************
fatal: [172.31.4.32]: FAILED! => {""changed"": false, ""msg"": ""No package matching 'nginx' found available, installed or updated"", ""rc"": 126, ""results"": [""No package matching 'nginx' found available, installed or updated""]}
```"
https://api.github.com/repos/galaxyproject/ansible-nginx/issues/12,https://api.github.com/repos/galaxyproject/ansible-nginx,https://api.github.com/repos/galaxyproject/ansible-nginx/issues/12/labels{/name},https://api.github.com/repos/galaxyproject/ansible-nginx/issues/12/comments,https://api.github.com/repos/galaxyproject/ansible-nginx/issues/12/events,https://github.com/galaxyproject/ansible-nginx/issues/12,1036676631,I_kwDOAfuejs49ym4X,12,external ssl order of operations makes certbot fail,luke-c-sargent,,closed,False,,,,2,2021-10-26T19:46:45Z,2021-10-27T16:28:27Z,2021-10-27T16:28:27Z,MEMBER,"Hello,

I am using the `usegalaxy-eu.certbot` as the `nginx_ssl_role`, and have issues with certbot failing when the service tries to hit the well-known endpoint. Exploring further, the SSL template pulled from `nginx_ssl_servers` which defines that endpoint for nginx is not present on the server at the time of the request. 

In the [ssl test block of main.yml](https://github.com/galaxyproject/ansible-nginx/blob/da2eb629e003b12ad1e04a4b5e4cd4d50b0ff2e2/tasks/main.yml#L104), the `Include SSL configuration tasks` task precedes the task where this ssl template is deployed to the server (the `Include SSL server (vhost) tasks` which imports `ssl-server.yml`); when I switch the order of operations and put `Include SSL configuration tasks` at the end of the `SSL configuration test block`, the template is installed first and the certbot callback proceeds as expected.

I am happy to make this PR if that is a reasonable fix, but since the configuration task import varies with the user-specified mode (e.g., `ssl-{{ __nginx_sslmode }}.yml`), I am concerned that the other modes might require the original order.

Thoughts?"
https://api.github.com/repos/galaxyproject/ansible-nginx/issues/9,https://api.github.com/repos/galaxyproject/ansible-nginx,https://api.github.com/repos/galaxyproject/ansible-nginx/issues/9/labels{/name},https://api.github.com/repos/galaxyproject/ansible-nginx/issues/9/comments,https://api.github.com/repos/galaxyproject/ansible-nginx/issues/9/events,https://github.com/galaxyproject/ansible-nginx/issues/9,651506439,MDU6SXNzdWU2NTE1MDY0Mzk=,9,Install libsemanage-python,nsoranzo,,open,False,,,,0,2020-07-06T12:41:23Z,2020-07-06T12:41:23Z,,MEMBER,"when SElinux is enabled.

Reported by @eancelet on Gitter."
https://api.github.com/repos/galaxyproject/ansible-nginx/issues/8,https://api.github.com/repos/galaxyproject/ansible-nginx,https://api.github.com/repos/galaxyproject/ansible-nginx/issues/8/labels{/name},https://api.github.com/repos/galaxyproject/ansible-nginx/issues/8/comments,https://api.github.com/repos/galaxyproject/ansible-nginx/issues/8/events,https://github.com/galaxyproject/ansible-nginx/issues/8,574771011,MDU6SXNzdWU1NzQ3NzEwMTE=,8,triggers galaxy restart unexpectedly early,hexylena,,open,False,natefoo,natefoo,,0,2020-03-03T16:01:54Z,2020-03-03T16:01:54Z,,MEMBER,"```
TASK [galaxyproject.nginx : Install vhost configs] ********************************************************************************************************************************************
ok: [gat-39.training.galaxyproject.eu] => (item=redirect-ssl)

TASK [galaxyproject.nginx : Enable vhosts] ****************************************************************************************************************************************************
ok: [gat-39.training.galaxyproject.eu] => (item=redirect-ssl)

TASK [galaxyproject.nginx : Include SSL configuration tasks] **********************************************************************************************************************************
included: /home/ubuntu/galaxy/roles/galaxyproject.nginx/tasks/ssl-external.yml for gat-39.training.galaxyproject.eu

RUNNING HANDLER [Restart Galaxy] **************************************************************************************************************************************************************
changed: [gat-39.training.galaxyproject.eu]

TASK [Include SSL role] ***********************************************************************************************************************************************************************

TASK [usegalaxy_eu.certbot : Load a variable file based on the OS type, or a default if not found.] *******************************************************************************************
ok: [gat-39.training.galaxyproject.eu] => (item=/home/ubuntu/galaxy/roles/usegalaxy_eu.certbot/vars/default.yml)

TASK [usegalaxy_eu.certbot : Include virtualenv installation tasks] ***************************************************************************************************************************
included: /home/ubuntu/galaxy/roles/usegalaxy_eu.certbot/tasks/install-with-venv.yml for gat-39.training.galaxyproject.eu

```"
https://api.github.com/repos/galaxyproject/ansible-nginx/issues/5,https://api.github.com/repos/galaxyproject/ansible-nginx,https://api.github.com/repos/galaxyproject/ansible-nginx/issues/5/labels{/name},https://api.github.com/repos/galaxyproject/ansible-nginx/issues/5/comments,https://api.github.com/repos/galaxyproject/ansible-nginx/issues/5/events,https://github.com/galaxyproject/ansible-nginx/issues/5,467328357,MDU6SXNzdWU0NjczMjgzNTc=,5,Support for proxy_cache would be nice,hexylena,,open,False,,,,0,2019-07-12T09:58:24Z,2019-07-12T09:58:56Z,,MEMBER,"Since the directory (sometimes) also needs to be created before nginx will write to it. Even pretty basic support would be sufficient.

```
nginx_proxy_caches:
  static_stuff:
    location: /var/lib/nginx/cache
    conf: ""levels=1:2 keys_zone=STATIC:10m inactive=24h  max_size=1g""
```

no need to support all the keys from the outset."
https://api.github.com/repos/galaxyproject/ansible-nginx/issues/4,https://api.github.com/repos/galaxyproject/ansible-nginx,https://api.github.com/repos/galaxyproject/ansible-nginx/issues/4/labels{/name},https://api.github.com/repos/galaxyproject/ansible-nginx/issues/4/comments,https://api.github.com/repos/galaxyproject/ansible-nginx/issues/4/events,https://github.com/galaxyproject/ansible-nginx/issues/4,448729971,MDU6SXNzdWU0NDg3Mjk5NzE=,4,Not check safe,hexylena,,closed,False,,,,1,2019-05-27T08:28:47Z,2019-11-12T20:08:48Z,2019-11-12T20:08:48Z,MEMBER,"```
00:00:55 TASK [galaxyproject.nginx : Make nginx -V output a single line] ****************
00:00:55 fatal: [stats.galaxyproject.eu]: FAILED! => {""msg"": ""The task includes an option with an undefined variable. The error was: 'dict object' has no attribute 'stderr'\n\nThe error appears to have been in '/home/centos/workspace/usegalaxy-eu/playbooks/stats/roles/galaxyproject.nginx/tasks/main.yml': line 18, column 3, but may\nbe elsewhere in the file depending on the exact syntax problem.\n\nThe offending line appears to be:\n\n\n- name: Make nginx -V output a single line\n  ^ here\n""}
```"
