URL,Repository URL,Labels URL,Comments URL,Events URL,HTML URL,ID,Node ID,Number,Title,User,Labels,State,Locked,Assignee,Assignees,Milestone,Comments,Created At,Updated At,Closed At,Author Association,Body
https://api.github.com/repos/galaxyproject/p4/issues/25,https://api.github.com/repos/galaxyproject/p4,https://api.github.com/repos/galaxyproject/p4/issues/25/labels{/name},https://api.github.com/repos/galaxyproject/p4/issues/25/comments,https://api.github.com/repos/galaxyproject/p4/issues/25/events,https://github.com/galaxyproject/p4/issues/25,303271661,MDU6SXNzdWUzMDMyNzE2NjE=,25,title_contains_not does not work well,martenson,,open,False,,,,1,2018-03-07T21:46:42Z,2018-03-09T10:48:14Z,,MEMBER,the [removal of such](https://github.com/galaxyproject/p4/commit/dcc77425c93b405eccdab67ab8b0ad8a20e767e2) fixed the `Check merged PRs for missing kind tag.` filter and it works now
https://api.github.com/repos/galaxyproject/p4/issues/24,https://api.github.com/repos/galaxyproject/p4,https://api.github.com/repos/galaxyproject/p4/issues/24/labels{/name},https://api.github.com/repos/galaxyproject/p4/issues/24/comments,https://api.github.com/repos/galaxyproject/p4/issues/24/events,https://github.com/galaxyproject/p4/issues/24,192949188,MDU6SXNzdWUxOTI5NDkxODg=,24,Bug in hours threshold for PROCEDURES PR,nsoranzo,,closed,False,,,,1,2016-12-01T20:08:25Z,2016-12-02T00:46:06Z,2016-12-02T00:44:42Z,MEMBER,"In https://github.com/galaxyproject/galaxy/pull/3240#issuecomment-264278223 galaxybot commented that the PR ""has reached the threshold of 168 hours"", but it has been open only for 5 hours."
https://api.github.com/repos/galaxyproject/p4/issues/20,https://api.github.com/repos/galaxyproject/p4,https://api.github.com/repos/galaxyproject/p4/issues/20/labels{/name},https://api.github.com/repos/galaxyproject/p4/issues/20/comments,https://api.github.com/repos/galaxyproject/p4/issues/20/events,https://github.com/galaxyproject/p4/issues/20,151659810,MDU6SXNzdWUxNTE2NTk4MTA=,20,make p4 remove triage labels when the present labels are sufficient,martenson,,closed,False,,,,4,2016-04-28T14:41:11Z,2016-06-02T15:09:07Z,2016-06-02T15:09:06Z,MEMBER,
https://api.github.com/repos/galaxyproject/p4/issues/19,https://api.github.com/repos/galaxyproject/p4,https://api.github.com/repos/galaxyproject/p4/issues/19/labels{/name},https://api.github.com/repos/galaxyproject/p4/issues/19/comments,https://api.github.com/repos/galaxyproject/p4/issues/19/events,https://github.com/galaxyproject/p4/issues/19,150418170,MDU6SXNzdWUxNTA0MTgxNzA=,19,make p4 understand the new :+1: attached to comments,martenson,,closed,False,,,,5,2016-04-22T16:44:44Z,2017-03-30T15:30:13Z,2017-03-30T15:30:13Z,MEMBER,
https://api.github.com/repos/galaxyproject/p4/issues/18,https://api.github.com/repos/galaxyproject/p4,https://api.github.com/repos/galaxyproject/p4/issues/18/labels{/name},https://api.github.com/repos/galaxyproject/p4/issues/18/comments,https://api.github.com/repos/galaxyproject/p4/issues/18/events,https://github.com/galaxyproject/p4/issues/18,150418074,MDU6SXNzdWUxNTA0MTgwNzQ=,18,make p4 add popularity to issues of any age,martenson,,closed,False,,,,13,2016-04-22T16:44:27Z,2017-03-30T15:49:32Z,2017-03-30T15:31:22Z,MEMBER,
https://api.github.com/repos/galaxyproject/p4/issues/17,https://api.github.com/repos/galaxyproject/p4,https://api.github.com/repos/galaxyproject/p4/issues/17/labels{/name},https://api.github.com/repos/galaxyproject/p4/issues/17/comments,https://api.github.com/repos/galaxyproject/p4/issues/17/events,https://github.com/galaxyproject/p4/issues/17,149831642,MDU6SXNzdWUxNDk4MzE2NDI=,17,make p4 remind us about master branch lagging behind release,martenson,,open,False,,,,3,2016-04-20T17:16:12Z,2016-05-31T20:46:42Z,,MEMBER,"maybe in a form of an issue?
"
https://api.github.com/repos/galaxyproject/p4/issues/13,https://api.github.com/repos/galaxyproject/p4,https://api.github.com/repos/galaxyproject/p4/issues/13/labels{/name},https://api.github.com/repos/galaxyproject/p4/issues/13/comments,https://api.github.com/repos/galaxyproject/p4/issues/13/events,https://github.com/galaxyproject/p4/issues/13,146070399,MDU6SXNzdWUxNDYwNzAzOTk=,13,Allow auto-closing unsigned commits from committers who volunteer for it,hexylena,,closed,False,,,,4,2016-04-05T18:27:30Z,2017-03-30T15:49:47Z,2017-03-30T15:32:25Z,MEMBER,
https://api.github.com/repos/galaxyproject/p4/issues/10,https://api.github.com/repos/galaxyproject/p4,https://api.github.com/repos/galaxyproject/p4/issues/10/labels{/name},https://api.github.com/repos/galaxyproject/p4/issues/10/comments,https://api.github.com/repos/galaxyproject/p4/issues/10/events,https://github.com/galaxyproject/p4/issues/10,128596880,MDU6SXNzdWUxMjg1OTY4ODA=,10,Do not execute previously executed filters,hexylena,,open,False,,,,0,2016-01-25T17:43:19Z,2016-01-25T17:43:19Z,,MEMBER,"If an action is to apply a tag, we should implicitly include automatically generated filters applying a `__not` so we don't run an action needlessly and prevent conf.yaml creep. xref #9 
"
https://api.github.com/repos/galaxyproject/p4/issues/8,https://api.github.com/repos/galaxyproject/p4,https://api.github.com/repos/galaxyproject/p4/issues/8/labels{/name},https://api.github.com/repos/galaxyproject/p4/issues/8/comments,https://api.github.com/repos/galaxyproject/p4/issues/8/events,https://github.com/galaxyproject/p4/issues/8,128028786,MDU6SXNzdWUxMjgwMjg3ODY=,8,Disallow minor tag for non-committers,hexylena,,closed,False,,,,1,2016-01-21T21:56:07Z,2016-05-31T20:24:03Z,2016-05-31T20:24:03Z,MEMBER,"xref https://github.com/galaxyproject/galaxy/pull/1520#issuecomment-173720859 cc @jmchilton 
"
https://api.github.com/repos/galaxyproject/p4/issues/4,https://api.github.com/repos/galaxyproject/p4,https://api.github.com/repos/galaxyproject/p4/issues/4/labels{/name},https://api.github.com/repos/galaxyproject/p4/issues/4/comments,https://api.github.com/repos/galaxyproject/p4/issues/4/events,https://github.com/galaxyproject/p4/issues/4,122807215,MDU6SXNzdWUxMjI4MDcyMTU=,4,Swap out github API library,hexylena,,closed,False,,,,1,2015-12-17T19:38:00Z,2016-01-11T05:30:37Z,2016-01-11T05:30:37Z,MEMBER,"_grumbles_ the currently used one is dead, and the support for statuses is in a different branch that isn't merged or published. Sighhhhh.
"
https://api.github.com/repos/galaxyproject/p4/issues/3,https://api.github.com/repos/galaxyproject/p4,https://api.github.com/repos/galaxyproject/p4/issues/3/labels{/name},https://api.github.com/repos/galaxyproject/p4/issues/3/comments,https://api.github.com/repos/galaxyproject/p4/issues/3/events,https://github.com/galaxyproject/p4/issues/3,112636394,MDU6SXNzdWUxMTI2MzYzOTQ=,3,Check for tests completed + passing,hexylena,,closed,False,hexylena,hexylena,,1,2015-10-21T17:08:48Z,2017-03-30T15:48:16Z,2017-03-30T15:48:16Z,MEMBER,
https://api.github.com/repos/galaxyproject/p4/issues/2,https://api.github.com/repos/galaxyproject/p4,https://api.github.com/repos/galaxyproject/p4/issues/2/labels{/name},https://api.github.com/repos/galaxyproject/p4/issues/2/comments,https://api.github.com/repos/galaxyproject/p4/issues/2/events,https://github.com/galaxyproject/p4/issues/2,111228506,MDU6SXNzdWUxMTEyMjg1MDY=,2,Tagging Abilities,hexylena,enhancement,closed,False,hexylena,hexylena,,0,2015-10-13T17:24:48Z,2016-01-11T05:30:37Z,2016-01-11T05:30:37Z,MEMBER,"- [ ] action to apply a tag
- [ ] `has_tag` 
"
https://api.github.com/repos/galaxyproject/p4/issues/1,https://api.github.com/repos/galaxyproject/p4,https://api.github.com/repos/galaxyproject/p4/issues/1/labels{/name},https://api.github.com/repos/galaxyproject/p4/issues/1/comments,https://api.github.com/repos/galaxyproject/p4/issues/1/events,https://github.com/galaxyproject/p4/issues/1,107048392,MDU6SXNzdWUxMDcwNDgzOTI=,1,Add tallying of votes,hexylena,enhancement,closed,False,,,,1,2015-09-17T18:48:47Z,2017-03-30T15:33:22Z,2017-03-30T15:33:21Z,MEMBER,"E.g. instead of 

``` md
@jane's PR has reached the required number of votes for merging.
```

it would be 

``` md
@jane's PR has reached the required number of votes for merging. 
Votes FOR: @alice, @bob. 
Votes AGAINST: @charlie
```
"
