URL,Repository URL,Labels URL,Comments URL,Events URL,HTML URL,ID,Node ID,Number,Title,User,Labels,State,Locked,Assignee,Assignees,Milestone,Comments,Created At,Updated At,Closed At,Author Association,Body
https://api.github.com/repos/galaxyproject/ansible-proftpd/issues/10,https://api.github.com/repos/galaxyproject/ansible-proftpd,https://api.github.com/repos/galaxyproject/ansible-proftpd/issues/10/labels{/name},https://api.github.com/repos/galaxyproject/ansible-proftpd/issues/10/comments,https://api.github.com/repos/galaxyproject/ansible-proftpd/issues/10/events,https://github.com/galaxyproject/ansible-proftpd/issues/10,1166964313,I_kwDOBTSfTs5FjnZZ,10,Uncomment LoadModule task doesn't work on RockyLinux,gmauro,,open,False,,,,2,2022-03-11T23:07:18Z,2022-09-07T10:51:15Z,,MEMBER,"https://github.com/galaxyproject/ansible-proftpd/blob/fa2aed894b3147fbac7eea494c3c1f801579e7a4/tasks/galaxy_auth.yml#L17
Seems that RockyLinux moved LoadModule directives to /etc/proftpd/modules.conf

I tried also to specify the new path into the _proftpd_modules_config_file_ var but, Ansible ignore it \:("
https://api.github.com/repos/galaxyproject/ansible-proftpd/issues/4,https://api.github.com/repos/galaxyproject/ansible-proftpd,https://api.github.com/repos/galaxyproject/ansible-proftpd/issues/4/labels{/name},https://api.github.com/repos/galaxyproject/ansible-proftpd/issues/4/comments,https://api.github.com/repos/galaxyproject/ansible-proftpd/issues/4/events,https://github.com/galaxyproject/ansible-proftpd/issues/4,416836352,MDU6SXNzdWU0MTY4MzYzNTI=,4,Support certbot in same way as NGINX role,hexylena,,open,False,,,,0,2019-03-04T14:48:02Z,2019-03-04T14:48:02Z,,MEMBER,
https://api.github.com/repos/galaxyproject/ansible-proftpd/issues/3,https://api.github.com/repos/galaxyproject/ansible-proftpd,https://api.github.com/repos/galaxyproject/ansible-proftpd/issues/3/labels{/name},https://api.github.com/repos/galaxyproject/ansible-proftpd/issues/3/comments,https://api.github.com/repos/galaxyproject/ansible-proftpd/issues/3/events,https://github.com/galaxyproject/ansible-proftpd/issues/3,416707896,MDU6SXNzdWU0MTY3MDc4OTY=,3,galaxy_user needs to be updated for ansible-galaxy structure,hexylena,,open,False,,,,0,2019-03-04T09:30:48Z,2019-03-04T09:30:48Z,,MEMBER,Should just be `s/{{ galaxy_user }}/{{ galaxy_user.name }}/g`
