URL,Repository URL,Labels URL,Comments URL,Events URL,HTML URL,ID,Node ID,Number,Title,User,Labels,State,Locked,Assignee,Assignees,Milestone,Comments,Created At,Updated At,Closed At,Author Association,Body
https://api.github.com/repos/galaxyproject/galaxy-maps/issues/23,https://api.github.com/repos/galaxyproject/galaxy-maps,https://api.github.com/repos/galaxyproject/galaxy-maps/issues/23/labels{/name},https://api.github.com/repos/galaxyproject/galaxy-maps/issues/23/comments,https://api.github.com/repos/galaxyproject/galaxy-maps/issues/23/events,https://github.com/galaxyproject/galaxy-maps/issues/23,1625629136,I_kwDOAmN8kM5g5SHQ,23,Becoming of this repo,lldelisle,,open,False,,,,4,2023-03-15T14:22:35Z,2023-03-16T09:19:48Z,,COLLABORATOR,"@bgruening @hrhotz @bernt-matthias 
I propose to start here a discussion about what is cool about this repo and what could/should it become.

I like:
- To know we are not by ourselves
- Where are there galaxy instances and potentially get in contact with people.

What could be improved:
- @bernt-matthias proposed to split trainers and instances and this might be a good idea.
- move it to galaxyproject make more sense to me.
- We need to check what is currently available as galaxy database so we do not redo what has already been done.

What I have in mind:
- I think the third global GTN week would be a super good occasion to fill with all trainers.
- Also the admin training would be a good occasion to add new instances to the list.
"
https://api.github.com/repos/galaxyproject/galaxy-maps/issues/6,https://api.github.com/repos/galaxyproject/galaxy-maps,https://api.github.com/repos/galaxyproject/galaxy-maps/issues/6/labels{/name},https://api.github.com/repos/galaxyproject/galaxy-maps/issues/6/comments,https://api.github.com/repos/galaxyproject/galaxy-maps/issues/6/events,https://github.com/galaxyproject/galaxy-maps/issues/6,170412921,MDU6SXNzdWUxNzA0MTI5MjE=,6,Converge to CloudLaunch?,afgane,question,open,False,,,,32,2016-08-10T13:09:52Z,2016-09-05T21:18:47Z,,NONE,"I just came across this repo and was wondering if it would be desirable to channel the effort going into this to the new version of CloudLaunch that has basically the same feature: https://beta.launch.usegalaxy.org/public_appliances
"
