URL,Repository URL,Labels URL,Comments URL,Events URL,HTML URL,ID,Node ID,Number,Title,User,Labels,State,Locked,Assignee,Assignees,Milestone,Comments,Created At,Updated At,Closed At,Author Association,Body
https://api.github.com/repos/galaxyproject/idc/issues/48,https://api.github.com/repos/galaxyproject/idc,https://api.github.com/repos/galaxyproject/idc/issues/48/labels{/name},https://api.github.com/repos/galaxyproject/idc/issues/48/comments,https://api.github.com/repos/galaxyproject/idc/issues/48/events,https://github.com/galaxyproject/idc/issues/48,2281913888,I_kwDOB-uv0M6IAz4g,48,Correction to repeat masker indexes in CVMFS,jennaj,,open,False,,,,0,2024-05-06T22:44:59Z,2024-05-06T22:44:59Z,,MEMBER,"test history: https://usegalaxy.eu/u/jenj/h/imported-from-archive-test-repeatmasker

works at EU, fails at ORG "
https://api.github.com/repos/galaxyproject/idc/issues/47,https://api.github.com/repos/galaxyproject/idc,https://api.github.com/repos/galaxyproject/idc/issues/47/labels{/name},https://api.github.com/repos/galaxyproject/idc/issues/47/comments,https://api.github.com/repos/galaxyproject/idc/issues/47/events,https://github.com/galaxyproject/idc/issues/47,2266553665,I_kwDOB-uv0M6HGN1B,47,Cross-link between Galaxy and UCSC for additional hub genomes,jennaj,"enhancement, question",open,False,,,,5,2024-04-26T21:56:29Z,2024-04-30T09:32:35Z,,MEMBER,"Discussion and use case
https://help.galaxyproject.org/t/no-link-for-ucsc-to-visualise-datasets/12260/

From UCSC. This would either be in addition to the ucsc.builds.txt
You will also need all genbank-ids that we have here on our side… as a text file: https://hgdownload.soe.ucsc.edu/hubs/UCSC_GI.assemblyHubList.txt

What might work
1. Use all of the links/tools as they are now, and (optionally) supplement the builds list.

Known wrinkles so far
1. The UCSC browser serves the dbkey/database from the Table browser with a specific identifier format that differs slightly from the root identifier, and it is current server specific. This is being looked at (followup discussion could be here).
2. Use like a custom genome? Users source the fasta, indexed at runtime, but can use the pre-existing database keys? Seems like a yes unless we want to generate indexes. 
"
https://api.github.com/repos/galaxyproject/idc/issues/46,https://api.github.com/repos/galaxyproject/idc,https://api.github.com/repos/galaxyproject/idc/issues/46/labels{/name},https://api.github.com/repos/galaxyproject/idc/issues/46/comments,https://api.github.com/repos/galaxyproject/idc/issues/46/events,https://github.com/galaxyproject/idc/issues/46,2262117757,I_kwDOB-uv0M6G1S19,46,Add indexes for ncbi_rpstblastn_wrapper 2.14.1+galaxy2,jennaj,enhancement,open,False,,,,0,2024-04-24T20:19:58Z,2024-04-24T20:19:58Z,,MEMBER,"toolshed.g2.bx.psu.edu/repos/devteam/ncbi_blast_plus/ncbi_rpstblastn_wrapper/2.14.1+galaxy2

Add to CVMFS, propagate to ORG"
https://api.github.com/repos/galaxyproject/idc/issues/45,https://api.github.com/repos/galaxyproject/idc,https://api.github.com/repos/galaxyproject/idc/issues/45/labels{/name},https://api.github.com/repos/galaxyproject/idc/issues/45/comments,https://api.github.com/repos/galaxyproject/idc/issues/45/events,https://github.com/galaxyproject/idc/issues/45,2262079870,I_kwDOB-uv0M6G1Jl-,45,Add more rRNA Indexes for SortMeRNA,jennaj,enhancement,closed,False,,,,1,2024-04-24T19:56:56Z,2024-04-24T20:18:56Z,2024-04-24T20:18:56Z,MEMBER,EU has several that could be added to CVMFS and propaged to ORG
https://api.github.com/repos/galaxyproject/idc/issues/44,https://api.github.com/repos/galaxyproject/idc,https://api.github.com/repos/galaxyproject/idc/issues/44/labels{/name},https://api.github.com/repos/galaxyproject/idc/issues/44/comments,https://api.github.com/repos/galaxyproject/idc/issues/44/events,https://github.com/galaxyproject/idc/issues/44,2238526595,I_kwDOB-uv0M6FbTSD,44,Add tardigrade genomes to the CVMFS resource,pkulzerUNC,,open,False,,,,1,2024-04-11T20:20:45Z,2024-04-24T14:38:42Z,,NONE,"Per [this Galaxy Help ticket](https://help.galaxyproject.org/t/adding-the-tardigrade-h-exemplaris-genome-to-galaxy/12160/2), please add two tardigrade genomes (_H. exemplaris_ and _R. varieornatus_) to the CVMFS resource.

Please see below for the information that you'll need. It wasn't entirely clear to me what the dbkey and id fields should be, so I used the Assembly name for both.

**_H. exemplaris_**:
dbkey: nHd_3.1
description: ""Hypsibius exemplaris Z151""
id: nHd_3.1
fasta URL: https://www.ncbi.nlm.nih.gov/datasets/genome/GCA_002082055.1/
reference annotation link: https://www.ncbi.nlm.nih.gov/datasets/genome/GCA_002082055.1/

**_R. varieornatus_**:
dbkey: Rvar_4.0
description: ""Ramazzottius varieornatus YOKOZUNA-1""
id: Rvar_4.0
fasta URL: https://www.ncbi.nlm.nih.gov/datasets/genome/GCA_001949185.1/
reference annotation link: https://www.ncbi.nlm.nih.gov/datasets/genome/GCA_001949185.1/"
https://api.github.com/repos/galaxyproject/idc/issues/38,https://api.github.com/repos/galaxyproject/idc,https://api.github.com/repos/galaxyproject/idc/issues/38/labels{/name},https://api.github.com/repos/galaxyproject/idc/issues/38/comments,https://api.github.com/repos/galaxyproject/idc/issues/38/events,https://github.com/galaxyproject/idc/issues/38,2145049683,I_kwDOB-uv0M5_2txT,38,[request] Kraken2 nr Database index,vebaev,,open,False,,,,0,2024-02-20T18:45:27Z,2024-02-20T18:45:27Z,,NONE,"It will be great if you can include in Galaxy EU the Kraken2 nr Database from official Kraken index (https://benlangmead.github.io/aws-indexes/k2)
"
https://api.github.com/repos/galaxyproject/idc/issues/37,https://api.github.com/repos/galaxyproject/idc,https://api.github.com/repos/galaxyproject/idc/issues/37/labels{/name},https://api.github.com/repos/galaxyproject/idc/issues/37/comments,https://api.github.com/repos/galaxyproject/idc/issues/37/events,https://github.com/galaxyproject/idc/issues/37,2145033908,I_kwDOB-uv0M5_2p60,37,Kraken2 reference index mixup,jennaj,bug,open,False,,,,1,2024-02-20T18:34:51Z,2024-03-20T18:23:56Z,,MEMBER,"One of the Kraken2 indexes is an exact duplicate of another, instead of containing the actual distinct data.

So -- this needs a new index to be created (or found?), and replaced over the existing incorrect file. From what I can tell, impacts all usegalaxy servers and any others using the CVMFS mount.

If I can help with this, I will, but I'm not sure where the originals are being created. I should already have access to CVMFS and probably can figure out the transfer details etc. 

Compare, these are nearly the same. Missing plants?

http://datacache.galaxyproject.org/managed/kraken2_databases/2022-09-05T092205Z_standard_prebuilt_pluspfp_2022-06-07/inspect.txt
http://datacache.galaxyproject.org/managed/kraken2_databases/2022-09-04T165121Z_standard_prebuilt_pluspf_2022-06-07/inspect.txt
Ran some comparisons in this history. Differences are minor, and look more like database updates rather than an entirely new kingdom added/missing. https://usegalaxy.org/u/jen-galaxyproject/h/kraken2-indexes

Seems to have been introduced upstream, not just in CVMFS, since presents at EU as well. Ticket at EU:

Reported at https://help.galaxyproject.org/t/kraken2-databases-mixed-up/11290/6

----
----

Reported at
* https://help.galaxyproject.org/t/kraken2-databases-mixed-up/11290

Consolidated from
* https://github.com/galaxyproject/usegalaxy-tools/issues/672
* https://github.com/usegalaxy-eu/infrastructure-playbook/issues/1071"
https://api.github.com/repos/galaxyproject/idc/issues/36,https://api.github.com/repos/galaxyproject/idc,https://api.github.com/repos/galaxyproject/idc/issues/36/labels{/name},https://api.github.com/repos/galaxyproject/idc/issues/36/comments,https://api.github.com/repos/galaxyproject/idc/issues/36/events,https://github.com/galaxyproject/idc/issues/36,2122738349,I_kwDOB-uv0M5-hmqt,36,Workflows instead of custom yaml language ?,mvdbeek,,open,False,,,,0,2024-02-07T10:50:39Z,2024-02-07T10:50:39Z,,MEMBER,"I've been working on allowing reference data parameter to consume tool data bundles directly, without creating loc file entries (https://github.com/galaxyproject/galaxy/compare/dev...mvdbeek:galaxy:bundle_as_input?expand=1).

Since the bundles are then just regular datasets, we could create regular Galaxy workflows that deal with interdependencies between data manager steps. For the genomic workflow (fasta -> derived reference data) this is now hardcoded in ephemeris, but we'd have to make this more general for other types of data. My proposition is that we use workflows to express this instead.

What we then collect in the idc are workflows for indexing stuff, and job files that describe workflow parameters. That means we don't need to have custom logic for splitting jobs, ordering stages, etc. I think data manager runs are very easy to cache, the workflows can be tested outside of a complicated jenkins setup, we can finally say ""gxformat2 is used in production"". There's obviously a lot of details to work out, but this seems more appealing to me both in how easy it is for users to contribute new data, how portable and testable it is, I think it converges nicely with putting workflows front and center (which is my personal goal), it's a cool avenue for how toy reference data can be provided for IWC workflows, we can get more stuff into workflowhub and dockstore."
https://api.github.com/repos/galaxyproject/idc/issues/35,https://api.github.com/repos/galaxyproject/idc,https://api.github.com/repos/galaxyproject/idc/issues/35/labels{/name},https://api.github.com/repos/galaxyproject/idc/issues/35/comments,https://api.github.com/repos/galaxyproject/idc/issues/35/events,https://github.com/galaxyproject/idc/issues/35,2118734156,I_kwDOB-uv0M5-SVFM,35,DM loading in the build instance is a hack,natefoo,,open,False,,,,2,2024-02-05T14:45:28Z,2024-02-05T14:49:55Z,,MEMBER,"On the builder instance `database_connection` is Main's DB since we want DM builds to be persistent on Main. This means that config watchers are also Main's config watchers, and so if we install DMs on the build instance, the install process never completes because Main's config watcher doesn't see the change to `shed_data_managers_conf.xml`.

As a workaround, we preinstall DMs properly on Main in [galaxyproject/usegalaxy-tools](https://github.com/galaxyproject/usegalaxy-tools/). Ideally we could just load `/cvmfs/main.galaxyproject.org/config/shed_data_manager_conf.xml`, but this not possible since the `shed_tool_conf.xml` referenced in the `shed_data_manager_conf.xml` has to be loaded:
```
[pN:idc-build,p:19389,tN:MainThread] '/cvmfs/main.galaxyproject.org/config/shed_tool_conf.xml' not among installable tool config files (/srv/galaxy/var/config/shed_tool_conf.xml, /srv/galaxy/var/config/migrated_tools_conf.xml)
```

As a result, we manually add to and deploy [a non-shed `data_manager_conf.xml` in the playbook](ansible/files/idc/data_manager_conf.xml). This is an extra step any time you need to install or update a DM, and also has the downside of making our DMs unversionable (we install shed versioned DMs but load them in an ""local"" unversioned way).

The proper solution is probably a Galaxy fix to make it possible to load `shed_data_manager_conf.xml` without the corresponding `shed_tool_conf.xml`.

xref [full discussion on matrix](https://matrix.to/#/!dLvLUwzoHbvrrUfQEZ:gitter.im/$yWx9zOCxtbFTQ6WSwBPtbrvpWryiG8RJNlPRClNfi8I?via=gitter.im&via=matrix.org)"
https://api.github.com/repos/galaxyproject/idc/issues/30,https://api.github.com/repos/galaxyproject/idc,https://api.github.com/repos/galaxyproject/idc/issues/30/labels{/name},https://api.github.com/repos/galaxyproject/idc/issues/30/comments,https://api.github.com/repos/galaxyproject/idc/issues/30/events,https://github.com/galaxyproject/idc/issues/30,1806398137,I_kwDOB-uv0M5rq3K5,30,Fixes for idempotency,natefoo,,open,False,,,,0,2023-07-16T02:02:59Z,2023-07-16T02:02:59Z,,MEMBER,"Right now, the determination of what needs to be done is keyed on the existence of a history matching `<genome>-<dm_repo_id>` under the `idc` user on usegalaxy.org. But this has multiple problems:

1. If a DM fails, it will not be retried unless the history is manually deleted
2. If the bundle export/import fails, it will never be retried
3. If the CVMFS publish fails, it will never be retried
4. If building is successful and you just want to retry export/import or publish, this is not possible, you have to delete the histor(ies) and retry from the beginning.

In addition to the existence of the history, we should check for a successful DM execution in that history - or, we should make sure the CI script always deletes histories when a DM run fails. @jmchilton since you did the Ephemeris part of this do you have thoughts or can you help out here?

We need to check what's actually published on CVMFS in order to determine what needs to be exported/imported and published. I can do this part of it. The only issue is that I was publishing the `run_data_managers.yaml` files into CVMFS as a sort of ""receipt"" of what was done, but this file will not be generated by the previous script if the history already exists. I thought about maybe uploading it to the history before the DM run. We could also just regenerate it as needed, or stop publishing it altogether."
https://api.github.com/repos/galaxyproject/idc/issues/29,https://api.github.com/repos/galaxyproject/idc,https://api.github.com/repos/galaxyproject/idc/issues/29/labels{/name},https://api.github.com/repos/galaxyproject/idc/issues/29/comments,https://api.github.com/repos/galaxyproject/idc/issues/29/events,https://github.com/galaxyproject/idc/issues/29,1804246058,I_kwDOB-uv0M5ripwq,29,Simon's Data Club membership,natefoo,,open,False,,,,6,2023-07-14T06:07:28Z,2024-02-29T13:37:29Z,,MEMBER,"We need people who will help curate data: decide what should go into the IDC and how it will be referenced/stored.

People who have expressed interest:

- @blankenberg 
- @sveinugu
- @hrhotz 
- @lldelisle
- @hechth 
- @jennaj 
- @alex-ip 
- @abretaud 
- @hexylena 

+ myself

Please comment or (if you have permissions) add yourself to the list if you'd like to join."
https://api.github.com/repos/galaxyproject/idc/issues/27,https://api.github.com/repos/galaxyproject/idc,https://api.github.com/repos/galaxyproject/idc/issues/27/labels{/name},https://api.github.com/repos/galaxyproject/idc/issues/27/comments,https://api.github.com/repos/galaxyproject/idc/issues/27/events,https://github.com/galaxyproject/idc/issues/27,1800075633,I_kwDOB-uv0M5rSvlx,27,Complexity of STAR indices,lldelisle,,open,False,,,,8,2023-07-12T02:59:15Z,2023-07-12T23:31:20Z,,CONTRIBUTOR,"Hi there,
The tools `rna_star` and `rna_starsolo` use indices produced by the data manager `rna_star_index_builder_data_manager`.
Currently the last version of STAR is 2.7.10b and the earlier version of STAR which makes compatible indices is 2.7.4a released in 2018:
https://github.com/alexdobin/STAR/blob/56c9fd59d0cbddd630f9ed2a656dd3a963a1b6b4/source/parametersDefault#L1-L3

This corresponds to `rna_star_index_builder_data_manager` revision [9:c520a52b5174](https://toolshed.g2.bx.psu.edu/repository/view_changelog?id=60543b5d862da792) version 2.7.4a and [11:d63c1442407f](https://toolshed.g2.bx.psu.edu/repository/view_changelog?id=60543b5d862da792) version 2.7.4a+galaxy1.

Currently, in [data_manager.yml](https://github.com/galaxyproject/idc/blob/main/data_managers.yml) we have:
https://github.com/galaxyproject/idc/blob/4aee221c69daebd09e602159d7a6a2911d339d1f/data_managers.yml#L34

which were generating a table called `rnastar_index2.loc` (the new version of the table is `rnastar_index2x_versioned.loc`):
```
$ head /data/galaxy/galaxy/var/shed_tools/toolshed.g2.bx.psu.edu/repos/iuc/data_manager_star_index_builder/6ef6520f14fc/data_manager_star_index_builder/data_manager/rna_star_index_builder.xml 
<tool id=""rna_star_index_builder_data_manager"" name=""rnastar index2"" tool_type=""manage_data"" version=""0.0.5"" profile=""17.01"">
    <description>builder</description>

    <macros>
        <import>macros.xml</import>
    </macros>

    <expand macro=""requirements"" />

    <command><![CDATA[
$ cat /data/galaxy/galaxy/var/shed_tools/toolshed.g2.bx.psu.edu/repos/iuc/data_manager_star_index_builder/6ef6520f14fc/data_manager_star_index_builder/tool-data/rnastar_index2.loc.sample 
#This is a sample file distributed with Galaxy that enables tools
#to use a directory of rna-star indexed sequences data files. You will
#need to create these data files and then create a rnastar_index2.loc
#file similar to this one (store it in this directory) that points to
#the directories in which those files are stored. The rnastar_index2.loc
#file has this format (longer white space characters are TAB characters):
#
#<unique_build_id>   <dbkey>   <display_name>   <file_base_path>        <with-gtf>
#
#The <with-gtf> column should be 1 or 0, indicating whether the index was made
#with an annotation (i.e., --sjdbGTFfile and --sjdbOverhang were used) or not,
#respecively.
#
#Note that STAR indices can become quite large. Consequently, it is only
#advisable to create indices with annotations if it's known ahead of time that
#(A) the annotations won't be frequently updated and (B) the read lengths used
#will also rarely vary. If either of these is not the case, it's advisable to
#create indices without annotations and then specify an annotation file and
#maximum read length (minus 1) when running STAR.
#
#hg19   hg19    hg19 full   /mnt/galaxyIndices/genomes/hg19/rnastar     0
#hg19Ensembl   hg19Ensembl    hg19 full with Ensembl annotation   /mnt/galaxyIndices/genomes/hg19Ensembl/rnastar        1

$ cat /data/galaxy/galaxy/var/shed_tools/toolshed.g2.bx.psu.edu/repos/iuc/data_manager_star_index_builder/6ef6520f14fc/data_manager_star_index_builder/tool_data_table_conf.xml.sample 
<tables>
    <!-- Locations of all fasta files under genome directory -->
    <table name=""all_fasta"" comment_char=""#"" allow_duplicate_entries=""False"">
        <columns>value, dbkey, name, path</columns>
        <file path=""tool-data/all_fasta.loc"" />
    </table>
    <!-- Locations of indexes in the BWA mapper format -->
    <table name=""rnastar_index2"" comment_char=""#"" allow_duplicate_entries=""False"">
        <columns>value, dbkey, name, path, with-gtf</columns>
        <file path=""tool-data/rnastar_index2.loc"" />
    </table>
</tables>
```

However, when I check in the [cvmfs cache](http://datacache.galaxyproject.org/idc/config/), I have a table named `rnastar_index2x_versioned.loc` and the version inside is `2.7.4a`.

:upside_down_face:

After this big introduction, I have 2 questions:
- Do you know why the data on cvmfs does not corresponds to the version of the data manager listed in the data_manager.yml?
- Should IDC support old STAR indices version or only the one from now?

Thank you so much.
"
https://api.github.com/repos/galaxyproject/idc/issues/22,https://api.github.com/repos/galaxyproject/idc,https://api.github.com/repos/galaxyproject/idc/issues/22/labels{/name},https://api.github.com/repos/galaxyproject/idc/issues/22/comments,https://api.github.com/repos/galaxyproject/idc/issues/22/events,https://github.com/galaxyproject/idc/issues/22,1794780860,I_kwDOB-uv0M5q-i68,22,Outstanding items for improving the automation,natefoo,,open,False,,,,1,2023-07-08T05:25:15Z,2023-07-16T02:09:36Z,,MEMBER,"Leftover issues and more from #21.

- [ ] Dry runs/test builds are not currently supported. For that we'll need the script to automatically delete all the histories it created during the run. So the @galaxybot test this and @galaxybot deploy this commands, as well as the automatic run that happens when the PR is opened by an ""authorized"" user will all deploy.
- ~~Relatedly, run failures require deleting all histories created during that run or they will be skipped on the next run.~~
- [ ] We should probably switch from the no-longer-supported ghprb plugin.
- [ ] CVMFS snapshots so that indexers can run back-to-back with fetches
- [ ] Make histories public and generate a slug
- ~~It should be possible to import builds that have completed without deleting the histories and building again.~~
- [ ] The entire process could run as cron jobs/scheduled Jenkins runs instead of being tied to individual PRs
- [ ] PRs adding new genomes have to be run twice (once to run ""stage 0"" DMs and again to run ""stage 1"" DMs)
- [ ] Configure MinIO object store backend on usegalaxy.org
- [ ] Running the importer in Docker (and all the double setup that goes along with it) is not really necessary, it's mainly a holdover from usegalaxy-tools so we can mount `$OVERLAYFS_MOUNT` as `/cvmfs/$REPO`. But we can use the namespace techniques used by https://github.com/cvmfs/cvmfsexec to do this without docker, which should be much quicker/simpler.
- [ ] The builder waits for CVMFS client IDC repo revision to sync, but it needs to reload the tables after the sync happens

I commented out a couple of tasks that I expanded upon in #30."
https://api.github.com/repos/galaxyproject/idc/issues/17,https://api.github.com/repos/galaxyproject/idc,https://api.github.com/repos/galaxyproject/idc/issues/17/labels{/name},https://api.github.com/repos/galaxyproject/idc/issues/17/comments,https://api.github.com/repos/galaxyproject/idc/issues/17/events,https://github.com/galaxyproject/idc/issues/17,1313545374,I_kwDOB-uv0M5OSxye,17,Notes from meeting at GCC2022 Cofest,Slugger70,,open,False,,,,0,2022-07-21T16:55:29Z,2022-07-21T16:55:29Z,,CONTRIBUTOR,"![idc_planning_2022-07-21](https://user-images.githubusercontent.com/1740254/180270633-98eb849e-c7d5-4d8f-bb06-917f7100c00e.jpg)
"
https://api.github.com/repos/galaxyproject/idc/issues/16,https://api.github.com/repos/galaxyproject/idc,https://api.github.com/repos/galaxyproject/idc/issues/16/labels{/name},https://api.github.com/repos/galaxyproject/idc/issues/16/comments,https://api.github.com/repos/galaxyproject/idc/issues/16/events,https://github.com/galaxyproject/idc/issues/16,1108263839,I_kwDOB-uv0M5CDsOf,16,Potential communication issue,hexylena,,open,False,,,,0,2022-01-19T15:49:23Z,2022-01-19T15:49:35Z,,MEMBER,"> I'm not entirely sure. I had the impression that they just don't like the to mount data that they can't check, maybe checksums for the files might help.
>
> Maybe I just need to ask again .. some admins switched to other teams.

we should be maybe more clear in the marketing / etc that it's a CAS and merkle tree, and the checksums ensure correct data. Potentially something addressable in admin training as well."
https://api.github.com/repos/galaxyproject/idc/issues/15,https://api.github.com/repos/galaxyproject/idc,https://api.github.com/repos/galaxyproject/idc/issues/15/labels{/name},https://api.github.com/repos/galaxyproject/idc/issues/15/comments,https://api.github.com/repos/galaxyproject/idc/issues/15/events,https://github.com/galaxyproject/idc/issues/15,492470542,MDU6SXNzdWU0OTI0NzA1NDI=,15,"Builds list and .len files -- get into CVMFS, update on the regular, pull down to servers?",jennaj,,open,False,,,,0,2019-09-11T21:14:57Z,2019-09-11T21:14:57Z,,MEMBER,"Moved over from here. This is a reminder ticket to either do something stable to keep this updated or close it out of done (and if done, please share how -- usegalaxy.org is outdated again).

https://github.com/galaxyproject/galaxy/issues/981"
https://api.github.com/repos/galaxyproject/idc/issues/12,https://api.github.com/repos/galaxyproject/idc,https://api.github.com/repos/galaxyproject/idc/issues/12/labels{/name},https://api.github.com/repos/galaxyproject/idc/issues/12/comments,https://api.github.com/repos/galaxyproject/idc/issues/12/events,https://github.com/galaxyproject/idc/issues/12,464853468,MDU6SXNzdWU0NjQ4NTM0Njg=,12,reference data wishlist,wm75,,open,False,,,,4,2019-07-06T13:14:57Z,2023-07-20T00:22:09Z,,NONE,"My idea would be to collect here reference data that we may want to provide (via cvmfs or through a local DM run) that are currently not included in cvmfs. My hope would be that from this list we may be able to determine shortcomings of proposed repository/directory/metadata structures.
@natefoo feel free to close this if you think it's not interesting, or if there's a better way  to build such a list."
https://api.github.com/repos/galaxyproject/idc/issues/11,https://api.github.com/repos/galaxyproject/idc,https://api.github.com/repos/galaxyproject/idc/issues/11/labels{/name},https://api.github.com/repos/galaxyproject/idc/issues/11/comments,https://api.github.com/repos/galaxyproject/idc/issues/11/events,https://github.com/galaxyproject/idc/issues/11,464616501,MDU6SXNzdWU0NjQ2MTY1MDE=,11,Technical design issues,natefoo,,open,False,,,,0,2019-07-05T12:23:17Z,2019-07-05T12:23:17Z,,MEMBER,"We can use the [usegalaxy-tools](https://github.com/galaxyproject/usegalaxy-tools/) model for automating the generation and installation (to CVMFS) of reference data.

- For maintenance purposes, since we now have 3 repositories doing very similar things in CI (usegalaxy-tools, idc, and [starforge-recipes](https://github.com/galaxyproject/starforge-recipes)), it might be good to build a common tool to deal with detecting changes and executing a build process
- What do we do when we add a new indexer and need to build indexes for all existing genomes? Either we run this on a small architecture for a long time or a big one for a shorter time. Either way, things like Travis and CircleCI are probably out.
- Should DMs be required and/or preferred? Or should we just use more common tools like snakemake (or just make) w/ Conda.
- ???"
https://api.github.com/repos/galaxyproject/idc/issues/10,https://api.github.com/repos/galaxyproject/idc,https://api.github.com/repos/galaxyproject/idc/issues/10/labels{/name},https://api.github.com/repos/galaxyproject/idc/issues/10/comments,https://api.github.com/repos/galaxyproject/idc/issues/10/events,https://github.com/galaxyproject/idc/issues/10,464613149,MDU6SXNzdWU0NjQ2MTMxNDk=,10,"Data managers and data tables ""best-practice"" suggestions",wm75,,open,False,,,,2,2019-07-05T12:14:11Z,2019-07-05T18:00:33Z,,NONE,"With DMs as a major data source, some degree of standardization between them may be desirable."
https://api.github.com/repos/galaxyproject/idc/issues/9,https://api.github.com/repos/galaxyproject/idc,https://api.github.com/repos/galaxyproject/idc/issues/9/labels{/name},https://api.github.com/repos/galaxyproject/idc/issues/9/comments,https://api.github.com/repos/galaxyproject/idc/issues/9/events,https://github.com/galaxyproject/idc/issues/9,464610880,MDU6SXNzdWU0NjQ2MTA4ODA=,9,Repository and data structure,natefoo,,open,False,,,,9,2019-07-05T12:07:54Z,2020-03-02T18:16:36Z,,MEMBER,"- What repositories should we have? Suggestions so far include:
    - Sequence data, non-sequence-data
    - One per family (sequence data), one for periodically updated data (blast DBs, kraken, snpeff), one for everything else
    - One per genome (CVMFS technical limitations?)
- What should the structure inside the repositories be? Suggestions so far include:
    - NCBI taxon
    - By indexer/DM"
https://api.github.com/repos/galaxyproject/idc/issues/8,https://api.github.com/repos/galaxyproject/idc,https://api.github.com/repos/galaxyproject/idc/issues/8/labels{/name},https://api.github.com/repos/galaxyproject/idc/issues/8/comments,https://api.github.com/repos/galaxyproject/idc/issues/8/events,https://github.com/galaxyproject/idc/issues/8,464606513,MDU6SXNzdWU0NjQ2MDY1MTM=,8,Naming scheme discussion,Slugger70,,open,False,,,,4,2019-07-05T11:56:06Z,2019-07-05T17:48:58Z,,CONTRIBUTOR,"Please discuss what we think is a good idea for a naming scheme.. 

Formats:
Description in the Galaxy interface:
`[id] [genome - genus_species_strain ] [version] [datestamp]` or something like this

see [http://igbquickload.org/quickload](http://igbquickload.org/quickload) for a lot of other ideas"
https://api.github.com/repos/galaxyproject/idc/issues/7,https://api.github.com/repos/galaxyproject/idc,https://api.github.com/repos/galaxyproject/idc/issues/7/labels{/name},https://api.github.com/repos/galaxyproject/idc/issues/7/comments,https://api.github.com/repos/galaxyproject/idc/issues/7/events,https://github.com/galaxyproject/idc/issues/7,460158692,MDU6SXNzdWU0NjAxNTg2OTI=,7,"Genome build names, variations, metadata, GUI help",jennaj,,open,False,,,,4,2019-06-25T01:02:42Z,2019-07-06T13:52:29Z,,MEMBER,"Linking this over here so we don't forget about it:

https://github.com/galaxyproject/tools-iuc/issues/2435

Came up a Gitter today, too. Let's try to make it less confusing going forward. I'm not stuck on how -- just that we expose the info to users. 

https://gitter.im/Galaxy-Training-Network/Lobby?at=5d116902492f010bcab4b9da

"
https://api.github.com/repos/galaxyproject/idc/issues/5,https://api.github.com/repos/galaxyproject/idc,https://api.github.com/repos/galaxyproject/idc/issues/5/labels{/name},https://api.github.com/repos/galaxyproject/idc/issues/5/comments,https://api.github.com/repos/galaxyproject/idc/issues/5/events,https://github.com/galaxyproject/idc/issues/5,443630518,MDU6SXNzdWU0NDM2MzA1MTg=,5,Provenance info from data managers,jennaj,,open,False,,,,0,2019-05-13T22:33:04Z,2019-05-13T22:33:04Z,,MEMBER,"This ticket from @dfornika covers the general concept and challenges well:

https://github.com/galaxyproject/galaxy/issues/7949

Discussion at gitter. Is about a particular tools suite but makes sense across DMs, whether not having a particular build matters for practical reasons (tool tests) or not:

https://gitter.im/galaxy-iuc/iuc?at=5cd9a8bdd691104d9df2d539"
https://api.github.com/repos/galaxyproject/idc/issues/4,https://api.github.com/repos/galaxyproject/idc,https://api.github.com/repos/galaxyproject/idc/issues/4/labels{/name},https://api.github.com/repos/galaxyproject/idc/issues/4/comments,https://api.github.com/repos/galaxyproject/idc/issues/4/events,https://github.com/galaxyproject/idc/issues/4,438774688,MDU6SXNzdWU0Mzg3NzQ2ODg=,4,curation of the data,bernt-matthias,,open,False,,,,3,2019-04-30T13:20:34Z,2019-07-08T13:17:26Z,,NONE,"Hi there. I'm currently discussing with our cluster admins if we can integrate the Galaxy data cache cvmfs. 

They had a few questions: 

1. is there a (defined) curation process of the data and maybe if there is some form of metadata for the data sets? I'm wondering in particular if its possible to determine the source of the data (e.g. if a genome was downloaded from NCBI/UCSC/..., if its with/without the mitogenome and other contigs, which data manager version was used for the creation, ... download date).

2. Are there methods implemented to ensure data integrity (eg checksums), in particular for data downloaded from public sources?

3. Is there a versioning system for the data? I have seen that there is eg for NCBI taxonomy, but genomes and indices seem not to be versioned. 

And for my own curiosity: the files in this repo have surprisingly little content given the amount of data in http://datacache.galaxyproject.org/managed/. 

Thanks... "
https://api.github.com/repos/galaxyproject/idc/issues/3,https://api.github.com/repos/galaxyproject/idc,https://api.github.com/repos/galaxyproject/idc/issues/3/labels{/name},https://api.github.com/repos/galaxyproject/idc/issues/3/comments,https://api.github.com/repos/galaxyproject/idc/issues/3/events,https://github.com/galaxyproject/idc/issues/3,410275567,MDU6SXNzdWU0MTAyNzU1Njc=,3,de.NBI Cloud and intergalactic reference datasets,pbelmann,,open,False,,,,2,2019-02-14T12:25:51Z,2019-04-15T17:06:17Z,,NONE,"Hi Galaxy Project Team,

we from the de.NBI Cloud (https://www.denbi.de) would like to use the reference datasets provided by the galaxy community for our cloud federation in Germany.
However we would be especially interested in a concept for providing more up-to-date databases.
@bgruening told us that this is work in progress and maybe you could notify us in this issue if you have a concept in place for updating databases (maybe also on a regular basis)."
https://api.github.com/repos/galaxyproject/idc/issues/2,https://api.github.com/repos/galaxyproject/idc,https://api.github.com/repos/galaxyproject/idc/issues/2/labels{/name},https://api.github.com/repos/galaxyproject/idc/issues/2/comments,https://api.github.com/repos/galaxyproject/idc/issues/2/events,https://github.com/galaxyproject/idc/issues/2,339423764,MDU6SXNzdWUzMzk0MjM3NjQ=,2,Do we have an issues page for the CVMFS or should this be it?,Slugger70,,closed,False,,,,0,2018-07-09T12:12:33Z,2019-02-08T15:30:53Z,2019-02-08T15:30:53Z,CONTRIBUTOR,"If this then:

Can we get the .fai indices put in the /seq folders of the genomes? They're in some but not in a lot of them."
