URL,Repository URL,Labels URL,Comments URL,Events URL,HTML URL,ID,Node ID,Number,Title,User,Labels,State,Locked,Assignee,Assignees,Milestone,Comments,Created At,Updated At,Closed At,Author Association,Body
https://api.github.com/repos/galaxyproject/galaxy-tours/issues/8,https://api.github.com/repos/galaxyproject/galaxy-tours,https://api.github.com/repos/galaxyproject/galaxy-tours/issues/8/labels{/name},https://api.github.com/repos/galaxyproject/galaxy-tours/issues/8/comments,https://api.github.com/repos/galaxyproject/galaxy-tours/issues/8/events,https://github.com/galaxyproject/galaxy-tours/issues/8,272462295,MDU6SXNzdWUyNzI0NjIyOTU=,8,Make popups movable,sneumann,,open,False,dannon,dannon,,1,2017-11-09T07:15:12Z,2018-03-12T15:00:21Z,,NONE,"Hi, unless it involves major work, I'd suggest to make the popups movable/draggable. While of course the initial placement is next to the element it describes, I might want to move it out of the way without having to end the tour. Yours, Steffen"
https://api.github.com/repos/galaxyproject/galaxy-tours/issues/4,https://api.github.com/repos/galaxyproject/galaxy-tours,https://api.github.com/repos/galaxyproject/galaxy-tours/issues/4/labels{/name},https://api.github.com/repos/galaxyproject/galaxy-tours/issues/4/comments,https://api.github.com/repos/galaxyproject/galaxy-tours/issues/4/events,https://github.com/galaxyproject/galaxy-tours/issues/4,141614952,MDU6SXNzdWUxNDE2MTQ5NTI=,4,Width of Popups,TorHou,,open,False,,,,0,2016-03-17T15:22:35Z,2016-03-17T16:20:00Z,,COLLABORATOR,"One issue that has come up with @thaze's tours is the problem that you can't widen the popups. you can make them smaller with:

```
  template: ""<div class='popover tour' style='width=10px;'>
   <div class='arrow'></div>
    <h3 class='popover-title'></h3>
    <div class='popover-content'></div>
    <div class='popover-navigation'>
       <button class='btn btn-default' data-role='prev'>« Prev</button>
        <span data-role='separator'>|</span>
        <button class='btn btn-default' data-role='next'>Next »</button>
    </div>
    <button class='btn btn-default' data-role='end'>End tour</button>
    </nav>
  </div>"",
```

But these popover-tour container is probably contained in another `<div>` which fixes the width to a maximum size.

...one could change the size of that parent `<div/>` to something big and then adapt the size of each step via ""template: ...""  but that's just cumbersome.
"
https://api.github.com/repos/galaxyproject/galaxy-tours/issues/2,https://api.github.com/repos/galaxyproject/galaxy-tours,https://api.github.com/repos/galaxyproject/galaxy-tours/issues/2/labels{/name},https://api.github.com/repos/galaxyproject/galaxy-tours/issues/2/comments,https://api.github.com/repos/galaxyproject/galaxy-tours/issues/2/events,https://github.com/galaxyproject/galaxy-tours/issues/2,140412479,MDU6SXNzdWUxNDA0MTI0Nzk=,2,Move to galaxyproject account,jmchilton,,closed,False,,,,2,2016-03-12T20:01:31Z,2016-06-27T18:50:16Z,2016-06-27T18:50:16Z,MEMBER,
https://api.github.com/repos/galaxyproject/galaxy-tours/issues/1,https://api.github.com/repos/galaxyproject/galaxy-tours,https://api.github.com/repos/galaxyproject/galaxy-tours/issues/1/labels{/name},https://api.github.com/repos/galaxyproject/galaxy-tours/issues/1/comments,https://api.github.com/repos/galaxyproject/galaxy-tours/issues/1/events,https://github.com/galaxyproject/galaxy-tours/issues/1,140403111,MDU6SXNzdWUxNDA0MDMxMTE=,1,exome-seq tour & some probable typo errors,yvanlebras,,open,False,,,,2,2016-03-12T17:51:24Z,2016-03-12T18:12:13Z,,COLLABORATOR,"Line 6: ....""Exome Sequencing to identify genetic variations.<br><br>... _you have 2 br tag_
Line 14: ""(History options :: Create New)"" ... _this seems to don't be interpreted as expected_
Line 32: ""intro: ""We will import all 3 BAM's into into""... _you have 2 into ;)_
"
