URL,Repository URL,Labels URL,Comments URL,Events URL,HTML URL,ID,Node ID,Number,Title,User,Labels,State,Locked,Assignee,Assignees,Milestone,Comments,Created At,Updated At,Closed At,Author Association,Body
https://api.github.com/repos/galaxyproject/galaxyproject.github.io/issues/1,https://api.github.com/repos/galaxyproject/galaxyproject.github.io,https://api.github.com/repos/galaxyproject/galaxyproject.github.io/issues/1/labels{/name},https://api.github.com/repos/galaxyproject/galaxyproject.github.io/issues/1/comments,https://api.github.com/repos/galaxyproject/galaxyproject.github.io/issues/1/events,https://github.com/galaxyproject/galaxyproject.github.io/issues/1,117235484,MDU6SXNzdWUxMTcyMzU0ODQ=,1,Feedback,hexylena,"help wanted, question",open,False,,,,5,2015-11-16T22:40:47Z,2015-11-17T15:14:54Z,,MEMBER,"Feedback is welcome @galaxyproject/core :) I thought that Galaxy was having a propaganda problem with too many repositories and not enough information easily accessible on what they do. So I wrote up a simple page which should cover the majority of the interesting things we've all helped produce.

https://galaxyproject.github.io/ which I've tried to build somewhat in the style of http://netflix.github.io/ 
"
