URL,Repository URL,Labels URL,Comments URL,Events URL,HTML URL,ID,Node ID,Number,Title,User,Labels,State,Locked,Assignee,Assignees,Milestone,Comments,Created At,Updated At,Closed At,Author Association,Body
https://api.github.com/repos/galaxyproject/starforge-recipes/issues/80,https://api.github.com/repos/galaxyproject/starforge-recipes,https://api.github.com/repos/galaxyproject/starforge-recipes/issues/80/labels{/name},https://api.github.com/repos/galaxyproject/starforge-recipes/issues/80/comments,https://api.github.com/repos/galaxyproject/starforge-recipes/issues/80/events,https://github.com/galaxyproject/starforge-recipes/issues/80,896472442,MDU6SXNzdWU4OTY0NzI0NDI=,80,Update GH workflow for s3pypi changes,nsoranzo,,open,True,,,,0,2021-05-20T08:24:58Z,2021-05-20T08:24:58Z,,MEMBER,"introduced in https://github.com/novemberfiveco/s3pypi/pull/80 (released on PyPI only as pre-release ATM). In particular, we could use the new `--put-root-index` option to replace the `s3pypi-root-index` package."
https://api.github.com/repos/galaxyproject/starforge-recipes/issues/70,https://api.github.com/repos/galaxyproject/starforge-recipes,https://api.github.com/repos/galaxyproject/starforge-recipes/issues/70/labels{/name},https://api.github.com/repos/galaxyproject/starforge-recipes/issues/70/comments,https://api.github.com/repos/galaxyproject/starforge-recipes/issues/70/events,https://github.com/galaxyproject/starforge-recipes/issues/70,644798340,MDU6SXNzdWU2NDQ3OTgzNDA=,70,Stop building Python 2.7 wheels,nsoranzo,,closed,True,,,,1,2020-06-24T17:48:17Z,2020-12-12T19:23:52Z,2020-12-12T19:23:52Z,MEMBER,@natefoo what do you think?
https://api.github.com/repos/galaxyproject/starforge-recipes/issues/47,https://api.github.com/repos/galaxyproject/starforge-recipes,https://api.github.com/repos/galaxyproject/starforge-recipes/issues/47/labels{/name},https://api.github.com/repos/galaxyproject/starforge-recipes/issues/47/comments,https://api.github.com/repos/galaxyproject/starforge-recipes/issues/47/events,https://github.com/galaxyproject/starforge-recipes/issues/47,447244343,MDU6SXNzdWU0NDcyNDQzNDM=,47,Update python-ldap recipe to use OpenSSL 1.1,nsoranzo,,open,True,,,,0,2019-05-22T16:55:00Z,2022-01-14T19:45:57Z,,MEMBER,"The OpenSSL 1.0.2 series will not be supported after 2019-12-31. 

Unfortunately, OpenSSL 1.1.1's build process requires Perl 5.10, which isn't available in the manylinux1 image, so we first need to switch to build manylinux2010 wheels. https://github.com/galaxyproject/starforge/issues/230

xref https://github.com/galaxyproject/starforge-recipes/pull/46"
https://api.github.com/repos/galaxyproject/starforge-recipes/issues/26,https://api.github.com/repos/galaxyproject/starforge-recipes,https://api.github.com/repos/galaxyproject/starforge-recipes/issues/26/labels{/name},https://api.github.com/repos/galaxyproject/starforge-recipes/issues/26/comments,https://api.github.com/repos/galaxyproject/starforge-recipes/issues/26/events,https://github.com/galaxyproject/starforge-recipes/issues/26,369501849,MDU6SXNzdWUzNjk1MDE4NDk=,26,Missing Galaxy wheels,nsoranzo,,open,True,,,,5,2018-10-12T10:56:23Z,2021-11-30T08:51:48Z,,MEMBER,"In **bold** the packages containing compiled extensions, which cannot be installed (or fully installed) without a compiler and Python development libraries.

- [x] bagit: wheel missing for all Python versions, https://github.com/LibraryOfCongress/bagit-python/pull/109, https://github.com/LibraryOfCongress/bagit-python/issues/116 https://github.com/galaxyproject/starforge-recipes/pull/72
- [x] bdbag: https://github.com/galaxyproject/galaxy/pull/6324
- [ ] beaker: wheel missing for all Python versions
- [x] bunch: wheel missing for all Python versions, unmaintained, dropped in https://github.com/CloudVE/cloudbridge/pull/171 and https://github.com/galaxyproject/galaxy/pull/7546
- [x] **bx-python**: https://github.com/galaxyproject/starforge-recipes/pull/13
- [x] cachecontrol: wheel available since 0.12.6
- [x] cheetah3: wheel missing for OSX, will be available starting with 3.2.1 https://github.com/CheetahTemplate3/cheetah3/issues/4 https://github.com/CheetahTemplate3/cheetah3/issues/11 https://github.com/CheetahTemplate3/cheetah3/pull/14
- [x] cliff: https://bugs.launchpad.net/python-cliff/+bug/1760157 https://review.openstack.org/#/c/574846/ https://github.com/galaxyproject/galaxy/pull/6469
- [x] cloudbridge: https://github.com/gvlproject/cloudbridge/pull/118 https://github.com/galaxyproject/starforge-recipes/pull/18
- [x] deprecation: https://github.com/briancurtin/deprecation/pull/33 https://github.com/galaxyproject/galaxy/pull/6921
- [ ] dictobj: wheel missing for all Python versions
- [ ] dogpile.cache: wheel missing for all Python versions, has support for universal wheels, https://github.com/sqlalchemy/dogpile.cache/issues/126
- [ ] fabric3: wheel missing for Python 2.7, https://github.com/mathiasertl/fabric/pull/49
- [x] future: wheel missing for all Python versions, https://github.com/PythonCharmers/python-future/issues/411 https://github.com/PythonCharmers/python-future/pull/536
- [ ] google-api-python-client: wheel missing for Python 2, could be made universal https://github.com/googleapis/google-api-python-client/pull/948
- [x] mako: wheel missing for all Python versions, https://github.com/sqlalchemy/mako/pull/314
- [x] **markupsafe**: https://github.com/pallets/markupsafe/issues/45 https://github.com/galaxyproject/starforge-recipes/pull/24
- [x] **mercurial**: https://github.com/galaxyproject/starforge-recipes/pull/57
- [x] msgpack: OSX wheels available for 1.0.0 and cp36-cp38 https://github.com/msgpack/msgpack-python/pull/409
- [x] munch: https://github.com/Infinidat/munch/pull/33
- [x] netifaces: https://github.com/galaxyproject/galaxy/pull/6324
- [x] nodeenv: wheel available since 1.3.4
- [x] os-service-types: wheel missing for Python 2.7
- [x] osc-lib: wheel missing for Python 2.7
- [ ] prettytable: wheel missing for all Python versions, unmaintained
- [x] **psutil**: https://github.com/giampaolo/psutil/issues/1550#issuecomment-748401967 https://github.com/galaxyproject/starforge-recipes/pull/17
- [x] pycparser: universal wheel missing, https://github.com/eliben/pycparser/issues/288 https://github.com/eliben/pycparser/issues/359
- [x] pycrypto: https://github.com/galaxyproject/galaxy/pull/6324
- [ ] pyinotify: unmaintained, wheel missing for all Python versions, https://github.com/seb-m/pyinotify/issues/111
- [ ] pyperclip: wheel missing for all Python versions, https://github.com/asweigart/pyperclip/pull/131
- [ ] **pyrsistent**: wheel missing for all Python versions, https://github.com/tobgu/pyrsistent/issues/88 https://github.com/tobgu/pyrsistent/pull/170 https://github.com/tobgu/pyrsistent/issues/196
- [x] **pysam**: wheel missing for OSX, https://github.com/pysam-developers/pysam/issues/722 https://github.com/galaxyproject/starforge-recipes/pull/32
- [ ] pysftp: wheel missing for all Python versions
- [x] python-ldap: wheel missing for all Python versions, https://github.com/python-ldap/python-ldap/issues/191 https://github.com/galaxyproject/starforge-recipes/pull/46
- [x] **python-lzo**: https://github.com/galaxyproject/starforge-recipes/pull/3
- [x] **pyyaml**: https://github.com/yaml/pyyaml/issues/43 https://github.com/yaml/pyyaml/pull/407 https://github.com/galaxyproject/starforge-recipes/pull/19
- [ ] rdflib: wheel missing for Python 2.7, could be made universal
- [ ] rdflib-jsonld: wheel missing for all Python versions
- [ ] repoze.lru: wheel missing for Python 2.7, https://github.com/repoze/repoze.lru/pull/29
- [ ] scandir: wheel available only for Windows
- [ ] simplejson: wheel missing for Linux, https://github.com/simplejson/simplejson/issues/181
- [x] sqlalchemy: wheel missing for all Python versions https://github.com/sqlalchemy/sqlalchemy/pull/5241
- [x] sqlalchemy-migrate: https://review.openstack.org/#/c/577002/
- [ ] sqlalchemy-utils: wheel missing for all Python versions https://github.com/kvesteri/sqlalchemy-utils/pull/312
- [x] **subprocess32**: wheel missing on Linux, https://github.com/google/python-subprocess32/issues/60 https://github.com/galaxyproject/starforge-recipes/pull/14
- [ ] tempita: wheel missing for all Python versions
- [x] tzlocal: wheel missing for all Python versions https://github.com/regebro/tzlocal/issues/63
- [x] ubiquerg: could be made universal https://github.com/pepkit/ubiquerg/pull/29
- [x] **uwsgi**: wheel missing for Python 3, https://github.com/unbit/uwsgi/issues/816
- [ ] warlock: wheel missing for all Python versions
- [x] **watchdog**: https://github.com/gorakhargosh/watchdog/issues/428 https://github.com/galaxyproject/starforge-recipes/pull/21 https://github.com/gorakhargosh/watchdog/pull/739
- [x] **wrapt**: wheel missing for all Python versions, https://github.com/GrahamDumpleton/wrapt/issues/39 https://github.com/GrahamDumpleton/wrapt/pull/105 https://github.com/galaxyproject/starforge-recipes/pull/25"
https://api.github.com/repos/galaxyproject/starforge-recipes/issues/22,https://api.github.com/repos/galaxyproject/starforge-recipes,https://api.github.com/repos/galaxyproject/starforge-recipes/issues/22/labels{/name},https://api.github.com/repos/galaxyproject/starforge-recipes/issues/22/comments,https://api.github.com/repos/galaxyproject/starforge-recipes/issues/22/events,https://github.com/galaxyproject/starforge-recipes/issues/22,362971705,MDU6SXNzdWUzNjI5NzE3MDU=,22,mysqlclient wheel is missing,bgruening,,open,True,,,,4,2018-09-23T19:49:16Z,2020-12-12T19:29:09Z,,MEMBER,"It seems that the MySQL-python is missing, which cases problems during the installation of conditional-requirements.

Alternatively, we could remove it from:
https://github.com/galaxyproject/galaxy/blob/dev/lib/galaxy/dependencies/conditional-requirements.txt#L4"
https://api.github.com/repos/galaxyproject/starforge-recipes/issues/16,https://api.github.com/repos/galaxyproject/starforge-recipes,https://api.github.com/repos/galaxyproject/starforge-recipes/issues/16/labels{/name},https://api.github.com/repos/galaxyproject/starforge-recipes/issues/16/comments,https://api.github.com/repos/galaxyproject/starforge-recipes/issues/16/events,https://github.com/galaxyproject/starforge-recipes/issues/16,355283245,MDU6SXNzdWUzNTUyODMyNDU=,16,Use Conda for dependencies,natefoo,enhancement,open,True,,,,0,2018-08-29T18:36:30Z,2018-08-29T18:36:30Z,,MEMBER,"Much like the way Brew is used for macOS dependencies, if we supported the use of Conda for dependencies on Linux, we'd be able to use much newer versions of dependencies, so that we're not packaging old potentially insecure or buggy shared libraries. I believe Conda binary packages are all built on a manylinux1-conforming ABI."
https://api.github.com/repos/galaxyproject/starforge-recipes/issues/12,https://api.github.com/repos/galaxyproject/starforge-recipes,https://api.github.com/repos/galaxyproject/starforge-recipes/issues/12/labels{/name},https://api.github.com/repos/galaxyproject/starforge-recipes/issues/12/comments,https://api.github.com/repos/galaxyproject/starforge-recipes/issues/12/events,https://github.com/galaxyproject/starforge-recipes/issues/12,354875907,MDU6SXNzdWUzNTQ4NzU5MDc=,12,Run all C Extension builds on a single builder,natefoo,enhancement,open,True,,,,0,2018-08-28T19:43:23Z,2018-08-28T19:43:23Z,,MEMBER,"We run separate Linux builders for each Python version mainly for parallelism (although this repo is currently limited to 1 concurrent builder so as not to dominate the org's Travis allotment), but it'd be entirely possible to run all of the Linux builds from a single builder. In fact, the division is somewhat arbitrary, since the Linux builders build Docker images and then build both 32- and 64-bit wheels in a single builder (and in the case of Python 2.7, a total of 4 wheels due to `cp27m` and `cp27mu` ABIs).

Likewise for macOS, we could do all versions in a single builder, although in the case of macOS there'd be less isolation between builds since there's no extra level of virtualization in those builders like there is in Linux, and you'd be installing all 5 CPython interpreters in the builder at once.

Pros:
- Less complexity in Travis/Starforge interaction especially for C Extension wheels that don't build on the full `default-wheels` imageset (see #11)
- Little difference in build time on the main repo due to build limit

Cons:
- Slows down testing on your own fork (where you have greater Travis parallelism)
- Harder to see if a wheel fails on a given Python version - it'll fail the job but you have to scroll through the output to determine exactly what images failed (but Starforge can be updated to output a build summary at the end to alleviate this somewhat)"
https://api.github.com/repos/galaxyproject/starforge-recipes/issues/11,https://api.github.com/repos/galaxyproject/starforge-recipes,https://api.github.com/repos/galaxyproject/starforge-recipes/issues/11/labels{/name},https://api.github.com/repos/galaxyproject/starforge-recipes/issues/11/comments,https://api.github.com/repos/galaxyproject/starforge-recipes/issues/11/events,https://github.com/galaxyproject/starforge-recipes/issues/11,354875857,MDU6SXNzdWUzNTQ4NzU4NTc=,11,Short-circuit builders for C Extension wheels not using the default imageset,natefoo,enhancement,open,True,,,,1,2018-08-28T19:43:16Z,2018-08-28T20:07:43Z,,MEMBER,"For wheels that need an imageset that is a subset (e.g. #5), we can't head off builds in the `before_script` step as we do with `starforge wheel_type`, since `wheel_type` only inspects a package to determine whether it's universal, purepy, or c-extension. We either need a separate command that allows Travis to determine whether a given image is in a wheel's configured imageset, or one super-command that does both `wheel_type` and the image membership test. Currently, the membership test is done in `starforge wheel` itself, which can't be run until the slow/expensive image setup steps (building a Docker image from manylinux1 (Linux) or installing Python (macOS)) are complete. Avoiding those costly steps when a particular builder wouldn't even be building anything was the whole reason `starforge wheel_type` was implemented in the first place.

This complexity is due in part to a Starforge design decision - prior to using CI, Starforge was intended to be run on a single host, so it was fully responsible for controlling the virtualization. With Travis there's a mixed state where some virtualization is still managed by Starforge (such as on Linux, where both 32- and 64-bit wheels are built on a single Travis builder, and in the case of Python 2.7, a total of 4 wheels due to `cp27m` and `cp27mu` ABIs), but some is not (such as on macOS). In this hybrid environment, Starforge needs to know what images the current builder ""supports"" so that it knows what to/not to build. But Travis needs to know what images a wheel should be built on to supply these to Starforge...

One possible solution to this would be to combine all C Extension builds in to two builders: one for Linux, and one for macOS. This is discussed (with some drawbacks) in #12."
