URL,Repository URL,Labels URL,Comments URL,Events URL,HTML URL,ID,Node ID,Number,Title,User,Labels,State,Locked,Assignee,Assignees,Milestone,Comments,Created At,Updated At,Closed At,Author Association,Body
https://api.github.com/repos/galaxyproject/docker-galaxy-requirements/issues/5,https://api.github.com/repos/galaxyproject/docker-galaxy-requirements,https://api.github.com/repos/galaxyproject/docker-galaxy-requirements/issues/5/labels{/name},https://api.github.com/repos/galaxyproject/docker-galaxy-requirements/issues/5/comments,https://api.github.com/repos/galaxyproject/docker-galaxy-requirements/issues/5/events,https://github.com/galaxyproject/docker-galaxy-requirements/issues/5,171483320,MDU6SXNzdWUxNzE0ODMzMjA=,5,What does this repo do? What is it for? ,alexlenail,,closed,False,,,,7,2016-08-16T18:19:45Z,2016-08-16T18:30:21Z,2016-08-16T18:30:12Z,NONE,"I personally would appreciate it a great deal if someone could describe just a little bit (in the readme) what this does. 

My major question is why the 16.04 release of docker-galaxy-stable relies on ubuntu 14.04 image in this repo... @bgruening 
"
https://api.github.com/repos/galaxyproject/docker-galaxy-requirements/issues/3,https://api.github.com/repos/galaxyproject/docker-galaxy-requirements,https://api.github.com/repos/galaxyproject/docker-galaxy-requirements/issues/3/labels{/name},https://api.github.com/repos/galaxyproject/docker-galaxy-requirements/issues/3/comments,https://api.github.com/repos/galaxyproject/docker-galaxy-requirements/issues/3/events,https://github.com/galaxyproject/docker-galaxy-requirements/issues/3,109351305,MDU6SXNzdWUxMDkzNTEzMDU=,3,Galaxy Requires newer version of bcftools,jmchilton,,closed,False,jmchilton,jmchilton,,3,2015-10-01T17:59:16Z,2016-09-18T11:31:01Z,2016-09-18T11:31:01Z,MEMBER,
https://api.github.com/repos/galaxyproject/docker-galaxy-requirements/issues/1,https://api.github.com/repos/galaxyproject/docker-galaxy-requirements,https://api.github.com/repos/galaxyproject/docker-galaxy-requirements/issues/1/labels{/name},https://api.github.com/repos/galaxyproject/docker-galaxy-requirements/issues/1/comments,https://api.github.com/repos/galaxyproject/docker-galaxy-requirements/issues/1/events,https://github.com/galaxyproject/docker-galaxy-requirements/issues/1,54222175,MDU6SXNzdWU1NDIyMjE3NQ==,1,Any chance we can move this to galaxyproject account?,jmchilton,,closed,False,,,,1,2015-01-13T17:30:04Z,2015-02-03T10:09:14Z,2015-02-03T10:09:14Z,MEMBER,"I would be happy to create the Docker hub entry like ""toolshed/requirements"" then.
"
