URL,Repository URL,Labels URL,Comments URL,Events URL,HTML URL,ID,Node ID,Number,Title,User,Labels,State,Locked,Assignee,Assignees,Milestone,Comments,Created At,Updated At,Closed At,Author Association,Body
https://api.github.com/repos/galaxyproject/galaxy-docker-k8s/issues/37,https://api.github.com/repos/galaxyproject/galaxy-docker-k8s,https://api.github.com/repos/galaxyproject/galaxy-docker-k8s/issues/37/labels{/name},https://api.github.com/repos/galaxyproject/galaxy-docker-k8s/issues/37/comments,https://api.github.com/repos/galaxyproject/galaxy-docker-k8s/issues/37/events,https://github.com/galaxyproject/galaxy-docker-k8s/issues/37,1675192350,I_kwDOCePmVc5j2Wge,37,Validation error for Settings - galaxy_user is required when running as root,EGI-ILM,,closed,False,,,,5,2023-04-19T15:55:25Z,2023-04-20T14:09:26Z,2023-04-20T14:09:25Z,NONE,"Hi,

In the previous weeks I built the image correctly but just recently (and all of a sudden) I am getting the error below about the lack of a `galaxy_user`. I do not recall making any change in the files, but I do not see any changes in the relevant repositories either from the week it worked to the next one.

I intend to research the issue, but if you could please point me in the right direction I appreciate it, as it would save me some time.

Many thanks.

```
#0 284.1 fatal: [localhost]: FAILED! => {""changed"": true, ""cmd"": [""/galaxy/server/.venv/bin/galaxyctl"", ""-c"", ""/galaxy/server/config/galaxy.yml"", ""update""], ""delta"": ""0:00:01.492455"", ""end"": ""2023-04-19 15:25:32.492802"", ""msg"": ""non-zero return code"", ""rc"": 1, ""start"": ""2023-04-19 15:25:31.000347"", ""stderr"": ""Error: 1 validation error for Settings\ngalaxy_user\n  galaxy_user is required when running as root (type=value_error)"", ""stderr_lines"": [""Error: 1 validation error for Settings"", ""galaxy_user"", ""  galaxy_user is required when running as root (type=value_error)""], ""stdout"": """", ""stdout_lines"": []}
#0 284.1
#0 284.1 PLAY RECAP *********************************************************************
#0 284.1 localhost                  : ok=34   changed=9    unreachable=0    failed=1    skipped=29   rescued=0    ignored=0
#0 284.1
------
.k8s_ci.Dockerfile:75
--------------------
  73 |     ARG SERVER_DIR
  74 |
  75 | >>> RUN ansible-playbook -i localhost, playbook.yml -v -e ""{galaxy_build_client: false}"" -e galaxy_virtualenv_command=virtualenv
  76 |
  77 |     # Remove build artifacts + files not needed in container
--------------------
ERROR: failed to solve: process ""/bin/sh -c ansible-playbook -i localhost, playbook.yml -v -e \""{galaxy_build_client: false}\"" -e galaxy_virtualenv_command=virtualenv"" did not complete successfully: exit code: 2
```"
https://api.github.com/repos/galaxyproject/galaxy-docker-k8s/issues/29,https://api.github.com/repos/galaxyproject/galaxy-docker-k8s,https://api.github.com/repos/galaxyproject/galaxy-docker-k8s/issues/29/labels{/name},https://api.github.com/repos/galaxyproject/galaxy-docker-k8s/issues/29/comments,https://api.github.com/repos/galaxyproject/galaxy-docker-k8s/issues/29/events,https://github.com/galaxyproject/galaxy-docker-k8s/issues/29,894079625,MDU6SXNzdWU4OTQwNzk2MjU=,29,Improvements for galaxy-k8s container,rhpvorderman,,open,False,,,,0,2021-05-18T07:42:05Z,2021-06-28T05:54:09Z,,CONTRIBUTOR,"Hi,

Recently I have created a [galaxy-compose docker image](https://github.com/LUMC/docker-galaxy-compose) to make it easy to set up galaxy in compose setups.

I then ported some of the improvements to the galaxy-k8s container (using python as a base https://github.com/galaxyproject/galaxy/pull/11855)

I think there are some improvements that can be made that would make the docker-galaxy-compose repository redundant. This will make it also easier to use the galaxy-k8s container for testing ephemeris.

- [x] Use vim-tiny and nano-tiny (https://github.com/galaxyproject/galaxy/pull/11855)
- [x] Use python:3.x-slim as the base container (https://github.com/galaxyproject/galaxy/pull/11855)
- [ ]  Do not preset `conda_auto_init` in the galaxy_config ansible variable, but instead use the environment variable `GALAXY_CONFIG_CONDA_AUTO_INIT` in the Dockerfile. This will make it easier for users to overwrite this value.
- [ ] Make sure all user data ends up in a single directory. Also tool data, installed repositories etc. Now this ends up in multiple folders, which makes it more difficult to set up a persistent structure.

Docker compose/stack setups are way easier than kubernetes deployments and are a good fit for small training or tool showcase galaxies as well as testing galaxy tools (such as ephemeris). It would be nice to adapt the image to fit this use case as well, as I think the docker compose and kubernetes use cases don't bite eachother."
https://api.github.com/repos/galaxyproject/galaxy-docker-k8s/issues/27,https://api.github.com/repos/galaxyproject/galaxy-docker-k8s,https://api.github.com/repos/galaxyproject/galaxy-docker-k8s/issues/27/labels{/name},https://api.github.com/repos/galaxyproject/galaxy-docker-k8s/issues/27/comments,https://api.github.com/repos/galaxyproject/galaxy-docker-k8s/issues/27/events,https://github.com/galaxyproject/galaxy-docker-k8s/issues/27,815438687,MDU6SXNzdWU4MTU0Mzg2ODc=,27,README doesn't explain how to build container,pcm32,,open,False,,,,1,2021-02-24T12:37:15Z,2021-02-24T16:44:01Z,,MEMBER,"The README doesn't really explain how to build that docker image. The repo doesn’t have a Dockerfile, yet all explanations are with docker build. I’m guessing you need to use the ansible playbook there, but it could be great if the readme would be explicit about what are those steps. Thanks!"
https://api.github.com/repos/galaxyproject/galaxy-docker-k8s/issues/26,https://api.github.com/repos/galaxyproject/galaxy-docker-k8s,https://api.github.com/repos/galaxyproject/galaxy-docker-k8s/issues/26/labels{/name},https://api.github.com/repos/galaxyproject/galaxy-docker-k8s/issues/26/comments,https://api.github.com/repos/galaxyproject/galaxy-docker-k8s/issues/26/events,https://github.com/galaxyproject/galaxy-docker-k8s/issues/26,792699048,MDU6SXNzdWU3OTI2OTkwNDg=,26,Please patch the image for galaxy-k8s 20.09,cyrilcros,,closed,False,,,,0,2021-01-24T01:33:24Z,2021-02-02T21:24:55Z,2021-02-02T21:24:55Z,NONE,To include https://github.com/galaxyproject/galaxy/pull/11134 Mulled container resolution is currently not working.
https://api.github.com/repos/galaxyproject/galaxy-docker-k8s/issues/19,https://api.github.com/repos/galaxyproject/galaxy-docker-k8s,https://api.github.com/repos/galaxyproject/galaxy-docker-k8s/issues/19/labels{/name},https://api.github.com/repos/galaxyproject/galaxy-docker-k8s/issues/19/comments,https://api.github.com/repos/galaxyproject/galaxy-docker-k8s/issues/19/events,https://github.com/galaxyproject/galaxy-docker-k8s/issues/19,742425828,MDU6SXNzdWU3NDI0MjU4Mjg=,19,Image size has increased significantly over versions,nuwang,,closed,False,dannon,dannon,,4,2020-11-13T12:48:08Z,2020-11-14T10:01:21Z,2020-11-14T10:01:21Z,MEMBER,"It seems that the minimal container images's size has been increasing over the past few Galaxy releases. These are the compressed sizes, so the uncompressed size is far more significant (e.g. in the latest build, there is a 400MB size increase, from 1.3GB to 1.7GB)

| Version | Size on DockerHub | Difference from previous |
|---------|-------------------|------------|
| 19.09     | 238.19 MB             | N/A              |
| 20.01     | 280.77 MB             | 42.58 MB   |
| 20.05     | 346.34 MB            | 65.57 MB   |
| 20.09     | 362.67 MB            | 16.33 MB   |
| 20.09.3  | 437.93 MB            | 75.26 MB   |

The cause is a significant increase in the `/galaxy` dir. The reason needs investigation.

@afgane @almahmoud @dannon @ic4f @mvdbeek 
"
https://api.github.com/repos/galaxyproject/galaxy-docker-k8s/issues/14,https://api.github.com/repos/galaxyproject/galaxy-docker-k8s,https://api.github.com/repos/galaxyproject/galaxy-docker-k8s/issues/14/labels{/name},https://api.github.com/repos/galaxyproject/galaxy-docker-k8s/issues/14/comments,https://api.github.com/repos/galaxyproject/galaxy-docker-k8s/issues/14/events,https://github.com/galaxyproject/galaxy-docker-k8s/issues/14,585719494,MDU6SXNzdWU1ODU3MTk0OTQ=,14,Galaxy commit hash should be saved to image,nuwang,,closed,False,,,,0,2020-03-22T13:32:27Z,2020-03-26T17:06:38Z,2020-03-26T17:06:37Z,MEMBER,"Currently, the build process strips the .git folder to save on final image size. However, this makes it difficult to figure out what commit Galaxy is at in the final built image. We will need to save the commit hash to a file somewhere."
https://api.github.com/repos/galaxyproject/galaxy-docker-k8s/issues/9,https://api.github.com/repos/galaxyproject/galaxy-docker-k8s,https://api.github.com/repos/galaxyproject/galaxy-docker-k8s/issues/9/labels{/name},https://api.github.com/repos/galaxyproject/galaxy-docker-k8s/issues/9/comments,https://api.github.com/repos/galaxyproject/galaxy-docker-k8s/issues/9/events,https://github.com/galaxyproject/galaxy-docker-k8s/issues/9,512298073,MDU6SXNzdWU1MTIyOTgwNzM=,9,Switch to Python 3 for 19.09,nuwang,,closed,False,,,,0,2019-10-25T04:36:51Z,2020-02-18T06:22:51Z,2020-02-18T06:22:51Z,MEMBER,Switch to python 3 because it makes more sense to get that fined tuned. I'd suggest a rebuild of 19.09.
https://api.github.com/repos/galaxyproject/galaxy-docker-k8s/issues/4,https://api.github.com/repos/galaxyproject/galaxy-docker-k8s,https://api.github.com/repos/galaxyproject/galaxy-docker-k8s/issues/4/labels{/name},https://api.github.com/repos/galaxyproject/galaxy-docker-k8s/issues/4/comments,https://api.github.com/repos/galaxyproject/galaxy-docker-k8s/issues/4/events,https://github.com/galaxyproject/galaxy-docker-k8s/issues/4,413557354,MDU6SXNzdWU0MTM1NTczNTQ=,4,Add ability to build an image within the Galaxy source tree,afgane,,closed,False,,,,1,2019-02-22T20:02:01Z,2021-01-12T17:16:26Z,2021-01-12T17:16:26Z,CONTRIBUTOR,"For testing purposes and experimentation purposes, it would be nice to be able to have the image build procedure from this repo work in the current directory where the Galaxy source resides. Run something similar to `docker build .` to create a new image with the code in the current dir..."
https://api.github.com/repos/galaxyproject/galaxy-docker-k8s/issues/3,https://api.github.com/repos/galaxyproject/galaxy-docker-k8s,https://api.github.com/repos/galaxyproject/galaxy-docker-k8s/issues/3/labels{/name},https://api.github.com/repos/galaxyproject/galaxy-docker-k8s/issues/3/comments,https://api.github.com/repos/galaxyproject/galaxy-docker-k8s/issues/3/events,https://github.com/galaxyproject/galaxy-docker-k8s/issues/3,403480467,MDU6SXNzdWU0MDM0ODA0Njc=,3,Dev requirements appear to be included in galaxy virtualenv,nuwang,,closed,False,,,,3,2019-01-26T20:33:27Z,2019-02-22T17:07:01Z,2019-02-22T17:07:01Z,MEMBER,"When installing from a tarball, dev_wheels are always installed (https://github.com/galaxyproject/galaxy/pull/5491#pullrequestreview-95160319). However, installing all dev packages increases the size of the virtualenv significantly, and consequently, any docker images that are built.

In addition, should we try to skip dev wheels, the same comment above implies that we would then not be able to build a production client, since dev wheels are required to build the client. Even though release tarballs do have a per-built client, I guess it's a dev build, not a production build. Therefore, what we need is a way to build a production client but remove dev wheels afterwards. What's the best way to achieve this?

If we can get rid of dev_wheels, we have a decent chance to get ~100MB compressed."
