URL,Repository URL,Labels URL,Comments URL,Events URL,HTML URL,ID,Node ID,Number,Title,User,Labels,State,Locked,Assignee,Assignees,Milestone,Comments,Created At,Updated At,Closed At,Author Association,Body
https://api.github.com/repos/galaxyproject/cloudlaunch-ui/issues/44,https://api.github.com/repos/galaxyproject/cloudlaunch-ui,https://api.github.com/repos/galaxyproject/cloudlaunch-ui/issues/44/labels{/name},https://api.github.com/repos/galaxyproject/cloudlaunch-ui/issues/44/comments,https://api.github.com/repos/galaxyproject/cloudlaunch-ui/issues/44/events,https://github.com/galaxyproject/cloudlaunch-ui/issues/44,726188175,MDU6SXNzdWU3MjYxODgxNzU=,44,Aligning icons in VM Type list,almahmoud,paper-cut,open,False,,,,0,2020-10-21T06:41:16Z,2020-10-21T06:41:24Z,,MEMBER,"![image](https://user-images.githubusercontent.com/14061824/96682486-e07f2700-1346-11eb-9171-a504407b62cd.png)
"
https://api.github.com/repos/galaxyproject/cloudlaunch-ui/issues/43,https://api.github.com/repos/galaxyproject/cloudlaunch-ui,https://api.github.com/repos/galaxyproject/cloudlaunch-ui/issues/43/labels{/name},https://api.github.com/repos/galaxyproject/cloudlaunch-ui/issues/43/comments,https://api.github.com/repos/galaxyproject/cloudlaunch-ui/issues/43/events,https://github.com/galaxyproject/cloudlaunch-ui/issues/43,724570479,MDU6SXNzdWU3MjQ1NzA0Nzk=,43,Need to expose initial storage size in the UI,afgane,paper-cut,open,False,,,,0,2020-10-19T12:36:23Z,2020-10-21T05:57:27Z,,CONTRIBUTOR,"It is currently not possible to set the storage size at launch in the UI. The value to expose and propagate is `cm_initial_storage_size`, which is currently [set to 100G in the default config](https://github.com/galaxyproject/cloudlaunch-registry/blob/5bb42f0b91efb615de8863d25fb639009a241437/app-registry.yaml#L2181).

It may also be necessary to proportionally set the storage size. I'm not really sure where does that get set for the latest GVL (eg, here it is for [a dev version](https://github.com/galaxyproject/cloudlaunch-registry/blob/5bb42f0b91efb615de8863d25fb639009a241437/app-registry.yaml#L552)).

This issue may be related to #33."
https://api.github.com/repos/galaxyproject/cloudlaunch-ui/issues/38,https://api.github.com/repos/galaxyproject/cloudlaunch-ui,https://api.github.com/repos/galaxyproject/cloudlaunch-ui/issues/38/labels{/name},https://api.github.com/repos/galaxyproject/cloudlaunch-ui/issues/38/comments,https://api.github.com/repos/galaxyproject/cloudlaunch-ui/issues/38/events,https://github.com/galaxyproject/cloudlaunch-ui/issues/38,466944333,MDU6SXNzdWU0NjY5NDQzMzM=,38,Fix CloudLaunch deployment status refresh,afgane,,open,False,,,,2,2019-07-11T14:56:14Z,2019-07-11T17:35:57Z,,CONTRIBUTOR,Launched appliances (listed on https://launch.usegalaxy.org/appliances for example) do not have their status automatically updated any longer. It's been reported by a couple of users. It also causes confusion when IP addresses are reused within a project but by different project users who think the machine is still up even though they deleted it (and can no longer access it because presumably the other user used a different login password).
https://api.github.com/repos/galaxyproject/cloudlaunch-ui/issues/34,https://api.github.com/repos/galaxyproject/cloudlaunch-ui,https://api.github.com/repos/galaxyproject/cloudlaunch-ui/issues/34/labels{/name},https://api.github.com/repos/galaxyproject/cloudlaunch-ui/issues/34/comments,https://api.github.com/repos/galaxyproject/cloudlaunch-ui/issues/34/events,https://github.com/galaxyproject/cloudlaunch-ui/issues/34,371226828,MDU6SXNzdWUzNzEyMjY4Mjg=,34,Text disappears in drop-down menu,almahmoud,,open,False,,,,0,2018-10-17T19:11:45Z,2018-10-17T19:11:45Z,,MEMBER,"When making the window smaller (Chrome on Mac), the text in drop-down menus disappears.

<img width=""869"" alt=""screen shot 2018-10-17 at 3 04 25 pm"" src=""https://user-images.githubusercontent.com/14061824/47110459-e3f2eb80-d21e-11e8-9735-0ced3a19fd26.png"">
<img width=""746"" alt=""screen shot 2018-10-17 at 3 04 32 pm"" src=""https://user-images.githubusercontent.com/14061824/47110463-e5bcaf00-d21e-11e8-8dd3-59b0ee3ffa45.png"">
"
https://api.github.com/repos/galaxyproject/cloudlaunch-ui/issues/33,https://api.github.com/repos/galaxyproject/cloudlaunch-ui,https://api.github.com/repos/galaxyproject/cloudlaunch-ui/issues/33/labels{/name},https://api.github.com/repos/galaxyproject/cloudlaunch-ui/issues/33/comments,https://api.github.com/repos/galaxyproject/cloudlaunch-ui/issues/33/events,https://github.com/galaxyproject/cloudlaunch-ui/issues/33,352413262,MDU6SXNzdWUzNTI0MTMyNjI=,33,UI is not updating storageType correctly,nuwang,,open,False,,,,0,2018-08-21T07:14:26Z,2018-08-21T07:14:26Z,,MEMBER,"The storageType has been set to transient in the backend for NeCTAR, with no storageSize specified.
Yet, the front end shows storageType as volume and storageSize as 100, which are the values defined for AWS."
https://api.github.com/repos/galaxyproject/cloudlaunch-ui/issues/32,https://api.github.com/repos/galaxyproject/cloudlaunch-ui,https://api.github.com/repos/galaxyproject/cloudlaunch-ui/issues/32/labels{/name},https://api.github.com/repos/galaxyproject/cloudlaunch-ui/issues/32/comments,https://api.github.com/repos/galaxyproject/cloudlaunch-ui/issues/32/events,https://github.com/galaxyproject/cloudlaunch-ui/issues/32,340600396,MDU6SXNzdWUzNDA2MDAzOTY=,32,Public appliances: linked servers down ?,frederikcoppens,,open,False,,,,2,2018-07-12T11:36:18Z,2018-07-12T17:55:49Z,,MEMBER,"Several of the listed public appliances (Andromeda, gigagalaxy, whale shark) are not up. If we want to promote CloudLaunch, it would be good that the links present work. I'm actually not sure what the purpose of this page is in cloudlaunch as it ""just"" seems to be a (subset?) of public instances, which do not necessarily support cloud launch "
https://api.github.com/repos/galaxyproject/cloudlaunch-ui/issues/31,https://api.github.com/repos/galaxyproject/cloudlaunch-ui,https://api.github.com/repos/galaxyproject/cloudlaunch-ui/issues/31/labels{/name},https://api.github.com/repos/galaxyproject/cloudlaunch-ui/issues/31/comments,https://api.github.com/repos/galaxyproject/cloudlaunch-ui/issues/31/events,https://github.com/galaxyproject/cloudlaunch-ui/issues/31,340599154,MDU6SXNzdWUzNDA1OTkxNTQ=,31,Public appliances: Logo's not showing,frederikcoppens,,open,False,,,,0,2018-07-12T11:32:07Z,2018-07-12T11:32:07Z,,MEMBER,"Most logo's on https://launch.usegalaxy.org/public_appliances do not show up (404 status). 
"
https://api.github.com/repos/galaxyproject/cloudlaunch-ui/issues/29,https://api.github.com/repos/galaxyproject/cloudlaunch-ui,https://api.github.com/repos/galaxyproject/cloudlaunch-ui/issues/29/labels{/name},https://api.github.com/repos/galaxyproject/cloudlaunch-ui/issues/29/comments,https://api.github.com/repos/galaxyproject/cloudlaunch-ui/issues/29/events,https://github.com/galaxyproject/cloudlaunch-ui/issues/29,307596329,MDU6SXNzdWUzMDc1OTYzMjk=,29,UI is not validating field length,nuwang,,open,False,,,,0,2018-03-22T11:01:25Z,2018-03-22T11:01:25Z,,MEMBER,"Reported by Clare:
![image](https://user-images.githubusercontent.com/2070605/37766892-5aa082fe-2dee-11e8-846b-22ff1794cb58.png)
"
https://api.github.com/repos/galaxyproject/cloudlaunch-ui/issues/28,https://api.github.com/repos/galaxyproject/cloudlaunch-ui,https://api.github.com/repos/galaxyproject/cloudlaunch-ui/issues/28/labels{/name},https://api.github.com/repos/galaxyproject/cloudlaunch-ui/issues/28/comments,https://api.github.com/repos/galaxyproject/cloudlaunch-ui/issues/28/events,https://github.com/galaxyproject/cloudlaunch-ui/issues/28,304832472,MDU6SXNzdWUzMDQ4MzI0NzI=,28,Editing credentials in myprofile does not work correctly,nuwang,,open,False,,,,0,2018-03-13T16:12:03Z,2018-03-13T16:12:03Z,,MEMBER,"Trying to update openstack password results in an ""Invalid credentials error"".
Tested with OpenStack/NeCTAR."
https://api.github.com/repos/galaxyproject/cloudlaunch-ui/issues/26,https://api.github.com/repos/galaxyproject/cloudlaunch-ui,https://api.github.com/repos/galaxyproject/cloudlaunch-ui/issues/26/labels{/name},https://api.github.com/repos/galaxyproject/cloudlaunch-ui/issues/26/comments,https://api.github.com/repos/galaxyproject/cloudlaunch-ui/issues/26/events,https://github.com/galaxyproject/cloudlaunch-ui/issues/26,291354511,MDU6SXNzdWUyOTEzNTQ1MTE=,26,Fix text on Active Appliances page,machristie,,closed,False,,,,1,2018-01-24T20:48:44Z,2018-01-24T21:57:15Z,2018-01-24T21:57:15Z,COLLABORATOR,This text needs to be updated to reflect that it only lists active appliances. It is no longer a log of all appliances launched since we moved that out into separate Launch History page.
https://api.github.com/repos/galaxyproject/cloudlaunch-ui/issues/25,https://api.github.com/repos/galaxyproject/cloudlaunch-ui,https://api.github.com/repos/galaxyproject/cloudlaunch-ui/issues/25/labels{/name},https://api.github.com/repos/galaxyproject/cloudlaunch-ui/issues/25/comments,https://api.github.com/repos/galaxyproject/cloudlaunch-ui/issues/25/events,https://github.com/galaxyproject/cloudlaunch-ui/issues/25,281505363,MDU6SXNzdWUyODE1MDUzNjM=,25,Before taking CloudLaunch out of beta...,afgane,,closed,False,,,,0,2017-12-12T19:18:52Z,2017-12-18T08:22:14Z,2017-12-18T08:22:14Z,CONTRIBUTOR,"Here is a summary of outstanding issues to address before we can move the current instance of CloudLaunch from https://beta.launch.usegalaxy.org/ to https://launch.usegalaxy.org/:

- [x] **Associate credentials with a deployment.** If not done but multiple credentials/accounts for a given cloud are mixed by a user, health checks and other controls don't work, leading to a situation like this:
![image](https://user-images.githubusercontent.com/338642/33900799-b8cb08e0-df3d-11e7-94c5-010471136d72.png)

- [x] **Deployments stuck in `pending` state with no ability to control them.** Unknown reason yet but some tasks are just stuck and a user has no way to archive or delete them:
![image](https://user-images.githubusercontent.com/338642/33900899-025168e2-df3e-11e7-9fce-5c94124c6504.png)

- [x] **Checking health on a deleted/unknown deployment errors.** When a health check is run on a deployment that's been deleted by means other than via CloudLaunch, an error is reported. Instead, check is the requested instance is missing and report it as `MISSING`. Current behavior:
![image](https://user-images.githubusercontent.com/338642/34005724-d836664c-e0c9-11e7-873c-2f92adba1894.png)

- [x] **Expire celery tasks.** We set a max runtime on tasks but need to also ensure that pending tasks eventually expire so set that to something like 5 minutes. Should be a doable by simply adding `expires` argument to the [task invocation](http://docs.celeryproject.org/en/latest/reference/celery.app.task.html#celery.app.task.Task.apply_async).

- [x] **Show more details about instance types.** Currently, for AWS in particular, there are dozens of instance types available and all that's displayed in the dropdown is their name (e.g., `m5.large`) so at the very minimum add some specs describing the characteristics of the instance (e.g., num CPUs, amount of RAM, etc.): 
![image](https://user-images.githubusercontent.com/338642/33903640-02089cda-df47-11e7-858b-2e2c1a961c49.png)

- [x] **Allow order of appliances to be set.** Currently, appliances are ordered alphabetically based on their name but to make more frequently used appliances more visible and easily accessible, allow explicit instance ordering.

- [x] **Fix default region selection on AWS.** In particular `c5` instance type in `us-east-1` is not available in the `e` zone, yet our logic defaults there causing a launch to fail. Do something better default about zone selection."
https://api.github.com/repos/galaxyproject/cloudlaunch-ui/issues/24,https://api.github.com/repos/galaxyproject/cloudlaunch-ui,https://api.github.com/repos/galaxyproject/cloudlaunch-ui/issues/24/labels{/name},https://api.github.com/repos/galaxyproject/cloudlaunch-ui/issues/24/comments,https://api.github.com/repos/galaxyproject/cloudlaunch-ui/issues/24/events,https://github.com/galaxyproject/cloudlaunch-ui/issues/24,279025245,MDU6SXNzdWUyNzkwMjUyNDU=,24,"deployment.component.ts(62,9): error TS2322: Type 'Observable<{}>' is not assignable to type 'Observable<Credentials>'.",machristie,,closed,False,,,,8,2017-12-04T14:58:55Z,2017-12-06T06:14:31Z,2017-12-06T06:14:31Z,COLLABORATOR,"`npm start` fails for me with the following error.

```
$ npm start

> cloudlaunch-ui@0.0.0 start /Users/machrist/SGCI/cloudlaunch/cloudlaunch-ui
> ng serve --proxy-config proxy.conf.json


@angular/compiler-cli@5.0.5 requires typescript@'>=2.4.2 <2.5.0' but 2.6.2 was found instead.
Using this version can result in undefined behaviour and difficult to debug problems.

Please run the following command to install a compatible version of TypeScript.

    npm install typescript@'>=2.4.2 <2.5.0'

To disable this warning run ""ng set warnings.typescriptMismatch=false"".

** NG Live Development Server is listening on localhost:4200, open your browser on http://localhost:4200/ **
Date: 2017-12-04T14:49:37.951Z
Hash: 362ce24cbd70322bd57e
Time: 8147ms
chunk {inline} inline.bundle.js (inline) 5.79 kB [entry] [rendered]
chunk {main} main.bundle.js (main) 2.93 kB [initial] [rendered]
chunk {polyfills} polyfills.bundle.js (polyfills) 636 bytes [initial] [rendered]
chunk {styles} styles.bundle.js (styles) 314 kB [initial] [rendered]
chunk {vendor} vendor.bundle.js (vendor) 853 kB [initial] [rendered]

ERROR in src/app/my-appliances/components/deployments/deployment/deployment.component.ts(62,9): error TS2322: Type 'Observable<{}>' is not assignable to type 'Observable<Credentials>'.
  Type '{}' is not assignable to type 'Credentials'.
    Property 'id' is missing in type '{}'.
src/app/my-appliances/components/deployments/deployment/deployment.component.ts(65,88): error TS2345: Argument of type 'Observable<Credentials[]>' is not assignable to parameter of type 'ObservableInput<Credentials>'.
  Type 'Observable<Credentials[]>' is not assignable to type 'ArrayLike<Credentials>'.
    Property 'length' is missing in type 'Observable<Credentials[]>'.
src/app/my-appliances/components/deployments/deployment/deployment.component.ts(66,62): error TS2339: Property 'default' does not exist on type '{}'.


webpack: Failed to compile.
```"
https://api.github.com/repos/galaxyproject/cloudlaunch-ui/issues/23,https://api.github.com/repos/galaxyproject/cloudlaunch-ui,https://api.github.com/repos/galaxyproject/cloudlaunch-ui/issues/23/labels{/name},https://api.github.com/repos/galaxyproject/cloudlaunch-ui/issues/23/comments,https://api.github.com/repos/galaxyproject/cloudlaunch-ui/issues/23/events,https://github.com/galaxyproject/cloudlaunch-ui/issues/23,277115800,MDU6SXNzdWUyNzcxMTU4MDA=,23,Fetch CloudMan clusters does not refresh on credentials change,afgane,bug,closed,False,,,,1,2017-11-27T18:11:11Z,2017-11-28T03:45:19Z,2017-11-28T03:45:19Z,CONTRIBUTOR,"If a user progresses to the step 2 of the launch wizard for the CloudMan appliance and fetches existing cluster but then goes back to the first step to change credentials, the previously fetched list is still available instead of the fetch button showing up again."
https://api.github.com/repos/galaxyproject/cloudlaunch-ui/issues/22,https://api.github.com/repos/galaxyproject/cloudlaunch-ui,https://api.github.com/repos/galaxyproject/cloudlaunch-ui/issues/22/labels{/name},https://api.github.com/repos/galaxyproject/cloudlaunch-ui/issues/22/comments,https://api.github.com/repos/galaxyproject/cloudlaunch-ui/issues/22/events,https://github.com/galaxyproject/cloudlaunch-ui/issues/22,273323485,MDU6SXNzdWUyNzMzMjM0ODU=,22,Split frontend plugins into separate npm installable modules,nuwang,,open,False,,,,0,2017-11-13T06:30:36Z,2017-11-13T07:16:10Z,,MEMBER,"Currently, all our plugins are contained in a PluginsModule. The PluginsModule is statically referenced by the main app, and the PluginsModule in turn references each plugin through its EntryComponents section. This is because webpack will drop these components during tree shaking if they are not referenced as an EntryComponent. Therefore, although we do use a System.import to ""dynamically"" [import the plugins](https://github.com/galaxyproject/cloudlaunch-ui/blob/77a2614c70b56015ee001bc61950f48396e58b78/src/app/catalog/components/appliance-detail-control/app-placeholder.component.ts#L75), these are faux plugins at best and the idea was always to separate them out completely as the Angular ecosystem matured.

We are now probably at a stage where the Angular 5 ecosystem can handle this situation much better. There are good guides [[1](https://medium.com/@cyrilletuzi/how-to-build-and-publish-an-angular-module-7ad19c0b4464), [2](http://blog.mgechev.com/2017/01/21/distributing-an-angular-library-aot-ngc-types/)] on how to package components using rollup and publish them to npm.

However, the best technique for dynamically loading such components is less clear. This is because these packaged components are typically installed from npm, referenced by the main app and the final client js files created through webpack. Instead, we need to directly package the module for consumption by the client using a dynamic module loader, such as the SystemJSNGModuleLoader, as described in this [guide here](https://blog.angularindepth.com/here-is-what-you-need-to-know-about-dynamic-components-in-angular-ac1e96167f9e).  This means that we should probably be able to compress and package the plugin using webpack or similar, and publish it to a url somewhere, so that it can subsequently be loaded on the client with something like:
```
System.import('/url/of/webpacked/plugin/module')
```
Using webpack is probably desirable because we can use hot module replacement etc. to support multiple versions of a plugin.

These are some desirable characteristics:
- [ ] Provide a seed project that can serves as a template for creating a CloudLaunch front end plugin, with support for packaging it using rollup and support for publishing the final plugin to npm.
- [ ] Each PlugIn should be an Angular Module which can contain multiple components
- [ ] Plugins should be composable in nature (e.g. The GVLPlugin uses the CloudMan plugin)
- [ ] Plugins should be statically usable on the server side and we can start off that way
- [ ] Later, we should provide a mechanism for directly loading a plugin on the client.
- [ ] It would be nice if multiple versions of a plugin could be loaded simultaneously on the client (e.g. On the ""My Appliances"" page)
- [ ] There should be a simple mechanism for developing the plugin locally
- [ ] Plugins should have a test harness so that they can be individually tested
- [ ] It would be nice to be able to run plugins without having to publish to npm, say directly off a git repo.
"
https://api.github.com/repos/galaxyproject/cloudlaunch-ui/issues/21,https://api.github.com/repos/galaxyproject/cloudlaunch-ui,https://api.github.com/repos/galaxyproject/cloudlaunch-ui/issues/21/labels{/name},https://api.github.com/repos/galaxyproject/cloudlaunch-ui/issues/21/comments,https://api.github.com/repos/galaxyproject/cloudlaunch-ui/issues/21/events,https://github.com/galaxyproject/cloudlaunch-ui/issues/21,272452234,MDU6SXNzdWUyNzI0NTIyMzQ=,21,Fetching cloudman buckets is using incorrect key,nuwang,,closed,False,,,,1,2017-11-09T06:18:57Z,2017-11-09T12:19:49Z,2017-11-09T12:19:48Z,MEMBER,"The drop down list is currently using
```
<mat-option *ngFor=""let cluster of savedClusters"" [value]=""cluster"">
    {{ cluster.cluster_name }}
</mat-option>
```
Should be using
```
<mat-option *ngFor=""let cluster of savedClusters"" [value]=""cluster.<something>"">
    {{ cluster.cluster_name }}
</mat-option>
```"
https://api.github.com/repos/galaxyproject/cloudlaunch-ui/issues/20,https://api.github.com/repos/galaxyproject/cloudlaunch-ui,https://api.github.com/repos/galaxyproject/cloudlaunch-ui/issues/20/labels{/name},https://api.github.com/repos/galaxyproject/cloudlaunch-ui/issues/20/comments,https://api.github.com/repos/galaxyproject/cloudlaunch-ui/issues/20/events,https://github.com/galaxyproject/cloudlaunch-ui/issues/20,267820171,MDU6SXNzdWUyNjc4MjAxNzE=,20,Impossible to go to step 2 after changing appliance version,hackdna,,closed,False,,,,5,2017-10-23T21:15:36Z,2017-11-07T16:23:38Z,2017-11-07T09:11:32Z,NONE,"### Steps to reproduce
1. Navigate to https://beta.launch.usegalaxy.org/catalog/appliance/galaxy-cloud
1. Enter valid AWS access key ID and secret key
1. Leave default values in the other two fields
1. Click ""Test and Use These Credentials"" button
1. Choose a different appliance version from the dropdown (e.g., 16.10)

### Observed results
""NEXT"" button is disabled.

### Expected results
""NEXT"" button is enabled.
"
https://api.github.com/repos/galaxyproject/cloudlaunch-ui/issues/18,https://api.github.com/repos/galaxyproject/cloudlaunch-ui,https://api.github.com/repos/galaxyproject/cloudlaunch-ui/issues/18/labels{/name},https://api.github.com/repos/galaxyproject/cloudlaunch-ui/issues/18/comments,https://api.github.com/repos/galaxyproject/cloudlaunch-ui/issues/18/events,https://github.com/galaxyproject/cloudlaunch-ui/issues/18,255611531,MDU6SXNzdWUyNTU2MTE1MzE=,18,Add health check to My Appliances page,machristie,,closed,False,,,,5,2017-09-06T13:51:56Z,2017-11-27T18:08:47Z,2017-11-27T18:08:46Z,COLLABORATOR,"Utilize the new health check task ([added as part of the multi-task refactoring](https://github.com/galaxyproject/cloudlaunch/pull/85)) to show a live status for all appliances for which CloudLaunch has the user's credentials.

# UI Changes
* split the current My Appliances list into two <s>tabs</s> pages, **Current Instances** and **Launch History**
* The appliances that are listed under **Current Instances** are all appliances for which 
  * (Edit 9/14) The appliance has not been deleted explicitly by the user
  * (Edit 9/14: <s>CloudLaunch has stored credentials for that appliance's cloud</s>)
  * (Edit 9/14: <s>CloudLaunch has in memory temporary credentials for that appliance's cloud</s>)
* All appliance launches are listed under **Launch History**
* The columns displayed under **Current Instances** are the following:
  * App icon
  * Deployment name and other details
  * Status
    * Instance status is one of [the InstanceState enum values](https://github.com/gvlproject/cloudbridge/blob/gce/cloudbridge/cloud/interfaces/resources.py#L376)
    * When health check task is running this column should display a busy indicator to show that the current status is being updated
    * (Edit 9/14) If credentials aren't available, status icon is ""broken cloud link""
  * Application URL or IP Address
  * Actions - this is a new column that will have a **Refresh Status** button and a **Delete** button for clouds where saved credentials exist
* The columns displayed under **Launch History** are the following:
  * App icon
  * Deployment name and other details
  * *(In the future we might have an Actions column here too with a Re-launch buttton)*
* After launching an application the user will always go to the **Current Instances** <s>tab</s> page. (Edit 9/14: <s>However, if the application was launched with temporary credentials the application will be displayed in the **Launch History** <s>tab</s> page the next time the user visits CloudLaunch.</s>)
  * applications are always displayed under **Current Instances** until the user explicitly removes them by clicking on **Delete**.  Applications can be archived or terminated and archived, see notes on what happens when **Delete** button is clicked below for more info.
* Clicking the **Refresh Status** button will trigger an asynchronous health status check task
* Clicking the **Delete** button will cause a modal to appear asking the user if they want to just remove the application from the **Current Instances** list or if they also want to actually terminate and delete the instance

# Other considerations
* We decided to not do a background refresh of health check at this time
* Automatically refresh status when the user goes to My Appliances page? Perhaps only for instances that haven't had a health check task run in the past 24 hours.
  * (Edit 9/14) Decided yes to automatically update instances that haven't had a health check task run in the past 10 minutes



"
https://api.github.com/repos/galaxyproject/cloudlaunch-ui/issues/16,https://api.github.com/repos/galaxyproject/cloudlaunch-ui,https://api.github.com/repos/galaxyproject/cloudlaunch-ui/issues/16/labels{/name},https://api.github.com/repos/galaxyproject/cloudlaunch-ui/issues/16/comments,https://api.github.com/repos/galaxyproject/cloudlaunch-ui/issues/16/events,https://github.com/galaxyproject/cloudlaunch-ui/issues/16,251015074,MDU6SXNzdWUyNTEwMTUwNzQ=,16,Dropdowns often broken since Angular 4 upgrade,afgane,,closed,False,machristie,machristie,,5,2017-08-17T17:24:20Z,2017-08-28T21:06:08Z,2017-08-28T21:05:54Z,CONTRIBUTOR,"I noticed in https://github.com/galaxyproject/cloudlaunch-ui/pull/12 but it keep happening outside that context. Switching clouds on an appliance page or choosing a different instance type will not always but often render the page useless without doing a refresh. I'm guessing this is in part due to the crapy dropdown component and possibly compounded by the Angular update.

As talked about earlier, we should migrate to using native angular components (e.g., https://material.angular.io/components/select/overview)."
https://api.github.com/repos/galaxyproject/cloudlaunch-ui/issues/15,https://api.github.com/repos/galaxyproject/cloudlaunch-ui,https://api.github.com/repos/galaxyproject/cloudlaunch-ui/issues/15/labels{/name},https://api.github.com/repos/galaxyproject/cloudlaunch-ui/issues/15/comments,https://api.github.com/repos/galaxyproject/cloudlaunch-ui/issues/15/events,https://github.com/galaxyproject/cloudlaunch-ui/issues/15,251005839,MDU6SXNzdWUyNTEwMDU4Mzk=,15,Loading credentials from file does not load entire password,afgane,,closed,False,,,,3,2017-08-17T16:47:33Z,2017-11-28T03:13:01Z,2017-11-28T03:13:01Z,CONTRIBUTOR,"From gitter
```
[eslerm] The ubuntu launcher only works if the password is entered manually
[eslerm] loading the password from the credential file fails
[eslerm] the password is 29 characters long, alphanumeric, upper, lower and a # and $ symbol
[eslerm] Using a credential file only the first 26 characters of a password are read. I can manually add the remaining characters with success
```
"
https://api.github.com/repos/galaxyproject/cloudlaunch-ui/issues/8,https://api.github.com/repos/galaxyproject/cloudlaunch-ui,https://api.github.com/repos/galaxyproject/cloudlaunch-ui/issues/8/labels{/name},https://api.github.com/repos/galaxyproject/cloudlaunch-ui/issues/8/comments,https://api.github.com/repos/galaxyproject/cloudlaunch-ui/issues/8/events,https://github.com/galaxyproject/cloudlaunch-ui/issues/8,233218598,MDU6SXNzdWUyMzMyMTg1OTg=,8,"`ng serve` Error: Version of @angular/compiler-cli needs to be 2.3.1 or greater. Current version is ""undefined"".",machristie,,closed,False,,,,5,2017-06-02T15:29:54Z,2017-08-24T19:48:42Z,2017-08-24T19:48:42Z,COLLABORATOR,"Running `ng serve` fails with the following error
```
Version of @angular/compiler-cli needs to be 2.3.1 or greater. Current version is ""undefined"".
Error: Version of @angular/compiler-cli needs to be 2.3.1 or greater. Current version is ""undefined"".
    at Object.<anonymous> (/Users/machrist/SGCI/cloudlaunch/cloudlaunch-ui/node_modules/@ngtools/webpack/src/index.js:27:11)
    at Module._compile (module.js:570:32)
    at Object.Module._extensions..js (module.js:579:10)
    at Module.load (module.js:487:32)
    at tryModuleLoad (module.js:446:12)
    at Function.Module._load (module.js:438:3)
    at Module.require (module.js:497:17)
    at require (internal/module.js:20:19)
    at Object.<anonymous> (/Users/machrist/SGCI/cloudlaunch/cloudlaunch-ui/node_modules/angular-cli/models/webpack-build-typescript.js:5:17)
...
```

It would appear to be this bug: https://github.com/angular/angular-cli/issues/5558

Attempting [to pin @ngtools/webpack to earlier version as mentioned in issue]( https://github.com/angular/angular-cli/issues/5558#issuecomment-288495306)

    npm install --save-dev @ngtools/webpack@1.1.2
    npm install

Now `ng serve` works and I can connect to http://localhost:4200


I'll create a pull request with my changes."
https://api.github.com/repos/galaxyproject/cloudlaunch-ui/issues/7,https://api.github.com/repos/galaxyproject/cloudlaunch-ui,https://api.github.com/repos/galaxyproject/cloudlaunch-ui/issues/7/labels{/name},https://api.github.com/repos/galaxyproject/cloudlaunch-ui/issues/7/comments,https://api.github.com/repos/galaxyproject/cloudlaunch-ui/issues/7/events,https://github.com/galaxyproject/cloudlaunch-ui/issues/7,232361807,MDU6SXNzdWUyMzIzNjE4MDc=,7,Rename marketplace into catalog,afgane,,closed,False,,,,1,2017-05-30T19:48:43Z,2017-08-24T19:49:25Z,2017-08-24T19:49:25Z,CONTRIBUTOR,Replace all references to *Marketplace* with *Catalog* to make it appear less like a storefront... This will affect the UI elements as well as URLs and class/module names.
https://api.github.com/repos/galaxyproject/cloudlaunch-ui/issues/6,https://api.github.com/repos/galaxyproject/cloudlaunch-ui,https://api.github.com/repos/galaxyproject/cloudlaunch-ui/issues/6/labels{/name},https://api.github.com/repos/galaxyproject/cloudlaunch-ui/issues/6/comments,https://api.github.com/repos/galaxyproject/cloudlaunch-ui/issues/6/events,https://github.com/galaxyproject/cloudlaunch-ui/issues/6,231444508,MDU6SXNzdWUyMzE0NDQ1MDg=,6,Authenticate with GCE,afgane,,closed,False,,,,3,2017-05-25T20:06:18Z,2017-12-12T19:25:32Z,2017-12-12T19:25:28Z,CONTRIBUTOR,"Add UI elements to allow Google Cloud authentication tokens to be captured. This requires https://github.com/galaxyproject/cloudlaunch/issues/78

Technically, GCE requires a credentials file or a dict (see https://github.com/gvlproject/cloudbridge/blob/gce/cloudbridge/cloud/providers/gce/provider.py#L141), which contains a number of fields. Rather than exposing each field, it'll probably be better to just store the contents of the entire file as a blob and use it as a credentials dict when authenticating."
https://api.github.com/repos/galaxyproject/cloudlaunch-ui/issues/2,https://api.github.com/repos/galaxyproject/cloudlaunch-ui,https://api.github.com/repos/galaxyproject/cloudlaunch-ui/issues/2/labels{/name},https://api.github.com/repos/galaxyproject/cloudlaunch-ui/issues/2/comments,https://api.github.com/repos/galaxyproject/cloudlaunch-ui/issues/2/events,https://github.com/galaxyproject/cloudlaunch-ui/issues/2,162340346,MDU6SXNzdWUxNjIzNDAzNDY=,2,"npm ERR! Failed at the cloudlaunch-ui@0.1.0 start script 'tsc && concurrently ""npm run tsc:w"" ""npm run lite"" '.",remimarenco,,closed,False,,,,6,2016-06-26T18:25:50Z,2016-07-05T02:24:00Z,2016-07-05T02:23:59Z,CONTRIBUTOR,"Hey :),

I wanted to get started on the UI. Unfortunately, I have this error on `npm start`

```
npm ERR! Failed at the cloudlaunch-ui@0.1.0 start script 'tsc && concurrently ""npm run tsc:w"" ""npm run lite"" '.
npm ERR! This is most likely a problem with the cloudlaunch-ui package,
npm ERR! not with npm itself.
npm ERR! Tell the author that this fails on your system:
npm ERR!     tsc && concurrently ""npm run tsc:w"" ""npm run lite""
```

But looking into `npm bugs cloudlaunch-ui`, I have this:

```
npm ERR! Darwin 15.5.0
npm ERR! argv ""/Users/remi/.nvm/versions/node/v4.4.4/bin/node"" ""/Users/remi/.nvm/versions/node/v4.4.4/bin/npm"" ""bugs"" ""cloudlaunch-ui""
npm ERR! node v4.4.4
npm ERR! npm  v2.15.1
npm ERR! code E404

npm ERR! 404 Not Found: cloudlaunch-ui
npm ERR! 404
npm ERR! 404 'cloudlaunch-ui' is not in the npm registry.
npm ERR! 404 You should bug the author to publish it (or use the name yourself!)
npm ERR! 404
npm ERR! 404 Note that you can also install from a
npm ERR! 404 tarball, folder, http url, or git url.

npm ERR! Please include the following file with any support request:
npm ERR!     /Users/remi/Google_Drive/Dev/cloudlaunch-ui/npm-debug.log
```

What do you think I should do to fix this?
"
