URL,Repository URL,Labels URL,Comments URL,Events URL,HTML URL,ID,Node ID,Number,Title,User,Labels,State,Locked,Assignee,Assignees,Milestone,Comments,Created At,Updated At,Closed At,Author Association,Body
https://api.github.com/repos/galaxyproject/infrastructure-playbook/issues/33,https://api.github.com/repos/galaxyproject/infrastructure-playbook,https://api.github.com/repos/galaxyproject/infrastructure-playbook/issues/33/labels{/name},https://api.github.com/repos/galaxyproject/infrastructure-playbook/issues/33/comments,https://api.github.com/repos/galaxyproject/infrastructure-playbook/issues/33/events,https://github.com/galaxyproject/infrastructure-playbook/issues/33,996177173,I_kwDOAmDb9847YHUV,33,Deposit periodic gx-admin reports somewhere...,jmchilton,,open,False,,,,0,2021-09-14T15:52:51Z,2021-09-14T15:52:51Z,,MEMBER,"I added some queries to gx-admin to try to figure out what tools are broken, but we never figured out how to get them into Grafana. 

These include:
- tools-likely-broken https://github.com/galaxyproject/gxadmin/blob/main/parts/22-query.sh#L2446
- tool-errors https://github.com/galaxyproject/gxadmin/blob/main/parts/22-query.sh#L2398
- tool-new-errors https://github.com/galaxyproject/gxadmin/blob/main/parts/22-query.sh#L2350

It would be cool to run these periodically and make the results available somewhere. Grafana would be good but I really like Alex's approach of depositing things to Github also:

- https://github.com/almahmoud/anvil-misc/tree/master/reports/anvil-production/

This would be pretty open and pretty ideal for reasoning about tools. An arbitrary static site with index available would be totally fine also.

Another useful query I'd like to deposited somewhere would be:
- tool-usage https://github.com/galaxyproject/gxadmin/blob/main/parts/22-query.sh#L44

"
https://api.github.com/repos/galaxyproject/infrastructure-playbook/issues/24,https://api.github.com/repos/galaxyproject/infrastructure-playbook,https://api.github.com/repos/galaxyproject/infrastructure-playbook/issues/24/labels{/name},https://api.github.com/repos/galaxyproject/infrastructure-playbook/issues/24/comments,https://api.github.com/repos/galaxyproject/infrastructure-playbook/issues/24/events,https://github.com/galaxyproject/infrastructure-playbook/issues/24,356202442,MDU6SXNzdWUzNTYyMDI0NDI=,24,getgalaxy.org has a mismatching SSL certificate,nsoranzo,,open,False,,,,0,2018-09-01T13:27:29Z,2018-09-01T13:27:29Z,,MEMBER,"When trying to connect to https://getgalaxy.org , Firefox generates the ""Connection is not secure"" page because the SSL certificate is for `*.galaxyproject.org` . See also https://www.sslshopper.com/ssl-checker.html#hostname=getgalaxy.org"
https://api.github.com/repos/galaxyproject/infrastructure-playbook/issues/21,https://api.github.com/repos/galaxyproject/infrastructure-playbook,https://api.github.com/repos/galaxyproject/infrastructure-playbook/issues/21/labels{/name},https://api.github.com/repos/galaxyproject/infrastructure-playbook/issues/21/comments,https://api.github.com/repos/galaxyproject/infrastructure-playbook/issues/21/events,https://github.com/galaxyproject/infrastructure-playbook/issues/21,308577266,MDU6SXNzdWUzMDg1NzcyNjY=,21,Setup infrastructure for containerized tool execution for insecure tools. ,jmchilton,,open,False,,,,0,2018-03-26T13:41:43Z,2018-03-26T13:41:43Z,,MEMBER,"Someday we should be running all tools this way, and when we have to disable tools for security problems it would be good to have a Dockerized destination we could send them to in order to keep them in the tool panel.

- SLURM worker node needs to have a Docker service running.
- Add ``<param id=""docker_enable"">True</param>`` to the destination for the tool.
- Use ``<param id=""docker_container_id_override"">XXX</param>`` to hardcode the image ID at first to use for the tool - the images will likely all exist on quay.io. Longer term we can let Galaxy find the image ID from the requirements but this reduces potential problems until we get things robust and running.

Alternatively we could use Singularity. I can provide instructions for that as well.
"
https://api.github.com/repos/galaxyproject/infrastructure-playbook/issues/17,https://api.github.com/repos/galaxyproject/infrastructure-playbook,https://api.github.com/repos/galaxyproject/infrastructure-playbook/issues/17/labels{/name},https://api.github.com/repos/galaxyproject/infrastructure-playbook/issues/17/comments,https://api.github.com/repos/galaxyproject/infrastructure-playbook/issues/17/events,https://github.com/galaxyproject/infrastructure-playbook/issues/17,232947207,MDU6SXNzdWUyMzI5NDcyMDc=,17,Convert Docker role (and others) to new SSL role,natefoo,enhancement,open,False,natefoo,natefoo,,0,2017-06-01T17:06:41Z,2017-06-01T17:06:48Z,,MEMBER,"At least the internal roles should switch to this. Trickier for the published roles since the SSL role isn't published and isn't quite as generalized as the others (or rather, we don't necessarily want people to be required to use our SSL role if they want to enable SSL when using our nginx role - but maybe that's ok)."
https://api.github.com/repos/galaxyproject/infrastructure-playbook/issues/13,https://api.github.com/repos/galaxyproject/infrastructure-playbook,https://api.github.com/repos/galaxyproject/infrastructure-playbook/issues/13/labels{/name},https://api.github.com/repos/galaxyproject/infrastructure-playbook/issues/13/comments,https://api.github.com/repos/galaxyproject/infrastructure-playbook/issues/13/events,https://github.com/galaxyproject/infrastructure-playbook/issues/13,200138598,MDU6SXNzdWUyMDAxMzg1OTg=,13,document Jenkins here,martenson,,open,False,martenson,martenson,,0,2017-01-11T16:20:30Z,2017-01-11T16:20:30Z,,MEMBER,ping @jmchilton 
https://api.github.com/repos/galaxyproject/infrastructure-playbook/issues/6,https://api.github.com/repos/galaxyproject/infrastructure-playbook,https://api.github.com/repos/galaxyproject/infrastructure-playbook/issues/6/labels{/name},https://api.github.com/repos/galaxyproject/infrastructure-playbook/issues/6/comments,https://api.github.com/repos/galaxyproject/infrastructure-playbook/issues/6/events,https://github.com/galaxyproject/infrastructure-playbook/issues/6,107278413,MDU6SXNzdWUxMDcyNzg0MTM=,6,add global grunt-cli to n2,martenson,,open,False,,,,1,2015-09-18T21:05:17Z,2015-09-21T14:46:12Z,,MEMBER,"I had to run `npm install -g grunt-cli` manually in order to get qunit tests working; this needs to be added to ansible
"
https://api.github.com/repos/galaxyproject/infrastructure-playbook/issues/3,https://api.github.com/repos/galaxyproject/infrastructure-playbook,https://api.github.com/repos/galaxyproject/infrastructure-playbook/issues/3/labels{/name},https://api.github.com/repos/galaxyproject/infrastructure-playbook/issues/3/comments,https://api.github.com/repos/galaxyproject/infrastructure-playbook/issues/3/events,https://github.com/galaxyproject/infrastructure-playbook/issues/3,106621210,MDU6SXNzdWUxMDY2MjEyMTA=,3,Add Docker runnable by jenkins to n2.,jmchilton,,closed,False,natefoo,natefoo,,1,2015-09-15T18:53:23Z,2015-09-16T17:59:11Z,2015-09-16T17:59:11Z,MEMBER,
