URL,Repository URL,Labels URL,Comments URL,Events URL,HTML URL,ID,Node ID,Number,Title,User,Labels,State,Locked,Assignee,Assignees,Milestone,Comments,Created At,Updated At,Closed At,Author Association,Body
https://api.github.com/repos/galaxyproject/blend4php/issues/25,https://api.github.com/repos/galaxyproject/blend4php,https://api.github.com/repos/galaxyproject/blend4php/issues/25/labels{/name},https://api.github.com/repos/galaxyproject/blend4php/issues/25/comments,https://api.github.com/repos/galaxyproject/blend4php/issues/25/events,https://github.com/galaxyproject/blend4php/issues/25,459485655,MDU6SXNzdWU0NTk0ODU2NTU=,25,Groups - update() typo,Ferrisx4,,closed,False,,,,1,2019-06-22T15:41:59Z,2019-06-23T06:22:44Z,2019-06-23T06:22:44Z,CONTRIBUTOR,"The update function tries to json_encode incorrect variable on two occasions

```$params['user_ids'] = json_encode($user_ids);```

and

```$params['role_ids'] = json_encode($role_ids);```"
https://api.github.com/repos/galaxyproject/blend4php/issues/24,https://api.github.com/repos/galaxyproject/blend4php,https://api.github.com/repos/galaxyproject/blend4php/issues/24/labels{/name},https://api.github.com/repos/galaxyproject/blend4php/issues/24/comments,https://api.github.com/repos/galaxyproject/blend4php/issues/24/events,https://github.com/galaxyproject/blend4php/issues/24,344999372,MDU6SXNzdWUzNDQ5OTkzNzI=,24,Documentation needs updating to address a typo,shawnawsu,,open,False,,,,0,2018-07-26T20:46:36Z,2018-07-26T20:46:36Z,,NONE,"The path for *showInvocations* (http://galaxyproject.github.io/blend4php/docs-v0.1a/html/classGalaxyWorkflows.html#a2c181ced20cf625a8b23d4802fc745fe) should be */api/workflows/{workflow_id}/invocations/{invocation_id}* instead of */api/workflows/{workflow_id}/invocation/{invocation_id}*.

As reported by Nic Herndon."
https://api.github.com/repos/galaxyproject/blend4php/issues/23,https://api.github.com/repos/galaxyproject/blend4php,https://api.github.com/repos/galaxyproject/blend4php/issues/23/labels{/name},https://api.github.com/repos/galaxyproject/blend4php/issues/23/comments,https://api.github.com/repos/galaxyproject/blend4php/issues/23/events,https://github.com/galaxyproject/blend4php/issues/23,287573856,MDU6SXNzdWUyODc1NzM4NTY=,23,Update API bindings up to 17.09,cwytko,enhancement,open,False,,,,0,2018-01-10T20:54:24Z,2018-01-10T20:54:24Z,,COLLABORATOR,
https://api.github.com/repos/galaxyproject/blend4php/issues/22,https://api.github.com/repos/galaxyproject/blend4php,https://api.github.com/repos/galaxyproject/blend4php/issues/22/labels{/name},https://api.github.com/repos/galaxyproject/blend4php/issues/22/comments,https://api.github.com/repos/galaxyproject/blend4php/issues/22/events,https://github.com/galaxyproject/blend4php/issues/22,229135018,MDU6SXNzdWUyMjkxMzUwMTg=,22,Update core functionality based off of updates to galaxy API,cwytko,,open,False,cwytko,cwytko,,0,2017-05-16T18:56:47Z,2017-05-16T18:56:47Z,,COLLABORATOR,Add the new/improved functions to update the PHP API calls to galaxy's Python API
https://api.github.com/repos/galaxyproject/blend4php/issues/21,https://api.github.com/repos/galaxyproject/blend4php,https://api.github.com/repos/galaxyproject/blend4php/issues/21/labels{/name},https://api.github.com/repos/galaxyproject/blend4php/issues/21/comments,https://api.github.com/repos/galaxyproject/blend4php/issues/21/events,https://github.com/galaxyproject/blend4php/issues/21,228823934,MDU6SXNzdWUyMjg4MjM5MzQ=,21,Update README to include a Drupal example,spficklin,,open,False,cwytko,cwytko,,0,2017-05-15T19:47:17Z,2017-05-17T18:40:36Z,,COLLABORATOR,...nough said
https://api.github.com/repos/galaxyproject/blend4php/issues/20,https://api.github.com/repos/galaxyproject/blend4php,https://api.github.com/repos/galaxyproject/blend4php/issues/20/labels{/name},https://api.github.com/repos/galaxyproject/blend4php/issues/20/comments,https://api.github.com/repos/galaxyproject/blend4php/issues/20/events,https://github.com/galaxyproject/blend4php/issues/20,228374037,MDU6SXNzdWUyMjgzNzQwMzc=,20,Slack test,cwytko,,closed,False,,,,0,2017-05-12T18:37:20Z,2017-05-12T18:39:49Z,2017-05-12T18:39:49Z,COLLABORATOR,Making sure slack channel catches this
https://api.github.com/repos/galaxyproject/blend4php/issues/19,https://api.github.com/repos/galaxyproject/blend4php,https://api.github.com/repos/galaxyproject/blend4php/issues/19/labels{/name},https://api.github.com/repos/galaxyproject/blend4php/issues/19/comments,https://api.github.com/repos/galaxyproject/blend4php/issues/19/events,https://github.com/galaxyproject/blend4php/issues/19,214875088,MDU6SXNzdWUyMTQ4NzUwODg=,19,tool->create only uploads 1 file even if multiple are provided,spficklin,,open,False,,,,0,2017-03-17T00:17:18Z,2017-03-17T00:17:18Z,,COLLABORATOR,enough said...
https://api.github.com/repos/galaxyproject/blend4php/issues/18,https://api.github.com/repos/galaxyproject/blend4php,https://api.github.com/repos/galaxyproject/blend4php/issues/18/labels{/name},https://api.github.com/repos/galaxyproject/blend4php/issues/18/comments,https://api.github.com/repos/galaxyproject/blend4php/issues/18/events,https://github.com/galaxyproject/blend4php/issues/18,165212033,MDU6SXNzdWUxNjUyMTIwMzM=,18,history/current_history_json,cwytko,,closed,False,,,,1,2016-07-13T00:34:19Z,2016-09-06T16:37:11Z,2016-09-06T16:37:11Z,COLLABORATOR,"This stateless call gets a current history, possibly from a session cookie of a user IF found the server generates a new history on the fly.
This is dangerous as there will be multiple users on a given server instance, and depending on who calls on the server, how will the server choose which current history to return to a given call?
"
https://api.github.com/repos/galaxyproject/blend4php/issues/17,https://api.github.com/repos/galaxyproject/blend4php,https://api.github.com/repos/galaxyproject/blend4php/issues/17/labels{/name},https://api.github.com/repos/galaxyproject/blend4php/issues/17/comments,https://api.github.com/repos/galaxyproject/blend4php/issues/17/events,https://github.com/galaxyproject/blend4php/issues/17,162266694,MDU6SXNzdWUxNjIyNjY2OTQ=,17,Tools Diagnostics Test Fails,spficklin,,closed,False,cwytko,cwytko,,1,2016-06-25T06:23:29Z,2016-09-27T16:56:47Z,2016-09-27T16:56:47Z,COLLABORATOR,"When testing the GalaxyTools::diagnostic function this error is returned:

Uncaught exception in exposed API method

The URL is identical to that used in the GalaxyTools::show function but with the word diagnostic at the end.  
"
https://api.github.com/repos/galaxyproject/blend4php/issues/16,https://api.github.com/repos/galaxyproject/blend4php,https://api.github.com/repos/galaxyproject/blend4php/issues/16/labels{/name},https://api.github.com/repos/galaxyproject/blend4php/issues/16/comments,https://api.github.com/repos/galaxyproject/blend4php/issues/16/events,https://github.com/galaxyproject/blend4php/issues/16,158772128,MDU6SXNzdWUxNTg3NzIxMjg=,16,Histories index should have params = array(),i-am-b-soto,,closed,False,cwytko,cwytko,,1,2016-06-06T20:52:24Z,2016-06-06T21:18:17Z,2016-06-06T21:18:17Z,COLLABORATOR,"Index should have a default argument of params = array(). history->index() should work. :) 
"
https://api.github.com/repos/galaxyproject/blend4php/issues/15,https://api.github.com/repos/galaxyproject/blend4php,https://api.github.com/repos/galaxyproject/blend4php/issues/15/labels{/name},https://api.github.com/repos/galaxyproject/blend4php/issues/15/comments,https://api.github.com/repos/galaxyproject/blend4php/issues/15/events,https://github.com/galaxyproject/blend4php/issues/15,158219175,MDU6SXNzdWUxNTgyMTkxNzU=,15,Dataset Collections,cwytko,enhancement,open,False,,,,2,2016-06-02T19:22:32Z,2016-09-15T17:47:45Z,,COLLABORATOR,"https://github.com/galaxyproject/planemo/commit/fea51fc

I found these 'collections' to be fickle and based off one of the contributors to the galaxyproject only 3 or 4 tools use them, and to use these tools is beyond the scope of the unit testing. In good faith the dataset collections work.
"
https://api.github.com/repos/galaxyproject/blend4php/issues/14,https://api.github.com/repos/galaxyproject/blend4php,https://api.github.com/repos/galaxyproject/blend4php/issues/14/labels{/name},https://api.github.com/repos/galaxyproject/blend4php/issues/14/comments,https://api.github.com/repos/galaxyproject/blend4php/issues/14/events,https://github.com/galaxyproject/blend4php/issues/14,157725332,MDU6SXNzdWUxNTc3MjUzMzI=,14,Groups create() function,cwytko,,closed,False,,,,1,2016-05-31T17:22:15Z,2016-09-15T17:49:45Z,2016-09-15T17:49:45Z,COLLABORATOR,"There's an unusual return condition with a comment about the problem
"
https://api.github.com/repos/galaxyproject/blend4php/issues/13,https://api.github.com/repos/galaxyproject/blend4php,https://api.github.com/repos/galaxyproject/blend4php/issues/13/labels{/name},https://api.github.com/repos/galaxyproject/blend4php/issues/13/comments,https://api.github.com/repos/galaxyproject/blend4php/issues/13/events,https://github.com/galaxyproject/blend4php/issues/13,157409702,MDU6SXNzdWUxNTc0MDk3MDI=,13,Jobs Test build for rerun,cwytko,,closed,False,cwytko,cwytko,,1,2016-05-29T22:31:22Z,2016-09-20T17:41:43Z,2016-09-20T17:41:43Z,COLLABORATOR,"The traditional authentication at the end of the url i.e. ""localhost:8080.../?key=[api_key]"" does not work with the function call for build_for_rerun, it is confusing the api key with a history id?
We need to contact the galaxy project about this one. 

This one may be useful, similar to the job search where it's looking for a tool paired with a given data set that has already been executed and loads the pre-executed set without using resources to repeat the same process.
"
https://api.github.com/repos/galaxyproject/blend4php/issues/12,https://api.github.com/repos/galaxyproject/blend4php,https://api.github.com/repos/galaxyproject/blend4php/issues/12/labels{/name},https://api.github.com/repos/galaxyproject/blend4php/issues/12/comments,https://api.github.com/repos/galaxyproject/blend4php/issues/12/events,https://github.com/galaxyproject/blend4php/issues/12,145288413,MDU6SXNzdWUxNDUyODg0MTM=,12,Genomes 'show' function,i-am-b-soto,,open,False,cwytko,cwytko,,0,2016-04-01T21:26:36Z,2016-09-15T17:51:12Z,,COLLABORATOR,"The show function in genomes returns an internal server error when called through a GET rest request to the URL /api/genomes/{genome_id}, 
Where if a genome object is:
[

```
""orang/human Jun. 2008 (UCSC Recon/homIni20) (homIni20)"",
""homIni20""
```

]
 homIni20 should be the genome id 
"
https://api.github.com/repos/galaxyproject/blend4php/issues/11,https://api.github.com/repos/galaxyproject/blend4php,https://api.github.com/repos/galaxyproject/blend4php/issues/11/labels{/name},https://api.github.com/repos/galaxyproject/blend4php/issues/11/comments,https://api.github.com/repos/galaxyproject/blend4php/issues/11/events,https://github.com/galaxyproject/blend4php/issues/11,145287706,MDU6SXNzdWUxNDUyODc3MDY=,11,Workflows 'buildModule' function ,i-am-b-soto,,open,False,cwytko,cwytko,,0,2016-04-01T21:22:08Z,2016-09-15T17:51:06Z,,COLLABORATOR,"The python API for Workflows allows for a 'buildModule' function. 
It is unclear the complete functionality of such an operation and the arguments needed to run and test such function.  
"
https://api.github.com/repos/galaxyproject/blend4php/issues/10,https://api.github.com/repos/galaxyproject/blend4php,https://api.github.com/repos/galaxyproject/blend4php/issues/10/labels{/name},https://api.github.com/repos/galaxyproject/blend4php/issues/10/comments,https://api.github.com/repos/galaxyproject/blend4php/issues/10/events,https://github.com/galaxyproject/blend4php/issues/10,145287339,MDU6SXNzdWUxNDUyODczMzk=,10,'Parameters' for Workflows invoke() function ,i-am-b-soto,,closed,False,,,,0,2016-04-01T21:19:58Z,2016-09-15T17:32:29Z,2016-09-15T17:32:29Z,COLLABORATOR,"The invoke function in the python workflows class allows for an argument titled 'Parameters' in it's Payload. In theory, a workflow can be modified in how it is run by editing it's parameters. 
Assumed to be formatted in a similar way to the 'parameters argument for the create() function, it is still unknown how these parameters are to be formatted.  
"
https://api.github.com/repos/galaxyproject/blend4php/issues/9,https://api.github.com/repos/galaxyproject/blend4php,https://api.github.com/repos/galaxyproject/blend4php/issues/9/labels{/name},https://api.github.com/repos/galaxyproject/blend4php/issues/9/comments,https://api.github.com/repos/galaxyproject/blend4php/issues/9/events,https://github.com/galaxyproject/blend4php/issues/9,145286944,MDU6SXNzdWUxNDUyODY5NDQ=,9,Workflows 'updateInvocationSteps' function,i-am-b-soto,question,open,False,cwytko,cwytko,,0,2016-04-01T21:17:27Z,2016-09-15T17:51:00Z,,COLLABORATOR,"We are still unclear the parameters needed to update a invocation step. And it is unclear how this will effect an invocation object that is currently running. 
To obtain more information on an invocation step, workflow's indexInvocation() function.
"
https://api.github.com/repos/galaxyproject/blend4php/issues/8,https://api.github.com/repos/galaxyproject/blend4php,https://api.github.com/repos/galaxyproject/blend4php/issues/8/labels{/name},https://api.github.com/repos/galaxyproject/blend4php/issues/8/comments,https://api.github.com/repos/galaxyproject/blend4php/issues/8/events,https://github.com/galaxyproject/blend4php/issues/8,145286621,MDU6SXNzdWUxNDUyODY2MjE=,8,'Parameters' for create Workflow function ,i-am-b-soto,,closed,False,,,,0,2016-04-01T21:15:26Z,2016-09-15T17:32:41Z,2016-09-15T17:32:41Z,COLLABORATOR,"So the create function in class workflows has the option to create workflows in methods other than from a pr-exisitng JSON representation, which is how we are suing the function now. 

One way of creating a workflow is to append additional parameters onto a pr-existing workflow. However, this requires a 'parameters' argument to be passed into the payload argument of our function. It is still unclear as to how this argument should be formatted.  
"
https://api.github.com/repos/galaxyproject/blend4php/issues/7,https://api.github.com/repos/galaxyproject/blend4php,https://api.github.com/repos/galaxyproject/blend4php/issues/7/labels{/name},https://api.github.com/repos/galaxyproject/blend4php/issues/7/comments,https://api.github.com/repos/galaxyproject/blend4php/issues/7/events,https://github.com/galaxyproject/blend4php/issues/7,144342524,MDU6SXNzdWUxNDQzNDI1MjQ=,7,testSearch for JobsTest,cwytko,,open,False,cwytko,cwytko,,0,2016-03-29T18:03:36Z,2016-09-15T17:50:53Z,,COLLABORATOR,"the function's API input parameters in our function call are not right
"
https://api.github.com/repos/galaxyproject/blend4php/issues/6,https://api.github.com/repos/galaxyproject/blend4php,https://api.github.com/repos/galaxyproject/blend4php/issues/6/labels{/name},https://api.github.com/repos/galaxyproject/blend4php/issues/6/comments,https://api.github.com/repos/galaxyproject/blend4php/issues/6/events,https://github.com/galaxyproject/blend4php/issues/6,139451490,MDU6SXNzdWUxMzk0NTE0OTA=,6,Libraries delete isn't working,spficklin,,closed,False,cwytko,cwytko,,3,2016-03-09T02:04:53Z,2016-09-15T18:32:05Z,2016-09-15T18:32:05Z,COLLABORATOR,"The Libraries::delete function properly marks a library as delete, but it's ""undelete"" property doesn't seem to work.  

Also, the 'deleted' argument for the Libraries::index() function doesn't seem to work.  It is supposed to filter what gets returned by either deleted or not, but it always returns all libraries.

I suspect this may be an issue with the Galaxy API, but it needs checking.
"
https://api.github.com/repos/galaxyproject/blend4php/issues/5,https://api.github.com/repos/galaxyproject/blend4php,https://api.github.com/repos/galaxyproject/blend4php/issues/5/labels{/name},https://api.github.com/repos/galaxyproject/blend4php/issues/5/comments,https://api.github.com/repos/galaxyproject/blend4php/issues/5/events,https://github.com/galaxyproject/blend4php/issues/5,134787009,MDU6SXNzdWUxMzQ3ODcwMDk=,5,User->show() is missing support for 'deleted' and 'current' ,spficklin,,closed,False,i-am-b-soto,i-am-b-soto,,1,2016-02-19T06:32:32Z,2016-09-19T18:50:25Z,2016-09-19T18:50:25Z,COLLABORATOR,"The Galaxy Python API code indicates that the user API show() function supports listing of 'deleted' users and details for the 'current' user.  But our implementation of the User->show() function doesn't support showing deleted users or the current user.
"
https://api.github.com/repos/galaxyproject/blend4php/issues/4,https://api.github.com/repos/galaxyproject/blend4php,https://api.github.com/repos/galaxyproject/blend4php/issues/4/labels{/name},https://api.github.com/repos/galaxyproject/blend4php/issues/4/comments,https://api.github.com/repos/galaxyproject/blend4php/issues/4/events,https://github.com/galaxyproject/blend4php/issues/4,134776736,MDU6SXNzdWUxMzQ3NzY3MzY=,4,User->create() argument checking,spficklin,,closed,False,cwytko,cwytko,,2,2016-02-19T05:33:37Z,2016-02-19T06:15:04Z,2016-02-19T06:15:04Z,COLLABORATOR,"Galaxy has specific rules for creating users.  The name must be lowercase, etc.  Should we add checks in the User>create() function to keep the user from providing bad argument values or do we get a good enough error from Galaxy to just return a FALSE and let the Galaxy error message inform the user?
"
https://api.github.com/repos/galaxyproject/blend4php/issues/3,https://api.github.com/repos/galaxyproject/blend4php,https://api.github.com/repos/galaxyproject/blend4php/issues/3/labels{/name},https://api.github.com/repos/galaxyproject/blend4php/issues/3/comments,https://api.github.com/repos/galaxyproject/blend4php/issues/3/events,https://github.com/galaxyproject/blend4php/issues/3,134093741,MDU6SXNzdWUxMzQwOTM3NDE=,3,Checking Galaxy Connection,spficklin,,closed,False,cwytko,cwytko,,1,2016-02-16T20:51:43Z,2016-03-09T02:02:41Z,2016-03-09T02:02:41Z,COLLABORATOR,"What if a someone is running something else on port 8080 (i.e. Tomcat) the checkConnection should return FALSE.
"
https://api.github.com/repos/galaxyproject/blend4php/issues/2,https://api.github.com/repos/galaxyproject/blend4php,https://api.github.com/repos/galaxyproject/blend4php/issues/2/labels{/name},https://api.github.com/repos/galaxyproject/blend4php/issues/2/comments,https://api.github.com/repos/galaxyproject/blend4php/issues/2/events,https://github.com/galaxyproject/blend4php/issues/2,134080208,MDU6SXNzdWUxMzQwODAyMDg=,2,Create a TestSuite XML File for the tests.,spficklin,,closed,False,cwytko,cwytko,,2,2016-02-16T19:50:27Z,2016-03-09T02:02:25Z,2016-03-09T02:02:25Z,COLLABORATOR,"Create a TestSuite XML File for the tests so that we can order the entire set.
"
