URL,Repository URL,Labels URL,Comments URL,Events URL,HTML URL,ID,Node ID,Number,Title,User,Labels,State,Locked,Assignee,Assignees,Milestone,Comments,Created At,Updated At,Closed At,Author Association,Body
https://api.github.com/repos/galaxyproject/galaxy_tool_metadata_extractor/issues/97,https://api.github.com/repos/galaxyproject/galaxy_tool_metadata_extractor,https://api.github.com/repos/galaxyproject/galaxy_tool_metadata_extractor/issues/97/labels{/name},https://api.github.com/repos/galaxyproject/galaxy_tool_metadata_extractor/issues/97/comments,https://api.github.com/repos/galaxyproject/galaxy_tool_metadata_extractor/issues/97/events,https://github.com/galaxyproject/galaxy_tool_metadata_extractor/issues/97,2262935002,I_kwDOIQitUM6G4aXa,97,Duplication of tools,bebatut,,open,False,,,,0,2024-04-25T07:56:06Z,2024-04-25T07:56:07Z,,MEMBER,Some tools like `suite_qiime2__alignment` appear several times in the tool tables
https://api.github.com/repos/galaxyproject/galaxy_tool_metadata_extractor/issues/96,https://api.github.com/repos/galaxyproject/galaxy_tool_metadata_extractor,https://api.github.com/repos/galaxyproject/galaxy_tool_metadata_extractor/issues/96/labels{/name},https://api.github.com/repos/galaxyproject/galaxy_tool_metadata_extractor/issues/96/comments,https://api.github.com/repos/galaxyproject/galaxy_tool_metadata_extractor/issues/96/events,https://github.com/galaxyproject/galaxy_tool_metadata_extractor/issues/96,2231565442,I_kwDOIQitUM6FAvyC,96,Please help with DOI,matuskalas,,closed,False,,,,4,2024-04-08T15:50:20Z,2024-04-08T18:19:05Z,2024-04-08T18:18:53Z,CONTRIBUTOR,"Hi @paulzierep @bebatut @supernord, urgent help please 😊

How long did it take for you to get the DOI after you submitted the preprint? And how did you get it?

CC @beatrizserrano @rioualen

Billion thanks!!! 🙏🏽🙏🏽🙇🏽‍♂️"
https://api.github.com/repos/galaxyproject/galaxy_tool_metadata_extractor/issues/95,https://api.github.com/repos/galaxyproject/galaxy_tool_metadata_extractor,https://api.github.com/repos/galaxyproject/galaxy_tool_metadata_extractor/issues/95/labels{/name},https://api.github.com/repos/galaxyproject/galaxy_tool_metadata_extractor/issues/95/comments,https://api.github.com/repos/galaxyproject/galaxy_tool_metadata_extractor/issues/95/events,https://github.com/galaxyproject/galaxy_tool_metadata_extractor/issues/95,2222913943,I_kwDOIQitUM6EfvmX,95,Merge list of tools to keep and to exclude in 1 file,bebatut,,open,False,,,,0,2024-04-03T13:16:50Z,2024-04-03T13:16:50Z,,MEMBER,"Idea: instead having 2 files (1 with tools to keep and 1 with tools to exclude), having a file with 2 columns: the tool and then a boolean if the tool should be kept or not"
https://api.github.com/repos/galaxyproject/galaxy_tool_metadata_extractor/issues/92,https://api.github.com/repos/galaxyproject/galaxy_tool_metadata_extractor,https://api.github.com/repos/galaxyproject/galaxy_tool_metadata_extractor/issues/92/labels{/name},https://api.github.com/repos/galaxyproject/galaxy_tool_metadata_extractor/issues/92/comments,https://api.github.com/repos/galaxyproject/galaxy_tool_metadata_extractor/issues/92/events,https://github.com/galaxyproject/galaxy_tool_metadata_extractor/issues/92,2205480179,I_kwDOIQitUM6DdPTz,92,Export tool information as JSON (before TSV export),bebatut,,open,False,,,,0,2024-03-25T11:04:34Z,2024-03-25T11:04:34Z,,MEMBER,"It might be nice to export the tool information as a JSON (allowing to have more structured information) before the TSV export.
It might make it to import for filtering or for the using it with other resources (training, workflows)"
https://api.github.com/repos/galaxyproject/galaxy_tool_metadata_extractor/issues/86,https://api.github.com/repos/galaxyproject/galaxy_tool_metadata_extractor,https://api.github.com/repos/galaxyproject/galaxy_tool_metadata_extractor/issues/86/labels{/name},https://api.github.com/repos/galaxyproject/galaxy_tool_metadata_extractor/issues/86/comments,https://api.github.com/repos/galaxyproject/galaxy_tool_metadata_extractor/issues/86/events,https://github.com/galaxyproject/galaxy_tool_metadata_extractor/issues/86,2195984741,I_kwDOIQitUM6C5BFl,86,Should we discuss the author's order?,supernord,,closed,False,,,,9,2024-03-19T20:47:14Z,2024-03-22T05:36:54Z,2024-03-22T05:36:54Z,COLLABORATOR,"Should we discuss the author's order?

_Originally posted by @bebatut in https://github.com/galaxyproject/galaxy_tool_metadata_extractor/issues/79#issuecomment-2006756391_

Moving this to a new issue so that I can merge the PR and create a new preview pdf for the paper."
https://api.github.com/repos/galaxyproject/galaxy_tool_metadata_extractor/issues/84,https://api.github.com/repos/galaxyproject/galaxy_tool_metadata_extractor,https://api.github.com/repos/galaxyproject/galaxy_tool_metadata_extractor/issues/84/labels{/name},https://api.github.com/repos/galaxyproject/galaxy_tool_metadata_extractor/issues/84/comments,https://api.github.com/repos/galaxyproject/galaxy_tool_metadata_extractor/issues/84/events,https://github.com/galaxyproject/galaxy_tool_metadata_extractor/issues/84,2193367175,I_kwDOIQitUM6CvCCH,84,Submitting paper this week,supernord,,closed,False,bebatut,"bebatut, nsoranzo, EngyNasr, paulzierep",,9,2024-03-18T21:29:15Z,2024-04-09T08:33:58Z,2024-04-09T08:33:58Z,COLLABORATOR,"We would like to submit the BioHackathon 2023 paper this week 😄 

If you have any final changes, could you please add these by Thursday? 
https://github.com/galaxyproject/galaxy_tool_metadata_extractor/blob/main/docs/publications/BioHackrXiv/paper.md

@bebatut @paulzierep @nsoranzo @EngyNasr @J-Swang @matuskalas @tuncK"
https://api.github.com/repos/galaxyproject/galaxy_tool_metadata_extractor/issues/81,https://api.github.com/repos/galaxyproject/galaxy_tool_metadata_extractor,https://api.github.com/repos/galaxyproject/galaxy_tool_metadata_extractor/issues/81/labels{/name},https://api.github.com/repos/galaxyproject/galaxy_tool_metadata_extractor/issues/81/comments,https://api.github.com/repos/galaxyproject/galaxy_tool_metadata_extractor/issues/81/events,https://github.com/galaxyproject/galaxy_tool_metadata_extractor/issues/81,2191546028,I_kwDOIQitUM6CoFas,81,Add  (community-curated) deprecated status in the table,bebatut,,open,False,,,,0,2024-03-18T08:36:57Z,2024-03-18T08:36:57Z,,MEMBER,Maybe using an extra file with list of tool ids to annotate as deprecated
https://api.github.com/repos/galaxyproject/galaxy_tool_metadata_extractor/issues/80,https://api.github.com/repos/galaxyproject/galaxy_tool_metadata_extractor,https://api.github.com/repos/galaxyproject/galaxy_tool_metadata_extractor/issues/80/labels{/name},https://api.github.com/repos/galaxyproject/galaxy_tool_metadata_extractor/issues/80/comments,https://api.github.com/repos/galaxyproject/galaxy_tool_metadata_extractor/issues/80/events,https://github.com/galaxyproject/galaxy_tool_metadata_extractor/issues/80,2188100730,I_kwDOIQitUM6Ca8R6,80,Exclude tools without XML file,bebatut,,open,False,,,,2,2024-03-15T09:38:07Z,2024-03-15T11:34:41Z,,MEMBER,Example: https://github.com/bgruening/galaxytools/tree/master/tools/iprscan5
https://api.github.com/repos/galaxyproject/galaxy_tool_metadata_extractor/issues/74,https://api.github.com/repos/galaxyproject/galaxy_tool_metadata_extractor,https://api.github.com/repos/galaxyproject/galaxy_tool_metadata_extractor/issues/74/labels{/name},https://api.github.com/repos/galaxyproject/galaxy_tool_metadata_extractor/issues/74/comments,https://api.github.com/repos/galaxyproject/galaxy_tool_metadata_extractor/issues/74/events,https://github.com/galaxyproject/galaxy_tool_metadata_extractor/issues/74,2183376782,I_kwDOIQitUM6CI6-O,74,Add proposed bio.tools entry,paulzierep,,open,False,,,,1,2024-03-13T08:18:02Z,2024-03-13T11:57:06Z,,COLLABORATOR,Query bio.tools using requirements and suite name and add a proposed bio.tools entry column
https://api.github.com/repos/galaxyproject/galaxy_tool_metadata_extractor/issues/68,https://api.github.com/repos/galaxyproject/galaxy_tool_metadata_extractor,https://api.github.com/repos/galaxyproject/galaxy_tool_metadata_extractor/issues/68/labels{/name},https://api.github.com/repos/galaxyproject/galaxy_tool_metadata_extractor/issues/68/comments,https://api.github.com/repos/galaxyproject/galaxy_tool_metadata_extractor/issues/68/events,https://github.com/galaxyproject/galaxy_tool_metadata_extractor/issues/68,2178678862,I_kwDOIQitUM6B3ABO,68,mechanism for handling tools not covered by planemo monito,bernt-matthias,,closed,False,,,,3,2024-03-11T09:41:57Z,2024-03-12T15:13:33Z,2024-03-12T15:13:33Z,NONE,"for instance qiime2 (which uses an explicit container).

not sure if a mechanism is needed. Should be only a very few tools."
https://api.github.com/repos/galaxyproject/galaxy_tool_metadata_extractor/issues/67,https://api.github.com/repos/galaxyproject/galaxy_tool_metadata_extractor,https://api.github.com/repos/galaxyproject/galaxy_tool_metadata_extractor/issues/67/labels{/name},https://api.github.com/repos/galaxyproject/galaxy_tool_metadata_extractor/issues/67/comments,https://api.github.com/repos/galaxyproject/galaxy_tool_metadata_extractor/issues/67/events,https://github.com/galaxyproject/galaxy_tool_metadata_extractor/issues/67,2173623274,I_kwDOIQitUM6Bjtvq,67,Define logic for suits with tools that have different bio.tools entries,paulzierep,,open,False,,,,5,2024-03-07T11:17:57Z,2024-03-12T15:17:32Z,,COLLABORATOR,"Currently, we assume that all tools in a suite (i.e. github folder) have the same bio.tools ID.
However, there are some suites where the contained tools have different bio.tool IDs: For example: https://github.com/galaxyproject/tools-iuc/tree/main/tools/spades

As a consequence, our tool only parses one bio.tools entry, which is not correct for all tools.
We need to brainstorm how to handle these cases.

A) Aggregate the bio.tools entries and EDAM Terms (similar to the `Galaxy tool ids` row)
B) One row for each Galaxy tool ids (this would probably mean a good amount of restructuring, i.e. creating a tool list and an aggregated list)

Any vote for either way ? "
https://api.github.com/repos/galaxyproject/galaxy_tool_metadata_extractor/issues/60,https://api.github.com/repos/galaxyproject/galaxy_tool_metadata_extractor,https://api.github.com/repos/galaxyproject/galaxy_tool_metadata_extractor/issues/60/labels{/name},https://api.github.com/repos/galaxyproject/galaxy_tool_metadata_extractor/issues/60/comments,https://api.github.com/repos/galaxyproject/galaxy_tool_metadata_extractor/issues/60/events,https://github.com/galaxyproject/galaxy_tool_metadata_extractor/issues/60,2134503471,I_kwDOIQitUM5_OfAv,60,Compare individual tool ids for tool stats as well,paulzierep,,open,False,,,,1,2024-02-14T14:39:48Z,2024-03-14T10:20:07Z,,COLLABORATOR,"Currently, only the suite it compared to the stats."
https://api.github.com/repos/galaxyproject/galaxy_tool_metadata_extractor/issues/59,https://api.github.com/repos/galaxyproject/galaxy_tool_metadata_extractor,https://api.github.com/repos/galaxyproject/galaxy_tool_metadata_extractor/issues/59/labels{/name},https://api.github.com/repos/galaxyproject/galaxy_tool_metadata_extractor/issues/59/comments,https://api.github.com/repos/galaxyproject/galaxy_tool_metadata_extractor/issues/59/events,https://github.com/galaxyproject/galaxy_tool_metadata_extractor/issues/59,2133917297,I_kwDOIQitUM5_MP5x,59,Add interactive tools,paulzierep,,open,False,,,,0,2024-02-14T09:36:29Z,2024-02-14T09:36:29Z,,COLLABORATOR,These are not tracked: https://github.com/galaxyproject/galaxy/tree/dev/tools/interactive
https://api.github.com/repos/galaxyproject/galaxy_tool_metadata_extractor/issues/56,https://api.github.com/repos/galaxyproject/galaxy_tool_metadata_extractor,https://api.github.com/repos/galaxyproject/galaxy_tool_metadata_extractor/issues/56/labels{/name},https://api.github.com/repos/galaxyproject/galaxy_tool_metadata_extractor/issues/56/comments,https://api.github.com/repos/galaxyproject/galaxy_tool_metadata_extractor/issues/56/events,https://github.com/galaxyproject/galaxy_tool_metadata_extractor/issues/56,2129601476,I_kwDOIQitUM5-7yPE,56,Add list of tools not annotated for a community,bebatut,,open,False,,,,0,2024-02-12T08:03:43Z,2024-02-12T08:03:43Z,,MEMBER,"Currently for a community, there are 3 files:
- List of tools to exclude
- List of tools to keep
- The tool table with 2 extra columns (keep and exclude)

It might be good that the tool generates also the list of tools that are neither to keep or to exclude (so not annotated yet)

"
https://api.github.com/repos/galaxyproject/galaxy_tool_metadata_extractor/issues/54,https://api.github.com/repos/galaxyproject/galaxy_tool_metadata_extractor,https://api.github.com/repos/galaxyproject/galaxy_tool_metadata_extractor/issues/54/labels{/name},https://api.github.com/repos/galaxyproject/galaxy_tool_metadata_extractor/issues/54/comments,https://api.github.com/repos/galaxyproject/galaxy_tool_metadata_extractor/issues/54/events,https://github.com/galaxyproject/galaxy_tool_metadata_extractor/issues/54,2122951229,I_kwDOIQitUM5-iao9,54,Add ` parsed galaxy wrapper source`,paulzierep,,open,False,,,,0,2024-02-07T12:42:21Z,2024-02-07T12:42:21Z,,COLLABORATOR,"The `galaxy wrapper source` is parsed from the .shed file: https://github.com/galaxyproject/galaxy_tool_metadata_extractor/blob/a9a6902dd4f998e5a4e31cbd4ea2ee7c5922cd77/bin/extract_galaxy_tools.py#L280
This seems to be wrong rather often, maybe we can add a column for ` parsed galaxy wrapper source` which is the actual folder where the wrapper was found."
https://api.github.com/repos/galaxyproject/galaxy_tool_metadata_extractor/issues/53,https://api.github.com/repos/galaxyproject/galaxy_tool_metadata_extractor,https://api.github.com/repos/galaxyproject/galaxy_tool_metadata_extractor/issues/53/labels{/name},https://api.github.com/repos/galaxyproject/galaxy_tool_metadata_extractor/issues/53/comments,https://api.github.com/repos/galaxyproject/galaxy_tool_metadata_extractor/issues/53/events,https://github.com/galaxyproject/galaxy_tool_metadata_extractor/issues/53,2122730770,I_kwDOIQitUM5-hk0S,53,Trigger downstream CI based on file change,paulzierep,,closed,False,,,,5,2024-02-07T10:46:28Z,2024-03-12T15:20:56Z,2024-03-12T15:20:56Z,COLLABORATOR,"I tried to set-up the CI jobs so that downstream workflows are executed based on file change. 
E.g.: The [filter communities workflow](https://github.com/galaxyproject/galaxy_tool_metadata_extractor/blob/main/.github/workflows/filter_communities.yaml) should be triggered when the `all_tools.tsv` file is changed, probably by the fetch_all_tools.yaml workflow, that is executed weekly. 
But so far the workflow is not executed automatically. The workflow itself works fine, e.g. when triggered via the `workflow_dispatch` option, but it is not automatically triggered by file change."
https://api.github.com/repos/galaxyproject/galaxy_tool_metadata_extractor/issues/45,https://api.github.com/repos/galaxyproject/galaxy_tool_metadata_extractor,https://api.github.com/repos/galaxyproject/galaxy_tool_metadata_extractor/issues/45/labels{/name},https://api.github.com/repos/galaxyproject/galaxy_tool_metadata_extractor/issues/45/comments,https://api.github.com/repos/galaxyproject/galaxy_tool_metadata_extractor/issues/45/events,https://github.com/galaxyproject/galaxy_tool_metadata_extractor/issues/45,2098039050,I_kwDOIQitUM59DYkK,45,Inform OpenAIRE about this project,bgruening,,open,False,,,,2,2024-01-24T11:15:24Z,2024-03-12T16:35:04Z,,MEMBER,If we are happy with one version we should inform OpenAIRE. They have been super interested in this for a long time.
https://api.github.com/repos/galaxyproject/galaxy_tool_metadata_extractor/issues/33,https://api.github.com/repos/galaxyproject/galaxy_tool_metadata_extractor,https://api.github.com/repos/galaxyproject/galaxy_tool_metadata_extractor/issues/33/labels{/name},https://api.github.com/repos/galaxyproject/galaxy_tool_metadata_extractor/issues/33/comments,https://api.github.com/repos/galaxyproject/galaxy_tool_metadata_extractor/issues/33/events,https://github.com/galaxyproject/galaxy_tool_metadata_extractor/issues/33,2023272392,I_kwDOIQitUM54mK_I,33,Get a DOI,bebatut,,open,False,,,,3,2023-12-04T08:14:04Z,2023-12-11T08:54:23Z,,MEMBER,"To be able to have a citation (#32), we need DOI.

We plan to submit a BioHarXiv but it feels more like the work done during the BioHackathon than the software itself.

Do you think we should submit it somewhere else in addition?

Some ideas
- Zenodo for every release
- [JOSS](https://joss.theoj.org/) which is quite quick
- Other?"
https://api.github.com/repos/galaxyproject/galaxy_tool_metadata_extractor/issues/32,https://api.github.com/repos/galaxyproject/galaxy_tool_metadata_extractor,https://api.github.com/repos/galaxyproject/galaxy_tool_metadata_extractor/issues/32/labels{/name},https://api.github.com/repos/galaxyproject/galaxy_tool_metadata_extractor/issues/32/comments,https://api.github.com/repos/galaxyproject/galaxy_tool_metadata_extractor/issues/32/events,https://github.com/galaxyproject/galaxy_tool_metadata_extractor/issues/32,2022791048,I_kwDOIQitUM54kVeI,32,Add CITATION.cff file,supernord,,open,False,,,,1,2023-12-04T00:21:48Z,2023-12-04T00:22:25Z,,COLLABORATOR,Standard file to allow others to directly and easily cite the repository.
https://api.github.com/repos/galaxyproject/galaxy_tool_metadata_extractor/issues/31,https://api.github.com/repos/galaxyproject/galaxy_tool_metadata_extractor,https://api.github.com/repos/galaxyproject/galaxy_tool_metadata_extractor/issues/31/labels{/name},https://api.github.com/repos/galaxyproject/galaxy_tool_metadata_extractor/issues/31/comments,https://api.github.com/repos/galaxyproject/galaxy_tool_metadata_extractor/issues/31/events,https://github.com/galaxyproject/galaxy_tool_metadata_extractor/issues/31,2014474750,I_kwDOIQitUM54EnH-,31,Add biii.eu to table,paulzierep,,closed,False,,,,1,2023-11-28T13:43:10Z,2024-03-01T12:06:45Z,2024-03-01T12:06:45Z,COLLABORATOR,"The imaging community would like to have a link to https://biii.eu/ in their tool table, it exists in the wrapper as xref. "
https://api.github.com/repos/galaxyproject/galaxy_tool_metadata_extractor/issues/29,https://api.github.com/repos/galaxyproject/galaxy_tool_metadata_extractor,https://api.github.com/repos/galaxyproject/galaxy_tool_metadata_extractor/issues/29/labels{/name},https://api.github.com/repos/galaxyproject/galaxy_tool_metadata_extractor/issues/29/comments,https://api.github.com/repos/galaxyproject/galaxy_tool_metadata_extractor/issues/29/events,https://github.com/galaxyproject/galaxy_tool_metadata_extractor/issues/29,1976318643,I_kwDOIQitUM51zDqz,29,Compare version of requirement instead of wrapper with conda version ,paulzierep,,open,False,,,,0,2023-11-03T14:25:32Z,2023-11-03T14:25:32Z,,COLLABORATOR,"Many wrappers do not have matching versions with the corresponding conda versions. The comparison of the requirement with the conda version would be more strict. 
thanks to @bgruening for the hint"
https://api.github.com/repos/galaxyproject/galaxy_tool_metadata_extractor/issues/25,https://api.github.com/repos/galaxyproject/galaxy_tool_metadata_extractor,https://api.github.com/repos/galaxyproject/galaxy_tool_metadata_extractor/issues/25/labels{/name},https://api.github.com/repos/galaxyproject/galaxy_tool_metadata_extractor/issues/25/comments,https://api.github.com/repos/galaxyproject/galaxy_tool_metadata_extractor/issues/25/events,https://github.com/galaxyproject/galaxy_tool_metadata_extractor/issues/25,1973992679,I_kwDOIQitUM51qLzn,25,Create an index page for the website,bebatut,,open,False,,,,0,2023-11-02T10:54:36Z,2023-11-02T10:54:36Z,,MEMBER,"-  linking to the different communities 
- showing all tools
"
https://api.github.com/repos/galaxyproject/galaxy_tool_metadata_extractor/issues/24,https://api.github.com/repos/galaxyproject/galaxy_tool_metadata_extractor,https://api.github.com/repos/galaxyproject/galaxy_tool_metadata_extractor/issues/24/labels{/name},https://api.github.com/repos/galaxyproject/galaxy_tool_metadata_extractor/issues/24/comments,https://api.github.com/repos/galaxyproject/galaxy_tool_metadata_extractor/issues/24/events,https://github.com/galaxyproject/galaxy_tool_metadata_extractor/issues/24,1973841633,I_kwDOIQitUM51pm7h,24,Add bio.tools Maturity,paulzierep,,open,False,,,,0,2023-11-02T09:27:53Z,2023-11-02T09:27:53Z,,COLLABORATOR,
https://api.github.com/repos/galaxyproject/galaxy_tool_metadata_extractor/issues/20,https://api.github.com/repos/galaxyproject/galaxy_tool_metadata_extractor,https://api.github.com/repos/galaxyproject/galaxy_tool_metadata_extractor/issues/20/labels{/name},https://api.github.com/repos/galaxyproject/galaxy_tool_metadata_extractor/issues/20/comments,https://api.github.com/repos/galaxyproject/galaxy_tool_metadata_extractor/issues/20/events,https://github.com/galaxyproject/galaxy_tool_metadata_extractor/issues/20,1971993468,I_kwDOIQitUM51ijt8,20,Update EDAM Terms,paulzierep,,open,False,,,,2,2023-11-01T09:15:37Z,2023-11-02T09:18:03Z,,COLLABORATOR,"We need a way to propose new EDAM Terms if we find missing ones. I think for now we can add them to this issue. 

We can follow up on integration later. The basic concept would be:
* make a comment in the dev version in web protégé: https://webprotege.stanford.edu/#projects/69591619-4eda-4f03-9e7f-65b213038fe1/edit/Classes?selection=Class(%3Chttp://edamontology.org/topic_3168%3E)
* get the concept approved by the community
* make a PR to the ontology github: https://github.com/edamontology/edamontology

"
https://api.github.com/repos/galaxyproject/galaxy_tool_metadata_extractor/issues/19,https://api.github.com/repos/galaxyproject/galaxy_tool_metadata_extractor,https://api.github.com/repos/galaxyproject/galaxy_tool_metadata_extractor/issues/19/labels{/name},https://api.github.com/repos/galaxyproject/galaxy_tool_metadata_extractor/issues/19/comments,https://api.github.com/repos/galaxyproject/galaxy_tool_metadata_extractor/issues/19/events,https://github.com/galaxyproject/galaxy_tool_metadata_extractor/issues/19,1970592805,I_kwDOIQitUM51dNwl,19,Add website output,paulzierep,,open,False,,,,8,2023-10-31T14:25:03Z,2024-03-11T20:45:07Z,,COLLABORATOR,"I made a quick example view of what we could get: https://paulzierep.github.io/datatable-rendering/
We can add it as an iframe to the hub.
Pages for each community could be created here... 
"
https://api.github.com/repos/galaxyproject/galaxy_tool_metadata_extractor/issues/17,https://api.github.com/repos/galaxyproject/galaxy_tool_metadata_extractor,https://api.github.com/repos/galaxyproject/galaxy_tool_metadata_extractor/issues/17/labels{/name},https://api.github.com/repos/galaxyproject/galaxy_tool_metadata_extractor/issues/17/comments,https://api.github.com/repos/galaxyproject/galaxy_tool_metadata_extractor/issues/17/events,https://github.com/galaxyproject/galaxy_tool_metadata_extractor/issues/17,1970186470,I_kwDOIQitUM51bqjm,17,Check which is the newest wrapper for multiple wrappers,paulzierep,,open,False,,,,1,2023-10-31T10:55:26Z,2023-10-31T11:35:42Z,,COLLABORATOR,"Thanks to @tuncK we found that there are tools that have been migrated (e.g. to IUC), example: https://github.com/bgruening/galaxytools/tree/master/tools/mcl
So they exist in multiple locations.
I think the tool_extractor overwrites an entry if the names are identical, so we would need two things:
a) allow storing multiple entries for tools with identical `Galaxy wrapper id` (maybe we should rename that to shed id as well  ?)
b) a way to filter for the newer wrapper, maybe based on the one with the latest commit.


"
https://api.github.com/repos/galaxyproject/galaxy_tool_metadata_extractor/issues/11,https://api.github.com/repos/galaxyproject/galaxy_tool_metadata_extractor,https://api.github.com/repos/galaxyproject/galaxy_tool_metadata_extractor/issues/11/labels{/name},https://api.github.com/repos/galaxyproject/galaxy_tool_metadata_extractor/issues/11/comments,https://api.github.com/repos/galaxyproject/galaxy_tool_metadata_extractor/issues/11/events,https://github.com/galaxyproject/galaxy_tool_metadata_extractor/issues/11,1968515954,I_kwDOIQitUM51VSty,11,Add if a tool is available in a galaxy instance to the workflow,paulzierep,,closed,False,,,,13,2023-10-30T14:31:46Z,2024-01-29T09:27:55Z,2024-01-29T09:27:55Z,COLLABORATOR,"It would be good to add weather a tool is available on a specific instance to this workflow, therefore the following script could be used and extended to query the tools from the 3 big instances 
https://github.com/bio-tools/biohackathon2022/blob/353570d03a3cccc73294b907c7c79ac9f814d815/scripts/workflowhub_galaxy_biotools.py#L24-L32
@supernord can the Australians take on this part ? "
https://api.github.com/repos/galaxyproject/galaxy_tool_metadata_extractor/issues/10,https://api.github.com/repos/galaxyproject/galaxy_tool_metadata_extractor,https://api.github.com/repos/galaxyproject/galaxy_tool_metadata_extractor/issues/10/labels{/name},https://api.github.com/repos/galaxyproject/galaxy_tool_metadata_extractor/issues/10/comments,https://api.github.com/repos/galaxyproject/galaxy_tool_metadata_extractor/issues/10/events,https://github.com/galaxyproject/galaxy_tool_metadata_extractor/issues/10,1968498855,I_kwDOIQitUM51VOin,10,Fallback for bio.tools,paulzierep,,closed,False,,,,1,2023-10-30T14:23:56Z,2024-03-12T15:22:56Z,2024-03-12T15:22:56Z,COLLABORATOR,"Currently bio.tools is down (API and server) ... but all the data from last week is stored here as well https://github.com/research-software-ecosystem/content; I would propose we write a fallback, that pulls the data from there in case bio.tools is down or stays down,
https://github.com/bebatut/galaxy_tool_extractor/blob/ce4b94cd4404f7751fb15101598c4a0bcacd4b8c/bin/extract_galaxy_tools.py#L261-L274"
https://api.github.com/repos/galaxyproject/galaxy_tool_metadata_extractor/issues/9,https://api.github.com/repos/galaxyproject/galaxy_tool_metadata_extractor,https://api.github.com/repos/galaxyproject/galaxy_tool_metadata_extractor/issues/9/labels{/name},https://api.github.com/repos/galaxyproject/galaxy_tool_metadata_extractor/issues/9/comments,https://api.github.com/repos/galaxyproject/galaxy_tool_metadata_extractor/issues/9/events,https://github.com/galaxyproject/galaxy_tool_metadata_extractor/issues/9,1968457499,I_kwDOIQitUM51VEcb,9,Some bio.tools id not extracted,bebatut,,closed,False,,,,1,2023-10-30T14:05:21Z,2023-10-31T08:22:14Z,2023-10-31T08:22:14Z,MEMBER,"For some tools, their bio.tools id were not extracted but are already in the wrapper.

Examples:
- MetaPhlAn: https://github.com/galaxyproject/tools-iuc/blob/main/tools/metaphlan/macros.xml
- ABRICATE: https://github.com/galaxyproject/tools-iuc/blob/main/tools/abricate/macros.xml"
https://api.github.com/repos/galaxyproject/galaxy_tool_metadata_extractor/issues/7,https://api.github.com/repos/galaxyproject/galaxy_tool_metadata_extractor,https://api.github.com/repos/galaxyproject/galaxy_tool_metadata_extractor/issues/7/labels{/name},https://api.github.com/repos/galaxyproject/galaxy_tool_metadata_extractor/issues/7/comments,https://api.github.com/repos/galaxyproject/galaxy_tool_metadata_extractor/issues/7/events,https://github.com/galaxyproject/galaxy_tool_metadata_extractor/issues/7,1966936044,I_kwDOIQitUM51PQ_s,7,Get all tool ids for all tools in a suite ,paulzierep,,closed,False,,,,1,2023-10-29T10:42:33Z,2024-03-12T15:22:24Z,2024-03-12T15:22:24Z,COLLABORATOR,"The script currently gets the 'Galaxy wrapper id' from the .shed file, this matches the tool id in many cases, but for multiple tools in a suite this is not the case. In order to check if a tool is also available on a galaxy server, we need the tool id:
https://github.com/bio-tools/biohackathon2022/blob/353570d03a3cccc73294b907c7c79ac9f814d815/scripts/workflowhub_galaxy_biotools.py#L24-L32
then we can query the tool ids on the servers, we could then state if the suite is available fully, partially or not ... 
This way we do not need a fuzzy match."
https://api.github.com/repos/galaxyproject/galaxy_tool_metadata_extractor/issues/5,https://api.github.com/repos/galaxyproject/galaxy_tool_metadata_extractor,https://api.github.com/repos/galaxyproject/galaxy_tool_metadata_extractor/issues/5/labels{/name},https://api.github.com/repos/galaxyproject/galaxy_tool_metadata_extractor/issues/5/comments,https://api.github.com/repos/galaxyproject/galaxy_tool_metadata_extractor/issues/5/events,https://github.com/galaxyproject/galaxy_tool_metadata_extractor/issues/5,1961069030,I_kwDOIQitUM5044nm,5,"EDAM operation and EDAM topic need different parsing, so that they can be distinct",paulzierep,,closed,False,,,,0,2023-10-25T10:30:54Z,2024-03-12T15:22:10Z,2024-03-12T15:22:10Z,COLLABORATOR,"EDAM annotations might include comma, e.g. this one:
[Molecular interactions, pathways and networks](https://bio.tools/)

If we want to parse them later from the excel sheet (e.g. to show the improved stats), that will not work, I would propose to add extra quotes for that: 

E.g. for antiSMASH parsed as: 
`""Molecular interactions, pathways and networks"", ""Gene and protein families""`"
https://api.github.com/repos/galaxyproject/galaxy_tool_metadata_extractor/issues/3,https://api.github.com/repos/galaxyproject/galaxy_tool_metadata_extractor,https://api.github.com/repos/galaxyproject/galaxy_tool_metadata_extractor/issues/3/labels{/name},https://api.github.com/repos/galaxyproject/galaxy_tool_metadata_extractor/issues/3/comments,https://api.github.com/repos/galaxyproject/galaxy_tool_metadata_extractor/issues/3/events,https://github.com/galaxyproject/galaxy_tool_metadata_extractor/issues/3,1960961060,I_kwDOIQitUM504eQk,3,EDAM operation not extracted,paulzierep,,closed,False,,,,5,2023-10-25T09:33:06Z,2024-03-07T11:03:05Z,2024-03-07T11:03:05Z,COLLABORATOR,"A quick look on https://docs.google.com/spreadsheets/d/1Nq_g-CPc8t_eC4M1NAS9XFJDflA7yE3b9hfSg3zu9L4/edit#gid=301051642 showed, that there are no EDAM operations present in the sheet. 
But, e.g. https://bio.tools/antismash does have EDAM operations annotated. 

"
