URL,Repository URL,Labels URL,Comments URL,Events URL,HTML URL,ID,Node ID,Number,Title,User,Labels,State,Locked,Assignee,Assignees,Milestone,Comments,Created At,Updated At,Closed At,Author Association,Body
https://api.github.com/repos/galaxyproject/ansible-tiaas2/issues/27,https://api.github.com/repos/galaxyproject/ansible-tiaas2,https://api.github.com/repos/galaxyproject/ansible-tiaas2/issues/27/labels{/name},https://api.github.com/repos/galaxyproject/ansible-tiaas2/issues/27/comments,https://api.github.com/repos/galaxyproject/ansible-tiaas2/issues/27/events,https://github.com/galaxyproject/ansible-tiaas2/issues/27,2188268932,I_kwDODjMX9c6CblWE,27,Ansible Role not Updated,BorisYourich,,closed,False,,,,4,2024-03-15T11:10:17Z,2024-03-15T12:40:09Z,2024-03-15T12:02:54Z,NONE,The latest changes on github that would allow the admin to configure `TIAAS_SEND_EMAIL_FROM` are not available in the role galaxyproject.tiaas2 on Ansible Galaxy. I had to rewrite the `galaxyproject.tiaas2/templates/config.py`
https://api.github.com/repos/galaxyproject/ansible-tiaas2/issues/25,https://api.github.com/repos/galaxyproject/ansible-tiaas2,https://api.github.com/repos/galaxyproject/ansible-tiaas2/issues/25/labels{/name},https://api.github.com/repos/galaxyproject/ansible-tiaas2/issues/25/comments,https://api.github.com/repos/galaxyproject/ansible-tiaas2/issues/25/events,https://github.com/galaxyproject/ansible-tiaas2/issues/25,1605542787,I_kwDODjMX9c5fsqOD,25,Galaxy base.css has moved,natefoo,,open,False,,,,1,2023-03-01T19:30:11Z,2023-03-02T09:37:52Z,,MEMBER,"Formerly in `{{ galaxy_server_dir }}/static/style/base.css`. I believe the correct one now is `{{ galaxy_server_dir }}/static/dist/base.css`. There's also a minified (I think? Didn't verify they're the same) version in `{{ galaxy_server_dir }}/static/scripts/bundled/base.css`, not sure which is correct.

For backward compatibility we can use the `first_found` filter, or just not worry about it and let people set `tiaas_galaxy_stylesheet` themselves if they use a newer role version with an older Galaxy."
https://api.github.com/repos/galaxyproject/ansible-tiaas2/issues/21,https://api.github.com/repos/galaxyproject/ansible-tiaas2,https://api.github.com/repos/galaxyproject/ansible-tiaas2/issues/21/labels{/name},https://api.github.com/repos/galaxyproject/ansible-tiaas2/issues/21/comments,https://api.github.com/repos/galaxyproject/ansible-tiaas2/issues/21/events,https://github.com/galaxyproject/ansible-tiaas2/issues/21,1448144055,I_kwDODjMX9c5WUOy3,21,"Ansible role, AttributeError: 'Settings' object has no attribute 'TIAAS_RETAIN_CONTACT_REQUIRE_CONSEN",Dirowa,,open,False,,,,1,2022-11-14T14:11:55Z,2022-11-14T14:13:47Z,,NONE,"hi @hexylena 

I was testing the Tiaas server of Avans Galaxy and i got an error. Server Error (500)

After checking the logfiles of journalctl I got the following.

```
Nov 14 13:25:08 galaxy.atgm.avans.nl run.sh[944718]: [pid: 944718|app: 0|req: 14/14] 145.48.76.238 () {60 vars in 1651 bytes} [Mon Nov 14 13:25:08 2022] GET /tiaas/ =>
Nov 14 13:44:32 galaxy.atgm.avans.nl run.sh[944718]: ERROR | log: Internal Server Error: /tiaas/
Nov 14 13:44:32 galaxy.atgm.avans.nl run.sh[944718]: Traceback (most recent call last):
Nov 14 13:44:32 galaxy.atgm.avans.nl run.sh[944718]:   File ""/srv/tiaas/venv/lib/python3.8/site-packages/django/core/handlers/exception.py"", line 47, in inner
Nov 14 13:44:32 galaxy.atgm.avans.nl run.sh[944718]:     response = get_response(request)
Nov 14 13:44:32 galaxy.atgm.avans.nl run.sh[944718]:   File ""/srv/tiaas/venv/lib/python3.8/site-packages/django/core/handlers/base.py"", line 181, in _get_response
Nov 14 13:44:32 galaxy.atgm.avans.nl run.sh[944718]:     response = wrapped_callback(request, *callback_args, **callback_kwargs)
Nov 14 13:44:32 galaxy.atgm.avans.nl run.sh[944718]:   File ""/srv/tiaas/code/./training/views.py"", line 83, in about
Nov 14 13:44:32 galaxy.atgm.avans.nl run.sh[944718]:     return render(request, ""training/about.html"")
Nov 14 13:44:32 galaxy.atgm.avans.nl run.sh[944718]:   File ""/srv/tiaas/venv/lib/python3.8/site-packages/django/shortcuts.py"", line 19, in render
Nov 14 13:44:32 galaxy.atgm.avans.nl run.sh[944718]:     content = loader.render_to_string(template_name, context, request, using=using)
Nov 14 13:44:32 galaxy.atgm.avans.nl run.sh[944718]:   File ""/srv/tiaas/venv/lib/python3.8/site-packages/django/template/loader.py"", line 62, in render_to_string
Nov 14 13:44:32 galaxy.atgm.avans.nl run.sh[944718]:     return template.render(context, request)
Nov 14 13:44:32 galaxy.atgm.avans.nl run.sh[944718]:   File ""/srv/tiaas/venv/lib/python3.8/site-packages/django/template/backends/django.py"", line 61, in render
Nov 14 13:44:32 galaxy.atgm.avans.nl run.sh[944718]:     return self.template.render(context)
Nov 14 13:44:32 galaxy.atgm.avans.nl run.sh[944718]:   File ""/srv/tiaas/venv/lib/python3.8/site-packages/django/template/base.py"", line 168, in render
Nov 14 13:44:32 galaxy.atgm.avans.nl run.sh[944718]:     with context.bind_template(self):
Nov 14 13:44:32 galaxy.atgm.avans.nl run.sh[944718]:   File ""/usr/lib/python3.8/contextlib.py"", line 113, in __enter__
Nov 14 13:44:32 galaxy.atgm.avans.nl run.sh[944718]:     return next(self.gen)
Nov 14 13:44:32 galaxy.atgm.avans.nl run.sh[944718]:   File ""/srv/tiaas/venv/lib/python3.8/site-packages/django/template/context.py"", line 244, in bind_template
Nov 14 13:44:32 galaxy.atgm.avans.nl run.sh[944718]:     updates.update(processor(self.request))
Nov 14 13:44:32 galaxy.atgm.avans.nl run.sh[944718]:   File ""/srv/tiaas/code/./training/context_processors.py"", line 16, in settings
Nov 14 13:44:32 galaxy.atgm.avans.nl run.sh[944718]:     'TIAAS_RETAIN_CONTACT_REQUIRE_CONSENT': app_settings.TIAAS_RETAIN_CONTACT_REQUIRE_CONSENT,
Nov 14 13:44:32 galaxy.atgm.avans.nl run.sh[944718]:   File ""/srv/tiaas/venv/lib/python3.8/site-packages/django/conf/__init__.py"", line 83, in __getattr__
Nov 14 13:44:32 galaxy.atgm.avans.nl run.sh[944718]:     val = getattr(self._wrapped, name)
Nov 14 13:44:32 galaxy.atgm.avans.nl run.sh[944718]: AttributeError: 'Settings' object has no attribute 'TIAAS_RETAIN_CONTACT_REQUIRE_CONSENT'

```
Currently running version 0.0.9 from the ansible repo.
Is this an internal bug or do you know where to look at?"
https://api.github.com/repos/galaxyproject/ansible-tiaas2/issues/19,https://api.github.com/repos/galaxyproject/ansible-tiaas2,https://api.github.com/repos/galaxyproject/ansible-tiaas2/issues/19/labels{/name},https://api.github.com/repos/galaxyproject/ansible-tiaas2/issues/19/comments,https://api.github.com/repos/galaxyproject/ansible-tiaas2/issues/19/events,https://github.com/galaxyproject/ansible-tiaas2/issues/19,1434764866,I_kwDODjMX9c5VhMZC,19,Socket creation,mira-miracoli,,closed,False,hexylena,hexylena,,7,2022-11-03T14:33:28Z,2022-11-08T17:10:10Z,2022-11-08T17:10:10Z,NONE,"We tried the new version (2.1.3) but encountered a problem with the socket creation:
[hardcoded](https://github.com/galaxyproject/ansible-tiaas2/blob/577d68992ece63f208602c00ec3a10e86ffe746d/tasks/main.yml#L99) in the role, the sock will be created in `/etc/systemd/system/tiaas.socket`, but by default, the role references with `tiaas_socket: /run/tiaas.sock`.  
We solved the problem by creating a symlink `ln -s /run/tiaas.sock /etc/systemd/system/tiaas.socket`  
Without the symlink, it failed due to missing permission (systemd/system is root) and the tiaas2 user has no access.

Obviously, a quick fix would be to hardcode this symlink creation, but I don't know if this is a clean solution.

A smaller, second error was, that we still had `tiaas_info.domain: ""https://usegalaxy.eu""` instead of ""usegalaxy.eu"", so the ALLOWED_HOSTS failed."
https://api.github.com/repos/galaxyproject/ansible-tiaas2/issues/15,https://api.github.com/repos/galaxyproject/ansible-tiaas2,https://api.github.com/repos/galaxyproject/ansible-tiaas2/issues/15/labels{/name},https://api.github.com/repos/galaxyproject/ansible-tiaas2/issues/15/comments,https://api.github.com/repos/galaxyproject/ansible-tiaas2/issues/15/events,https://github.com/galaxyproject/ansible-tiaas2/issues/15,1410916014,I_kwDODjMX9c5UGN6u,15,Gunicorn deployment not working,neoformit,,closed,False,,,,9,2022-10-17T05:17:02Z,2022-10-25T20:58:55Z,2022-10-25T20:58:55Z,COLLABORATOR,"After deploying with the gunicorn server I can't get the app to load. It seems like gunicorn can't find a request handler because it just loads until gunicorn's timeout limit is reached. In the browser I get `502 Bad Gateway`. In the logs I get this:

`journalctl -fu tiaas`:
```
Oct 17 04:40:31 dev systemd[1]: Started Training Infrastructure as a Service.
Oct 17 04:40:31 dev gunicorn[120054]: [2022-10-17 04:40:31 +0000] [120054] [INFO] Starting gunicorn 20.1.0
Oct 17 04:40:31 dev gunicorn[120054]: [2022-10-17 04:40:31 +0000] [120054] [INFO] Listening at: http://127.0.0.1:5000 (120054)
Oct 17 04:40:31 dev gunicorn[120054]: [2022-10-17 04:40:31 +0000] [120054] [INFO] Using worker: sync
Oct 17 04:40:31 dev gunicorn[120070]: [2022-10-17 04:40:31 +0000] [120070] [INFO] Booting worker with pid: 120070
Oct 17 04:41:08 dev gunicorn[120054]: [2022-10-17 04:41:08 +0000] [120054] [CRITICAL] WORKER TIMEOUT (pid:120070)
Oct 17 04:41:08 dev gunicorn[120070]: [2022-10-17 04:41:08 +0000] [120070] [INFO] Worker exiting (pid: 120070)
Oct 17 04:41:08 dev gunicorn[120075]: [2022-10-17 04:41:08 +0000] [120075] [INFO] Booting worker with pid: 120075
```

I can still run the development server from the CLI with `python manage.py runserver` so the app seems to be running ok.

<br>
<hr>
<br>

### A solution

I can fix this by setting up nginx/systemd to run gunicorn through a unix socket. This has a nice side effect that it will always start the tiaas service when a request comes in, if it's not already running. And it stops any confusion resolving `localhost` which might be causing the issue above?

```
# /etc/systemd/system/tiaas.socket

[Unit]
Description=Galaxy tiaas service socket
[Socket]
ListenStream=/run/tiaas.sock
[Install]
WantedBy=sockets.target
```

```
# /etc/systemd/system/tiaas.service

[Unit]
Description=Training Infrastructure as a Service
Documentation=https://github.com/usegalaxy-eu/tiaas2
Requires=tiaas.socket
After=network.target

[Service]
PIDFile=/run/gunicorn/pid
User=tiaas
Group=tiaas
RuntimeDirectory=gunicorn
WorkingDirectory=/opt/tiaas/code
Environment=""PATH=/opt/tiaas/venv/bin:$PATH""
ExecStart=/opt/tiaas/venv/bin/gunicorn --bind unix:/run/tiaas.sock \
  --pid /run/gunicorn/pid   \
  --pythonpath '/opt/tiaas' \
  -c ../gunicorn.py \
  tiaas.wsgi
Restart=on-failure
RestartForceExitStatus=SIGPIPE
KillMode=control-group

[Install]
WantedBy=multi-user.target
```

```py
# /opt/tiaas/gunicorn.py

""""""Add a worker for each available CPU.

Most requests are handled quickly, so 1 worker should generally be able to handle many
requests per second.
""""""

workers = 1

# Environment variables
raw_env = [
    ""DJANGO_SETTINGS_MODULE=tiaas.settings"",
]
```

```
# /etc/nginx/sites-enabled/galaxy

...
    location /tiaas {
        proxy_pass            http://unix:/run/tiaas.sock;
        proxy_redirect        off;
        proxy_set_header      Host                 $host;
        proxy_set_header      X-Real-IP            $remote_addr;
        proxy_set_header      X-Forwarded-For      $proxy_add_x_forwarded_for;
        proxy_hide_header     X-Frame-Options;
        proxy_read_timeout    600;  # seconds
  }

    location /join-training {
        proxy_pass            http://unix:/run/tiaas.sock;
        proxy_redirect        off;
        proxy_set_header      Host                 $host;
        proxy_set_header      X-Real-IP            $remote_addr;
        proxy_set_header      X-Forwarded-For      $proxy_add_x_forwarded_for;
        proxy_hide_header     X-Frame-Options;
        proxy_read_timeout    600;  # seconds
    }
...
```"
https://api.github.com/repos/galaxyproject/ansible-tiaas2/issues/13,https://api.github.com/repos/galaxyproject/ansible-tiaas2,https://api.github.com/repos/galaxyproject/ansible-tiaas2/issues/13/labels{/name},https://api.github.com/repos/galaxyproject/ansible-tiaas2/issues/13/comments,https://api.github.com/repos/galaxyproject/ansible-tiaas2/issues/13/events,https://github.com/galaxyproject/ansible-tiaas2/issues/13,1381732084,I_kwDODjMX9c5SW470,13,Redundant copying of static assets,neoformit,,closed,False,,,,1,2022-09-22T02:26:34Z,2022-09-25T21:40:46Z,2022-09-25T21:40:46Z,COLLABORATOR,"@hexylena 
I am wondering if we could just reference the galaxy style sheet directly rather than copying and re-serving from tiaas?
Maybe I am missing some logic here.

https://github.com/galaxyproject/ansible-tiaas2/blob/6d9013776ecee21c042e9374e78ab83f4923eb18/tasks/main.yml#L74

Like:
```html
<!-- Use local Galaxy's stylesheet -->
<link rel=""stylesheet"" href=""/static/dist/base.css"">
```"
https://api.github.com/repos/galaxyproject/ansible-tiaas2/issues/11,https://api.github.com/repos/galaxyproject/ansible-tiaas2,https://api.github.com/repos/galaxyproject/ansible-tiaas2/issues/11/labels{/name},https://api.github.com/repos/galaxyproject/ansible-tiaas2/issues/11/comments,https://api.github.com/repos/galaxyproject/ansible-tiaas2/issues/11/events,https://github.com/galaxyproject/ansible-tiaas2/issues/11,1341010783,I_kwDODjMX9c5P7jNf,11,Default `ALLOWED_HOSTS = ['*']`,neoformit,,closed,False,,,,1,2022-08-17T00:27:50Z,2022-09-22T02:22:17Z,2022-09-22T02:22:17Z,COLLABORATOR,"Hey, is there a reason why the playbook sets `ALLOWED_HOSTS = ['*']`?

Would it not be safer to do:
```
ALLOWED_HOSTS = [
    'localhost',
    '{{ inventory_hostname }}',
]
```

I'm updating our tiaas role for deploying/testing the ""new"" tiaas2 so I will PR this soon, so if the answer is ""yes"", it'll come through in my PR."
https://api.github.com/repos/galaxyproject/ansible-tiaas2/issues/10,https://api.github.com/repos/galaxyproject/ansible-tiaas2,https://api.github.com/repos/galaxyproject/ansible-tiaas2/issues/10/labels{/name},https://api.github.com/repos/galaxyproject/ansible-tiaas2/issues/10/comments,https://api.github.com/repos/galaxyproject/ansible-tiaas2/issues/10/events,https://github.com/galaxyproject/ansible-tiaas2/issues/10,1287059560,I_kwDODjMX9c5Mtvho,10,Replace uwsgi with gunicorn,hexylena,,closed,False,hexylena,hexylena,,0,2022-06-28T09:28:00Z,2022-10-12T10:47:03Z,2022-10-12T10:47:03Z,MEMBER,Just to stay uniform with Galaxy.
https://api.github.com/repos/galaxyproject/ansible-tiaas2/issues/3,https://api.github.com/repos/galaxyproject/ansible-tiaas2,https://api.github.com/repos/galaxyproject/ansible-tiaas2/issues/3/labels{/name},https://api.github.com/repos/galaxyproject/ansible-tiaas2/issues/3/comments,https://api.github.com/repos/galaxyproject/ansible-tiaas2/issues/3/events,https://github.com/galaxyproject/ansible-tiaas2/issues/3,746210391,MDU6SXNzdWU3NDYyMTAzOTE=,3,Local config file may have wrong permissions,jdavcs,,closed,False,,,,2,2020-11-19T03:14:07Z,2020-11-19T08:11:24Z,2020-11-19T08:11:24Z,MEMBER,Shouldn't [the mode for `local_settings.py`](https://github.com/usegalaxy-eu/ansible-tiaas2/blob/master/tasks/main.yml#L70) be `0644` instead? I don't think that file should be executable.
