URL,Repository URL,Labels URL,Comments URL,Events URL,HTML URL,ID,Node ID,Number,Title,User,Labels,State,Locked,Assignee,Assignees,Milestone,Comments,Created At,Updated At,Closed At,Author Association,Body
https://api.github.com/repos/galaxyproject/ansible-slurm/issues/56,https://api.github.com/repos/galaxyproject/ansible-slurm,https://api.github.com/repos/galaxyproject/ansible-slurm/issues/56/labels{/name},https://api.github.com/repos/galaxyproject/ansible-slurm/issues/56/comments,https://api.github.com/repos/galaxyproject/ansible-slurm/issues/56/events,https://github.com/galaxyproject/ansible-slurm/issues/56,1979013914,I_kwDOCf9xgc519Vsa,56,`sudo` privileges required to run slurm commands,Agamiru,,open,False,,,,0,2023-11-06T12:18:11Z,2023-11-06T12:18:11Z,,NONE,"Pardon my ignorance, I’m a noob at slurm. After  installing slurm using this role, non-root users need sudo privileges to run ‘srun’, ‘salloc’ and other slurm commands. 

Couldn’t see any example online where the need for privilege escalation was required to run slurm commands, am I missing something?"
https://api.github.com/repos/galaxyproject/ansible-slurm/issues/54,https://api.github.com/repos/galaxyproject/ansible-slurm,https://api.github.com/repos/galaxyproject/ansible-slurm/issues/54/labels{/name},https://api.github.com/repos/galaxyproject/ansible-slurm/issues/54/comments,https://api.github.com/repos/galaxyproject/ansible-slurm/issues/54/events,https://github.com/galaxyproject/ansible-slurm/issues/54,1888863330,I_kwDOCf9xgc5wlcRi,54,You are not running a supported accounting_storage plugin,Midnighter,,open,False,,,,2,2023-09-09T20:17:53Z,2023-10-11T13:10:35Z,,NONE,"I'm trying out this Ansible role on a ubuntu 22.04 VM. When running the bare default example, things run smoothly until the following task:

```
TASK [galaxyproject.slurm : Create the slurmdbd cluster] *************************************************************************************************************************************
fatal: [129.70.51.119]: FAILED! => {""changed"": true, ""cmd"": [""sacctmgr"", ""-i"", ""-n"", ""add"", ""cluster"", ""cluster""], ""delta"": ""0:00:00.006080"", ""end"": ""2023-09-09 20:14:06.899666"", ""msg"": ""non-zero return code"", ""rc"": 1, ""start"": ""2023-09-09 20:14:06.893586"", ""stderr"": ""You are not running a supported accounting_storage plugin\nOnly 'accounting_storage/slurmdbd' is supported."", ""stderr_lines"": [""You are not running a supported accounting_storage plugin"", ""Only 'accounting_storage/slurmdbd' is supported.""], ""stdout"": """", ""stdout_lines"": []}
```

I'm not really sure where to start digging into this, as I was hoping the default would ""just work"" 😉."
https://api.github.com/repos/galaxyproject/ansible-slurm/issues/53,https://api.github.com/repos/galaxyproject/ansible-slurm,https://api.github.com/repos/galaxyproject/ansible-slurm/issues/53/labels{/name},https://api.github.com/repos/galaxyproject/ansible-slurm/issues/53/comments,https://api.github.com/repos/galaxyproject/ansible-slurm/issues/53/events,https://github.com/galaxyproject/ansible-slurm/issues/53,1871516210,I_kwDOCf9xgc5vjRIy,53,Cgroup mode,bvalot,,open,False,,,,0,2023-08-29T11:57:46Z,2023-08-29T11:57:46Z,,NONE,"Hello,

I try to configure slurm on cgroup mode to be able to manage Memory limit on the server running galaxy.
When I want to setup with cgroup v2 using this option:
CgroupPlugin=cgroup/v2

I get a message as this option is not valid. Is slurm version install with ansible compatible with cgroup2?
"
https://api.github.com/repos/galaxyproject/ansible-slurm/issues/51,https://api.github.com/repos/galaxyproject/ansible-slurm,https://api.github.com/repos/galaxyproject/ansible-slurm/issues/51/labels{/name},https://api.github.com/repos/galaxyproject/ansible-slurm/issues/51/comments,https://api.github.com/repos/galaxyproject/ansible-slurm/issues/51/events,https://github.com/galaxyproject/ansible-slurm/issues/51,1863668737,I_kwDOCf9xgc5vFVQB,51,Handler typo in tasks/slurmdbd_cluster.yml,clil16,,open,False,,,,1,2023-08-23T16:35:19Z,2023-08-23T17:00:43Z,,NONE,"When running the playbook we received an error:

> ```
> TASK [galaxyproject.slurm : Create the slurmdbd cluster] ***********************
> ERROR! The requested handler 'reload slurmdbd' was not found in either the main handlers list nor in the listening handlers list
> FATAL: command execution failed
> ```

After looking at the `tasks/slurmdbd_cluster.yml` file the issue is on line 19.  It is trying to notify the `reload slurmdbd` handler but it should be `Reload slurmdbd` since the handler in `handlers/main.yml` on line 7 uses a capital R in the name."
https://api.github.com/repos/galaxyproject/ansible-slurm/issues/48,https://api.github.com/repos/galaxyproject/ansible-slurm,https://api.github.com/repos/galaxyproject/ansible-slurm/issues/48/labels{/name},https://api.github.com/repos/galaxyproject/ansible-slurm/issues/48/comments,https://api.github.com/repos/galaxyproject/ansible-slurm/issues/48/events,https://github.com/galaxyproject/ansible-slurm/issues/48,1833618285,I_kwDOCf9xgc5tSstt,48,Slurmdbd does not recognize the parameter SlurmctldPidFile,Oberfeldwedler,,open,False,,,,1,2023-08-02T17:28:04Z,2023-08-09T12:31:55Z,,NONE,"Hello there,

My Slurmdbd does not recognize the parameter `SlurmctldPidFile`. 
When i comment this out, it works:
[```  # SlurmctldPidFile: ""{{ __slurm_run_dir ~ '/slurmdbd.pid' if __slurm_debian else omit }}""```](https://github.com/galaxyproject/ansible-slurm/blob/2f051cb32821b9012ad441665a7fd6c6279433ee/defaults/main.yml#L94)

I also could not find the used parameter in https://slurm.schedmd.com/slurmdbd.conf.html#OPT_PidFile.

I could however find the parameter ´PidFile´ but that did throw the same error. 

```
Aug 02 18:37:06 slurmhost slurmdbd[15616]: error: _parse_next_key: Parsing error at unrecognized key: SlurmctldPidFile
Aug 02 18:37:06 slurmhost slurmdbd[15616]: fatal: Could not open/read/parse slurmdbd.conf file /etc/slurm/slurmdbd.conf
```

I would prefer to set the Location of my slurmdbd.pid file like i do with  `SlurmctldPidFile` and `SlurmdPidFile`. Can this be accomplished? 

I am running slurm-wlm 21.08.5.



<details>
  <summary>/etc/slurm/slurmdbd.conf</summary>
  
  ```javascript
    root@slurmhost:/var/log/slurm# cat /etc/slurm/slurmdbd.conf
      ##
      ## This file is maintained by Ansible - ALL MODIFICATIONS WILL BE REVERTED
      ##
      
      ArchiveJobs=yes
      ArchiveSteps=yes
      AuthType=auth/munge
      DbdHost=slurmhost
      DbdPort=6819
      DebugLevel=4
      LogFile=/var/log/slurm/slurmdbd.log
      SlurmUser=slurm
      StorageHost=localhost
      StorageLoc=slurmdb
      StoragePass=CBB...........2B8
      StoragePort=3306
      StorageType=accounting_storage/mysql
      StorageUser=slurm
  ```
</details>



<details>
  <summary>/etc/slurm/slurm.conf</summary>
  
  ```javascript
    root@slurmhost:/var/log/slurm# cat /etc/slurm/slurm.conf
    ##
    ## This file is maintained by Ansible - ALL MODIFICATIONS WILL BE REVERTED
    ##
    
    
    # Configuration options
    AccountingStorageEnforce=limits
    AccountingStorageHost=slurmhost
    AccountingStorageType=accounting_storage/slurmdbd
    AuthType=auth/munge
    ClusterName=ei-hpc-cluster
    CryptoType=crypto/munge
    GresTypes=gpu
    InactiveLimit=0
    JobAcctGatherType=jobacct_gather/linux
    JobCompType=jobcomp/none
    KillWait=30
    MinJobAge=300
    MpiDefault=none
    PriorityDecayHalfLife=7-0
    PriorityType=priority/multifactor
    PriorityWeightAge=1000
    PriorityWeightFairshare=100000
    PriorityWeightPartition=10000
    ProctrackType=proctrack/pgid
    ReturnToService=2
    SchedulerParameters=nohold_on_prolog_fail
    SchedulerType=sched/backfill
    SelectType=select/cons_tres
    SelectTypeParameters=CR_Core
    SlurmctldDebug=5
    SlurmctldHost=slurmhost
    SlurmctldLogFile=/var/log/slurm/slurmctld.log
    SlurmctldPidFile=/run/slurm/slurmctld.pid
    SlurmctldPort=6817
    SlurmctldTimeout=300
    SlurmdDebug=3
    SlurmdLogFile=/var/log/slurm/slurmd.log
    SlurmdPidFile=/run/slurm/slurmd.pid
    SlurmdPort=6818
    SlurmdSpoolDir=/var/spool/slurm/d
    SlurmdTimeout=300
    SlurmUser=slurm
    StateSaveLocation=/var/spool/slurm/ctld
    SwitchType=switch/none
    Waittime=0
    
    # Nodes
    NodeName=ei-srv-018 Boards=1 CoresPerSocket=16 CPUs=32 RealMemory=240000 SocketsPerBoard=2 State=UNKNOWN ThreadsPerCore=2
    
    # Partitions
    PartitionName=normal Default=YES MaxTime=60 Nodes=ALL PriorityJobFactor=10000 State=UP
    PartitionName=day AllowAccounts=professor,mitarbeiter,student MaxTime=1440 Nodes=ALL PriorityJobFactor=6000 State=UP
    PartitionName=long AllowAccounts=professor,mitarbeiter,student MaxTime=10080 Nodes=ALL PriorityJobFactor=1000 State=UP
    PartitionName=priority AllowAccounts=admin MaxTime=UNLIMITED Nodes=ALL PriorityJobFactor=5000 State=UP
``` 
</details>
"
https://api.github.com/repos/galaxyproject/ansible-slurm/issues/39,https://api.github.com/repos/galaxyproject/ansible-slurm,https://api.github.com/repos/galaxyproject/ansible-slurm/issues/39/labels{/name},https://api.github.com/repos/galaxyproject/ansible-slurm/issues/39/comments,https://api.github.com/repos/galaxyproject/ansible-slurm/issues/39/events,https://github.com/galaxyproject/ansible-slurm/issues/39,1798772036,I_kwDOCf9xgc5rNxVE,39,passwords for databases are visible to anyone in slurm.conf,jakob1379,,open,False,,,,0,2023-07-11T11:56:49Z,2023-07-11T11:56:49Z,,NONE,"This is mainly a concern if the controller is available to others than admins, but it would not hurt to change to owner ship like so:

```yaml
# tasks/common.yml
# ...

- name: Install slurm.conf
  ansible.builtin.template:
    src: ""slurm.conf.j2""
    dest: ""{{ slurm_config_dir }}/slurm.conf""
    owner: root
    group: slurm
    mode: ""0640""
  notify:
    - Restart slurmd
    - Restart slurmctld

```

this way members of the group ""slurm"" are allowed to view the file but only root can edit. if scontrol or one of the other commands actually edits the file, the owner can be changed to slurm or change the rights to `0644` so members of the group can edit as well."
https://api.github.com/repos/galaxyproject/ansible-slurm/issues/38,https://api.github.com/repos/galaxyproject/ansible-slurm,https://api.github.com/repos/galaxyproject/ansible-slurm/issues/38/labels{/name},https://api.github.com/repos/galaxyproject/ansible-slurm/issues/38/comments,https://api.github.com/repos/galaxyproject/ansible-slurm/issues/38/events,https://github.com/galaxyproject/ansible-slurm/issues/38,1754763850,I_kwDOCf9xgc5ol5JK,38,[feature] Handle sacctmgr account and user association,jakob1379,,open,False,,,,0,2023-06-13T12:24:34Z,2023-06-13T12:24:34Z,,NONE,"I found myself needing to manage some users, accounts and partitions after enabling JobComp and made a local role to handle associations - is this within the scope of this module? If so, I will gladly make a PR that incorporates it."
https://api.github.com/repos/galaxyproject/ansible-slurm/issues/37,https://api.github.com/repos/galaxyproject/ansible-slurm,https://api.github.com/repos/galaxyproject/ansible-slurm/issues/37/labels{/name},https://api.github.com/repos/galaxyproject/ansible-slurm/issues/37/comments,https://api.github.com/repos/galaxyproject/ansible-slurm/issues/37/events,https://github.com/galaxyproject/ansible-slurm/issues/37,1747533416,I_kwDOCf9xgc5oKT5o,37,sbatch not working if SlurmdSpoolDir is undefined,jakob1379,,open,False,,,,1,2023-06-08T10:00:52Z,2023-06-08T10:01:05Z,,NONE,"If I do not define `SlurmdSpoolDir` I get the following error when running any type of jobs

``` bash
slurmstepd-node-1: error: execve(): /var/lib/slurm/slurmctld/job00218/slurm_script: Permission denied
```

But if I set `SlurmdSpoolDir` to just the default `SlurmdSpoolDir: ""/var/spool/slurmd""` i can successfully dispatch jobs. This seems like a slurm issue, but for the sake of usability I suggest simply adding the default value to the `slurm.conf` if undefined.

"
https://api.github.com/repos/galaxyproject/ansible-slurm/issues/35,https://api.github.com/repos/galaxyproject/ansible-slurm,https://api.github.com/repos/galaxyproject/ansible-slurm/issues/35/labels{/name},https://api.github.com/repos/galaxyproject/ansible-slurm/issues/35/comments,https://api.github.com/repos/galaxyproject/ansible-slurm/issues/35/events,https://github.com/galaxyproject/ansible-slurm/issues/35,1745580739,I_kwDOCf9xgc5oC3LD,35,[suggestion] Add setup MariaDB if defined,jakob1379,,open,False,,,,0,2023-06-07T10:29:19Z,2023-06-07T10:29:19Z,,NONE,I konw this is not the simplest role to execute properly but it would be immensely useful! 
https://api.github.com/repos/galaxyproject/ansible-slurm/issues/34,https://api.github.com/repos/galaxyproject/ansible-slurm,https://api.github.com/repos/galaxyproject/ansible-slurm/issues/34/labels{/name},https://api.github.com/repos/galaxyproject/ansible-slurm/issues/34/comments,https://api.github.com/repos/galaxyproject/ansible-slurm/issues/34/events,https://github.com/galaxyproject/ansible-slurm/issues/34,1729230759,I_kwDOCf9xgc5nEfen,34,generating slurm.conf values,vphan13,,open,False,,,,3,2023-05-28T06:33:36Z,2023-09-22T16:14:21Z,,NONE,"I'm a bit of an ansible noob here. . .but,

When generating the slurm.conf file


Instead of hard coded values:
slurm_nodes:
  - name: ""{{ headnode }}""
    CoresPerSocket: ""**6**""
    CPUs: ""**12**""
    Gres: ""gpu:p620:1""
    NodeAddr: ""{{ headnode }}""
    RealMemory: ""**31846**""
    Sockets: ""1""
    ThreadsPerCore: ""2""
    Feature: ""gpu,intel,ht""
    State: ""UNKNOWN""

Is it possible to get the values from ansible_facts . . .something along the lines of


slurm_nodes:
  - name: ""{{ headnode }}""
    CoresPerSocket: **""{{ ansible_facts['ansible_processor_cores'] }}""**
    CPUs: **""{{ ansible_facts['ansible_processor_vcpu'] }}""**
    Gres: ""gpu:p620:1""
    NodeAddr: ""{{ headnode }}""
    RealMemory: **{{ ansible_facts['ansible_memory_mb.real.total'] }}**
    Sockets: ""1""
    ThreadsPerCore: **""{{ ansible_facts['ansible_processor_threads_per_core'] }}""**
    Feature: ""gpu,intel,ht""
    State: ""UNKNOWN""




"
https://api.github.com/repos/galaxyproject/ansible-slurm/issues/33,https://api.github.com/repos/galaxyproject/ansible-slurm,https://api.github.com/repos/galaxyproject/ansible-slurm/issues/33/labels{/name},https://api.github.com/repos/galaxyproject/ansible-slurm/issues/33/comments,https://api.github.com/repos/galaxyproject/ansible-slurm/issues/33/events,https://github.com/galaxyproject/ansible-slurm/issues/33,1700947567,I_kwDOCf9xgc5lYmZv,33,Need help creating a minimal non-trivial playbook,marinegor,,open,False,,,,2,2023-05-08T21:11:54Z,2023-10-09T11:57:52Z,,NONE,"Hi everyone, I'm struggling with creating a playbook that would install both control and execution nodes.
Whatever I do, I end up with multiple nodes where each of them is a singleton cluster with single node in it, and there's no interconnectivity between them.

Minimal playbook:

```
- name: install SLURM cluster
  hosts: vm0
  roles:
    - role: galaxyproject.slurm
      become: True
  vars:
    slurm_roles: ['exec', 'dbd', 'controller']
    slurm_munge_key: munge.key

- name: SLURM execution hosts
  roles:
    - role: galaxyproject.slurm
      become: True
  hosts: vm1, vm2
  vars:
    slurm_munge_key: munge.key
    slurm_roles: ['exec']
    slurm_nodes:
      - name: ""vm[1-2]""
        CoresPerSocket: 1
    slurm_partitions:
      - name: compute
        Default: YES
        MaxTime: UNLIMITED
        Nodes: ""vm[1-2]""
```

and the output would be:

```bash
~/github/slurm_local
❯ ansible -i local.yml all -a 'sinfo'
vm1 | CHANGED | rc=0 >>
PARTITION AVAIL  TIMELIMIT  NODES  STATE NODELIST
debug*       up   infinite      1   idle localhost
vm2 | CHANGED | rc=0 >>
PARTITION AVAIL  TIMELIMIT  NODES  STATE NODELIST
debug*       up   infinite      1   idle localhost
vm0 | CHANGED | rc=0 >>
PARTITION AVAIL  TIMELIMIT  NODES  STATE NODELIST
debug*       up   infinite      1   idle localhost
```

which is not what I intended.

Could anyone help drafting a correct playbook for such a case?"
https://api.github.com/repos/galaxyproject/ansible-slurm/issues/31,https://api.github.com/repos/galaxyproject/ansible-slurm,https://api.github.com/repos/galaxyproject/ansible-slurm/issues/31/labels{/name},https://api.github.com/repos/galaxyproject/ansible-slurm/issues/31/comments,https://api.github.com/repos/galaxyproject/ansible-slurm/issues/31/events,https://github.com/galaxyproject/ansible-slurm/issues/31,1672553437,I_kwDOCf9xgc5jsSPd,31,Debian11 issue,roumano,,open,False,,,,1,2023-04-18T07:50:58Z,2023-04-26T18:58:04Z,,NONE,"Sadly debian change path for slurm on new debian version

On old debian (debian 9 & 10 ) (with slurm 18.08.5.2-1 ) :
```
dpkg -L slurmd |egrep '/etc/slur|/var/log/'
/etc/slurm-llnl
/var/log/slurm-llnl
```
On new debian 11 (with slurm 20.11.7+really20.11.4-2) :
```
dpkg -L slurmd |egrep '/etc/slur|/var/log/'
/etc/slurm
/var/log/slurm
```"
https://api.github.com/repos/galaxyproject/ansible-slurm/issues/26,https://api.github.com/repos/galaxyproject/ansible-slurm,https://api.github.com/repos/galaxyproject/ansible-slurm/issues/26/labels{/name},https://api.github.com/repos/galaxyproject/ansible-slurm/issues/26/comments,https://api.github.com/repos/galaxyproject/ansible-slurm/issues/26/events,https://github.com/galaxyproject/ansible-slurm/issues/26,1532232180,I_kwDOCf9xgc5bVAH0,26,Ability to specify Slurm version,patrick-austin,,open,False,,,,1,2023-01-13T12:29:06Z,2023-10-22T18:44:30Z,,NONE,"When running this role, we had issues with another repo on the target which had version `21.08.8` of Slurm (compared to `20.11.8` from the Galaxy repos), so running the playbook installed the later version. However the only version of MUNGE we had was `0.5.14` (again from the Galaxy repo), which was not compatible with the later Slurm version that had been installed. Our solution was to disable the other repo in a pre-task before running the slurm role.

Would it be possible to add a variable which specifies the version of Slurm to install?"
https://api.github.com/repos/galaxyproject/ansible-slurm/issues/25,https://api.github.com/repos/galaxyproject/ansible-slurm,https://api.github.com/repos/galaxyproject/ansible-slurm/issues/25/labels{/name},https://api.github.com/repos/galaxyproject/ansible-slurm/issues/25/comments,https://api.github.com/repos/galaxyproject/ansible-slurm/issues/25/events,https://github.com/galaxyproject/ansible-slurm/issues/25,1423661601,I_kwDOCf9xgc5U21oh,25,new release,cmeesters,,closed,False,,,,2,2022-10-26T08:48:58Z,2022-10-26T12:10:12Z,2022-10-26T12:09:28Z,NONE,"Hi,

the last release is rather old. Particularly with the merges fixing issue #6 a new release would be merited, don't you think?

Best regards
Christian Meesters"
https://api.github.com/repos/galaxyproject/ansible-slurm/issues/20,https://api.github.com/repos/galaxyproject/ansible-slurm,https://api.github.com/repos/galaxyproject/ansible-slurm/issues/20/labels{/name},https://api.github.com/repos/galaxyproject/ansible-slurm/issues/20/comments,https://api.github.com/repos/galaxyproject/ansible-slurm/issues/20/events,https://github.com/galaxyproject/ansible-slurm/issues/20,990125143,MDU6SXNzdWU5OTAxMjUxNDM=,20,Slurm location changed in debian bullseye,aknijn,,closed,False,natefoo,natefoo,,2,2021-09-07T15:51:34Z,2023-04-11T09:00:23Z,2023-04-11T09:00:23Z,NONE,The location of slurm in debian bullseye is no longer /etc/slurm-llnl but /etc/slurm
https://api.github.com/repos/galaxyproject/ansible-slurm/issues/18,https://api.github.com/repos/galaxyproject/ansible-slurm,https://api.github.com/repos/galaxyproject/ansible-slurm/issues/18/labels{/name},https://api.github.com/repos/galaxyproject/ansible-slurm/issues/18/comments,https://api.github.com/repos/galaxyproject/ansible-slurm/issues/18/events,https://github.com/galaxyproject/ansible-slurm/issues/18,921781357,MDU6SXNzdWU5MjE3ODEzNTc=,18,munge.service on the master node fails to start,vishpat,,open,False,,,,1,2021-06-15T20:39:51Z,2021-06-15T20:40:31Z,,NONE,"```
-- Unit munge.service has begun starting up.
Jun 15 20:34:10 controller systemd[1]: munge.service: control process exited, code=exited status=1
Jun 15 20:34:10 controller munged[5006]: munged: Error: Failed to check keyfile ""/etc/munge/munge.key"": No such file or directory
Jun 15 20:34:10 controller systemd[1]: Failed to start MUNGE authentication service.
-- Subject: Unit munge.service has failed
```"
https://api.github.com/repos/galaxyproject/ansible-slurm/issues/16,https://api.github.com/repos/galaxyproject/ansible-slurm,https://api.github.com/repos/galaxyproject/ansible-slurm/issues/16/labels{/name},https://api.github.com/repos/galaxyproject/ansible-slurm/issues/16/comments,https://api.github.com/repos/galaxyproject/ansible-slurm/issues/16/events,https://github.com/galaxyproject/ansible-slurm/issues/16,829056192,MDU6SXNzdWU4MjkwNTYxOTI=,16,Service restart order,roumano,,closed,False,,,,1,2021-03-11T11:20:44Z,2023-06-09T14:51:53Z,2023-06-09T14:51:53Z,NONE,"when need to restart several service, follow this order :  
- slurmdbd
- slurmctld
- slurmd

"
https://api.github.com/repos/galaxyproject/ansible-slurm/issues/15,https://api.github.com/repos/galaxyproject/ansible-slurm,https://api.github.com/repos/galaxyproject/ansible-slurm/issues/15/labels{/name},https://api.github.com/repos/galaxyproject/ansible-slurm/issues/15/comments,https://api.github.com/repos/galaxyproject/ansible-slurm/issues/15/events,https://github.com/galaxyproject/ansible-slurm/issues/15,829050340,MDU6SXNzdWU4MjkwNTAzNDA=,15,Add debian Buster support,roumano,,open,False,,,,0,2021-03-11T11:13:08Z,2021-03-11T11:13:08Z,,NONE,"Please see my pull request https://github.com/galaxyproject/ansible-slurm/pull/12

Maybe, my change on systemd service can also be use on other OS but as i'm not sure, i have add this when condition
```
  when: ansible_distribution == 'Debian'
```
"
https://api.github.com/repos/galaxyproject/ansible-slurm/issues/13,https://api.github.com/repos/galaxyproject/ansible-slurm,https://api.github.com/repos/galaxyproject/ansible-slurm/issues/13/labels{/name},https://api.github.com/repos/galaxyproject/ansible-slurm/issues/13/comments,https://api.github.com/repos/galaxyproject/ansible-slurm/issues/13/events,https://github.com/galaxyproject/ansible-slurm/issues/13,828973115,MDU6SXNzdWU4Mjg5NzMxMTU=,13,Munge service is not restart when munge key is change,roumano,,open,False,,,,0,2021-03-11T09:38:16Z,2021-03-11T09:38:16Z,,NONE,Munge service is not restart when munge key is change
https://api.github.com/repos/galaxyproject/ansible-slurm/issues/10,https://api.github.com/repos/galaxyproject/ansible-slurm,https://api.github.com/repos/galaxyproject/ansible-slurm/issues/10/labels{/name},https://api.github.com/repos/galaxyproject/ansible-slurm/issues/10/comments,https://api.github.com/repos/galaxyproject/ansible-slurm/issues/10/events,https://github.com/galaxyproject/ansible-slurm/issues/10,655694618,MDU6SXNzdWU2NTU2OTQ2MTg=,10,Service can't start due to wrong path on Ubuntu 20.04 LTS,maikknebel,,closed,False,,,,2,2020-07-13T09:25:10Z,2020-09-04T06:37:37Z,2020-09-04T06:37:37Z,NONE,"On Ubuntu 20.04 LTS the slurm-service doesnt start with the error:

```
systemd[1]: slurmctld.service: Can't open PID file /run/slurmctld.pid (yet?) after start: Operation not permitted
```

I found something similar at [Stackoverflow](https://stackoverflow.com/questions/56553665/how-to-fix-slurmd-service-cant-open-pid-file-error-in-slurm). It seems that the PID-Path between the slurm.conf and the service-definition is different, which leads to the crash. By manually changing the path in slurm.conf it starts without problems, but the playbook has a hardcoded paths for the pid.

/etc/slurm-llnl/slurm.conf
```
SlurmdPidFile=/var/run/slurm-llnl/slurmd.pid
```

/lib/systemd/system/slurmctld.service
```
[Service]
PIDFile=/run/slurmctld.pid
```

Edit: The same problem might apply to the slurmd and slurmdbd services, didnt test that yet, but paths are the same."
https://api.github.com/repos/galaxyproject/ansible-slurm/issues/9,https://api.github.com/repos/galaxyproject/ansible-slurm,https://api.github.com/repos/galaxyproject/ansible-slurm/issues/9/labels{/name},https://api.github.com/repos/galaxyproject/ansible-slurm/issues/9/comments,https://api.github.com/repos/galaxyproject/ansible-slurm/issues/9/events,https://github.com/galaxyproject/ansible-slurm/issues/9,637980345,MDU6SXNzdWU2Mzc5ODAzNDU=,9,basic playbook fails at `Create slurm user`,Heroico,,closed,False,,,,2,2020-06-12T20:12:58Z,2020-07-21T18:07:55Z,2020-07-21T18:07:55Z,NONE,"Hi there!

I have to create a high-performance computing server, and I'm trying to use this repo for the slurm step. It fails at the user creation step. It looks like a basic permissions error where some unix commands should be ran as `root`.

The error I get is:

```
TASK [galaxyproject.slurm : Include user creation tasks] **************************************************************************************
included: /home/heroico/.ansible/roles/galaxyproject.slurm/tasks/user.yml for [MY HOST]

TASK [galaxyproject.slurm : Create slurm group] ***********************************************************************************************
skipping: [MY HOST]

TASK [galaxyproject.slurm : Create slurm user] ************************************************************************************************
fatal: [MY HOST]: FAILED! => {""changed"": false, ""msg"": ""useradd: Permission denied.\nuseradd: cannot lock /etc/passwd; try again later.\n"", ""name"": ""slurm"", ""rc"": 1}

PLAY RECAP ************************************************************************************************************************************
[MY HOST]              : ok=2    changed=0    unreachable=0    failed=1    skipped=1    rescued=0    ignored=0
```

My minimal reproducible playbook is like this:

```
---
- name: test
  hosts: [MY_HOST]

  tasks:
    - include_role:
        name: 'galaxyproject.slurm'
      vars:
        slurm_roles: ['controller', 'exec', 'dbd']
```

I'm not sure what to do here. I can use a `become` directive at the playbook level to have this work, but I wanted to check with you first if there is a better way to achieve this. (Bear in mind: I'm not a sysadmin/devops person, I'm merely a coder recently forced to maintain infrastructure). Thanks in advance!
"
https://api.github.com/repos/galaxyproject/ansible-slurm/issues/7,https://api.github.com/repos/galaxyproject/ansible-slurm,https://api.github.com/repos/galaxyproject/ansible-slurm/issues/7/labels{/name},https://api.github.com/repos/galaxyproject/ansible-slurm/issues/7/comments,https://api.github.com/repos/galaxyproject/ansible-slurm/issues/7/events,https://github.com/galaxyproject/ansible-slurm/issues/7,596790997,MDU6SXNzdWU1OTY3OTA5OTc=,7,MIT License,saadrahim,,open,False,,,,0,2020-04-08T19:00:51Z,2020-04-08T19:00:51Z,,NONE,"Would you mind including the MIT license contents in your project in a file? Just want to remove any ambiguity.

Thanks"
https://api.github.com/repos/galaxyproject/ansible-slurm/issues/6,https://api.github.com/repos/galaxyproject/ansible-slurm,https://api.github.com/repos/galaxyproject/ansible-slurm/issues/6/labels{/name},https://api.github.com/repos/galaxyproject/ansible-slurm/issues/6/comments,https://api.github.com/repos/galaxyproject/ansible-slurm/issues/6/events,https://github.com/galaxyproject/ansible-slurm/issues/6,576966501,MDU6SXNzdWU1NzY5NjY1MDE=,6,SlurmDBD config does not work,natefoo,,open,False,,,,5,2020-03-06T14:27:31Z,2021-11-17T14:07:25Z,,MEMBER,"The config template, `generic.conf.j2` expects to be run in a loop over a list of dicts, but the task that templates it does not do so."
https://api.github.com/repos/galaxyproject/ansible-slurm/issues/4,https://api.github.com/repos/galaxyproject/ansible-slurm,https://api.github.com/repos/galaxyproject/ansible-slurm/issues/4/labels{/name},https://api.github.com/repos/galaxyproject/ansible-slurm/issues/4/comments,https://api.github.com/repos/galaxyproject/ansible-slurm/issues/4/events,https://github.com/galaxyproject/ansible-slurm/issues/4,494322319,MDU6SXNzdWU0OTQzMjIzMTk=,4,Issue running playbook,bachmeyer,,open,False,,,,2,2019-09-16T23:22:08Z,2019-09-23T15:56:32Z,,NONE,"When running the playbook I get the error
""No package matching 'slurm-slurmdbd' found available, installed or updated""
for Task : Install Slurm DB packages

{
    ""_ansible_parsed"": true,
    ""_ansible_no_log"": false,
    ""changed"": false,
    ""results"": [
        ""No package matching 'slurm-slurmdbd' found available, installed or updated""
    ],
    ""rc"": 126,
    ""invocation"": {
        ""module_args"": {
            ""autoremove"": false,
            ""disable_plugin"": [],
            ""install_repoquery"": true,
            ""update_cache"": false,
            ""disable_excludes"": null,
            ""exclude"": [],
            ""update_only"": false,
            ""installroot"": ""/"",
            ""allow_downgrade"": false,
            ""name"": [
                ""munge"",
                ""slurm-slurmdbd""
            ],
            ""download_only"": false,
            ""bugfix"": false,
            ""list"": null,
            ""disable_gpg_check"": false,
            ""conf_file"": null,
            ""use_backend"": ""auto"",
            ""validate_certs"": true,
            ""state"": ""present"",
            ""disablerepo"": [],
            ""releasever"": null,
            ""enablerepo"": [],
            ""skip_broken"": false,
            ""security"": false,
            ""enable_plugin"": []
        }
    },
    ""msg"": ""No package matching 'slurm-slurmdbd' found available, installed or updated""

"
https://api.github.com/repos/galaxyproject/ansible-slurm/issues/3,https://api.github.com/repos/galaxyproject/ansible-slurm,https://api.github.com/repos/galaxyproject/ansible-slurm/issues/3/labels{/name},https://api.github.com/repos/galaxyproject/ansible-slurm/issues/3/comments,https://api.github.com/repos/galaxyproject/ansible-slurm/issues/3/events,https://github.com/galaxyproject/ansible-slurm/issues/3,447523283,MDU6SXNzdWU0NDc1MjMyODM=,3,Problems with slurm rpms,tdudgeon,,closed,False,,,,2,2019-05-23T08:44:30Z,2019-05-23T15:41:55Z,2019-05-23T15:41:54Z,NONE,"Not sure if this is the best place to report this, but let's try.
I was trying to use the slurm RPMs that are found here:
https://depot.galaxyproject.org/yum/package/slurm/18.08/7/x86_64/
I hit 2 problems:

1. the repo definitions (https://depot.galaxyproject.org/yum/package/slurm/18.08/) seem broken.
To get it to work (on Centos7) I needed to change the baseurl property to https://depot.galaxyproject.org/yum/package/slurm/18.08/$releasever/$basearch/

2. The 2 drmaa packages seem to have been built against a different version of slurm. When doing an `yum install` you get this error:

> Error: Package: slurm-drmaa-1.1.0-1.el7.x86_64 (slurm-18.08)
>            Requires: libslurm.so.31()(64bit)
> Error: Package: slurm-drmaa-1.1.0-1.el7.x86_64 (slurm-18.08)
>            Requires: libslurmdb.so.31()(64bit)
The version of slurm that is installed is libslurmdb.so.33.

I'm not an yum/rpm expert so I might be missing something subtle here, but it looks to me like the these rpms were not built against same version of slurm.

To get round this I downloaded the two drmaa rpms and installed them manually with something like:
`rpm -iv --nodeps slurm-drmaa-1.1.0-1.el7.x86_64.rpm`

That seems to have installed, but I haven't got to the stage of checking that it works correctly.
"
https://api.github.com/repos/galaxyproject/ansible-slurm/issues/2,https://api.github.com/repos/galaxyproject/ansible-slurm,https://api.github.com/repos/galaxyproject/ansible-slurm/issues/2/labels{/name},https://api.github.com/repos/galaxyproject/ansible-slurm/issues/2/comments,https://api.github.com/repos/galaxyproject/ansible-slurm/issues/2/events,https://github.com/galaxyproject/ansible-slurm/issues/2,446004364,MDU6SXNzdWU0NDYwMDQzNjQ=,2,Port-Ranges are converted into strings,maikknebel,,closed,False,,,,2,2019-05-20T09:10:09Z,2019-05-20T09:46:27Z,2019-05-20T09:46:27Z,NONE,"When i try to set a port-range, it gets converted into a string, which leads to an error in the slurm-deamon while loading the conf.

```
slurm_nodes:
  - name: dockerworker[1-10]
    NodeAddr: 192.168.0.1
    Port: [6818-6828]
    State: UNKNOWN
```

slurm.conf
```
...
NodeName=dockerworker[1-10] NodeAddr=192.168.0.1 Port=[u'6818-6828'] State=UNKNOWN
...
```

Error in slurmctrld
```
ERROR: [../../../src/common/hostlist.c:1735] Invalid range: `u'6818-6828'': Invalid argument
```"
