URL,Repository URL,Labels URL,Comments URL,Events URL,HTML URL,ID,Node ID,Number,Title,User,Labels,State,Locked,Assignee,Assignees,Milestone,Comments,Created At,Updated At,Closed At,Author Association,Body
https://api.github.com/repos/galaxyproject/gen3-integration/issues/10,https://api.github.com/repos/galaxyproject/gen3-integration,https://api.github.com/repos/galaxyproject/gen3-integration/issues/10/labels{/name},https://api.github.com/repos/galaxyproject/gen3-integration/issues/10/comments,https://api.github.com/repos/galaxyproject/gen3-integration/issues/10/events,https://github.com/galaxyproject/gen3-integration/issues/10,476979582,MDU6SXNzdWU0NzY5Nzk1ODI=,10,Define and test k8s deployment for reference data,martenson,,open,False,almahmoud,almahmoud,,1,2019-08-05T17:42:02Z,2019-08-05T17:49:18Z,,MEMBER,so we can use  `csi-nodeplugins` to get access to CVMFS reference data for all users' namespaces
https://api.github.com/repos/galaxyproject/gen3-integration/issues/9,https://api.github.com/repos/galaxyproject/gen3-integration,https://api.github.com/repos/galaxyproject/gen3-integration/issues/9/labels{/name},https://api.github.com/repos/galaxyproject/gen3-integration/issues/9/comments,https://api.github.com/repos/galaxyproject/gen3-integration/issues/9/events,https://github.com/galaxyproject/gen3-integration/issues/9,472995583,MDU6SXNzdWU0NzI5OTU1ODM=,9,adjust library API to allow loading metadata from an external source,martenson,,open,False,,,,0,2019-07-25T17:56:36Z,2019-07-25T17:59:23Z,,MEMBER,"note: we might not need this if we implement export/import through baggit bags, that can be consumed by Galaxy already

an alternative to https://github.com/galaxyproject/gen3-integration/issues/8"
https://api.github.com/repos/galaxyproject/gen3-integration/issues/8,https://api.github.com/repos/galaxyproject/gen3-integration,https://api.github.com/repos/galaxyproject/gen3-integration/issues/8/labels{/name},https://api.github.com/repos/galaxyproject/gen3-integration/issues/8/comments,https://api.github.com/repos/galaxyproject/gen3-integration/issues/8/events,https://github.com/galaxyproject/gen3-integration/issues/8,472993471,MDU6SXNzdWU0NzI5OTM0NzE=,8,"Implement a way for importing serialized Galaxy objects from tuple (bagit bag with metadata, URI)",martenson,,open,False,,,,0,2019-07-25T17:51:40Z,2019-07-26T16:08:04Z,,MEMBER,"The serialization happens here: https://github.com/galaxyproject/galaxy/blob/dev/lib/galaxy/model/store/build_objects.py

This could probably be treated as an enhancement to `api/tools/fetch` endpoint or a standalon script as a start."
https://api.github.com/repos/galaxyproject/gen3-integration/issues/7,https://api.github.com/repos/galaxyproject/gen3-integration,https://api.github.com/repos/galaxyproject/gen3-integration/issues/7/labels{/name},https://api.github.com/repos/galaxyproject/gen3-integration/issues/7/comments,https://api.github.com/repos/galaxyproject/gen3-integration/issues/7/events,https://github.com/galaxyproject/gen3-integration/issues/7,468841334,MDU6SXNzdWU0Njg4NDEzMzQ=,7,define a way how to run Galaxy tool containers on gen3 Kubernetes,martenson,,open,False,,,,0,2019-07-16T20:10:55Z,2019-07-16T20:10:55Z,,MEMBER,I remember hearing that we will not be given permissions to use k8s API directly (which is what our runner uses) so we might have to create adapted custom runner to use (custom?) API that gen3 will provide
https://api.github.com/repos/galaxyproject/gen3-integration/issues/6,https://api.github.com/repos/galaxyproject/gen3-integration,https://api.github.com/repos/galaxyproject/gen3-integration/issues/6/labels{/name},https://api.github.com/repos/galaxyproject/gen3-integration/issues/6/comments,https://api.github.com/repos/galaxyproject/gen3-integration/issues/6/events,https://github.com/galaxyproject/gen3-integration/issues/6,467593214,MDU6SXNzdWU0Njc1OTMyMTQ=,6,boards,martenson,,open,False,,,,1,2019-07-12T20:43:29Z,2019-07-16T16:32:52Z,,MEMBER,"chicago meeting

![board](https://user-images.githubusercontent.com/1814954/61157442-2a325e00-a4c4-11e9-892f-d7bbc863ae85.jpg)
"
https://api.github.com/repos/galaxyproject/gen3-integration/issues/5,https://api.github.com/repos/galaxyproject/gen3-integration,https://api.github.com/repos/galaxyproject/gen3-integration/issues/5/labels{/name},https://api.github.com/repos/galaxyproject/gen3-integration/issues/5/comments,https://api.github.com/repos/galaxyproject/gen3-integration/issues/5/events,https://github.com/galaxyproject/gen3-integration/issues/5,467586006,MDU6SXNzdWU0Njc1ODYwMDY=,5,Assemble and supply gen3 with an allowlist of biocontainers needed to execute the proof of concept workflows.,martenson,,open,False,luke-c-sargent,luke-c-sargent,,0,2019-07-12T20:22:58Z,2019-07-12T20:23:42Z,,MEMBER,depends on https://github.com/galaxyproject/gen3-integration/issues/3 being ready
https://api.github.com/repos/galaxyproject/gen3-integration/issues/4,https://api.github.com/repos/galaxyproject/gen3-integration,https://api.github.com/repos/galaxyproject/gen3-integration/issues/4/labels{/name},https://api.github.com/repos/galaxyproject/gen3-integration/issues/4/comments,https://api.github.com/repos/galaxyproject/gen3-integration/issues/4/events,https://github.com/galaxyproject/gen3-integration/issues/4,467585333,MDU6SXNzdWU0Njc1ODUzMzM=,4,Prepare gen3 post launch galaxy setup script ,martenson,,open,False,luke-c-sargent,luke-c-sargent,,1,2019-07-12T20:21:00Z,2019-07-25T17:57:26Z,,MEMBER,"that uses API to set up the 
- instance config
- user 
- data through manifest (libs, history?)
    - maybe even pre-loads all metadata via a gen3 service."
https://api.github.com/repos/galaxyproject/gen3-integration/issues/3,https://api.github.com/repos/galaxyproject/gen3-integration,https://api.github.com/repos/galaxyproject/gen3-integration/issues/3/labels{/name},https://api.github.com/repos/galaxyproject/gen3-integration/issues/3/comments,https://api.github.com/repos/galaxyproject/gen3-integration/issues/3/events,https://github.com/galaxyproject/gen3-integration/issues/3,467584207,MDU6SXNzdWU0Njc1ODQyMDc=,3,Prepare proof of concept Galaxy workflows ,martenson,,open,False,jgoecks,"jgoecks, luke-c-sargent",,0,2019-07-12T20:17:39Z,2019-07-12T20:23:06Z,,MEMBER,"Prepare ga worflows
* Genomic data commons data
    * Consensus variant calling among the cohort
* Machine learning model from cancer cell line encyclopaedia
    * Apply models to TCGA predict drug response in cohort on gdc"
https://api.github.com/repos/galaxyproject/gen3-integration/issues/2,https://api.github.com/repos/galaxyproject/gen3-integration,https://api.github.com/repos/galaxyproject/gen3-integration/issues/2/labels{/name},https://api.github.com/repos/galaxyproject/gen3-integration/issues/2/comments,https://api.github.com/repos/galaxyproject/gen3-integration/issues/2/events,https://github.com/galaxyproject/gen3-integration/issues/2,467583796,MDU6SXNzdWU0Njc1ODM3OTY=,2,Provide gen 3 with the galaxy-data package and documentation on how to use it to sniff and set metadata on files,martenson,,open,False,martenson,martenson,,1,2019-07-12T20:16:15Z,2019-07-16T18:41:48Z,,MEMBER,
https://api.github.com/repos/galaxyproject/gen3-integration/issues/1,https://api.github.com/repos/galaxyproject/gen3-integration,https://api.github.com/repos/galaxyproject/gen3-integration/issues/1/labels{/name},https://api.github.com/repos/galaxyproject/gen3-integration/issues/1/comments,https://api.github.com/repos/galaxyproject/gen3-integration/issues/1/events,https://github.com/galaxyproject/gen3-integration/issues/1,467583571,MDU6SXNzdWU0Njc1ODM1NzE=,1,provide gen3 with minimal kubernetes-oriented galaxy image,martenson,,open,False,afgane,"afgane, jdavcs, almahmoud",,3,2019-07-12T20:15:34Z,2019-07-16T21:36:33Z,,MEMBER,(but single afaik)
