URL,Repository URL,Labels URL,Comments URL,Events URL,HTML URL,ID,Node ID,Number,Title,User,Labels,State,Locked,Assignee,Assignees,Milestone,Comments,Created At,Updated At,Closed At,Author Association,Body
https://api.github.com/repos/galaxyproject/jxtx/issues/104,https://api.github.com/repos/galaxyproject/jxtx,https://api.github.com/repos/galaxyproject/jxtx/issues/104/labels{/name},https://api.github.com/repos/galaxyproject/jxtx/issues/104/comments,https://api.github.com/repos/galaxyproject/jxtx/issues/104/events,https://github.com/galaxyproject/jxtx/issues/104,941031041,MDU6SXNzdWU5NDEwMzEwNDE=,104,Add content creation guide ,NoopDog,,open,False,NoopDog,NoopDog,,0,2021-07-09T19:59:43Z,2021-07-09T19:59:46Z,,COLLABORATOR,
https://api.github.com/repos/galaxyproject/jxtx/issues/103,https://api.github.com/repos/galaxyproject/jxtx,https://api.github.com/repos/galaxyproject/jxtx/issues/103/labels{/name},https://api.github.com/repos/galaxyproject/jxtx/issues/103/comments,https://api.github.com/repos/galaxyproject/jxtx/issues/103/events,https://github.com/galaxyproject/jxtx/issues/103,941030677,MDU6SXNzdWU5NDEwMzA2Nzc=,103,Accept cookies banner with link to privacy page,NoopDog,,open,False,frano-m,frano-m,,0,2021-07-09T19:59:02Z,2021-07-09T19:59:02Z,,COLLABORATOR,
https://api.github.com/repos/galaxyproject/jxtx/issues/102,https://api.github.com/repos/galaxyproject/jxtx,https://api.github.com/repos/galaxyproject/jxtx/issues/102/labels{/name},https://api.github.com/repos/galaxyproject/jxtx/issues/102/comments,https://api.github.com/repos/galaxyproject/jxtx/issues/102/events,https://github.com/galaxyproject/jxtx/issues/102,941027721,MDU6SXNzdWU5NDEwMjc3MjE=,102,Setup Google custom search api ,NoopDog,,open,False,,,,0,2021-07-09T19:54:07Z,2021-07-09T19:54:07Z,,COLLABORATOR,"https://developers.google.com/custom-search/v1/overview

We are requesting to use the paid API so we can control how the search results look...

Costs are:

Custom Search JSON API provides 100 search queries per day for free. If you need more, you may sign up for billing in the API Console. Additional requests cost $5 per 1000 queries, up to 10k queries per day.

It is unlikely we will use up the 100 free queries per day.

We do need to set up a Google Project for this to get the API key.

The API key needs to be given JUST the permission to use the search API for this site (jxtxfoundation.org) and also have a spending limit placed on it just to protect against DOS.

"
https://api.github.com/repos/galaxyproject/jxtx/issues/101,https://api.github.com/repos/galaxyproject/jxtx,https://api.github.com/repos/galaxyproject/jxtx/issues/101/labels{/name},https://api.github.com/repos/galaxyproject/jxtx/issues/101/comments,https://api.github.com/repos/galaxyproject/jxtx/issues/101/events,https://github.com/galaxyproject/jxtx/issues/101,941023330,MDU6SXNzdWU5NDEwMjMzMzA=,101,Google powered site search,NoopDog,,open,False,,,,0,2021-07-09T19:45:36Z,2021-07-09T19:45:36Z,,COLLABORATOR,
https://api.github.com/repos/galaxyproject/jxtx/issues/94,https://api.github.com/repos/galaxyproject/jxtx,https://api.github.com/repos/galaxyproject/jxtx/issues/94/labels{/name},https://api.github.com/repos/galaxyproject/jxtx/issues/94/comments,https://api.github.com/repos/galaxyproject/jxtx/issues/94/events,https://github.com/galaxyproject/jxtx/issues/94,938562006,MDU6SXNzdWU5Mzg1NjIwMDY=,94,"Homepage images to use ""StaticImage""",NoopDog,,open,False,frano-m,frano-m,,0,2021-07-07T07:06:06Z,2021-07-07T07:06:15Z,,COLLABORATOR,
https://api.github.com/repos/galaxyproject/jxtx/issues/89,https://api.github.com/repos/galaxyproject/jxtx,https://api.github.com/repos/galaxyproject/jxtx/issues/89/labels{/name},https://api.github.com/repos/galaxyproject/jxtx/issues/89/comments,https://api.github.com/repos/galaxyproject/jxtx/issues/89/events,https://github.com/galaxyproject/jxtx/issues/89,938408503,MDU6SXNzdWU5Mzg0MDg1MDM=,89,Update section hero styles,frano-m,,open,False,frano-m,frano-m,,0,2021-07-07T02:09:17Z,2021-07-07T02:09:17Z,,COLLABORATOR,
https://api.github.com/repos/galaxyproject/jxtx/issues/87,https://api.github.com/repos/galaxyproject/jxtx,https://api.github.com/repos/galaxyproject/jxtx/issues/87/labels{/name},https://api.github.com/repos/galaxyproject/jxtx/issues/87/comments,https://api.github.com/repos/galaxyproject/jxtx/issues/87/events,https://github.com/galaxyproject/jxtx/issues/87,938326639,MDU6SXNzdWU5MzgzMjY2Mzk=,87,Update social share image,MillenniumFalconMechanic,,open,False,MillenniumFalconMechanic,MillenniumFalconMechanic,,0,2021-07-06T23:08:53Z,2021-07-06T23:08:53Z,,COLLABORATOR,
https://api.github.com/repos/galaxyproject/jxtx/issues/86,https://api.github.com/repos/galaxyproject/jxtx,https://api.github.com/repos/galaxyproject/jxtx/issues/86/labels{/name},https://api.github.com/repos/galaxyproject/jxtx/issues/86/comments,https://api.github.com/repos/galaxyproject/jxtx/issues/86/events,https://github.com/galaxyproject/jxtx/issues/86,938326404,MDU6SXNzdWU5MzgzMjY0MDQ=,86,Update hero image size and positioning,MillenniumFalconMechanic,,open,False,MillenniumFalconMechanic,MillenniumFalconMechanic,,0,2021-07-06T23:08:26Z,2021-07-06T23:08:26Z,,COLLABORATOR,
https://api.github.com/repos/galaxyproject/jxtx/issues/85,https://api.github.com/repos/galaxyproject/jxtx,https://api.github.com/repos/galaxyproject/jxtx/issues/85/labels{/name},https://api.github.com/repos/galaxyproject/jxtx/issues/85/comments,https://api.github.com/repos/galaxyproject/jxtx/issues/85/events,https://github.com/galaxyproject/jxtx/issues/85,938326165,MDU6SXNzdWU5MzgzMjYxNjU=,85,Add 2021 scholarships news item,MillenniumFalconMechanic,,open,False,MillenniumFalconMechanic,MillenniumFalconMechanic,,0,2021-07-06T23:07:58Z,2021-07-06T23:07:58Z,,COLLABORATOR,
https://api.github.com/repos/galaxyproject/jxtx/issues/79,https://api.github.com/repos/galaxyproject/jxtx,https://api.github.com/repos/galaxyproject/jxtx/issues/79/labels{/name},https://api.github.com/repos/galaxyproject/jxtx/issues/79/comments,https://api.github.com/repos/galaxyproject/jxtx/issues/79/events,https://github.com/galaxyproject/jxtx/issues/79,936370109,MDU6SXNzdWU5MzYzNzAxMDk=,79,"Install and apply ""prettier"" code formatter",NoopDog,,closed,False,,,,1,2021-07-04T03:46:16Z,2021-07-07T07:06:33Z,2021-07-07T07:06:33Z,COLLABORATOR,
https://api.github.com/repos/galaxyproject/jxtx/issues/77,https://api.github.com/repos/galaxyproject/jxtx,https://api.github.com/repos/galaxyproject/jxtx/issues/77/labels{/name},https://api.github.com/repos/galaxyproject/jxtx/issues/77/comments,https://api.github.com/repos/galaxyproject/jxtx/issues/77/events,https://github.com/galaxyproject/jxtx/issues/77,936339495,MDU6SXNzdWU5MzYzMzk0OTU=,77,Setup Google Analytics,NoopDog,,closed,False,,,,0,2021-07-03T22:57:40Z,2021-07-07T15:20:19Z,2021-07-07T15:20:19Z,COLLABORATOR,
https://api.github.com/repos/galaxyproject/jxtx/issues/61,https://api.github.com/repos/galaxyproject/jxtx,https://api.github.com/repos/galaxyproject/jxtx/issues/61/labels{/name},https://api.github.com/repos/galaxyproject/jxtx/issues/61/comments,https://api.github.com/repos/galaxyproject/jxtx/issues/61/events,https://github.com/galaxyproject/jxtx/issues/61,936170985,MDU6SXNzdWU5MzYxNzA5ODU=,61,Update site links,frano-m,,closed,False,frano-m,frano-m,,0,2021-07-03T04:48:09Z,2021-07-03T22:45:55Z,2021-07-03T22:45:55Z,COLLABORATOR,"Include header, footer and home page."
https://api.github.com/repos/galaxyproject/jxtx/issues/54,https://api.github.com/repos/galaxyproject/jxtx,https://api.github.com/repos/galaxyproject/jxtx/issues/54/labels{/name},https://api.github.com/repos/galaxyproject/jxtx/issues/54/comments,https://api.github.com/repos/galaxyproject/jxtx/issues/54/events,https://github.com/galaxyproject/jxtx/issues/54,936095751,MDU6SXNzdWU5MzYwOTU3NTE=,54,Create social share twitter card,MillenniumFalconMechanic,,open,False,,,,0,2021-07-02T22:23:28Z,2021-07-03T23:00:38Z,,COLLABORATOR,
https://api.github.com/repos/galaxyproject/jxtx/issues/53,https://api.github.com/repos/galaxyproject/jxtx,https://api.github.com/repos/galaxyproject/jxtx/issues/53/labels{/name},https://api.github.com/repos/galaxyproject/jxtx/issues/53/comments,https://api.github.com/repos/galaxyproject/jxtx/issues/53/events,https://github.com/galaxyproject/jxtx/issues/53,935359878,MDU6SXNzdWU5MzUzNTk4Nzg=,53,Review call to action font colour,frano-m,,open,False,MillenniumFalconMechanic,"MillenniumFalconMechanic, frano-m",,0,2021-07-02T02:41:57Z,2021-07-02T02:41:57Z,,COLLABORATOR,"The colour for the CTA ""Learn more"" scores a low contrast ratio."
https://api.github.com/repos/galaxyproject/jxtx/issues/52,https://api.github.com/repos/galaxyproject/jxtx,https://api.github.com/repos/galaxyproject/jxtx/issues/52/labels{/name},https://api.github.com/repos/galaxyproject/jxtx/issues/52/comments,https://api.github.com/repos/galaxyproject/jxtx/issues/52/events,https://github.com/galaxyproject/jxtx/issues/52,935202096,MDU6SXNzdWU5MzUyMDIwOTY=,52,Add awardee tiles to awardees news item,MillenniumFalconMechanic,,open,False,frano-m,frano-m,,0,2021-07-01T20:46:55Z,2021-07-07T07:48:14Z,,COLLABORATOR,
https://api.github.com/repos/galaxyproject/jxtx/issues/51,https://api.github.com/repos/galaxyproject/jxtx,https://api.github.com/repos/galaxyproject/jxtx/issues/51/labels{/name},https://api.github.com/repos/galaxyproject/jxtx/issues/51/comments,https://api.github.com/repos/galaxyproject/jxtx/issues/51/events,https://github.com/galaxyproject/jxtx/issues/51,935169833,MDU6SXNzdWU5MzUxNjk4MzM=,51,Update responsive header,MillenniumFalconMechanic,,closed,False,MillenniumFalconMechanic,"MillenniumFalconMechanic, frano-m",,0,2021-07-01T20:00:04Z,2021-07-03T22:56:20Z,2021-07-03T22:56:20Z,COLLABORATOR,
https://api.github.com/repos/galaxyproject/jxtx/issues/50,https://api.github.com/repos/galaxyproject/jxtx,https://api.github.com/repos/galaxyproject/jxtx/issues/50/labels{/name},https://api.github.com/repos/galaxyproject/jxtx/issues/50/comments,https://api.github.com/repos/galaxyproject/jxtx/issues/50/events,https://github.com/galaxyproject/jxtx/issues/50,935156464,MDU6SXNzdWU5MzUxNTY0NjQ=,50,Add wrapping of scholarships index page,MillenniumFalconMechanic,,closed,False,frano-m,frano-m,,0,2021-07-01T19:38:54Z,2021-07-03T22:45:40Z,2021-07-03T22:45:40Z,COLLABORATOR,
https://api.github.com/repos/galaxyproject/jxtx/issues/49,https://api.github.com/repos/galaxyproject/jxtx,https://api.github.com/repos/galaxyproject/jxtx/issues/49/labels{/name},https://api.github.com/repos/galaxyproject/jxtx/issues/49/comments,https://api.github.com/repos/galaxyproject/jxtx/issues/49/events,https://github.com/galaxyproject/jxtx/issues/49,935061530,MDU6SXNzdWU5MzUwNjE1MzA=,49,Add scholarships index page,MillenniumFalconMechanic,,closed,False,frano-m,frano-m,,0,2021-07-01T17:24:14Z,2021-07-03T22:46:53Z,2021-07-03T22:46:53Z,COLLABORATOR,"![Screen Shot 2021-07-01 at 10.59.32 AM.png](https://images.zenhubusercontent.com/57339587bf93871ccd9ae22c/eb0e8657-acda-4762-91f6-ba1ef83ef036)

""See awardees"" links to [corresponding news item](https://jxtxfoundation.netlify.app/news/2020-10-jxtx-awardees). "
https://api.github.com/repos/galaxyproject/jxtx/issues/48,https://api.github.com/repos/galaxyproject/jxtx,https://api.github.com/repos/galaxyproject/jxtx/issues/48/labels{/name},https://api.github.com/repos/galaxyproject/jxtx/issues/48/comments,https://api.github.com/repos/galaxyproject/jxtx/issues/48/events,https://github.com/galaxyproject/jxtx/issues/48,935053209,MDU6SXNzdWU5MzUwNTMyMDk=,48,Update mobile nav menu UI,MillenniumFalconMechanic,,closed,False,MillenniumFalconMechanic,MillenniumFalconMechanic,,0,2021-07-01T17:13:03Z,2021-07-03T22:45:27Z,2021-07-03T22:45:27Z,COLLABORATOR,![Screen Shot 2021-07-01 at 10.12.20 AM.png](https://images.zenhubusercontent.com/57339587bf93871ccd9ae22c/c99ab8f0-68db-4391-a1fc-2305172c33c6)
https://api.github.com/repos/galaxyproject/jxtx/issues/47,https://api.github.com/repos/galaxyproject/jxtx,https://api.github.com/repos/galaxyproject/jxtx/issues/47/labels{/name},https://api.github.com/repos/galaxyproject/jxtx/issues/47/comments,https://api.github.com/repos/galaxyproject/jxtx/issues/47/events,https://github.com/galaxyproject/jxtx/issues/47,935034621,MDU6SXNzdWU5MzUwMzQ2MjE=,47,Add events page,MillenniumFalconMechanic,,closed,False,NoopDog,NoopDog,,1,2021-07-01T16:50:17Z,2021-07-03T22:56:29Z,2021-07-03T22:56:29Z,COLLABORATOR,
https://api.github.com/repos/galaxyproject/jxtx/issues/46,https://api.github.com/repos/galaxyproject/jxtx,https://api.github.com/repos/galaxyproject/jxtx/issues/46/labels{/name},https://api.github.com/repos/galaxyproject/jxtx/issues/46/comments,https://api.github.com/repos/galaxyproject/jxtx/issues/46/events,https://github.com/galaxyproject/jxtx/issues/46,934904375,MDU6SXNzdWU5MzQ5MDQzNzU=,46,Implement responsive alternate news detail page,frano-m,,closed,False,frano-m,frano-m,,0,2021-07-01T14:24:20Z,2021-07-07T07:07:28Z,2021-07-07T07:07:28Z,COLLABORATOR,
https://api.github.com/repos/galaxyproject/jxtx/issues/44,https://api.github.com/repos/galaxyproject/jxtx,https://api.github.com/repos/galaxyproject/jxtx/issues/44/labels{/name},https://api.github.com/repos/galaxyproject/jxtx/issues/44/comments,https://api.github.com/repos/galaxyproject/jxtx/issues/44/events,https://github.com/galaxyproject/jxtx/issues/44,934423678,MDU6SXNzdWU5MzQ0MjM2Nzg=,44,Implement alternative news detail page,frano-m,,closed,False,frano-m,frano-m,,0,2021-07-01T05:47:19Z,2021-07-03T22:48:20Z,2021-07-03T22:48:20Z,COLLABORATOR,
https://api.github.com/repos/galaxyproject/jxtx/issues/43,https://api.github.com/repos/galaxyproject/jxtx,https://api.github.com/repos/galaxyproject/jxtx/issues/43/labels{/name},https://api.github.com/repos/galaxyproject/jxtx/issues/43/comments,https://api.github.com/repos/galaxyproject/jxtx/issues/43/events,https://github.com/galaxyproject/jxtx/issues/43,934423573,MDU6SXNzdWU5MzQ0MjM1NzM=,43,Implement alternative news detail page,frano-m,,closed,False,frano-m,frano-m,,0,2021-07-01T05:47:09Z,2021-07-01T05:47:31Z,2021-07-01T05:47:31Z,COLLABORATOR,
https://api.github.com/repos/galaxyproject/jxtx/issues/41,https://api.github.com/repos/galaxyproject/jxtx,https://api.github.com/repos/galaxyproject/jxtx/issues/41/labels{/name},https://api.github.com/repos/galaxyproject/jxtx/issues/41/comments,https://api.github.com/repos/galaxyproject/jxtx/issues/41/events,https://github.com/galaxyproject/jxtx/issues/41,934236268,MDU6SXNzdWU5MzQyMzYyNjg=,41,Style content to take up viewport height,frano-m,,open,False,frano-m,frano-m,,0,2021-07-01T00:33:52Z,2021-07-01T00:33:52Z,,COLLABORATOR,
https://api.github.com/repos/galaxyproject/jxtx/issues/40,https://api.github.com/repos/galaxyproject/jxtx,https://api.github.com/repos/galaxyproject/jxtx/issues/40/labels{/name},https://api.github.com/repos/galaxyproject/jxtx/issues/40/comments,https://api.github.com/repos/galaxyproject/jxtx/issues/40/events,https://github.com/galaxyproject/jxtx/issues/40,934234766,MDU6SXNzdWU5MzQyMzQ3NjY=,40,"Style the ""About James"" content",frano-m,,closed,False,frano-m,frano-m,,0,2021-07-01T00:30:47Z,2021-07-03T22:47:53Z,2021-07-03T22:47:53Z,COLLABORATOR,
https://api.github.com/repos/galaxyproject/jxtx/issues/37,https://api.github.com/repos/galaxyproject/jxtx,https://api.github.com/repos/galaxyproject/jxtx/issues/37/labels{/name},https://api.github.com/repos/galaxyproject/jxtx/issues/37/comments,https://api.github.com/repos/galaxyproject/jxtx/issues/37/events,https://github.com/galaxyproject/jxtx/issues/37,933821506,MDU6SXNzdWU5MzM4MjE1MDY=,37,Add background colour to site for extra large desktop,frano-m,,open,False,frano-m,frano-m,,0,2021-06-30T15:17:42Z,2021-06-30T15:17:42Z,,COLLABORATOR,
https://api.github.com/repos/galaxyproject/jxtx/issues/34,https://api.github.com/repos/galaxyproject/jxtx,https://api.github.com/repos/galaxyproject/jxtx/issues/34/labels{/name},https://api.github.com/repos/galaxyproject/jxtx/issues/34/comments,https://api.github.com/repos/galaxyproject/jxtx/issues/34/events,https://github.com/galaxyproject/jxtx/issues/34,929777358,MDU6SXNzdWU5Mjk3NzczNTg=,34,Review site progress on BrowserStack,frano-m,,open,False,frano-m,frano-m,,0,2021-06-25T02:48:03Z,2021-06-25T02:48:03Z,,COLLABORATOR,Review site progress on BrowserStack (after responsive styles are implemented).
https://api.github.com/repos/galaxyproject/jxtx/issues/33,https://api.github.com/repos/galaxyproject/jxtx,https://api.github.com/repos/galaxyproject/jxtx/issues/33/labels{/name},https://api.github.com/repos/galaxyproject/jxtx/issues/33/comments,https://api.github.com/repos/galaxyproject/jxtx/issues/33/events,https://github.com/galaxyproject/jxtx/issues/33,929776090,MDU6SXNzdWU5Mjk3NzYwOTA=,33,Update home page content,frano-m,,closed,False,frano-m,frano-m,,0,2021-06-25T02:45:29Z,2021-07-03T22:48:11Z,2021-07-03T22:48:11Z,COLLABORATOR,https://docs.google.com/document/d/1ksI44-omjscbFF6n--IqJkHnj1ddn7nyjjewTsDvetA/edit?pli=1#heading=h.p2um5rr2x283
https://api.github.com/repos/galaxyproject/jxtx/issues/31,https://api.github.com/repos/galaxyproject/jxtx,https://api.github.com/repos/galaxyproject/jxtx/issues/31/labels{/name},https://api.github.com/repos/galaxyproject/jxtx/issues/31/comments,https://api.github.com/repos/galaxyproject/jxtx/issues/31/events,https://github.com/galaxyproject/jxtx/issues/31,929719526,MDU6SXNzdWU5Mjk3MTk1MjY=,31,Implement responsive newsroom page,frano-m,,closed,False,frano-m,frano-m,,0,2021-06-25T00:35:02Z,2021-07-03T22:47:18Z,2021-07-03T22:47:18Z,COLLABORATOR,
https://api.github.com/repos/galaxyproject/jxtx/issues/30,https://api.github.com/repos/galaxyproject/jxtx,https://api.github.com/repos/galaxyproject/jxtx/issues/30/labels{/name},https://api.github.com/repos/galaxyproject/jxtx/issues/30/comments,https://api.github.com/repos/galaxyproject/jxtx/issues/30/events,https://github.com/galaxyproject/jxtx/issues/30,929718724,MDU6SXNzdWU5Mjk3MTg3MjQ=,30,Implement responsive news detail page,frano-m,,closed,False,frano-m,frano-m,,0,2021-06-25T00:33:50Z,2021-07-03T22:48:00Z,2021-07-03T22:48:00Z,COLLABORATOR,
https://api.github.com/repos/galaxyproject/jxtx/issues/25,https://api.github.com/repos/galaxyproject/jxtx,https://api.github.com/repos/galaxyproject/jxtx/issues/25/labels{/name},https://api.github.com/repos/galaxyproject/jxtx/issues/25/comments,https://api.github.com/repos/galaxyproject/jxtx/issues/25/events,https://github.com/galaxyproject/jxtx/issues/25,925116715,MDU6SXNzdWU5MjUxMTY3MTU=,25,Create Twitter component,MillenniumFalconMechanic,,open,False,,,,0,2021-06-18T18:24:33Z,2021-06-18T18:24:33Z,,COLLABORATOR,
https://api.github.com/repos/galaxyproject/jxtx/issues/23,https://api.github.com/repos/galaxyproject/jxtx,https://api.github.com/repos/galaxyproject/jxtx/issues/23/labels{/name},https://api.github.com/repos/galaxyproject/jxtx/issues/23/comments,https://api.github.com/repos/galaxyproject/jxtx/issues/23/events,https://github.com/galaxyproject/jxtx/issues/23,924603563,MDU6SXNzdWU5MjQ2MDM1NjM=,23,Implement responsive home page,frano-m,,closed,False,frano-m,frano-m,,0,2021-06-18T06:57:06Z,2021-07-03T22:56:22Z,2021-07-03T22:56:22Z,COLLABORATOR,
https://api.github.com/repos/galaxyproject/jxtx/issues/22,https://api.github.com/repos/galaxyproject/jxtx,https://api.github.com/repos/galaxyproject/jxtx/issues/22/labels{/name},https://api.github.com/repos/galaxyproject/jxtx/issues/22/comments,https://api.github.com/repos/galaxyproject/jxtx/issues/22/events,https://github.com/galaxyproject/jxtx/issues/22,924491239,MDU6SXNzdWU5MjQ0OTEyMzk=,22,JXTX 1,MillenniumFalconMechanic,Epic,open,False,,,,0,2021-06-18T02:50:38Z,2021-06-18T02:50:39Z,,COLLABORATOR,
https://api.github.com/repos/galaxyproject/jxtx/issues/21,https://api.github.com/repos/galaxyproject/jxtx,https://api.github.com/repos/galaxyproject/jxtx/issues/21/labels{/name},https://api.github.com/repos/galaxyproject/jxtx/issues/21/comments,https://api.github.com/repos/galaxyproject/jxtx/issues/21/events,https://github.com/galaxyproject/jxtx/issues/21,924486108,MDU6SXNzdWU5MjQ0ODYxMDg=,21,Implement responsive header,frano-m,,closed,False,frano-m,frano-m,,0,2021-06-18T02:36:17Z,2021-07-03T22:47:23Z,2021-07-03T22:47:23Z,COLLABORATOR,
https://api.github.com/repos/galaxyproject/jxtx/issues/20,https://api.github.com/repos/galaxyproject/jxtx,https://api.github.com/repos/galaxyproject/jxtx/issues/20/labels{/name},https://api.github.com/repos/galaxyproject/jxtx/issues/20/comments,https://api.github.com/repos/galaxyproject/jxtx/issues/20/events,https://github.com/galaxyproject/jxtx/issues/20,924485957,MDU6SXNzdWU5MjQ0ODU5NTc=,20,Implement responsive footer,frano-m,,closed,False,frano-m,frano-m,,0,2021-06-18T02:35:51Z,2021-07-03T22:47:32Z,2021-07-03T22:47:32Z,COLLABORATOR,
https://api.github.com/repos/galaxyproject/jxtx/issues/19,https://api.github.com/repos/galaxyproject/jxtx,https://api.github.com/repos/galaxyproject/jxtx/issues/19/labels{/name},https://api.github.com/repos/galaxyproject/jxtx/issues/19/comments,https://api.github.com/repos/galaxyproject/jxtx/issues/19/events,https://github.com/galaxyproject/jxtx/issues/19,924453528,MDU6SXNzdWU5MjQ0NTM1Mjg=,19,Add news section to home page,frano-m,,closed,False,frano-m,frano-m,,0,2021-06-18T01:11:38Z,2021-07-03T22:47:46Z,2021-07-03T22:47:46Z,COLLABORATOR,
https://api.github.com/repos/galaxyproject/jxtx/issues/18,https://api.github.com/repos/galaxyproject/jxtx,https://api.github.com/repos/galaxyproject/jxtx/issues/18/labels{/name},https://api.github.com/repos/galaxyproject/jxtx/issues/18/comments,https://api.github.com/repos/galaxyproject/jxtx/issues/18/events,https://github.com/galaxyproject/jxtx/issues/18,924450989,MDU6SXNzdWU5MjQ0NTA5ODk=,18,Implement news overview page,frano-m,,closed,False,frano-m,frano-m,,0,2021-06-18T01:05:33Z,2021-07-03T22:47:00Z,2021-07-03T22:47:00Z,COLLABORATOR,
https://api.github.com/repos/galaxyproject/jxtx/issues/17,https://api.github.com/repos/galaxyproject/jxtx,https://api.github.com/repos/galaxyproject/jxtx/issues/17/labels{/name},https://api.github.com/repos/galaxyproject/jxtx/issues/17/comments,https://api.github.com/repos/galaxyproject/jxtx/issues/17/events,https://github.com/galaxyproject/jxtx/issues/17,924450626,MDU6SXNzdWU5MjQ0NTA2MjY=,17,Implement news detail page,frano-m,,closed,False,frano-m,frano-m,,0,2021-06-18T01:04:41Z,2021-07-03T22:48:16Z,2021-07-03T22:48:16Z,COLLABORATOR,
https://api.github.com/repos/galaxyproject/jxtx/issues/16,https://api.github.com/repos/galaxyproject/jxtx,https://api.github.com/repos/galaxyproject/jxtx/issues/16/labels{/name},https://api.github.com/repos/galaxyproject/jxtx/issues/16/comments,https://api.github.com/repos/galaxyproject/jxtx/issues/16/events,https://github.com/galaxyproject/jxtx/issues/16,924450033,MDU6SXNzdWU5MjQ0NTAwMzM=,16,Implement home page,frano-m,,closed,False,frano-m,frano-m,,0,2021-06-18T01:03:12Z,2021-07-03T22:46:42Z,2021-07-03T22:46:42Z,COLLABORATOR,
https://api.github.com/repos/galaxyproject/jxtx/issues/13,https://api.github.com/repos/galaxyproject/jxtx,https://api.github.com/repos/galaxyproject/jxtx/issues/13/labels{/name},https://api.github.com/repos/galaxyproject/jxtx/issues/13/comments,https://api.github.com/repos/galaxyproject/jxtx/issues/13/events,https://github.com/galaxyproject/jxtx/issues/13,891420375,MDU6SXNzdWU4OTE0MjAzNzU=,13,Implement site footer,NoopDog,,closed,False,frano-m,frano-m,,0,2021-05-13T22:04:22Z,2021-07-03T22:46:25Z,2021-07-03T22:46:25Z,COLLABORATOR,
https://api.github.com/repos/galaxyproject/jxtx/issues/12,https://api.github.com/repos/galaxyproject/jxtx,https://api.github.com/repos/galaxyproject/jxtx/issues/12/labels{/name},https://api.github.com/repos/galaxyproject/jxtx/issues/12/comments,https://api.github.com/repos/galaxyproject/jxtx/issues/12/events,https://github.com/galaxyproject/jxtx/issues/12,891420097,MDU6SXNzdWU4OTE0MjAwOTc=,12,Implement site header,NoopDog,,closed,False,frano-m,frano-m,,0,2021-05-13T22:03:55Z,2021-07-03T22:47:41Z,2021-07-03T22:47:41Z,COLLABORATOR,
https://api.github.com/repos/galaxyproject/jxtx/issues/11,https://api.github.com/repos/galaxyproject/jxtx,https://api.github.com/repos/galaxyproject/jxtx/issues/11/labels{/name},https://api.github.com/repos/galaxyproject/jxtx/issues/11/comments,https://api.github.com/repos/galaxyproject/jxtx/issues/11/events,https://github.com/galaxyproject/jxtx/issues/11,881154205,MDU6SXNzdWU4ODExNTQyMDU=,11,Homepage UI Design ,NoopDog,,closed,False,MillenniumFalconMechanic,"MillenniumFalconMechanic, NoopDog",,0,2021-05-08T18:32:52Z,2021-07-03T22:47:12Z,2021-07-03T22:47:12Z,COLLABORATOR,
https://api.github.com/repos/galaxyproject/jxtx/issues/10,https://api.github.com/repos/galaxyproject/jxtx,https://api.github.com/repos/galaxyproject/jxtx/issues/10/labels{/name},https://api.github.com/repos/galaxyproject/jxtx/issues/10/comments,https://api.github.com/repos/galaxyproject/jxtx/issues/10/events,https://github.com/galaxyproject/jxtx/issues/10,881153333,MDU6SXNzdWU4ODExNTMzMzM=,10,Import existing content,NoopDog,,closed,False,frano-m,frano-m,,0,2021-05-08T18:32:04Z,2021-07-03T22:46:13Z,2021-07-03T22:46:13Z,COLLABORATOR,"

#### Need
Content from the existing sites/blogs/articles should be used to see the updated site. 

#### Approach
Source content from the following URLs and map to initially agreed upon sitemap.
https://galaxyproject.org/jxtx/foundation/#recent-foundation-activity-and-news
https://galaxyproject.org/jxtx/foundation/#about-the-jxtx-foundation
https://galaxyproject.org/news/2020-11-jxtx-zaman/
https://galaxyproject.org/news/2020-11-jxtx-joglekar/
https://galaxyproject.org/news/2020-11-jxtx-twesigomwe/
https://galaxyproject.org/news/2020-10-jxtx-awardees/
https://galaxyproject.org/news/2020-07-bds-scholarships/
https://galaxyproject.org/jxtx/bio/
https://genomebiology.biomedcentral.com/articles/10.1186/s13059-020-02016-0
https://galaxyproject.org/jxtx/stories/
https://galaxyproject.org/jxtx/memorials/
https://galaxyproject.org/jxtx/we-miss-you/



#### Definition of Done

- Above content mapped to :
    - About James
    - About the Foundation
    - Scholarships
    - Events
    - News


- Initial markdown documents created, images imported.


"
https://api.github.com/repos/galaxyproject/jxtx/issues/9,https://api.github.com/repos/galaxyproject/jxtx,https://api.github.com/repos/galaxyproject/jxtx/issues/9/labels{/name},https://api.github.com/repos/galaxyproject/jxtx/issues/9/comments,https://api.github.com/repos/galaxyproject/jxtx/issues/9/events,https://github.com/galaxyproject/jxtx/issues/9,881146157,MDU6SXNzdWU4ODExNDYxNTc=,9,Obtain text for privacy page,NoopDog,,open,False,,,,0,2021-05-08T18:25:16Z,2021-05-08T18:25:16Z,,COLLABORATOR,
https://api.github.com/repos/galaxyproject/jxtx/issues/8,https://api.github.com/repos/galaxyproject/jxtx,https://api.github.com/repos/galaxyproject/jxtx/issues/8/labels{/name},https://api.github.com/repos/galaxyproject/jxtx/issues/8/comments,https://api.github.com/repos/galaxyproject/jxtx/issues/8/events,https://github.com/galaxyproject/jxtx/issues/8,881119952,MDU6SXNzdWU4ODExMTk5NTI=,8,Create site favicons,NoopDog,,closed,False,frano-m,frano-m,,0,2021-05-08T18:00:30Z,2021-07-03T22:47:06Z,2021-07-03T22:47:06Z,COLLABORATOR,
https://api.github.com/repos/galaxyproject/jxtx/issues/7,https://api.github.com/repos/galaxyproject/jxtx,https://api.github.com/repos/galaxyproject/jxtx/issues/7/labels{/name},https://api.github.com/repos/galaxyproject/jxtx/issues/7/comments,https://api.github.com/repos/galaxyproject/jxtx/issues/7/events,https://github.com/galaxyproject/jxtx/issues/7,881119696,MDU6SXNzdWU4ODExMTk2OTY=,7,Create site logo suitable for top nav,NoopDog,,closed,False,,,,0,2021-05-08T18:00:15Z,2021-07-03T22:43:34Z,2021-07-03T22:43:34Z,COLLABORATOR,
https://api.github.com/repos/galaxyproject/jxtx/issues/6,https://api.github.com/repos/galaxyproject/jxtx,https://api.github.com/repos/galaxyproject/jxtx/issues/6/labels{/name},https://api.github.com/repos/galaxyproject/jxtx/issues/6/comments,https://api.github.com/repos/galaxyproject/jxtx/issues/6/events,https://github.com/galaxyproject/jxtx/issues/6,881109673,MDU6SXNzdWU4ODExMDk2NzM=,6,Setup production site,NoopDog,,closed,False,,,,0,2021-05-08T17:50:59Z,2021-07-03T22:43:26Z,2021-07-03T22:43:26Z,COLLABORATOR,
https://api.github.com/repos/galaxyproject/jxtx/issues/5,https://api.github.com/repos/galaxyproject/jxtx,https://api.github.com/repos/galaxyproject/jxtx/issues/5/labels{/name},https://api.github.com/repos/galaxyproject/jxtx/issues/5/comments,https://api.github.com/repos/galaxyproject/jxtx/issues/5/events,https://github.com/galaxyproject/jxtx/issues/5,881099616,MDU6SXNzdWU4ODEwOTk2MTY=,5,Setup gatsby.js starter site,NoopDog,,closed,False,frano-m,frano-m,,0,2021-05-08T17:41:32Z,2021-07-03T22:46:34Z,2021-07-03T22:46:34Z,COLLABORATOR,
https://api.github.com/repos/galaxyproject/jxtx/issues/4,https://api.github.com/repos/galaxyproject/jxtx,https://api.github.com/repos/galaxyproject/jxtx/issues/4/labels{/name},https://api.github.com/repos/galaxyproject/jxtx/issues/4/comments,https://api.github.com/repos/galaxyproject/jxtx/issues/4/events,https://github.com/galaxyproject/jxtx/issues/4,881097899,MDU6SXNzdWU4ODEwOTc4OTk=,4,Purchase jxtxfoundation.org domain name,NoopDog,,closed,False,,,,1,2021-05-08T17:39:56Z,2021-07-03T22:43:21Z,2021-07-03T22:43:21Z,COLLABORATOR,
https://api.github.com/repos/galaxyproject/jxtx/issues/3,https://api.github.com/repos/galaxyproject/jxtx,https://api.github.com/repos/galaxyproject/jxtx/issues/3/labels{/name},https://api.github.com/repos/galaxyproject/jxtx/issues/3/comments,https://api.github.com/repos/galaxyproject/jxtx/issues/3/events,https://github.com/galaxyproject/jxtx/issues/3,877888827,MDU6SXNzdWU4Nzc4ODg4Mjc=,3,Setup Staging Environment,NoopDog,,open,False,dannon,dannon,,2,2021-05-06T19:05:33Z,2021-05-18T15:33:44Z,,COLLABORATOR,"#### Need
- We need a pre-production environment to verify changes before pushing live.
- This should be on the same platform the prod site will be on so we can minimize differences between staging/prod environments. 


#### Approach 
- Deploy on Netlify

#### Definition of Done
- Able to deploy view the starter site on staging at https://staging.jxtxfoundation.org
- http requests redirect to https "
https://api.github.com/repos/galaxyproject/jxtx/issues/2,https://api.github.com/repos/galaxyproject/jxtx,https://api.github.com/repos/galaxyproject/jxtx/issues/2/labels{/name},https://api.github.com/repos/galaxyproject/jxtx/issues/2/comments,https://api.github.com/repos/galaxyproject/jxtx/issues/2/events,https://github.com/galaxyproject/jxtx/issues/2,877854805,MDU6SXNzdWU4Nzc4NTQ4MDU=,2,Subscribe jxtx slack channel to github notifications for the jxtx repo,NoopDog,,closed,False,,,,0,2021-05-06T18:41:40Z,2021-07-03T22:43:15Z,2021-07-03T22:43:15Z,COLLABORATOR,"#### Need
- Have a single, convenient place to follow activity on the jxtx repo.
- Avoid losing github comments in email.

#### Approach
- Use integrate github with slack so that activity on github shows up the jxtx slack channel.
- https://slack.com/help/articles/232289568-GitHub-for-Slack

#### Definition of Done
The following activities in GitHub get posted to the jxtx slack.
- issues
- pulls
- commits
- releases
- reviews
- comments
"
https://api.github.com/repos/galaxyproject/jxtx/issues/1,https://api.github.com/repos/galaxyproject/jxtx,https://api.github.com/repos/galaxyproject/jxtx/issues/1/labels{/name},https://api.github.com/repos/galaxyproject/jxtx/issues/1/comments,https://api.github.com/repos/galaxyproject/jxtx/issues/1/events,https://github.com/galaxyproject/jxtx/issues/1,877821962,MDU6SXNzdWU4Nzc4MjE5NjI=,1,Get JXTX repository imported into Zenhub,NoopDog,,closed,False,,,,0,2021-05-06T18:14:57Z,2021-07-03T22:43:08Z,2021-07-03T22:43:08Z,COLLABORATOR,"#### Need
- CC dev team would like a  kanban board to help track our work and are very used to working with Zenhub.


#### Approach
- https://www.zenhub.com/
- Zenhub needs someone who is a member of the galaxyproject github organization to add the jxtx to Zenhub. Need to investigate if higher permissions are required. 

#### Definition of Done
- Team members can see tickets and prioritize work for jxtx repo on a Zenhub Board 
"
