URL,Repository URL,Labels URL,Comments URL,Events URL,HTML URL,ID,Node ID,Number,Title,User,Labels,State,Locked,Assignee,Assignees,Milestone,Comments,Created At,Updated At,Closed At,Author Association,Body
https://api.github.com/repos/galaxyproject/galaxy-tool-repository-template/issues/14,https://api.github.com/repos/galaxyproject/galaxy-tool-repository-template,https://api.github.com/repos/galaxyproject/galaxy-tool-repository-template/issues/14/labels{/name},https://api.github.com/repos/galaxyproject/galaxy-tool-repository-template/issues/14/comments,https://api.github.com/repos/galaxyproject/galaxy-tool-repository-template/issues/14/events,https://github.com/galaxyproject/galaxy-tool-repository-template/issues/14,1481953098,I_kwDOFgZIh85YVM9K,14,Document how to use the repo,bernt-matthias,,open,False,,,,0,2022-12-07T13:38:13Z,2022-12-07T13:38:13Z,,COLLABORATOR,"Learned from recent discussion with users:

Mainly: 

- Do not push to the main/master branch but use PRs
   - note that the pr workflow runs on push and pr events
- Also (better?) document the deploy step happening at the end of the PR workflow"
https://api.github.com/repos/galaxyproject/galaxy-tool-repository-template/issues/13,https://api.github.com/repos/galaxyproject/galaxy-tool-repository-template,https://api.github.com/repos/galaxyproject/galaxy-tool-repository-template/issues/13/labels{/name},https://api.github.com/repos/galaxyproject/galaxy-tool-repository-template/issues/13/comments,https://api.github.com/repos/galaxyproject/galaxy-tool-repository-template/issues/13/events,https://github.com/galaxyproject/galaxy-tool-repository-template/issues/13,1481882177,I_kwDOFgZIh85YU7pB,13,"Github action of lint, test and push failed",bvalot,,closed,False,,,,10,2022-12-07T13:06:10Z,2022-12-07T15:29:46Z,2022-12-07T15:29:46Z,NONE,"Hello,

I have 2 problems with the github action on my channel (https://github.com/bvalot/galaxy):
- R lint script failed with the error:
`Error: Unable to resolve action r-lib/actions@master, unable to find version master`

- Some of my wrappers tests failed with the following error:
`2022-12-07T10:19:13.1251849Z galaxy.tool_util.output_checker INFO 2022-12-07 10:19:12,853 [pN:main,p:2376,tN:LocalRunner.work_thread-0] Job error detected, failing job. Reasons are [{'type': 'exit_code', 'desc': 'Fatal error: Exit code 1 ()', 'exit_code': 1, 'code_desc': '', 'error_level': 3}]`

This problems doesn't arrive with planemo run locally. Can I have more information of the cause of this error?"
https://api.github.com/repos/galaxyproject/galaxy-tool-repository-template/issues/12,https://api.github.com/repos/galaxyproject/galaxy-tool-repository-template,https://api.github.com/repos/galaxyproject/galaxy-tool-repository-template/issues/12/labels{/name},https://api.github.com/repos/galaxyproject/galaxy-tool-repository-template/issues/12/comments,https://api.github.com/repos/galaxyproject/galaxy-tool-repository-template/issues/12/events,https://github.com/galaxyproject/galaxy-tool-repository-template/issues/12,1479108673,I_kwDOFgZIh85YKWhB,12,Document that this will deploy on (test)toolshed,peterjc,,closed,False,,,,0,2022-12-06T13:25:42Z,2023-01-12T14:03:20Z,2023-01-12T14:03:20Z,CONTRIBUTOR,"Currently https://github.com/galaxyproject/galaxy-tool-repository-template/blob/main/README.md does not mention this template includes deployment to the (test)toolshed, although it does ask for your (test)toolshed API keys to do this.

i.e. Add another bullet point under ""It offers:"" something like this:

* Will deploy any updated tools if the CI passes to the test and main Tool Shed using your API keys."
https://api.github.com/repos/galaxyproject/galaxy-tool-repository-template/issues/9,https://api.github.com/repos/galaxyproject/galaxy-tool-repository-template,https://api.github.com/repos/galaxyproject/galaxy-tool-repository-template/issues/9/labels{/name},https://api.github.com/repos/galaxyproject/galaxy-tool-repository-template/issues/9/comments,https://api.github.com/repos/galaxyproject/galaxy-tool-repository-template/issues/9/events,https://github.com/galaxyproject/galaxy-tool-repository-template/issues/9,1106033418,I_kwDOFgZIh85B7LsK,9,Make workflows usable as actions,bernt-matthias,,open,False,,,,0,2022-01-17T16:06:52Z,2022-01-17T16:06:52Z,,COLLABORATOR,"Like here: https://github.com/galaxyproject/iwc/blob/main/.github/workflows/test_workflows.yml#L3

And use as here: https://github.com/iwc-workflows/sars-cov-2-pe-illumina-artic-ivar-analysis/blob/0862652cc2516a889ec3032cb03e63b4264f8ad2/.github/workflows/wftest.yml#L17

Probably we should implement the workflow at IUC and call it from other repos (eg. the template)
"
https://api.github.com/repos/galaxyproject/galaxy-tool-repository-template/issues/7,https://api.github.com/repos/galaxyproject/galaxy-tool-repository-template,https://api.github.com/repos/galaxyproject/galaxy-tool-repository-template/issues/7/labels{/name},https://api.github.com/repos/galaxyproject/galaxy-tool-repository-template/issues/7/comments,https://api.github.com/repos/galaxyproject/galaxy-tool-repository-template/issues/7/events,https://github.com/galaxyproject/galaxy-tool-repository-template/issues/7,963400410,MDU6SXNzdWU5NjM0MDA0MTA=,7,Sync gitignore with iuc,bernt-matthias,,open,False,,,,0,2021-08-08T10:21:18Z,2021-08-08T10:21:18Z,,COLLABORATOR,
https://api.github.com/repos/galaxyproject/galaxy-tool-repository-template/issues/6,https://api.github.com/repos/galaxyproject/galaxy-tool-repository-template,https://api.github.com/repos/galaxyproject/galaxy-tool-repository-template/issues/6/labels{/name},https://api.github.com/repos/galaxyproject/galaxy-tool-repository-template/issues/6/comments,https://api.github.com/repos/galaxyproject/galaxy-tool-repository-template/issues/6/events,https://github.com/galaxyproject/galaxy-tool-repository-template/issues/6,937839878,MDU6SXNzdWU5Mzc4Mzk4Nzg=,6,Integrate autoupdate functionality,simonbray,,open,False,,,,0,2021-07-06T12:21:29Z,2021-07-06T12:21:29Z,,MEMBER,As discussed here - https://github.com/galaxyproject/tools-iuc/issues/3533. Thanks @martenson for the reminder.
https://api.github.com/repos/galaxyproject/galaxy-tool-repository-template/issues/5,https://api.github.com/repos/galaxyproject/galaxy-tool-repository-template,https://api.github.com/repos/galaxyproject/galaxy-tool-repository-template/issues/5/labels{/name},https://api.github.com/repos/galaxyproject/galaxy-tool-repository-template/issues/5/comments,https://api.github.com/repos/galaxyproject/galaxy-tool-repository-template/issues/5/events,https://github.com/galaxyproject/galaxy-tool-repository-template/issues/5,937834215,MDU6SXNzdWU5Mzc4MzQyMTU=,5,initial repo creation from this template executes the CI and fails,martenson,,closed,False,,,,1,2021-07-06T12:14:58Z,2021-09-23T10:05:54Z,2021-09-23T10:05:54Z,MEMBER,"Maybe this could be made a tiny bit more pleasant to start working with.

https://github.com/martenson/upgraded-octo-couscous/runs/2998339498?check_suite_focus=true"
