URL,Repository URL,Labels URL,Comments URL,Events URL,HTML URL,ID,Node ID,Number,Title,User,Labels,State,Locked,Assignee,Assignees,Milestone,Comments,Created At,Updated At,Closed At,Author Association,Body
https://api.github.com/repos/galaxyproject/planemo-ci-action/issues/54,https://api.github.com/repos/galaxyproject/planemo-ci-action,https://api.github.com/repos/galaxyproject/planemo-ci-action/issues/54/labels{/name},https://api.github.com/repos/galaxyproject/planemo-ci-action/issues/54/comments,https://api.github.com/repos/galaxyproject/planemo-ci-action/issues/54/events,https://github.com/galaxyproject/planemo-ci-action/issues/54,1992992679,I_kwDOEjLAPM52yqen,54,Error during test,bvalot,,closed,False,,,,3,2023-11-14T15:33:46Z,2023-11-15T10:01:07Z,2023-11-15T10:01:07Z,NONE,"Hi, 

I'm currently try to update a galaxy tools (pymlst) to pass from 2.1.4 to 2.1.5
Test do not pass on CI but work locally.

```
galaxy.jobs.command_factory INFO 2023-11-14 13:43:38,365 [pN:main.1,p:2608,tN:LocalRunner.work_thread-0] Built script [/tmp/tmptpqgs3il/job_working_directory/000/1/tool_script.sh] for tool command [claMLST -v > /tmp/tmptpqgs3il/job_working_directory/000/1/outputs/COMMAND_VERSION 2>&1;
claMLST import --force --no-prompt -m achtman /tmp/tmptpqgs3il/job_working_directory/000/1/outputs/galaxy_dataset_7d034a23-c92a-43b1-b0c1-07f985aaeeed.dat 'Escherichia spp' &> /tmp/tmptpqgs3il/job_working_directory/000/1/outputs/galaxy_dataset_d9d6477a-6b51-43c0-bea7-644867a1f041.dat]
galaxy.jobs.runners DEBUG 2023-11-14 13:43:38,431 [pN:main.1,p:2608,tN:LocalRunner.work_thread-0] (1) command is: mkdir -p working outputs configs
if [ -d _working ]; then
    rm -rf working/ outputs/ configs/; cp -R _working working; cp -R _outputs outputs; cp -R _configs configs
else
    cp -R working _working; cp -R outputs _outputs; cp -R configs _configs
fi
cd working; 
_on_exit() {
  docker kill 849d866e7a8441cba90969a4e6f586d4 &> /dev/null
}
trap _on_exit EXIT
docker inspect quay.io/biocontainers/pymlst:2.1.5--pyhdfd78af_0 > /dev/null 2>&1
[ $? -ne 0 ] && docker pull quay.io/biocontainers/pymlst:2.1.5--pyhdfd78af_0 > /dev/null 2>&1

docker run -e ""GALAXY_SLOTS=$GALAXY_SLOTS"" -e ""GALAXY_MEMORY_MB=$GALAXY_MEMORY_MB"" -e ""GALAXY_MEMORY_MB_PER_SLOT=$GALAXY_MEMORY_MB_PER_SLOT"" -e ""HOME=$HOME"" -e ""_GALAXY_JOB_HOME_DIR=$_GALAXY_JOB_HOME_DIR"" -e ""_GALAXY_JOB_TMP_DIR=$_GALAXY_JOB_TMP_DIR"" -e ""TMPDIR=$TMPDIR"" -e ""TMP=$TMP"" -e ""TEMP=$TEMP"" --name 849d866e7a8441cba90969a4e6f586d4 -v /tmp/tmptpqgs3il/galaxy-dev:/tmp/tmptpqgs3il/galaxy-dev:ro -v /home/runner/work/galaxy/galaxy/tools/pymlst:/home/runner/work/galaxy/galaxy/tools/pymlst:ro -v /tmp/tmptpqgs3il/job_working_directory/000/1:/tmp/tmptpqgs3il/job_working_directory/000/1:ro -v /tmp/tmptpqgs3il/job_working_directory/000/1/outputs:/tmp/tmptpqgs3il/job_working_directory/000/1/outputs:rw -v ""$_GALAXY_JOB_TMP_DIR:$_GALAXY_JOB_TMP_DIR:rw"" -v ""$TMPDIR:$TMPDIR:rw"" -v ""$TMP:$TMP:rw"" -v ""$TEMP:$TEMP:rw"" -v ""$_GALAXY_JOB_HOME_DIR:$_GALAXY_JOB_HOME_DIR:rw"" -v /tmp/tmptpqgs3il/job_working_directory/000/1/working:/tmp/tmptpqgs3il/job_working_directory/000/1/working:rw -v /tmp/tmptpqgs3il/files:/tmp/tmptpqgs3il/files:ro -v /tmp/tmptpqgs3il/galaxy-dev/tool-data:/tmp/tmptpqgs3il/galaxy-dev/tool-data:ro -v /tmp/tmptpqgs3il/galaxy-dev/tool-data:/tmp/tmptpqgs3il/galaxy-dev/tool-data:ro -v /home/runner/work/galaxy/galaxy:/home/runner/work/galaxy/galaxy:rw -v /home/runner/work/galaxy/galaxy/tools/pymlst/test-data:/home/runner/work/galaxy/galaxy/tools/pymlst/test-data:ro --cpus ${GALAXY_SLOTS:-1} -w /tmp/tmptpqgs3il/job_working_directory/000/1/working --rm --user 1001:127 quay.io/biocontainers/pymlst:2.1.5--pyhdfd78af_0 /bin/bash /tmp/tmptpqgs3il/job_working_directory/000/1/tool_script.sh > '../outputs/tool_stdout' 2> '../outputs/tool_stderr'; return_code=$?; echo $return_code > /tmp/tmptpqgs3il/job_working_directory/000/1/galaxy_1.ec; cd '/tmp/tmptpqgs3il/job_working_directory/000/1'; 
[ ""$GALAXY_VIRTUAL_ENV"" = ""None"" ] && GALAXY_VIRTUAL_ENV=""$_GALAXY_VIRTUAL_ENV""; _galaxy_setup_environment True
python ""metadata/set.py""; sh -c ""exit $return_code""
galaxy.jobs.runners.local DEBUG 2023-11-14 13:43:38,450 [pN:main.1,p:2608,tN:LocalRunner.work_thread-0] (1) executing job script: /tmp/tmptpqgs3il/job_working_directory/000/1/galaxy_1.sh

galaxy.jobs.runners.util.process_groups DEBUG 2023-11-14 13:43:41,815 [pN:main.1,p:2608,tN:LocalRunner.work_thread-0] check_pg(): No process found in process group 2681
galaxy.jobs.runners.local DEBUG 2023-11-14 13:43:41,815 [pN:main.1,p:2608,tN:LocalRunner.work_thread-0] execution finished: /tmp/tmptpqgs3il/job_working_directory/000/1/galaxy_1.sh
galaxy.tool_util.output_checker INFO 2023-11-14 13:43:41,817 [pN:main.1,p:2608,tN:LocalRunner.work_thread-0] Job error detected, failing job. Reasons are [{'type': 'exit_code', 'desc': 'Fatal error: Exit code 125 ()', 'exit_code': 125, 'code_desc': '', 'error_level': 3}]
```

I have no idea where is the problem?"
https://api.github.com/repos/galaxyproject/planemo-ci-action/issues/53,https://api.github.com/repos/galaxyproject/planemo-ci-action,https://api.github.com/repos/galaxyproject/planemo-ci-action/issues/53/labels{/name},https://api.github.com/repos/galaxyproject/planemo-ci-action/issues/53/comments,https://api.github.com/repos/galaxyproject/planemo-ci-action/issues/53/events,https://github.com/galaxyproject/planemo-ci-action/issues/53,1892245871,I_kwDOEjLAPM5wyWFv,53,Lack of .shed.yml file for a tool or set of tools results in action deciding to do nothing but not giving an error,pcm32,,open,False,,,,3,2023-09-12T10:47:40Z,2023-12-15T22:11:37Z,,MEMBER,"Thanks again for this great action, we use it constantly.

I've noticed that if the .shed.yml file is not present in the directory of modified tools, the action doesn't fail but following steps don't take care of the tools. Maybe this is an issue on our CI setup, but I wonder if it would be better if part that determines commit ranges, repos and chunks fails instead alerting the user of the lack of a .shed.yml file? I took me a bit of time to realise it was missing."
https://api.github.com/repos/galaxyproject/planemo-ci-action/issues/48,https://api.github.com/repos/galaxyproject/planemo-ci-action,https://api.github.com/repos/galaxyproject/planemo-ci-action/issues/48/labels{/name},https://api.github.com/repos/galaxyproject/planemo-ci-action/issues/48/comments,https://api.github.com/repos/galaxyproject/planemo-ci-action/issues/48/events,https://github.com/galaxyproject/planemo-ci-action/issues/48,1723646325,I_kwDOEjLAPM5mvMF1,48,Add test for failing tool test ,bernt-matthias,,open,False,,,,0,2023-05-24T10:14:32Z,2023-05-24T10:15:10Z,,COLLABORATOR,such that [this](https://github.com/galaxyproject/planemo-ci-action/pull/47) does not happen again
https://api.github.com/repos/galaxyproject/planemo-ci-action/issues/45,https://api.github.com/repos/galaxyproject/planemo-ci-action,https://api.github.com/repos/galaxyproject/planemo-ci-action/issues/45/labels{/name},https://api.github.com/repos/galaxyproject/planemo-ci-action/issues/45/comments,https://api.github.com/repos/galaxyproject/planemo-ci-action/issues/45/events,https://github.com/galaxyproject/planemo-ci-action/issues/45,1648981816,I_kwDOEjLAPM5iSXc4,45,Git error when calling v1,pcm32,,closed,False,,,,9,2023-03-31T09:01:35Z,2023-04-14T13:47:00Z,2023-04-14T13:47:00Z,MEMBER,"Hi there and thanks for this great action!

When calling it like:

```
    - name: Fake a Planemo run to update cache
      uses: galaxyproject/planemo-ci-action@v1
      id: discover
      with:
        create-cache: ${{ steps.cache-pip.outputs.cache-hit != 'true' || steps.cache-planemo.outputs.cache-hit != 'true' }}
        galaxy-fork: ${{ env.GALAXY_FORK }}
        galaxy-branch: ${{ env.GALAXY_BRANCH }}
        max-chunks: ${{ env.MAX_CHUNKS }}
        python-version: ${{ matrix.python-version }}
```

(call that I think we haven't changed since the last time it worked, Feb 16th)

we now get:

```
galaxy.util.commands WARNING: Passing program arguments as a string may be a security hazard if combined with untrusted input
cd '/home/runner/_work/container-galaxy-sc-tertiary/container-galaxy-sc-tertiary' && git diff --name-only 'origin/master...' --
Traceback (most recent call last):
  File ""/home/runner/_work/_tool/Python/3.8.16/x64/bin/planemo"", line 8, in <module>
    sys.exit(planemo())
  File ""/home/runner/_work/_tool/Python/3.8.16/x64/lib/python3.8/site-packages/click/core.py"", line 1130, in __call__
    return self.main(*args, **kwargs)
  File ""/home/runner/_work/_tool/Python/3.8.16/x64/lib/python3.8/site-packages/click/core.py"", line 1055, in main
    rv = self.invoke(ctx)
  File ""/home/runner/_work/_tool/Python/3.8.16/x64/lib/python3.8/site-packages/click/core.py"", line 1657, in invoke
    return _process_result(sub_ctx.command.invoke(sub_ctx))
  File ""/home/runner/_work/_tool/Python/3.8.16/x64/lib/python3.8/site-packages/click/core.py"", line 1404, in invoke
    return ctx.invoke(self.callback, **ctx.params)
  File ""/home/runner/_work/_tool/Python/3.8.16/x64/lib/python3.8/site-packages/click/core.py"", line 760, in invoke
    return __callback(*args, **kwargs)
  File ""/home/runner/_work/_tool/Python/3.8.16/x64/lib/python3.8/site-packages/click/decorators.py"", line 84, in new_func
    return ctx.invoke(f, obj, *args, **kwargs)
  File ""/home/runner/_work/_tool/Python/3.8.16/x64/lib/python3.8/site-packages/click/core.py"", line 760, in invoke
    return __callback(*args, **kwargs)
  File ""/home/runner/_work/_tool/Python/3.8.16/x64/lib/python3.8/site-packages/planemo/cli.py"", line 102, in handle_blended_options
    return f(*args, **kwds)
  File ""/home/runner/_work/_tool/Python/3.8.16/x64/lib/python3.8/site-packages/planemo/commands/cmd_ci_find_repos.py"", line 30, in cli
    paths = filter_paths(ctx, raw_paths, path_type=""repo"", **kwds)
  File ""/home/runner/_work/_tool/Python/3.8.16/x64/lib/python3.8/site-packages/planemo/ci.py"", line 28, in filter_paths
    diff_files = git.diff(ctx, cwd, changed_in_commit_range)
  File ""/home/runner/_work/_tool/Python/3.8.16/x64/lib/python3.8/site-packages/planemo/git.py"", line 108, in diff
    stdout, _ = io.communicate(cmd, stdout=subprocess.PIPE, stderr=subprocess.PIPE, universal_newlines=True)
  File ""/home/runner/_work/_tool/Python/3.8.16/x64/lib/python3.8/site-packages/planemo/io.py"", line 52, in communicate
    raise RuntimeError(msg)
RuntimeError: Problem executing commands cd '/home/runner/_work/container-galaxy-sc-tertiary/container-galaxy-sc-tertiary' && git diff --name-only 'origin/master...' -- - (, fatal: origin/master...HEAD: no merge base
)
```

any ideas of what could be the issue? This is triggered by a commit once merged on the main working (develop, not main) branch. Thanks!"
https://api.github.com/repos/galaxyproject/planemo-ci-action/issues/39,https://api.github.com/repos/galaxyproject/planemo-ci-action,https://api.github.com/repos/galaxyproject/planemo-ci-action/issues/39/labels{/name},https://api.github.com/repos/galaxyproject/planemo-ci-action/issues/39/comments,https://api.github.com/repos/galaxyproject/planemo-ci-action/issues/39/events,https://github.com/galaxyproject/planemo-ci-action/issues/39,1499942785,I_kwDOEjLAPM5ZZ0-B,39,Passing env var to tested tool,abretaud,,closed,False,,,,5,2022-12-16T10:18:50Z,2022-12-17T08:47:04Z,2022-12-17T08:47:04Z,NONE,"Hi!
I've updated out github actions workflows this week on https://github.com/galaxy-genome-annotation/galaxy-tools/ and I'm having a problem [passing environment variables to a tested tool](https://github.com/galaxy-genome-annotation/galaxy-tools/pull/78/files#diff-1eb4e5fd5611777d4e597ef299a1cb5ba8050c28a2dabbd4fbc56205d69e5ddaR310)
Apparently, the ARROW_GLOBAL_CONFIG_PATH var I have defined is not seen by the command executed by the tool. Do you see a way I could make it work?"
https://api.github.com/repos/galaxyproject/planemo-ci-action/issues/33,https://api.github.com/repos/galaxyproject/planemo-ci-action,https://api.github.com/repos/galaxyproject/planemo-ci-action/issues/33/labels{/name},https://api.github.com/repos/galaxyproject/planemo-ci-action/issues/33/comments,https://api.github.com/repos/galaxyproject/planemo-ci-action/issues/33/events,https://github.com/galaxyproject/planemo-ci-action/issues/33,1432111412,I_kwDOEjLAPM5VXEk0,33,[BUG] The combine step is failing,lldelisle,,closed,False,,,,3,2022-11-01T21:16:15Z,2022-11-02T10:09:22Z,2022-11-02T10:09:22Z,CONTRIBUTOR,"Hi,
I don't know if it comes from the new planemo update or from the new planemo-ci but the step combine tests does not work any more.
For example on https://github.com/galaxyproject/iwc/actions/runs/3357665520/jobs/5580678344
The last error is:
```
Error: Unable to process file command 'output' successfully.
Error: Invalid format '     14 success'
```
I also got the same on my repo with tools:
https://github.com/lldelisle/tools-lldelisle/actions/runs/3370118177/jobs/5593050186
```
Error: Unable to process file command 'output' successfully.
Error: Invalid format '     12 success'
```"
https://api.github.com/repos/galaxyproject/planemo-ci-action/issues/28,https://api.github.com/repos/galaxyproject/planemo-ci-action,https://api.github.com/repos/galaxyproject/planemo-ci-action/issues/28/labels{/name},https://api.github.com/repos/galaxyproject/planemo-ci-action/issues/28/comments,https://api.github.com/repos/galaxyproject/planemo-ci-action/issues/28/events,https://github.com/galaxyproject/planemo-ci-action/issues/28,1263390923,I_kwDOEjLAPM5LTdDL,28,Documentation of example usage,hexylena,,open,False,,,,0,2022-06-07T14:23:45Z,2022-06-07T14:23:53Z,,MEMBER,"Is there a ""minimal"" github actions example that could be added to this repo, I wanted to pass it along to someone without showing the complexity of IUC, and maybe give them something they could understand"
https://api.github.com/repos/galaxyproject/planemo-ci-action/issues/18,https://api.github.com/repos/galaxyproject/planemo-ci-action,https://api.github.com/repos/galaxyproject/planemo-ci-action/issues/18/labels{/name},https://api.github.com/repos/galaxyproject/planemo-ci-action/issues/18/comments,https://api.github.com/repos/galaxyproject/planemo-ci-action/issues/18/events,https://github.com/galaxyproject/planemo-ci-action/issues/18,868635057,MDU6SXNzdWU4Njg2MzUwNTc=,18,Generate random id_secret,mvdbeek,enhancement,closed,False,,,,2,2021-04-27T09:03:50Z,2021-11-15T11:21:26Z,2021-11-15T11:21:26Z,MEMBER,"This should probably be an optional feature implemented in planemo and used in the action.
We use `id_secret` to encode integer primary keys, and these do change when running tests against a production server,
or when running tests in differently sized batches.

Sometimes (jbrowse for instance) these end up in the test data outputs, and will cause false positive test failures.
Similar idea for dates is implemented in https://github.com/galaxyproject/planemo-ci-action/pull/16"
https://api.github.com/repos/galaxyproject/planemo-ci-action/issues/13,https://api.github.com/repos/galaxyproject/planemo-ci-action,https://api.github.com/repos/galaxyproject/planemo-ci-action/issues/13/labels{/name},https://api.github.com/repos/galaxyproject/planemo-ci-action/issues/13/comments,https://api.github.com/repos/galaxyproject/planemo-ci-action/issues/13/events,https://github.com/galaxyproject/planemo-ci-action/issues/13,811889375,MDU6SXNzdWU4MTE4ODkzNzU=,13,Allow to skip single tools,bernt-matthias,,open,False,,,,0,2021-02-19T10:12:14Z,2021-02-19T10:12:14Z,,COLLABORATOR,"So far the skip list allows to skip repos for testing. We should allow also to skip single tools. I guess it should be a simple change here 

https://github.com/galaxyproject/planemo-ci-action/blob/a7fb2018f8283c28232f794c80f4c1e38c3c5a0a/planemo_ci_actions.sh#L138

and two lines below"
https://api.github.com/repos/galaxyproject/planemo-ci-action/issues/9,https://api.github.com/repos/galaxyproject/planemo-ci-action,https://api.github.com/repos/galaxyproject/planemo-ci-action/issues/9/labels{/name},https://api.github.com/repos/galaxyproject/planemo-ci-action/issues/9/comments,https://api.github.com/repos/galaxyproject/planemo-ci-action/issues/9/events,https://github.com/galaxyproject/planemo-ci-action/issues/9,798204151,MDU6SXNzdWU3OTgyMDQxNTE=,9,limit or check test run time,bernt-matthias,,open,False,,,,0,2021-02-01T10:22:19Z,2021-02-01T10:22:19Z,,COLLABORATOR,"for testing after a run `cat tool_test_output.json| jq '.[][][""data""][""time_seconds""]'`"
https://api.github.com/repos/galaxyproject/planemo-ci-action/issues/8,https://api.github.com/repos/galaxyproject/planemo-ci-action,https://api.github.com/repos/galaxyproject/planemo-ci-action/issues/8/labels{/name},https://api.github.com/repos/galaxyproject/planemo-ci-action/issues/8/comments,https://api.github.com/repos/galaxyproject/planemo-ci-action/issues/8/events,https://github.com/galaxyproject/planemo-ci-action/issues/8,798203466,MDU6SXNzdWU3OTgyMDM0NjY=,8,add check for file size limit to lint step,bernt-matthias,,open,False,,,,0,2021-02-01T10:21:30Z,2021-02-01T10:21:30Z,,COLLABORATOR,Maybe with `find REPO -type f -size +1M`
