URL,Repository URL,Labels URL,Comments URL,Events URL,HTML URL,ID,Node ID,Number,Title,User,Labels,State,Locked,Assignee,Assignees,Milestone,Comments,Created At,Updated At,Closed At,Author Association,Body
https://api.github.com/repos/galaxyproject/gxformat2/issues/91,https://api.github.com/repos/galaxyproject/gxformat2,https://api.github.com/repos/galaxyproject/gxformat2/issues/91/labels{/name},https://api.github.com/repos/galaxyproject/gxformat2/issues/91/comments,https://api.github.com/repos/galaxyproject/gxformat2/issues/91/events,https://github.com/galaxyproject/gxformat2/issues/91,1889127231,I_kwDOA1rtA85wmcs_,91,having gxformat2 as a tool in Galaxy,microfuge,,open,False,,,,2,2023-09-10T12:27:45Z,2023-09-11T11:43:08Z,,NONE,"Hi,

This tool works quite nicely. The html with `cytoscape.js` is super nice.
I was wondering that it would be great if gxformat2 (especially `gxwf-viz` ) could be made available in the toolshed to be installed in a galaxy instance.  The users can directly view/interact/download the html created from their workflows without the need for a local install.
Thanks!
"
https://api.github.com/repos/galaxyproject/gxformat2/issues/87,https://api.github.com/repos/galaxyproject/gxformat2,https://api.github.com/repos/galaxyproject/gxformat2/issues/87/labels{/name},https://api.github.com/repos/galaxyproject/gxformat2/issues/87/comments,https://api.github.com/repos/galaxyproject/gxformat2/issues/87/events,https://github.com/galaxyproject/gxformat2/issues/87,1522984765,I_kwDOA1rtA85axuc9,87,"tool_id can be null, passes linter, but crashes Cytoscape",denis-yuen,,open,False,,,,0,2023-01-06T18:37:19Z,2023-01-06T18:37:19Z,,NONE,"Demonstrated in https://github.com/galaxyproject/dockstore-galaxy-interface/pull/35 

If I understand correctly, for *.ga workflows:
*  https://github.com/galaxyproject/gxformat2/blob/0.17.0/schema/common/common.yml#L61-L64 indicates that the tool_id can be null or a String
* the linter doesn't check whether whether tool_id is a String (it checks for step_key) https://github.com/galaxyproject/gxformat2/blob/0.17.0/java/src/main/java/org/galaxyproject/gxformat2/NativeLinter.java#L24
* as a result, a workflow can pass the linter but crash Cytoscape since it assumes a string for the field https://github.com/galaxyproject/gxformat2/blob/0.17.0/java/src/main/java/org/galaxyproject/gxformat2/Cytoscape.java#L42
"
https://api.github.com/repos/galaxyproject/gxformat2/issues/80,https://api.github.com/repos/galaxyproject/gxformat2,https://api.github.com/repos/galaxyproject/gxformat2/issues/80/labels{/name},https://api.github.com/repos/galaxyproject/gxformat2/issues/80/comments,https://api.github.com/repos/galaxyproject/gxformat2/issues/80/events,https://github.com/galaxyproject/gxformat2/issues/80,1145970055,I_kwDOA1rtA85ETh2H,80,Single output not referencing full output on export,mvdbeek,,open,False,,,,0,2022-02-21T15:53:36Z,2022-02-21T15:53:46Z,,MEMBER,https://github.com/seek4science/seek/issues/904#issuecomment-1044431205 has an example that is not super-readable.
https://api.github.com/repos/galaxyproject/gxformat2/issues/78,https://api.github.com/repos/galaxyproject/gxformat2,https://api.github.com/repos/galaxyproject/gxformat2/issues/78/labels{/name},https://api.github.com/repos/galaxyproject/gxformat2/issues/78/comments,https://api.github.com/repos/galaxyproject/gxformat2/issues/78/events,https://github.com/galaxyproject/gxformat2/issues/78,1083112765,I_kwDOA1rtA85Ajv09,78,Generate inheritance diagram,mr-c,,open,False,,,,0,2021-12-17T10:30:35Z,2021-12-17T10:30:35Z,,CONTRIBUTOR,"Using https://github.com/common-workflow-language/cwl-website/blob/main/site/inheritance.cwl

Example for CWL v1.2: https://www.commonwl.org/v1.2/cwl.svg"
https://api.github.com/repos/galaxyproject/gxformat2/issues/77,https://api.github.com/repos/galaxyproject/gxformat2,https://api.github.com/repos/galaxyproject/gxformat2/issues/77/labels{/name},https://api.github.com/repos/galaxyproject/gxformat2/issues/77/comments,https://api.github.com/repos/galaxyproject/gxformat2/issues/77/events,https://github.com/galaxyproject/gxformat2/issues/77,1078550360,I_kwDOA1rtA85ASV9Y,77,Enable codecov.io or similar?,mr-c,,open,False,,,,0,2021-12-13T13:45:08Z,2021-12-13T13:45:08Z,,CONTRIBUTOR,"Would be nice to collect code coverage from running the tests; for Typescript this is ready to go but someone needs to enable this repo for codecov.io

https://github.com/galaxyproject/gxformat2/runs/4506792413?check_suite_focus=true"
https://api.github.com/repos/galaxyproject/gxformat2/issues/67,https://api.github.com/repos/galaxyproject/gxformat2,https://api.github.com/repos/galaxyproject/gxformat2/issues/67/labels{/name},https://api.github.com/repos/galaxyproject/gxformat2/issues/67/comments,https://api.github.com/repos/galaxyproject/gxformat2/issues/67/events,https://github.com/galaxyproject/gxformat2/issues/67,947553772,MDU6SXNzdWU5NDc1NTM3NzI=,67,collection type is lost on conversion to gxformat2,mvdbeek,,closed,False,,,,0,2021-07-19T11:25:01Z,2021-07-20T08:39:55Z,2021-07-20T08:39:55Z,MEMBER,"```json
        ""0"": {
            ""annotation"": ""Paired End FASTQ Collection"",
            ""content_id"": null,
            ""errors"": null,
            ""id"": 0,
            ""input_connections"": {},
            ""inputs"": [
                {
                    ""description"": ""Paired End FASTQ Collection"",
                    ""name"": ""pe-fastq""
                }
            ],
            ""label"": ""pe-fastq"",
            ""name"": ""Input dataset collection"",
            ""outputs"": [],
            ""position"": {
                ""bottom"": 413.01134872436523,
                ""height"": 60.96590805053711,
                ""left"": 685.9375,
                ""right"": 885.9375,
                ""top"": 352.0454406738281,
                ""width"": 200,
                ""x"": 685.9375,
                ""y"": 352.0454406738281
            },
            ""tool_id"": null,
            ""tool_state"": ""{\""optional\"": false, \""format\"": [\""fastq\"", \""fastq.gz\""], \""collection_type\"": \""paired\""}"",
            ""tool_version"": null,
            ""type"": ""data_collection_input"",
            ""uuid"": ""f37e640f-e253-4d8b-a27c-497f4227dc69"",
            ""workflow_outputs"": []
        },
```
becomes
```yaml
  pe-fastq:
    doc: Paired End FASTQ Collection
    format:
    - fastq
    - fastq.gz
    optional: false
    position:
      left: 685.9375
      top: 352.0454406738281
    type: collection
```"
https://api.github.com/repos/galaxyproject/gxformat2/issues/66,https://api.github.com/repos/galaxyproject/gxformat2,https://api.github.com/repos/galaxyproject/gxformat2/issues/66/labels{/name},https://api.github.com/repos/galaxyproject/gxformat2/issues/66/comments,https://api.github.com/repos/galaxyproject/gxformat2/issues/66/events,https://github.com/galaxyproject/gxformat2/issues/66,943691230,MDU6SXNzdWU5NDM2OTEyMzA=,66,Add version field to Format 2,nsoranzo,,open,False,,,,0,2021-07-13T17:59:14Z,2021-07-13T17:59:14Z,,MEMBER,similar to `cwlVersion` in https://www.commonwl.org/v1.2/Workflow.html#Workflow
https://api.github.com/repos/galaxyproject/gxformat2/issues/61,https://api.github.com/repos/galaxyproject/gxformat2,https://api.github.com/repos/galaxyproject/gxformat2/issues/61/labels{/name},https://api.github.com/repos/galaxyproject/gxformat2/issues/61/comments,https://api.github.com/repos/galaxyproject/gxformat2/issues/61/events,https://github.com/galaxyproject/gxformat2/issues/61,938619229,MDU6SXNzdWU5Mzg2MTkyMjk=,61,Issue validating format2 workflows,hexylena,,closed,False,,,,7,2021-07-07T08:14:47Z,2021-07-20T09:48:13Z,2021-07-20T09:48:13Z,MEMBER,"Mentioned in iwc chat, I'm experiencing linting format2 workflows. I'm testing with [one of the GTN workflows](https://github.com/galaxyproject/training-material/blob/main/topics/assembly/tutorials/debruijn-graph-assembly/workflows/debruijn-graph.ga) 


```
$ planemo workflow_lint ./topics/assembly/tutorials/debruijn-graph-assembly/workflows/debruijn-graph.gxwf.yml
Traceback (most recent call last):
  File ""/home/hxr/arbeit/galaxy/training-material/.venv/bin/planemo"", line 8, in <module>
    sys.exit(planemo())
  File ""/home/hxr/arbeit/galaxy/training-material/.venv/lib/python3.8/site-packages/click/core.py"", line 1137, in __call__
    return self.main(*args, **kwargs)
  File ""/home/hxr/arbeit/galaxy/training-material/.venv/lib/python3.8/site-packages/click/core.py"", line 1062, in main
    rv = self.invoke(ctx)
  File ""/home/hxr/arbeit/galaxy/training-material/.venv/lib/python3.8/site-packages/click/core.py"", line 1668, in invoke
    return _process_result(sub_ctx.command.invoke(sub_ctx))
  File ""/home/hxr/arbeit/galaxy/training-material/.venv/lib/python3.8/site-packages/click/core.py"", line 1404, in invoke
    return ctx.invoke(self.callback, **ctx.params)
  File ""/home/hxr/arbeit/galaxy/training-material/.venv/lib/python3.8/site-packages/click/core.py"", line 763, in invoke
    return __callback(*args, **kwargs)
  File ""/home/hxr/arbeit/galaxy/training-material/.venv/lib/python3.8/site-packages/click/decorators.py"", line 84, in new_func
    return ctx.invoke(f, obj, *args, **kwargs)
  File ""/home/hxr/arbeit/galaxy/training-material/.venv/lib/python3.8/site-packages/click/core.py"", line 763, in invoke
    return __callback(*args, **kwargs)
  File ""/home/hxr/arbeit/galaxy/training-material/.venv/lib/python3.8/site-packages/planemo/cli.py"", line 98, in handle_blended_options
    return f(*args, **kwds)
  File ""/home/hxr/arbeit/galaxy/training-material/.venv/lib/python3.8/site-packages/planemo/commands/cmd_workflow_lint.py"", line 21, in cli
    exit_code = lint_workflow_artifacts_on_paths(
  File ""/home/hxr/arbeit/galaxy/training-material/.venv/lib/python3.8/site-packages/planemo/workflow_lint.py"", line 52, in lint_workflow_artifacts_on_paths
    _lint_workflow_artifacts_on_path(lint_context, path, lint_args)
  File ""/home/hxr/arbeit/galaxy/training-material/.venv/lib/python3.8/site-packages/planemo/workflow_lint.py"", line 74, in _lint_workflow_artifacts_on_path
    lint_context.lint(""lint_structure"", structure, potential_workflow_artifact_path)
  File ""/home/hxr/arbeit/galaxy/training-material/.venv/lib/python3.8/site-packages/galaxy/tool_util/lint.py"", line 88, in lint
    lint_func(lint_target, self)
  File ""/home/hxr/arbeit/galaxy/training-material/.venv/lib/python3.8/site-packages/planemo/workflow_lint.py"", line 72, in structure
    lint_func(lint_context, workflow_dict, path=path)
  File ""/home/hxr/arbeit/galaxy/training-material/.venv/lib/python3.8/site-packages/gxformat2/lint.py"", line 105, in lint_format2
    steps = ensure_key_if_present(lint_context, workflow_dict, 'steps', default={}, has_class=dict)
  File ""/home/hxr/arbeit/galaxy/training-material/.venv/lib/python3.8/site-packages/gxformat2/lint.py"", line 35, in ensure_key_if_present
    return ensure_key_has_value(lint_context, has_keys, key, value, has_class=has_class, has_value=None)
  File ""/home/hxr/arbeit/galaxy/training-material/.venv/lib/python3.8/site-packages/gxformat2/lint.py"", line 40, in ensure_key_has_value
    lint_context.error(""expected value [{value}] with key [{key}] to be of class {clazz}"", key=key, value=value, clazz=has_class)
TypeError: error() got an unexpected keyword argument 'key'

```

@mvdbeek suggested an f-string issue, I manually patched the lint file to see:

```
$ planemo workflow_lint ./topics/assembly/tutorials/debruijn-graph-assembly/workflows/debruijn-graph.gxwf.yml
Traceback (most recent call last):
  File ""/home/hxr/arbeit/galaxy/training-material/.venv/bin/planemo"", line 8, in <module>
    sys.exit(planemo())
  File ""/home/hxr/arbeit/galaxy/training-material/.venv/lib/python3.8/site-packages/click/core.py"", line 1137, in __call__
    return self.main(*args, **kwargs)
  File ""/home/hxr/arbeit/galaxy/training-material/.venv/lib/python3.8/site-packages/click/core.py"", line 1062, in main
    rv = self.invoke(ctx)
  File ""/home/hxr/arbeit/galaxy/training-material/.venv/lib/python3.8/site-packages/click/core.py"", line 1668, in invoke
    return _process_result(sub_ctx.command.invoke(sub_ctx))
  File ""/home/hxr/arbeit/galaxy/training-material/.venv/lib/python3.8/site-packages/click/core.py"", line 1404, in invoke
    return ctx.invoke(self.callback, **ctx.params)
  File ""/home/hxr/arbeit/galaxy/training-material/.venv/lib/python3.8/site-packages/click/core.py"", line 763, in invoke
    return __callback(*args, **kwargs)
  File ""/home/hxr/arbeit/galaxy/training-material/.venv/lib/python3.8/site-packages/click/decorators.py"", line 84, in new_func
    return ctx.invoke(f, obj, *args, **kwargs)
  File ""/home/hxr/arbeit/galaxy/training-material/.venv/lib/python3.8/site-packages/click/core.py"", line 763, in invoke
    return __callback(*args, **kwargs)
  File ""/home/hxr/arbeit/galaxy/training-material/.venv/lib/python3.8/site-packages/planemo/cli.py"", line 98, in handle_blended_options
    return f(*args, **kwds)
  File ""/home/hxr/arbeit/galaxy/training-material/.venv/lib/python3.8/site-packages/planemo/commands/cmd_workflow_lint.py"", line 21, in cli
    exit_code = lint_workflow_artifacts_on_paths(
  File ""/home/hxr/arbeit/galaxy/training-material/.venv/lib/python3.8/site-packages/planemo/workflow_lint.py"", line 52, in lint_workflow_artifacts_on_paths
    _lint_workflow_artifacts_on_path(lint_context, path, lint_args)
  File ""/home/hxr/arbeit/galaxy/training-material/.venv/lib/python3.8/site-packages/planemo/workflow_lint.py"", line 74, in _lint_workflow_artifacts_on_path
    lint_context.lint(""lint_structure"", structure, potential_workflow_artifact_path)
  File ""/home/hxr/arbeit/galaxy/training-material/.venv/lib/python3.8/site-packages/galaxy/tool_util/lint.py"", line 88, in lint
    lint_func(lint_target, self)
  File ""/home/hxr/arbeit/galaxy/training-material/.venv/lib/python3.8/site-packages/planemo/workflow_lint.py"", line 72, in structure
    lint_func(lint_context, workflow_dict, path=path)
  File ""/home/hxr/arbeit/galaxy/training-material/.venv/lib/python3.8/site-packages/gxformat2/lint.py"", line 106, in lint_format2
    for key, step in steps.items():
AttributeError: 'list' object has no attribute 'items'
```

Package versions:

```
gxformat2==0.15.0
planemo==0.74.5
```"
https://api.github.com/repos/galaxyproject/gxformat2/issues/60,https://api.github.com/repos/galaxyproject/gxformat2,https://api.github.com/repos/galaxyproject/gxformat2/issues/60/labels{/name},https://api.github.com/repos/galaxyproject/gxformat2/issues/60/comments,https://api.github.com/repos/galaxyproject/gxformat2/issues/60/events,https://github.com/galaxyproject/gxformat2/issues/60,927088371,MDU6SXNzdWU5MjcwODgzNzE=,60,Add license and creator to schema,mvdbeek,,closed,False,,,,1,2021-06-22T10:37:44Z,2022-05-23T15:41:26Z,2022-05-23T15:41:26Z,MEMBER,"and additional fields that we still need to define on the Galaxy side, like

- release: If workflow is maintained on github, could correspond to release tag. We already use this in the IWC to define which release to create
- derived_from: useful if the workflow had been modified in Galaxy to identify what the source of the workflow is. Could be a TRS id if imported via TRS, URL if imported via URL ? Or both if available?"
https://api.github.com/repos/galaxyproject/gxformat2/issues/59,https://api.github.com/repos/galaxyproject/gxformat2,https://api.github.com/repos/galaxyproject/gxformat2/issues/59/labels{/name},https://api.github.com/repos/galaxyproject/gxformat2/issues/59/comments,https://api.github.com/repos/galaxyproject/gxformat2/issues/59/events,https://github.com/galaxyproject/gxformat2/issues/59,861553949,MDU6SXNzdWU4NjE1NTM5NDk=,59,Rename the default branch to `main`,nsoranzo,,open,False,,,,0,2021-04-19T17:15:39Z,2021-04-19T17:15:39Z,,MEMBER,xref. https://github.com/galaxyproject/galaxy/issues/10850
https://api.github.com/repos/galaxyproject/gxformat2/issues/53,https://api.github.com/repos/galaxyproject/gxformat2,https://api.github.com/repos/galaxyproject/gxformat2/issues/53/labels{/name},https://api.github.com/repos/galaxyproject/gxformat2/issues/53/comments,https://api.github.com/repos/galaxyproject/gxformat2/issues/53/events,https://github.com/galaxyproject/gxformat2/issues/53,857782405,MDU6SXNzdWU4NTc3ODI0MDU=,53,Relicense under MIT,nsoranzo,,closed,False,,,,2,2021-04-14T11:00:37Z,2021-08-30T18:03:33Z,2021-05-11T17:30:07Z,MEMBER,Currently licensed under Academic Free License v3.0 .
https://api.github.com/repos/galaxyproject/gxformat2/issues/51,https://api.github.com/repos/galaxyproject/gxformat2,https://api.github.com/repos/galaxyproject/gxformat2/issues/51/labels{/name},https://api.github.com/repos/galaxyproject/gxformat2/issues/51/comments,https://api.github.com/repos/galaxyproject/gxformat2/issues/51/events,https://github.com/galaxyproject/gxformat2/issues/51,741710716,MDU6SXNzdWU3NDE3MTA3MTY=,51,CWL export validation not as strict as cwltool's,simleo,,open,False,,,,4,2020-11-12T15:47:53Z,2020-11-18T11:31:52Z,,CONTRIBUTOR,"It was recently found that CWL abstract workflows generated with gxformat2 fail to validate with `cwltool --validate` (see https://github.com/ResearchObject/ro-crate-py/issues/33 for some background). However, [test_export_abstract.py](https://github.com/galaxyproject/gxformat2/blob/ffac886d3bacffe33d34497201f963320ac226c6/tests/test_export_abstract.py) succeeds, despite using `cwltool.main.resolve_and_validate_document`. The reason is that `cwltool --validate` does not stop after calling `resolve_and_validate_document`. In particular, [it calls `make_tool`](https://github.com/common-workflow-language/cwltool/blob/3.0.20201109103151/cwltool/main.py#L990), which tries to build a `Workflow` object and triggers [this validation error](https://github.com/common-workflow-language/cwltool/blob/0e8110083bad6ea98fc487aa262953a6c5e010b5/cwltool/workflow.py#L292).

To make the validation in the test as strict as `cwltool --validate`, the following change could be applied:

```diff
diff --git a/tests/test_export_abstract.py b/tests/test_export_abstract.py
index ae6c382..fe43171 100644
--- a/tests/test_export_abstract.py
+++ b/tests/test_export_abstract.py
@@ -11,6 +11,7 @@ from cwltool.main import (
     resolve_and_validate_document,
     tool_resolver,
 )
+from cwltool.load_tool import make_tool
 
 from gxformat2._yaml import ordered_dump, ordered_load
 from gxformat2.abstract import CWL_VERSION, from_dict
@@ -130,6 +131,7 @@ def _run_example(as_dict, out=""test.cwl""):
         workflowobj,
         uri,
     )
+    make_tool(uri, loadingContext)
     return abstract_as_dict
```"
https://api.github.com/repos/galaxyproject/gxformat2/issues/31,https://api.github.com/repos/galaxyproject/gxformat2,https://api.github.com/repos/galaxyproject/gxformat2/issues/31/labels{/name},https://api.github.com/repos/galaxyproject/gxformat2/issues/31/comments,https://api.github.com/repos/galaxyproject/gxformat2/issues/31/events,https://github.com/galaxyproject/gxformat2/issues/31,628556146,MDU6SXNzdWU2Mjg1NTYxNDY=,31,Error exporting subworkflow,mvdbeek,,open,False,,,,4,2020-06-01T16:09:15Z,2022-05-26T13:46:59Z,,MEMBER,"When exporting the big all-in-one subworkflow that includes the 2 variants for single-end and paired-end workflows the export fails with
```
galaxy.web.framework.decorators ERROR 2020-06-01 18:04:18,839 Uncaught exception in exposed API method:
Traceback (most recent call last):
  File ""/Users/mvandenb/src/galaxy/lib/galaxy/web/framework/decorators.py"", line 295, in decorator
    rval = func(self, trans, *args, **kwargs)
  File ""/Users/mvandenb/src/galaxy/lib/galaxy/webapps/galaxy/api/workflows.py"", line 471, in workflow_dict
    ret_dict = self.workflow_contents_manager.workflow_to_dict(trans, stored_workflow, style=style, version=version)
  File ""/Users/mvandenb/src/galaxy/lib/galaxy/managers/workflows.py"", line 480, in workflow_to_dict
    wf_dict = to_format_2(wf_dict)
  File ""/Users/mvandenb/src/galaxy/lib/galaxy/managers/workflows.py"", line 461, in to_format_2
    return from_galaxy_native(wf_dict, None, **kwds)
  File ""/Users/mvandenb/src/galaxy/.venv/lib/python3.8/site-packages/gxformat2/export.py"", line 54, in from_galaxy_native
    output_id = labels.ensure_new_output_label(workflow_output.get(""label""))
  File ""/Users/mvandenb/src/galaxy/.venv/lib/python3.8/site-packages/gxformat2/_labels.py"", line 17, in ensure_new_output_label
    assert label not in self.seen_labels
AssertionError
```

I think `assert label not in self.seen_labels` might need to be scoped to individual workflows ?"
https://api.github.com/repos/galaxyproject/gxformat2/issues/30,https://api.github.com/repos/galaxyproject/gxformat2,https://api.github.com/repos/galaxyproject/gxformat2/issues/30/labels{/name},https://api.github.com/repos/galaxyproject/gxformat2/issues/30/comments,https://api.github.com/repos/galaxyproject/gxformat2/issues/30/events,https://github.com/galaxyproject/gxformat2/issues/30,598262828,MDU6SXNzdWU1OTgyNjI4Mjg=,30,Deprecation warning due to invalid escape sequences in Python 3.7,tirkarthi,,open,False,,,,0,2020-04-11T13:07:18Z,2020-04-11T13:07:18Z,,NONE,"```
find . -iname '*.py' | grep -v example | xargs -P 4 -I{} python3.8 -Wall -m py_compile {}
./scripts/new_version.py:47: DeprecationWarning: invalid escape sequence \d
  mod = re.sub(""__version__ = '[\d\.]+'"",
./scripts/commit_version.py:25: DeprecationWarning: invalid escape sequence \d
  mod = re.sub(""__version__ = '[\d\.]*\.dev0'"",
```"
https://api.github.com/repos/galaxyproject/gxformat2/issues/26,https://api.github.com/repos/galaxyproject/gxformat2,https://api.github.com/repos/galaxyproject/gxformat2/issues/26/labels{/name},https://api.github.com/repos/galaxyproject/gxformat2/issues/26/comments,https://api.github.com/repos/galaxyproject/gxformat2/issues/26/events,https://github.com/galaxyproject/gxformat2/issues/26,537917141,MDU6SXNzdWU1Mzc5MTcxNDE=,26,Finish Cytoscape Export for Java,jmchilton,,closed,False,,,,1,2019-12-14T13:55:57Z,2019-12-24T20:02:15Z,2019-12-24T20:02:15Z,MEMBER,"Started in https://github.com/galaxyproject/gxformat2/pull/25. The test code generates an example for Java to replicate and the outline of a test to verify is there.

- [ ] Finish native adapter interface Cytoscape.java uses to parse the workflow.
- [ ] Implement the adapter interface Cytoscape.java uses for Format 2.
- [ ] Finish parsing out node details and implement parsing out edge details.
- [ ] Finish the test case - verifies the size but not the contents, etc.. "
https://api.github.com/repos/galaxyproject/gxformat2/issues/14,https://api.github.com/repos/galaxyproject/gxformat2,https://api.github.com/repos/galaxyproject/gxformat2/issues/14/labels{/name},https://api.github.com/repos/galaxyproject/gxformat2/issues/14/comments,https://api.github.com/repos/galaxyproject/gxformat2/issues/14/events,https://github.com/galaxyproject/gxformat2/issues/14,532000602,MDU6SXNzdWU1MzIwMDA2MDI=,14,Validation and Linting,jmchilton,,open,False,,,,0,2019-12-03T13:52:37Z,2019-12-14T13:50:30Z,,MEMBER,"Validate (add to schema).
  - [x] Runtime inputs.
  - [x] Post job actions.
  - [ ] Embedded tools.
  - [ ] defaults and optional values?

Lint:
  - [x] Lint actual markdown content.
  - [ ] defaults only on optional inputs
  - [ ] defaults match specified type
  - [ ] Annotations on inputs.
  - [ ] Labels on all steps (?)
    - need editor support (auto label new steps?)


"
https://api.github.com/repos/galaxyproject/gxformat2/issues/12,https://api.github.com/repos/galaxyproject/gxformat2,https://api.github.com/repos/galaxyproject/gxformat2/issues/12/labels{/name},https://api.github.com/repos/galaxyproject/gxformat2/issues/12/comments,https://api.github.com/repos/galaxyproject/gxformat2/issues/12/events,https://github.com/galaxyproject/gxformat2/issues/12,530526481,MDU6SXNzdWU1MzA1MjY0ODE=,12,Iterate Format Toward CWL,jmchilton,,open,False,,,,0,2019-11-30T03:24:28Z,2019-11-30T03:24:28Z,,MEMBER,"After 20.01 branches - add ``profileVersion`` and iterate toward CWL:

 - Allow step_type, tool_id, etc... to be inside of ``run`` - maybe ``GalaxyToolReference``. 
 - Allow ``doc`` to be a list of comments (re-use Documented from cwl's Process.yml).

...
"
https://api.github.com/repos/galaxyproject/gxformat2/issues/5,https://api.github.com/repos/galaxyproject/gxformat2,https://api.github.com/repos/galaxyproject/gxformat2/issues/5/labels{/name},https://api.github.com/repos/galaxyproject/gxformat2/issues/5/comments,https://api.github.com/repos/galaxyproject/gxformat2/issues/5/events,https://github.com/galaxyproject/gxformat2/issues/5,390307538,MDU6SXNzdWUzOTAzMDc1Mzg=,5,How ready is this?,chambm,,open,False,,,,0,2018-12-12T16:33:25Z,2018-12-12T16:33:25Z,,NONE,"I'm thinking about doing some dynamic workflow generation and it would sure be nice to use a format like this Format2. But looking at your tests I don't see any with multiple steps in a single workflow, only nested workflows and subworkflows. What do dependencies between steps look like?"
