URL,Repository URL,Labels URL,Comments URL,Events URL,HTML URL,ID,Node ID,Number,Title,User,Labels,State,Locked,Assignee,Assignees,Milestone,Comments,Created At,Updated At,Closed At,Author Association,Body
https://api.github.com/repos/galaxyproject/ptdk/issues/24,https://api.github.com/repos/galaxyproject/ptdk,https://api.github.com/repos/galaxyproject/ptdk/issues/24/labels{/name},https://api.github.com/repos/galaxyproject/ptdk/issues/24/comments,https://api.github.com/repos/galaxyproject/ptdk/issues/24/events,https://github.com/galaxyproject/ptdk/issues/24,1803347051,I_kwDOC6mJEM5rfORr,24,Webserver not working,subinamehta,,open,False,,,,2,2023-07-13T16:14:50Z,2023-07-14T14:36:41Z,,NONE,The webserver keeps giving internal 500 error
https://api.github.com/repos/galaxyproject/ptdk/issues/23,https://api.github.com/repos/galaxyproject/ptdk,https://api.github.com/repos/galaxyproject/ptdk/issues/23/labels{/name},https://api.github.com/repos/galaxyproject/ptdk/issues/23/comments,https://api.github.com/repos/galaxyproject/ptdk/issues/23/events,https://github.com/galaxyproject/ptdk/issues/23,1798083190,I_kwDOC6mJEM5rLJJ2,23,Error 403 when generating a skeleton from my workflow,nakucher,,closed,False,,,,3,2023-07-11T04:42:45Z,2023-07-12T23:23:33Z,2023-07-12T23:23:32Z,NONE,"<img width=""1385"" alt=""Screen Shot 2023-07-11 at 2 41 25 PM"" src=""https://github.com/galaxyproject/ptdk/assets/80000074/819de0f8-8100-4732-ab33-0dd887eec853"">
For these inputs, I get this error.

folder name: sars-with-galaxy-on-anvil
tutorial name: SARS-CoV-2 Viral Sample Alignment and Variant Visualization
galaxy instance: usegalaxy.org
workflow id: c9a8fd89224e7414

Error: GET: error 403: b'{""err_msg"": ""Provided API key is not valid."", ""err_code"": 403001}', 0 attempts left: {""err_msg"": ""Provided API key is not valid."", ""err_code"": 403001}
"
https://api.github.com/repos/galaxyproject/ptdk/issues/22,https://api.github.com/repos/galaxyproject/ptdk,https://api.github.com/repos/galaxyproject/ptdk/issues/22/labels{/name},https://api.github.com/repos/galaxyproject/ptdk/issues/22/comments,https://api.github.com/repos/galaxyproject/ptdk/issues/22/events,https://github.com/galaxyproject/ptdk/issues/22,1752831460,I_kwDOC6mJEM5oehXk,22,Provided API key has expired.,hrhotz,,open,False,,,,1,2023-06-12T14:00:20Z,2023-06-12T16:49:50Z,,NONE,"Hi 

I was running a demo example (for my upcoming talk), and I got the following error message:
Error: GET: error 403: b'{""err_msg"": ""Provided API key has expired."", ""err_code"": 403001}', 0 attempts left: {""err_msg"": ""Provided API key has expired."", ""err_code"": 403001}

I was using c88fe3dc11bc4905 on usegalaxy.org

Regards, Hans-Rudolf"
https://api.github.com/repos/galaxyproject/ptdk/issues/18,https://api.github.com/repos/galaxyproject/ptdk,https://api.github.com/repos/galaxyproject/ptdk/issues/18/labels{/name},https://api.github.com/repos/galaxyproject/ptdk/issues/18/comments,https://api.github.com/repos/galaxyproject/ptdk/issues/18/events,https://github.com/galaxyproject/ptdk/issues/18,1289689747,I_kwDOC6mJEM5M3xqT,18,API for ptdk,hexylena,,open,False,hexylena,hexylena,,0,2022-06-30T07:02:02Z,2022-06-30T07:02:09Z,,MEMBER,"I'd love to be able to, in gitpod,

```
curl https://ptdk.../build?wf_id=##### | tar xvfz
```

Or similar."
https://api.github.com/repos/galaxyproject/ptdk/issues/17,https://api.github.com/repos/galaxyproject/ptdk,https://api.github.com/repos/galaxyproject/ptdk/issues/17/labels{/name},https://api.github.com/repos/galaxyproject/ptdk/issues/17/comments,https://api.github.com/repos/galaxyproject/ptdk/issues/17/events,https://github.com/galaxyproject/ptdk/issues/17,1187315520,I_kwDOC6mJEM5GxP9A,17,Seems to be giving an Internal Server Error,subinamehta,,closed,False,,,,3,2022-03-31T01:15:04Z,2022-06-30T07:00:45Z,2022-06-30T07:00:45Z,NONE,"Hello,  I am trying to build a skeleton using this server however it is giving me an internal server error. Could you please look into this?
"
https://api.github.com/repos/galaxyproject/ptdk/issues/16,https://api.github.com/repos/galaxyproject/ptdk,https://api.github.com/repos/galaxyproject/ptdk/issues/16/labels{/name},https://api.github.com/repos/galaxyproject/ptdk/issues/16/comments,https://api.github.com/repos/galaxyproject/ptdk/issues/16/events,https://github.com/galaxyproject/ptdk/issues/16,1079540579,I_kwDOC6mJEM5AWHtj,16,Internal Server Error,Dirowa,,closed,False,,,,2,2021-12-14T09:54:09Z,2022-06-30T07:00:40Z,2022-06-30T07:00:34Z,NONE,"When I try to generate a skeleton for a new galaxy tutorial it gives the following error:

```
Internal Server Error
The server encountered an internal error and was unable to complete your request. Either the server is overloaded or there is an error in the application.
```

All parameters were filled in.
Galaxy instance chosen is ```usegalaxy.eu```
"
https://api.github.com/repos/galaxyproject/ptdk/issues/14,https://api.github.com/repos/galaxyproject/ptdk,https://api.github.com/repos/galaxyproject/ptdk/issues/14/labels{/name},https://api.github.com/repos/galaxyproject/ptdk/issues/14/comments,https://api.github.com/repos/galaxyproject/ptdk/issues/14/events,https://github.com/galaxyproject/ptdk/issues/14,918464462,MDU6SXNzdWU5MTg0NjQ0NjI=,14,Bug when giving a Zenodo url,bebatut,,open,False,,,,2,2021-06-11T08:59:31Z,2022-09-23T12:31:42Z,,MEMBER,
https://api.github.com/repos/galaxyproject/ptdk/issues/1,https://api.github.com/repos/galaxyproject/ptdk,https://api.github.com/repos/galaxyproject/ptdk/issues/1/labels{/name},https://api.github.com/repos/galaxyproject/ptdk/issues/1/comments,https://api.github.com/repos/galaxyproject/ptdk/issues/1/events,https://github.com/galaxyproject/ptdk/issues/1,478994585,MDU6SXNzdWU0Nzg5OTQ1ODU=,1,Improvements,bebatut,enhancement,open,False,,,,1,2019-08-09T13:44:05Z,2022-06-30T07:01:12Z,,MEMBER,- Ask for workflow URL (not ID)
