URL,Repository URL,Labels URL,Comments URL,Events URL,HTML URL,ID,Node ID,Number,Title,User,Labels,State,Locked,Assignee,Assignees,Milestone,Comments,Created At,Updated At,Closed At,Author Association,Body
https://api.github.com/repos/galaxyproject/ansible-miniconda/issues/5,https://api.github.com/repos/galaxyproject/ansible-miniconda,https://api.github.com/repos/galaxyproject/ansible-miniconda/issues/5/labels{/name},https://api.github.com/repos/galaxyproject/ansible-miniconda/issues/5/comments,https://api.github.com/repos/galaxyproject/ansible-miniconda/issues/5/events,https://github.com/galaxyproject/ansible-miniconda/issues/5,1662315354,I_kwDOE7bG1s5jFOta,5,does it need to download an installer every time?,hexylena,,closed,False,,,,1,2023-04-11T11:51:45Z,2023-04-11T11:52:04Z,2023-04-11T11:52:03Z,MEMBER,"```
TASK [galaxyproject.miniconda : Create miniconda installer tempfile] *********************************************************************************************************************************************
changed: [gat-0.eu.galaxy.training]

TASK [galaxyproject.miniconda : Collect miniconda installer] *****************************************************************************************************************************************************
changed: [gat-0.eu.galaxy.training]

TASK [galaxyproject.miniconda : Run miniconda installer] *********************************************************************************************************************************************************
changed: [gat-0.eu.galaxy.training]

TASK [galaxyproject.miniconda : Remove minicoda installer] *******************************************************************************************************************************************************
--- before
+++ after
@@ -1,2 +1,2 @@
 path: /tmp/ansible-miniconda-installer.ghasd031.sh
-state: file
+state: absent

changed: [gat-0.eu.galaxy.training]

TASK [galaxyproject.miniconda : Collect miniconda version] *******************************************************************************************************************************************************
ok: [gat-0.eu.galaxy.training]
```

can we case this behind something like ""if conda already exists maybe don't bother"""
