URL,Repository URL,Labels URL,Comments URL,Events URL,HTML URL,ID,Node ID,Number,Title,User,Labels,State,Locked,Assignee,Assignees,Milestone,Comments,Created At,Updated At,Closed At,Author Association,Body
https://api.github.com/repos/galaxyproject/gxabm/issues/275,https://api.github.com/repos/galaxyproject/gxabm,https://api.github.com/repos/galaxyproject/gxabm/issues/275/labels{/name},https://api.github.com/repos/galaxyproject/gxabm/issues/275/comments,https://api.github.com/repos/galaxyproject/gxabm/issues/275/events,https://github.com/galaxyproject/gxabm/issues/275,2110624748,I_kwDOF0HyJ859zZPs,275,Starting run number,ksuderman,bug,closed,False,,,,0,2024-01-31T17:34:52Z,2024-01-31T17:38:25Z,2024-01-31T17:38:25Z,COLLABORATOR,"When running an experiment the starting run number is printed before it has been calculated.
"
https://api.github.com/repos/galaxyproject/gxabm/issues/274,https://api.github.com/repos/galaxyproject/gxabm,https://api.github.com/repos/galaxyproject/gxabm/issues/274/labels{/name},https://api.github.com/repos/galaxyproject/gxabm/issues/274/comments,https://api.github.com/repos/galaxyproject/gxabm/issues/274/events,https://github.com/galaxyproject/gxabm/issues/274,2092299458,I_kwDOF0HyJ858tfTC,274,Cancel jobs by ID,ksuderman,bug,open,False,,,2.9.0,0,2024-01-21T01:17:50Z,2024-01-21T01:18:09Z,,COLLABORATOR,"The `jobs.cancel` command should allow jobs to be cancelled by the job ID, but the command line parameters are ignored."
https://api.github.com/repos/galaxyproject/gxabm/issues/272,https://api.github.com/repos/galaxyproject/gxabm,https://api.github.com/repos/galaxyproject/gxabm/issues/272/labels{/name},https://api.github.com/repos/galaxyproject/gxabm/issues/272/comments,https://api.github.com/repos/galaxyproject/gxabm/issues/272/events,https://github.com/galaxyproject/gxabm/issues/272,2091450735,I_kwDOF0HyJ858qQFv,272,Rename list methods,ksuderman,bug,open,False,,,2.9.0,0,2024-01-19T21:30:09Z,2024-01-19T21:30:26Z,,COLLABORATOR,Many command controllers use a method named `list` to implement the `list` command.  These should be renamed to prevent hiding Python's `list` datatype.
https://api.github.com/repos/galaxyproject/gxabm/issues/270,https://api.github.com/repos/galaxyproject/gxabm,https://api.github.com/repos/galaxyproject/gxabm/issues/270/labels{/name},https://api.github.com/repos/galaxyproject/gxabm/issues/270/comments,https://api.github.com/repos/galaxyproject/gxabm/issues/270/events,https://github.com/galaxyproject/gxabm/issues/270,2090977853,I_kwDOF0HyJ858oco9,270,Run number off by +1,ksuderman,bug,closed,False,,,,0,2024-01-19T17:27:53Z,2024-01-19T17:31:34Z,2024-01-19T17:31:34Z,COLLABORATOR,The run numbers used to generate the history name are off by one.
https://api.github.com/repos/galaxyproject/gxabm/issues/269,https://api.github.com/repos/galaxyproject/gxabm,https://api.github.com/repos/galaxyproject/gxabm/issues/269/labels{/name},https://api.github.com/repos/galaxyproject/gxabm/issues/269/comments,https://api.github.com/repos/galaxyproject/gxabm/issues/269/events,https://github.com/galaxyproject/gxabm/issues/269,2051265908,I_kwDOF0HyJ856Q9V0,269,Dataset list by history,ksuderman,enhancement,closed,False,,,2.9.0,0,2023-12-20T21:06:11Z,2024-01-20T19:46:03Z,2024-01-20T19:46:03Z,COLLABORATOR,Add a `--history` option to the `dataset.list` command.  It would also be a good opportunity to replace the ad-hoc parameter parsing with `argparse`.
https://api.github.com/repos/galaxyproject/gxabm/issues/264,https://api.github.com/repos/galaxyproject/gxabm,https://api.github.com/repos/galaxyproject/gxabm/issues/264/labels{/name},https://api.github.com/repos/galaxyproject/gxabm/issues/264/comments,https://api.github.com/repos/galaxyproject/gxabm/issues/264/events,https://github.com/galaxyproject/gxabm/issues/264,2044091916,I_kwDOF0HyJ8551l4M,264,Round runtime and memory.,ksuderman,enhancement,closed,False,ksuderman,ksuderman,2.9.0,1,2023-12-15T17:21:21Z,2023-12-15T19:05:36Z,2023-12-15T19:05:35Z,COLLABORATOR,"For the `summarize` command, round Runtime to whole second and Memory to 1 decimal."
https://api.github.com/repos/galaxyproject/gxabm/issues/263,https://api.github.com/repos/galaxyproject/gxabm,https://api.github.com/repos/galaxyproject/gxabm/issues/263/labels{/name},https://api.github.com/repos/galaxyproject/gxabm/issues/263/comments,https://api.github.com/repos/galaxyproject/gxabm/issues/263/events,https://github.com/galaxyproject/gxabm/issues/263,2044089011,I_kwDOF0HyJ8551lKz,263,Update menu,ksuderman,enhancement,closed,False,,,2.9.0,1,2023-12-15T17:18:58Z,2023-12-19T23:42:44Z,2023-12-19T23:42:43Z,COLLABORATOR,Ensure all `--makrdown` and `--sort-by` options are documented in the `menu.yml` file.
https://api.github.com/repos/galaxyproject/gxabm/issues/261,https://api.github.com/repos/galaxyproject/gxabm,https://api.github.com/repos/galaxyproject/gxabm/issues/261/labels{/name},https://api.github.com/repos/galaxyproject/gxabm/issues/261/comments,https://api.github.com/repos/galaxyproject/gxabm/issues/261/events,https://github.com/galaxyproject/gxabm/issues/261,2042744884,I_kwDOF0HyJ855wdA0,261,Job Restarts,ksuderman,bug,closed,False,,,2.9.0,0,2023-12-15T01:33:33Z,2023-12-15T21:36:28Z,2023-12-15T21:36:28Z,COLLABORATOR,"When a job fails ABM will attempt to restart it forever, which can lead to a death loop in the tool/job is failing due to insufficient resources.   ABM should attempt to restart the job a set number of times (3?) and then abort killing any other jobs that are  not already in a terminal state."
https://api.github.com/repos/galaxyproject/gxabm/issues/259,https://api.github.com/repos/galaxyproject/gxabm,https://api.github.com/repos/galaxyproject/gxabm/issues/259/labels{/name},https://api.github.com/repos/galaxyproject/gxabm/issues/259/comments,https://api.github.com/repos/galaxyproject/gxabm/issues/259/events,https://github.com/galaxyproject/gxabm/issues/259,2042281628,I_kwDOF0HyJ855ur6c,259,Add invocation.show command,ksuderman,enhancement,closed,False,,,2.9.0,0,2023-12-14T18:49:48Z,2023-12-15T17:13:36Z,2023-12-15T17:13:36Z,COLLABORATOR,"Add a command to show information about a single invocation. E.G.

```
abm <instance> invocation show INVOCATION_ID
```"
https://api.github.com/repos/galaxyproject/gxabm/issues/258,https://api.github.com/repos/galaxyproject/gxabm,https://api.github.com/repos/galaxyproject/gxabm/issues/258/labels{/name},https://api.github.com/repos/galaxyproject/gxabm/issues/258/comments,https://api.github.com/repos/galaxyproject/gxabm/issues/258/events,https://github.com/galaxyproject/gxabm/issues/258,2042273576,I_kwDOF0HyJ855up8o,258,Invalid markdown tables,ksuderman,bug,closed,False,ksuderman,ksuderman,2.9.0,0,2023-12-14T18:46:03Z,2023-12-14T18:54:48Z,2023-12-14T18:54:47Z,COLLABORATOR,The header generated for markdown tables is invalid so the markdown file cannot be viewed without editing the .md file first.
https://api.github.com/repos/galaxyproject/gxabm/issues/257,https://api.github.com/repos/galaxyproject/gxabm,https://api.github.com/repos/galaxyproject/gxabm/issues/257/labels{/name},https://api.github.com/repos/galaxyproject/gxabm/issues/257/comments,https://api.github.com/repos/galaxyproject/gxabm/issues/257/events,https://github.com/galaxyproject/gxabm/issues/257,2042269918,I_kwDOF0HyJ855upDe,257,Unknown history,ksuderman,bug,closed,False,,,2.9.0,0,2023-12-14T18:43:10Z,2023-12-15T18:14:33Z,2023-12-15T18:14:32Z,COLLABORATOR,Several of the `summarize` command list the history as `unknown`. Find the root cause and see if there is a way to reliably return the history name when summarizing results.
https://api.github.com/repos/galaxyproject/gxabm/issues/254,https://api.github.com/repos/galaxyproject/gxabm,https://api.github.com/repos/galaxyproject/gxabm/issues/254/labels{/name},https://api.github.com/repos/galaxyproject/gxabm/issues/254/comments,https://api.github.com/repos/galaxyproject/gxabm/issues/254/events,https://github.com/galaxyproject/gxabm/issues/254,2040251629,I_kwDOF0HyJ855m8Tt,254,Fix exceptions generating markdown for empty table cells,ksuderman,bug,closed,False,ksuderman,ksuderman,2.9.0,0,2023-12-13T18:25:15Z,2023-12-13T19:18:01Z,2023-12-13T19:18:00Z,COLLABORATOR,"If a tool fails the the column will contain an empty string, which causes an exception when we try to do math with it.
"
https://api.github.com/repos/galaxyproject/gxabm/issues/253,https://api.github.com/repos/galaxyproject/gxabm,https://api.github.com/repos/galaxyproject/gxabm/issues/253/labels{/name},https://api.github.com/repos/galaxyproject/gxabm/issues/253/comments,https://api.github.com/repos/galaxyproject/gxabm/issues/253/events,https://github.com/galaxyproject/gxabm/issues/253,2040235043,I_kwDOF0HyJ855m4Qj,253,Remove CPU column from the markdown tables,ksuderman,enhancement,closed,False,,,2.9.0,1,2023-12-13T18:13:09Z,2023-12-13T19:55:34Z,2023-12-13T19:55:33Z,COLLABORATOR,The CPU utilization is not likely to be useful to most users.
https://api.github.com/repos/galaxyproject/gxabm/issues/252,https://api.github.com/repos/galaxyproject/gxabm,https://api.github.com/repos/galaxyproject/gxabm/issues/252/labels{/name},https://api.github.com/repos/galaxyproject/gxabm/issues/252/comments,https://api.github.com/repos/galaxyproject/gxabm/issues/252/events,https://github.com/galaxyproject/gxabm/issues/252,2040230594,I_kwDOF0HyJ855m3LC,252,Add history name column to markdown tables,ksuderman,enhancement,closed,False,,,2.9.0,0,2023-12-13T18:09:56Z,2023-12-14T16:12:28Z,2023-12-14T16:12:28Z,COLLABORATOR,Currently it is not clear what multiple entries for the same tool are for.  The history name includes the size of the dataset (amongst other things) and would be useful to include in the output.
https://api.github.com/repos/galaxyproject/gxabm/issues/251,https://api.github.com/repos/galaxyproject/gxabm,https://api.github.com/repos/galaxyproject/gxabm/issues/251/labels{/name},https://api.github.com/repos/galaxyproject/gxabm/issues/251/comments,https://api.github.com/repos/galaxyproject/gxabm/issues/251/events,https://github.com/galaxyproject/gxabm/issues/251,2040228140,I_kwDOF0HyJ855m2ks,251,Add --sort-by to all summarize commands,ksuderman,enhancement,closed,False,,,2.9.0,0,2023-12-13T18:08:09Z,2023-12-14T16:12:28Z,2023-12-14T16:12:27Z,COLLABORATOR,
https://api.github.com/repos/galaxyproject/gxabm/issues/250,https://api.github.com/repos/galaxyproject/gxabm,https://api.github.com/repos/galaxyproject/gxabm/issues/250/labels{/name},https://api.github.com/repos/galaxyproject/gxabm/issues/250/comments,https://api.github.com/repos/galaxyproject/gxabm/issues/250/events,https://github.com/galaxyproject/gxabm/issues/250,2040225474,I_kwDOF0HyJ855m17C,250,Sort by tool name,ksuderman,enhancement,closed,False,,,2.9.0,0,2023-12-13T18:06:13Z,2023-12-14T16:12:27Z,2023-12-14T16:12:26Z,COLLABORATOR,Add an option to `--sort-by` to sort by the tool ID.
https://api.github.com/repos/galaxyproject/gxabm/issues/248,https://api.github.com/repos/galaxyproject/gxabm,https://api.github.com/repos/galaxyproject/gxabm/issues/248/labels{/name},https://api.github.com/repos/galaxyproject/gxabm/issues/248/comments,https://api.github.com/repos/galaxyproject/gxabm/issues/248/events,https://github.com/galaxyproject/gxabm/issues/248,2039914990,I_kwDOF0HyJ855lqHu,248,Add --sort-by to experiment summarize,ksuderman,enhancement,closed,False,ksuderman,ksuderman,2.9.0,0,2023-12-13T15:10:30Z,2023-12-13T17:46:40Z,2023-12-13T17:46:40Z,COLLABORATOR,Add an option (-s|--sort-by) to the `experiment.summarize` command to sort the markdown table by either CPU or memory usage.
https://api.github.com/repos/galaxyproject/gxabm/issues/244,https://api.github.com/repos/galaxyproject/gxabm,https://api.github.com/repos/galaxyproject/gxabm/issues/244/labels{/name},https://api.github.com/repos/galaxyproject/gxabm/issues/244/comments,https://api.github.com/repos/galaxyproject/gxabm/issues/244/events,https://github.com/galaxyproject/gxabm/issues/244,2038687647,I_kwDOF0HyJ855g-ef,244,Reorder benchmark runs in experiments,ksuderman,enhancement,closed,False,ksuderman,ksuderman,2.9.0,0,2023-12-12T23:13:50Z,2023-12-13T17:42:24Z,2023-12-13T17:42:24Z,COLLABORATOR,"Reorder the nesting of runs in an experiment so each benchmark is run N number of times before preceding to the next benchmark.
"
https://api.github.com/repos/galaxyproject/gxabm/issues/242,https://api.github.com/repos/galaxyproject/gxabm,https://api.github.com/repos/galaxyproject/gxabm/issues/242/labels{/name},https://api.github.com/repos/galaxyproject/gxabm/issues/242/comments,https://api.github.com/repos/galaxyproject/gxabm/issues/242/events,https://github.com/galaxyproject/gxabm/issues/242,2036117014,I_kwDOF0HyJ855XK4W,242,Summarize results to a Markdown table,ksuderman,enhancement,closed,False,ksuderman,ksuderman,2.9.0,0,2023-12-11T16:59:20Z,2023-12-12T23:11:28Z,2023-12-12T23:11:27Z,COLLABORATOR,"Add an option to write the most interesting metrics (CPU, runtime, and memory usage) to a human readable format. I.E. a GFM table."
https://api.github.com/repos/galaxyproject/gxabm/issues/238,https://api.github.com/repos/galaxyproject/gxabm,https://api.github.com/repos/galaxyproject/gxabm/issues/238/labels{/name},https://api.github.com/repos/galaxyproject/gxabm/issues/238/comments,https://api.github.com/repos/galaxyproject/gxabm/issues/238/events,https://github.com/galaxyproject/gxabm/issues/238,1848621175,I_kwDOF0HyJ85uL7h3,238,Refactor helm.wait_for to use  rather than polling the cluster.,ksuderman,enhancement,closed,False,,,2.8.0,1,2023-08-13T14:41:35Z,2023-08-14T22:42:13Z,2023-08-14T22:42:13Z,COLLABORATOR,Using `kubectl rollout status deployment -n {namespace} {deployment} --watch` should be better than polling for the pod status after an upgrade.
https://api.github.com/repos/galaxyproject/gxabm/issues/237,https://api.github.com/repos/galaxyproject/gxabm,https://api.github.com/repos/galaxyproject/gxabm/issues/237/labels{/name},https://api.github.com/repos/galaxyproject/gxabm/issues/237/comments,https://api.github.com/repos/galaxyproject/gxabm/issues/237/events,https://github.com/galaxyproject/gxabm/issues/237,1848605516,I_kwDOF0HyJ85uL3tM,237,Add method to wait for all jobs in a history,ksuderman,enhancement,closed,False,,,,0,2023-08-13T13:56:32Z,2023-08-14T21:40:05Z,2023-08-14T21:40:05Z,COLLABORATOR,"Running a benchmark or experiment often results in stuck (paused) jobs when a previous job has an error.  Add a method to monitor all jobs and rerun failed jobs when they are detected.  The method should terminate when all job have entered a terminal state (ok or error).
"
https://api.github.com/repos/galaxyproject/gxabm/issues/235,https://api.github.com/repos/galaxyproject/gxabm,https://api.github.com/repos/galaxyproject/gxabm/issues/235/labels{/name},https://api.github.com/repos/galaxyproject/gxabm/issues/235/comments,https://api.github.com/repos/galaxyproject/gxabm/issues/235/events,https://github.com/galaxyproject/gxabm/issues/235,1848592811,I_kwDOF0HyJ85uL0mr,235,Add a --remap flag to the job rerun command,ksuderman,enhancement,closed,False,,,2.8.0,0,2023-08-13T13:19:14Z,2023-08-14T22:06:06Z,2023-08-14T22:06:06Z,COLLABORATOR,
https://api.github.com/repos/galaxyproject/gxabm/issues/231,https://api.github.com/repos/galaxyproject/gxabm,https://api.github.com/repos/galaxyproject/gxabm/issues/231/labels{/name},https://api.github.com/repos/galaxyproject/gxabm/issues/231/comments,https://api.github.com/repos/galaxyproject/gxabm/issues/231/events,https://github.com/galaxyproject/gxabm/issues/231,1827535868,I_kwDOF0HyJ85s7fv8,231,Parsing tool_id,ksuderman,bug,closed,False,,,2.8.0,0,2023-07-29T16:17:48Z,2023-07-29T17:05:53Z,2023-07-29T17:05:53Z,COLLABORATOR,"Parsing the job output fails if the tool id does not contain a version number.
"
https://api.github.com/repos/galaxyproject/gxabm/issues/230,https://api.github.com/repos/galaxyproject/gxabm,https://api.github.com/repos/galaxyproject/gxabm/issues/230/labels{/name},https://api.github.com/repos/galaxyproject/gxabm/issues/230/comments,https://api.github.com/repos/galaxyproject/gxabm/issues/230/events,https://github.com/galaxyproject/gxabm/issues/230,1827043276,I_kwDOF0HyJ85s5nfM,230,find_history should also search by history_id,ksuderman,bug,closed,False,,,,0,2023-07-28T20:20:10Z,2023-07-29T17:06:26Z,2023-07-29T17:06:26Z,COLLABORATOR,"The `find_history` method (common module) takes a parameter named `name_or_id` but then only searches for a history by name.  The function should first try searching by `history_id` then the history name.
"
https://api.github.com/repos/galaxyproject/gxabm/issues/226,https://api.github.com/repos/galaxyproject/gxabm,https://api.github.com/repos/galaxyproject/gxabm/issues/226/labels{/name},https://api.github.com/repos/galaxyproject/gxabm/issues/226/comments,https://api.github.com/repos/galaxyproject/gxabm/issues/226/events,https://github.com/galaxyproject/gxabm/issues/226,1795553931,I_kwDOF0HyJ85rBfqL,226,Dataset collection created for paired datasets,ksuderman,bug,closed,False,,,,1,2023-07-09T20:38:14Z,2023-07-29T20:59:26Z,2023-07-29T20:59:26Z,COLLABORATOR,"The collection type created for a list of paired dataset does not seem to be correct, or at least it does not work with workflows that required a list of paired datasets.
"
https://api.github.com/repos/galaxyproject/gxabm/issues/224,https://api.github.com/repos/galaxyproject/gxabm,https://api.github.com/repos/galaxyproject/gxabm/issues/224/labels{/name},https://api.github.com/repos/galaxyproject/gxabm/issues/224/comments,https://api.github.com/repos/galaxyproject/gxabm/issues/224/events,https://github.com/galaxyproject/gxabm/issues/224,1775527350,I_kwDOF0HyJ85p1GW2,224,Dataset import to history by name,ksuderman,enhancement,closed,False,,,2.8.0,0,2023-06-26T20:11:14Z,2023-06-26T20:30:28Z,2023-06-26T20:30:27Z,COLLABORATOR,When importing a dataset to an existing history allow the user to specify the name as well as the history ID.
https://api.github.com/repos/galaxyproject/gxabm/issues/220,https://api.github.com/repos/galaxyproject/gxabm,https://api.github.com/repos/galaxyproject/gxabm/issues/220/labels{/name},https://api.github.com/repos/galaxyproject/gxabm/issues/220/comments,https://api.github.com/repos/galaxyproject/gxabm/issues/220/events,https://github.com/galaxyproject/gxabm/issues/220,1763205257,I_kwDOF0HyJ85pGGCJ,220,Job list should not require a history id,ksuderman,bug,closed,False,,,,0,2023-06-19T10:07:40Z,2023-06-20T16:56:03Z,2023-06-20T16:56:03Z,COLLABORATOR,
https://api.github.com/repos/galaxyproject/gxabm/issues/218,https://api.github.com/repos/galaxyproject/gxabm,https://api.github.com/repos/galaxyproject/gxabm/issues/218/labels{/name},https://api.github.com/repos/galaxyproject/gxabm/issues/218/comments,https://api.github.com/repos/galaxyproject/gxabm/issues/218/events,https://github.com/galaxyproject/gxabm/issues/218,1754757447,I_kwDOF0HyJ85ol3lH,218,Add --json option to history find that print json output,ksuderman,enhancement,closed,False,,,2.7.0,0,2023-06-13T12:20:57Z,2023-06-13T14:40:46Z,2023-06-13T14:40:45Z,COLLABORATOR,
https://api.github.com/repos/galaxyproject/gxabm/issues/216,https://api.github.com/repos/galaxyproject/gxabm,https://api.github.com/repos/galaxyproject/gxabm/issues/216/labels{/name},https://api.github.com/repos/galaxyproject/gxabm/issues/216/comments,https://api.github.com/repos/galaxyproject/gxabm/issues/216/events,https://github.com/galaxyproject/gxabm/issues/216,1753737297,I_kwDOF0HyJ85oh-hR,216,Exception in config show,ksuderman,"bug, on hold",open,False,,,,1,2023-06-12T23:11:49Z,2023-06-13T14:36:52Z,,COLLABORATOR,The `config show` command raises an exception if any of the fields are empty.
https://api.github.com/repos/galaxyproject/gxabm/issues/215,https://api.github.com/repos/galaxyproject/gxabm,https://api.github.com/repos/galaxyproject/gxabm/issues/215/labels{/name},https://api.github.com/repos/galaxyproject/gxabm/issues/215/comments,https://api.github.com/repos/galaxyproject/gxabm/issues/215/events,https://github.com/galaxyproject/gxabm/issues/215,1750558121,I_kwDOF0HyJ85oV2Wp,215,Exception in job list --history,ksuderman,bug,closed,False,,,2.7.0,0,2023-06-09T22:20:00Z,2023-06-12T23:42:07Z,2023-06-12T23:42:07Z,COLLABORATOR,"Running `abm job list --history ID` results in an exception if the history ID does not exist.
"
https://api.github.com/repos/galaxyproject/gxabm/issues/213,https://api.github.com/repos/galaxyproject/gxabm,https://api.github.com/repos/galaxyproject/gxabm/issues/213/labels{/name},https://api.github.com/repos/galaxyproject/gxabm/issues/213/comments,https://api.github.com/repos/galaxyproject/gxabm/issues/213/events,https://github.com/galaxyproject/gxabm/issues/213,1740563391,I_kwDOF0HyJ85nvuO_,213,Cancel jobs by state or history,ksuderman,enhancement,closed,False,,,,0,2023-06-04T20:13:03Z,2023-06-04T20:46:11Z,2023-06-04T20:46:11Z,COLLABORATOR,"Allow multiple jobs to be cancelled at once by filtering on job state or history id, or by listing more than one id."
https://api.github.com/repos/galaxyproject/gxabm/issues/211,https://api.github.com/repos/galaxyproject/gxabm,https://api.github.com/repos/galaxyproject/gxabm/issues/211/labels{/name},https://api.github.com/repos/galaxyproject/gxabm/issues/211/comments,https://api.github.com/repos/galaxyproject/gxabm/issues/211/events,https://github.com/galaxyproject/gxabm/issues/211,1739953779,I_kwDOF0HyJ85ntZZz,211,Allow lists of paired reads as workflow inputs,ksuderman,enhancement,closed,False,,,2.7.0,1,2023-06-03T22:17:50Z,2023-06-04T20:06:40Z,2023-06-04T20:06:39Z,COLLABORATOR,"Many workflows required lists of paired reads as inputs. We should allow syntax that defines these pairs in the benchmark yaml without having to actually create these dataset collections beforehand.
"
https://api.github.com/repos/galaxyproject/gxabm/issues/210,https://api.github.com/repos/galaxyproject/gxabm,https://api.github.com/repos/galaxyproject/gxabm/issues/210/labels{/name},https://api.github.com/repos/galaxyproject/gxabm/issues/210/comments,https://api.github.com/repos/galaxyproject/gxabm/issues/210/events,https://github.com/galaxyproject/gxabm/issues/210,1739906177,I_kwDOF0HyJ85ntNyB,210,Add --timeout option for job wait,ksuderman,enhancement,closed,False,ksuderman,ksuderman,2.9.0,0,2023-06-03T21:01:02Z,2023-12-13T17:43:28Z,2023-12-13T17:43:28Z,COLLABORATOR,"As it is the the `job wait` command will wait forever so there needs to be a `--timeout` option available.  There should likely also be a default timeout value.
"
https://api.github.com/repos/galaxyproject/gxabm/issues/209,https://api.github.com/repos/galaxyproject/gxabm,https://api.github.com/repos/galaxyproject/gxabm/issues/209/labels{/name},https://api.github.com/repos/galaxyproject/gxabm/issues/209/comments,https://api.github.com/repos/galaxyproject/gxabm/issues/209/events,https://github.com/galaxyproject/gxabm/issues/209,1737000277,I_kwDOF0HyJ85niIVV,209,Don't return None if the profile.yml file is empty or doesn't exist,ksuderman,bug,closed,False,,,,0,2023-06-01T20:03:01Z,2023-06-13T14:40:21Z,2023-06-13T14:40:21Z,COLLABORATOR,"Returning `None` results in errors later in the program.  It would be better to return an empty dictionary by default in these cases.
"
https://api.github.com/repos/galaxyproject/gxabm/issues/207,https://api.github.com/repos/galaxyproject/gxabm,https://api.github.com/repos/galaxyproject/gxabm/issues/207/labels{/name},https://api.github.com/repos/galaxyproject/gxabm/issues/207/comments,https://api.github.com/repos/galaxyproject/gxabm/issues/207/events,https://github.com/galaxyproject/gxabm/issues/207,1736800123,I_kwDOF0HyJ85nhXd7,207,Add job wait command,ksuderman,enhancement,closed,False,,,,0,2023-06-01T17:48:14Z,2023-06-01T19:06:53Z,2023-06-01T19:06:53Z,COLLABORATOR,Add a `job wait` subcommand that blocks until a job has completed.
https://api.github.com/repos/galaxyproject/gxabm/issues/205,https://api.github.com/repos/galaxyproject/gxabm,https://api.github.com/repos/galaxyproject/gxabm/issues/205/labels{/name},https://api.github.com/repos/galaxyproject/gxabm/issues/205/comments,https://api.github.com/repos/galaxyproject/gxabm/issues/205/events,https://github.com/galaxyproject/gxabm/issues/205,1736567534,I_kwDOF0HyJ85ngeru,205,Uploading a dataset from a URL fails due to kwargs handling,ksuderman,bug,closed,False,,,,0,2023-06-01T15:25:52Z,2023-06-01T15:33:04Z,2023-06-01T15:33:04Z,COLLABORATOR,
https://api.github.com/repos/galaxyproject/gxabm/issues/203,https://api.github.com/repos/galaxyproject/gxabm,https://api.github.com/repos/galaxyproject/gxabm/issues/203/labels{/name},https://api.github.com/repos/galaxyproject/gxabm/issues/203/comments,https://api.github.com/repos/galaxyproject/gxabm/issues/203/events,https://github.com/galaxyproject/gxabm/issues/203,1696605425,I_kwDOF0HyJ85lICTx,203,Wait for workflows,ksuderman,bug,closed,False,,,2.8.0,0,2023-05-04T19:50:36Z,2023-06-26T20:05:23Z,2023-06-26T20:05:23Z,COLLABORATOR,"Determine why the `wait_for_invocations` method is not waiting for all the invocations and why this list of returned jobs in the `invocations` list do not all contain valid job ID values.
"
https://api.github.com/repos/galaxyproject/gxabm/issues/202,https://api.github.com/repos/galaxyproject/gxabm,https://api.github.com/repos/galaxyproject/gxabm/issues/202/labels{/name},https://api.github.com/repos/galaxyproject/gxabm/issues/202/comments,https://api.github.com/repos/galaxyproject/gxabm/issues/202/events,https://github.com/galaxyproject/gxabm/issues/202,1692439411,I_kwDOF0HyJ85k4JNz,202,Exception in job list --history,ksuderman,bug,closed,False,,,2.x,0,2023-05-02T13:34:46Z,2023-06-12T23:42:06Z,2023-06-12T23:42:06Z,COLLABORATOR,"When running `job list --history` without supplying a history ID results in a Exception.
```
IndexError: pop from empty list
```
The length of the `args` list should be checked before trying to pop values.

"
https://api.github.com/repos/galaxyproject/gxabm/issues/201,https://api.github.com/repos/galaxyproject/gxabm,https://api.github.com/repos/galaxyproject/gxabm/issues/201/labels{/name},https://api.github.com/repos/galaxyproject/gxabm/issues/201/comments,https://api.github.com/repos/galaxyproject/gxabm/issues/201/events,https://github.com/galaxyproject/gxabm/issues/201,1691647304,I_kwDOF0HyJ85k1H1I,201,Summarize multiple histories,ksuderman,enhancement,closed,False,,,2.7.0,0,2023-05-02T01:32:03Z,2023-06-13T14:39:49Z,2023-06-13T14:39:48Z,COLLABORATOR,
https://api.github.com/repos/galaxyproject/gxabm/issues/198,https://api.github.com/repos/galaxyproject/gxabm,https://api.github.com/repos/galaxyproject/gxabm/issues/198/labels{/name},https://api.github.com/repos/galaxyproject/gxabm/issues/198/comments,https://api.github.com/repos/galaxyproject/gxabm/issues/198/events,https://github.com/galaxyproject/gxabm/issues/198,1690151009,I_kwDOF0HyJ85kvahh,198,Summarize job metrics by invocation,ksuderman,enhancement,closed,False,,,,0,2023-05-01T00:10:42Z,2023-05-01T01:34:40Z,2023-05-01T01:34:40Z,COLLABORATOR,
https://api.github.com/repos/galaxyproject/gxabm/issues/196,https://api.github.com/repos/galaxyproject/gxabm,https://api.github.com/repos/galaxyproject/gxabm/issues/196/labels{/name},https://api.github.com/repos/galaxyproject/gxabm/issues/196/comments,https://api.github.com/repos/galaxyproject/gxabm/issues/196/events,https://github.com/galaxyproject/gxabm/issues/196,1690103435,I_kwDOF0HyJ85kvO6L,196,Memory usage not included by summarize commands,ksuderman,bug,closed,False,,,,0,2023-04-30T22:05:12Z,2023-05-01T00:09:30Z,2023-05-01T00:09:30Z,COLLABORATOR,
https://api.github.com/repos/galaxyproject/gxabm/issues/193,https://api.github.com/repos/galaxyproject/gxabm,https://api.github.com/repos/galaxyproject/gxabm/issues/193/labels{/name},https://api.github.com/repos/galaxyproject/gxabm/issues/193/comments,https://api.github.com/repos/galaxyproject/gxabm/issues/193/events,https://github.com/galaxyproject/gxabm/issues/193,1689181286,I_kwDOF0HyJ85krtxm,193,Add history summarize,ksuderman,enhancement,closed,False,,,2.6.0,1,2023-04-28T22:06:28Z,2023-05-01T01:58:58Z,2023-05-01T01:58:57Z,COLLABORATOR,Add a command (`history summarize`) to collect job stats from all jobs in a history.
https://api.github.com/repos/galaxyproject/gxabm/issues/191,https://api.github.com/repos/galaxyproject/gxabm,https://api.github.com/repos/galaxyproject/gxabm/issues/191/labels{/name},https://api.github.com/repos/galaxyproject/gxabm/issues/191/comments,https://api.github.com/repos/galaxyproject/gxabm/issues/191/events,https://github.com/galaxyproject/gxabm/issues/191,1689162471,I_kwDOF0HyJ85krpLn,191,Menu help for job list --history is incorrect,ksuderman,bug,closed,False,,,,0,2023-04-28T21:42:32Z,2023-04-28T21:45:34Z,2023-04-28T21:45:34Z,COLLABORATOR,The help menu states that the option is `--history_id` while it is actually just `--history`.  
https://api.github.com/repos/galaxyproject/gxabm/issues/188,https://api.github.com/repos/galaxyproject/gxabm,https://api.github.com/repos/galaxyproject/gxabm/issues/188/labels{/name},https://api.github.com/repos/galaxyproject/gxabm/issues/188/comments,https://api.github.com/repos/galaxyproject/gxabm/issues/188/events,https://github.com/galaxyproject/gxabm/issues/188,1689001392,I_kwDOF0HyJ85krB2w,188,Past debugging has broken metrics generation,ksuderman,bug,closed,False,,,,0,2023-04-28T18:57:01Z,2023-04-28T19:30:37Z,2023-04-28T19:30:37Z,COLLABORATOR,While trying to debug metrics generation (`abm ex summarize`) we broke it totally.
https://api.github.com/repos/galaxyproject/gxabm/issues/181,https://api.github.com/repos/galaxyproject/gxabm,https://api.github.com/repos/galaxyproject/gxabm/issues/181/labels{/name},https://api.github.com/repos/galaxyproject/gxabm/issues/181/comments,https://api.github.com/repos/galaxyproject/gxabm/issues/181/events,https://github.com/galaxyproject/gxabm/issues/181,1671956779,I_kwDOF0HyJ85jqAkr,181,Add history copy command,ksuderman,enhancement,closed,False,,,,0,2023-04-17T20:58:39Z,2023-04-24T20:12:14Z,2023-04-24T20:12:13Z,COLLABORATOR,Add a new `abm history copy` command to make a copy of an existing history.
https://api.github.com/repos/galaxyproject/gxabm/issues/180,https://api.github.com/repos/galaxyproject/gxabm,https://api.github.com/repos/galaxyproject/gxabm/issues/180/labels{/name},https://api.github.com/repos/galaxyproject/gxabm/issues/180/comments,https://api.github.com/repos/galaxyproject/gxabm/issues/180/events,https://github.com/galaxyproject/gxabm/issues/180,1670031346,I_kwDOF0HyJ85jiqfy,180,Add commands to create dataset collections,ksuderman,enhancement,closed,False,,,2.7.0,2,2023-04-16T16:11:19Z,2023-06-04T20:49:32Z,2023-06-04T20:49:32Z,COLLABORATOR,"Some workflows expect the inputs to be collections of datasets (i.e. list:paired).  To enable completely autonomous server configuration we need a way to create these collections via ABM (or other API calls).
"
https://api.github.com/repos/galaxyproject/gxabm/issues/178,https://api.github.com/repos/galaxyproject/gxabm,https://api.github.com/repos/galaxyproject/gxabm/issues/178/labels{/name},https://api.github.com/repos/galaxyproject/gxabm/issues/178/comments,https://api.github.com/repos/galaxyproject/gxabm/issues/178/events,https://github.com/galaxyproject/gxabm/issues/178,1619527428,I_kwDOF0HyJ85giAcE,178,Install tools from imported workflow,ksuderman,enhancement,closed,False,,,,0,2023-03-10T19:42:12Z,2023-04-24T20:11:48Z,2023-04-24T20:11:48Z,COLLABORATOR,"When workflows are uploaded via `abm <cloud> workflow upload` planemo is used to install any missing tools.  However, tools are not installed when workflows are imported with `abm <cloud> workflow import`.  This can result in workflows that can not be run without human intervention."
https://api.github.com/repos/galaxyproject/gxabm/issues/176,https://api.github.com/repos/galaxyproject/gxabm,https://api.github.com/repos/galaxyproject/gxabm/issues/176/labels{/name},https://api.github.com/repos/galaxyproject/gxabm/issues/176/comments,https://api.github.com/repos/galaxyproject/gxabm/issues/176/events,https://github.com/galaxyproject/gxabm/issues/176,1568546965,I_kwDOF0HyJ85dfiCV,176,Help for 'abm cl launch' has a typo for -t option,ksuderman,bug,closed,False,,,,0,2023-02-02T18:18:00Z,2023-04-24T20:10:51Z,2023-04-24T20:10:51Z,COLLABORATOR,
https://api.github.com/repos/galaxyproject/gxabm/issues/169,https://api.github.com/repos/galaxyproject/gxabm,https://api.github.com/repos/galaxyproject/gxabm/issues/169/labels{/name},https://api.github.com/repos/galaxyproject/gxabm/issues/169/comments,https://api.github.com/repos/galaxyproject/gxabm/issues/169/events,https://github.com/galaxyproject/gxabm/issues/169,1444556604,I_kwDOF0HyJ85WGi88,169,Run number,ksuderman,enhancement,closed,False,ksuderman,ksuderman,2.9.0,0,2022-11-10T21:00:42Z,2023-12-13T17:45:56Z,2023-12-13T17:45:55Z,COLLABORATOR,"Specify run number as a command line parameter when running experiments.  Experiment run numbers will start with this value.  For example, if  the starting run number is 2 and `runs: 3` is in the experiment YAML then the runs will be numbered 2, 3, and 4."
https://api.github.com/repos/galaxyproject/gxabm/issues/168,https://api.github.com/repos/galaxyproject/gxabm,https://api.github.com/repos/galaxyproject/gxabm/issues/168/labels{/name},https://api.github.com/repos/galaxyproject/gxabm/issues/168/comments,https://api.github.com/repos/galaxyproject/gxabm/issues/168/events,https://github.com/galaxyproject/gxabm/issues/168,1433478292,I_kwDOF0HyJ85VcSSU,168,Filter for stopped instances,ksuderman,enhancement,open,False,,,2.x,0,2022-11-02T16:53:03Z,2023-06-13T14:38:13Z,,COLLABORATOR,"Add an option to allow `cloudlauch list` to filter for stopped instances.  That is with status `HEALTH_CHECK:stopped`.
"
https://api.github.com/repos/galaxyproject/gxabm/issues/167,https://api.github.com/repos/galaxyproject/gxabm,https://api.github.com/repos/galaxyproject/gxabm/issues/167/labels{/name},https://api.github.com/repos/galaxyproject/gxabm/issues/167/comments,https://api.github.com/repos/galaxyproject/gxabm/issues/167/events,https://github.com/galaxyproject/gxabm/issues/167,1430965704,I_kwDOF0HyJ85VSs3I,167,Help for user usage is incorrect,ksuderman,bug,closed,False,ksuderman,ksuderman,2.1.0,1,2022-11-01T06:52:06Z,2022-11-01T06:55:37Z,2022-11-01T06:55:37Z,COLLABORATOR,
https://api.github.com/repos/galaxyproject/gxabm/issues/165,https://api.github.com/repos/galaxyproject/gxabm,https://api.github.com/repos/galaxyproject/gxabm/issues/165/labels{/name},https://api.github.com/repos/galaxyproject/gxabm/issues/165/comments,https://api.github.com/repos/galaxyproject/gxabm/issues/165/events,https://github.com/galaxyproject/gxabm/issues/165,1426319380,I_kwDOF0HyJ85VA-gU,165,Handle tools like upload1 that do not have job metrics,ksuderman,enhancement,closed,False,,,,0,2022-10-27T22:07:10Z,2022-10-27T22:18:40Z,2022-10-27T22:18:40Z,COLLABORATOR,
https://api.github.com/repos/galaxyproject/gxabm/issues/163,https://api.github.com/repos/galaxyproject/gxabm,https://api.github.com/repos/galaxyproject/gxabm/issues/163/labels{/name},https://api.github.com/repos/galaxyproject/gxabm/issues/163/comments,https://api.github.com/repos/galaxyproject/gxabm/issues/163/events,https://github.com/galaxyproject/gxabm/issues/163,1424945585,I_kwDOF0HyJ85U7vGx,163,job metrics only prints the first metric,ksuderman,bug,closed,False,ksuderman,ksuderman,2.1.0,0,2022-10-27T02:48:42Z,2022-10-27T03:02:18Z,2022-10-27T03:02:17Z,COLLABORATOR,
https://api.github.com/repos/galaxyproject/gxabm/issues/161,https://api.github.com/repos/galaxyproject/gxabm,https://api.github.com/repos/galaxyproject/gxabm/issues/161/labels{/name},https://api.github.com/repos/galaxyproject/gxabm/issues/161/comments,https://api.github.com/repos/galaxyproject/gxabm/issues/161/events,https://github.com/galaxyproject/gxabm/issues/161,1417411253,I_kwDOF0HyJ85Ue_q1,161,Helm install Galaxy,ksuderman,"enhancement, on hold",open,False,ksuderman,ksuderman,,1,2022-10-20T22:41:36Z,2023-12-19T23:46:58Z,,COLLABORATOR,Add a `helm install` command for experiment lifecycle management.
https://api.github.com/repos/galaxyproject/gxabm/issues/160,https://api.github.com/repos/galaxyproject/gxabm,https://api.github.com/repos/galaxyproject/gxabm/issues/160/labels{/name},https://api.github.com/repos/galaxyproject/gxabm/issues/160/comments,https://api.github.com/repos/galaxyproject/gxabm/issues/160/events,https://github.com/galaxyproject/gxabm/issues/160,1415623567,I_kwDOF0HyJ85UYLOP,160,Summarize multiple experiments,ksuderman,enhancement,closed,False,,,2.1.0,0,2022-10-19T21:49:40Z,2022-10-20T23:26:05Z,2022-10-20T23:26:04Z,COLLABORATOR,Allow the user to specify N directories (experiments) to be summarized in a single output file.
https://api.github.com/repos/galaxyproject/gxabm/issues/154,https://api.github.com/repos/galaxyproject/gxabm,https://api.github.com/repos/galaxyproject/gxabm/issues/154/labels{/name},https://api.github.com/repos/galaxyproject/gxabm/issues/154/comments,https://api.github.com/repos/galaxyproject/gxabm/issues/154/events,https://github.com/galaxyproject/gxabm/issues/154,1413929206,I_kwDOF0HyJ85URtj2,154,Limit cloudlaunch list output,ksuderman,enhancement,closed,False,,,,0,2022-10-18T22:38:35Z,2022-10-18T22:47:03Z,2022-10-18T22:47:03Z,COLLABORATOR,Add an option (-n|--limit) to limit the output from the `cloudlaunch list` command.
https://api.github.com/repos/galaxyproject/gxabm/issues/151,https://api.github.com/repos/galaxyproject/gxabm,https://api.github.com/repos/galaxyproject/gxabm/issues/151/labels{/name},https://api.github.com/repos/galaxyproject/gxabm/issues/151/comments,https://api.github.com/repos/galaxyproject/gxabm/issues/151/events,https://github.com/galaxyproject/gxabm/issues/151,1412162111,I_kwDOF0HyJ85UK-I_,151,JSON output from dataset show,ksuderman,enhancement,closed,False,ksuderman,ksuderman,2.1.0,0,2022-10-17T20:15:16Z,2022-10-17T20:25:19Z,2022-10-17T20:25:19Z,COLLABORATOR,
https://api.github.com/repos/galaxyproject/gxabm/issues/149,https://api.github.com/repos/galaxyproject/gxabm,https://api.github.com/repos/galaxyproject/gxabm/issues/149/labels{/name},https://api.github.com/repos/galaxyproject/gxabm/issues/149/comments,https://api.github.com/repos/galaxyproject/gxabm/issues/149/events,https://github.com/galaxyproject/gxabm/issues/149,1409592839,I_kwDOF0HyJ85UBK4H,149,cloudlaunch list help,ksuderman,enhancement,open,False,,,2.x,0,2022-10-14T16:32:47Z,2023-06-03T22:29:11Z,,COLLABORATOR,"The `cloudlaunch list` command accepts a number of optional arguments that are not documented in the help message.
"
https://api.github.com/repos/galaxyproject/gxabm/issues/148,https://api.github.com/repos/galaxyproject/gxabm,https://api.github.com/repos/galaxyproject/gxabm/issues/148/labels{/name},https://api.github.com/repos/galaxyproject/gxabm/issues/148/comments,https://api.github.com/repos/galaxyproject/gxabm/issues/148/events,https://github.com/galaxyproject/gxabm/issues/148,1406853965,I_kwDOF0HyJ85T2uNN,148,Deployment target as a CLI option,ksuderman,"enhancement, on hold",open,False,,,,2,2022-10-12T21:57:57Z,2023-06-03T01:19:23Z,,COLLABORATOR,The `abm cloudlaunch launch` command uses a hard coded deployment target.  All this to be specified in a command line parameter.
https://api.github.com/repos/galaxyproject/gxabm/issues/147,https://api.github.com/repos/galaxyproject/gxabm,https://api.github.com/repos/galaxyproject/gxabm/issues/147/labels{/name},https://api.github.com/repos/galaxyproject/gxabm/issues/147/comments,https://api.github.com/repos/galaxyproject/gxabm/issues/147/events,https://github.com/galaxyproject/gxabm/issues/147,1405332818,I_kwDOF0HyJ85Tw61S,147,Add experiment name to history name,ksuderman,enhancement,closed,False,,,2.2.0,0,2022-10-11T23:06:17Z,2022-10-16T15:40:50Z,2022-10-16T15:40:49Z,COLLABORATOR,Add the name of the experiment to the history created to help distinguish related histories.
https://api.github.com/repos/galaxyproject/gxabm/issues/144,https://api.github.com/repos/galaxyproject/gxabm,https://api.github.com/repos/galaxyproject/gxabm/issues/144/labels{/name},https://api.github.com/repos/galaxyproject/gxabm/issues/144/comments,https://api.github.com/repos/galaxyproject/gxabm/issues/144/events,https://github.com/galaxyproject/gxabm/issues/144,1402345307,I_kwDOF0HyJ85Tlhdb,144,Too many data columns in experiment summary,ksuderman,bug,closed,False,,,2.2.0,0,2022-10-09T17:40:11Z,2022-10-11T12:51:49Z,2022-10-11T12:51:49Z,COLLABORATOR,"The `experiment summarize` command includes extraneous empty cells at the end of each row of the generated table (`--csv` and `--tsv`). The header line is correct, and the data is correct."
https://api.github.com/repos/galaxyproject/gxabm/issues/142,https://api.github.com/repos/galaxyproject/gxabm,https://api.github.com/repos/galaxyproject/gxabm/issues/142/labels{/name},https://api.github.com/repos/galaxyproject/gxabm/issues/142/comments,https://api.github.com/repos/galaxyproject/gxabm/issues/142/events,https://github.com/galaxyproject/gxabm/issues/142,1402327432,I_kwDOF0HyJ85TldGI,142,Used 1 based number when generating History names,ksuderman,enhancement,closed,False,,,2.2.0,0,2022-10-09T16:34:03Z,2022-10-09T17:22:13Z,2022-10-09T17:22:13Z,COLLABORATOR,When generating history names during an experiment the run number is added to the name.  The run number ranges from 0..(N-1).  Change this to use a more human friendly 1-based number system
https://api.github.com/repos/galaxyproject/gxabm/issues/141,https://api.github.com/repos/galaxyproject/gxabm,https://api.github.com/repos/galaxyproject/gxabm/issues/141/labels{/name},https://api.github.com/repos/galaxyproject/gxabm/issues/141/comments,https://api.github.com/repos/galaxyproject/gxabm/issues/141/events,https://github.com/galaxyproject/gxabm/issues/141,1402314616,I_kwDOF0HyJ85TlZ94,141,Better errors if helm or kubectl not installed,ksuderman,"bug, enhancement",open,False,,,2.x,0,2022-10-09T15:48:12Z,2023-06-13T14:38:59Z,,COLLABORATOR,The exception message when `helm` and/or `kubectl` is not found is not very useful.  We also need to determine why the processing running `which helm` is raising an exception.
https://api.github.com/repos/galaxyproject/gxabm/issues/140,https://api.github.com/repos/galaxyproject/gxabm,https://api.github.com/repos/galaxyproject/gxabm/issues/140/labels{/name},https://api.github.com/repos/galaxyproject/gxabm/issues/140/comments,https://api.github.com/repos/galaxyproject/gxabm/issues/140/events,https://github.com/galaxyproject/gxabm/issues/140,1402053577,I_kwDOF0HyJ85TkaPJ,140,Add 'dataset rm',ksuderman,enhancement,open,False,,,2.x,0,2022-10-08T20:21:26Z,2023-06-03T22:28:37Z,,COLLABORATOR,"Add an alias for the `abm cloud dataset delete` command.

[Edit] We don't need an alias, we need the `dataset delete` command."
https://api.github.com/repos/galaxyproject/gxabm/issues/139,https://api.github.com/repos/galaxyproject/gxabm,https://api.github.com/repos/galaxyproject/gxabm/issues/139/labels{/name},https://api.github.com/repos/galaxyproject/gxabm/issues/139/comments,https://api.github.com/repos/galaxyproject/gxabm/issues/139/events,https://github.com/galaxyproject/gxabm/issues/139,1402040346,I_kwDOF0HyJ85TkXAa,139,config ls exception,ksuderman,bug,open,False,,,2.x,0,2022-10-08T19:27:51Z,2023-06-03T22:28:13Z,,COLLABORATOR,"The `abm config list` command throws an exception if the `~/.abm/profile.yml` file does not exist.
"
https://api.github.com/repos/galaxyproject/gxabm/issues/133,https://api.github.com/repos/galaxyproject/gxabm,https://api.github.com/repos/galaxyproject/gxabm/issues/133/labels{/name},https://api.github.com/repos/galaxyproject/gxabm/issues/133/comments,https://api.github.com/repos/galaxyproject/gxabm/issues/133/events,https://github.com/galaxyproject/gxabm/issues/133,1401514545,I_kwDOF0HyJ85TiWox,133,Alias for 'abm config create',ksuderman,enhancement,closed,False,,,2.1.0,0,2022-10-07T18:06:56Z,2022-10-07T18:25:53Z,2022-10-07T18:25:52Z,COLLABORATOR,"Add the alias `abm config new`
"
https://api.github.com/repos/galaxyproject/gxabm/issues/132,https://api.github.com/repos/galaxyproject/gxabm,https://api.github.com/repos/galaxyproject/gxabm/issues/132/labels{/name},https://api.github.com/repos/galaxyproject/gxabm/issues/132/comments,https://api.github.com/repos/galaxyproject/gxabm/issues/132/events,https://github.com/galaxyproject/gxabm/issues/132,1396923763,I_kwDOF0HyJ85TQ11z,132,Return JSON from the 'user create' command,ksuderman,enhancement,closed,False,ksuderman,ksuderman,2.1.0,0,2022-10-04T22:40:14Z,2022-10-07T18:17:23Z,2022-10-07T18:17:23Z,COLLABORATOR,Currently `user create` returns a natural language response.  Return JSON so the output is easier to parse in pipelines.
https://api.github.com/repos/galaxyproject/gxabm/issues/129,https://api.github.com/repos/galaxyproject/gxabm,https://api.github.com/repos/galaxyproject/gxabm/issues/129/labels{/name},https://api.github.com/repos/galaxyproject/gxabm/issues/129/comments,https://api.github.com/repos/galaxyproject/gxabm/issues/129/events,https://github.com/galaxyproject/gxabm/issues/129,1393956789,I_kwDOF0HyJ85TFhe1,129,Return JSON from `history create`,ksuderman,enhancement,closed,False,ksuderman,ksuderman,2.1.0,0,2022-10-03T00:40:15Z,2022-10-04T13:34:59Z,2022-10-04T13:34:59Z,COLLABORATOR,The history create command 
https://api.github.com/repos/galaxyproject/gxabm/issues/128,https://api.github.com/repos/galaxyproject/gxabm,https://api.github.com/repos/galaxyproject/gxabm/issues/128/labels{/name},https://api.github.com/repos/galaxyproject/gxabm/issues/128/comments,https://api.github.com/repos/galaxyproject/gxabm/issues/128/events,https://github.com/galaxyproject/gxabm/issues/128,1393493280,I_kwDOF0HyJ85TDwUg,128,Deploy clusters with Cloudlaunch,ksuderman,enhancement,closed,False,,,,0,2022-10-01T17:57:14Z,2022-10-03T23:26:29Z,2022-10-03T23:26:29Z,COLLABORATOR,"Use the cloudlaunch-cli (or similar) to enable AWS and GCP clusters to be launched and destroyed as part of the experiment lifecycle""
"
https://api.github.com/repos/galaxyproject/gxabm/issues/126,https://api.github.com/repos/galaxyproject/gxabm,https://api.github.com/repos/galaxyproject/gxabm/issues/126/labels{/name},https://api.github.com/repos/galaxyproject/gxabm/issues/126/comments,https://api.github.com/repos/galaxyproject/gxabm/issues/126/events,https://github.com/galaxyproject/gxabm/issues/126,1393015755,I_kwDOF0HyJ85TB7vL,126,List histories available for import,ksuderman,enhancement,closed,False,,,2.1.0,0,2022-09-30T20:54:56Z,2022-09-30T21:18:51Z,2022-09-30T21:18:50Z,COLLABORATOR,Add a `config` command to list the histories in the `~/.abm/histories.yml` file.
https://api.github.com/repos/galaxyproject/gxabm/issues/124,https://api.github.com/repos/galaxyproject/gxabm,https://api.github.com/repos/galaxyproject/gxabm/issues/124/labels{/name},https://api.github.com/repos/galaxyproject/gxabm/issues/124/comments,https://api.github.com/repos/galaxyproject/gxabm/issues/124/events,https://github.com/galaxyproject/gxabm/issues/124,1388109834,I_kwDOF0HyJ85SvOAK,124,dataset list - filter by state,ksuderman,enhancement,closed,False,,,2.2.0,1,2022-09-27T17:23:28Z,2022-10-01T00:12:36Z,2022-10-01T00:12:36Z,COLLABORATOR,Add a command line option (something like `-s` or `--state`) to filter the datasets listed.  
https://api.github.com/repos/galaxyproject/gxabm/issues/123,https://api.github.com/repos/galaxyproject/gxabm,https://api.github.com/repos/galaxyproject/gxabm/issues/123/labels{/name},https://api.github.com/repos/galaxyproject/gxabm/issues/123/comments,https://api.github.com/repos/galaxyproject/gxabm/issues/123/events,https://github.com/galaxyproject/gxabm/issues/123,1385143555,I_kwDOF0HyJ85Sj50D,123,Input fields for resource prediction,ksuderman,enhancement,closed,False,ksuderman,ksuderman,2.1.0,0,2022-09-25T19:49:21Z,2022-09-30T20:28:04Z,2022-09-30T20:28:04Z,COLLABORATOR,"To train machine learning models for resource prediction we need files with:

1. id (job id)
1. tool_id
1. tool_version
1. state (job state)
1. memory.max_usage_in_bytes
1. cpuacct.usage
1. processor_count
1. galaxy_slots
1. runtime_seconds
1. input file sizes (different number of files for different tools)

See: https://galaxy.slack.com/archives/C03S4EYP62C/p1663945745377089
"
https://api.github.com/repos/galaxyproject/gxabm/issues/120,https://api.github.com/repos/galaxyproject/gxabm,https://api.github.com/repos/galaxyproject/gxabm/issues/120/labels{/name},https://api.github.com/repos/galaxyproject/gxabm/issues/120/comments,https://api.github.com/repos/galaxyproject/gxabm/issues/120/events,https://github.com/galaxyproject/gxabm/issues/120,1340833156,I_kwDOF0HyJ85P632E,120,Add `helm upgrade`,ksuderman,enhancement,closed,False,,,2.1.0,1,2022-08-16T20:18:22Z,2022-08-16T20:37:59Z,2022-08-16T20:37:59Z,COLLABORATOR,"Add `abm cloud helm upgrade` that mirrors the `helm upgrade` command.

There is an existing `abm cloud helm update` command, but this allows a non-breaking change."
https://api.github.com/repos/galaxyproject/gxabm/issues/118,https://api.github.com/repos/galaxyproject/gxabm,https://api.github.com/repos/galaxyproject/gxabm/issues/118/labels{/name},https://api.github.com/repos/galaxyproject/gxabm/issues/118/comments,https://api.github.com/repos/galaxyproject/gxabm/issues/118/events,https://github.com/galaxyproject/gxabm/issues/118,1326504141,I_kwDOF0HyJ85PENjN,118,Update ABM: workflow timing,ksuderman,enhancement,open,False,,,,0,2022-08-02T23:25:50Z,2022-08-02T23:32:18Z,,COLLABORATOR,"As far as I know, we can only fetch runtime statistics for one job at a time.  The job information includes a UUID for the history (and other identifying information), so we will need to stitch together the total runtime stats for all tools in the workflow.  Keeping in mind that a single tool (e.g. cut, filter) may be executed more than once in a workflow."
https://api.github.com/repos/galaxyproject/gxabm/issues/117,https://api.github.com/repos/galaxyproject/gxabm,https://api.github.com/repos/galaxyproject/gxabm/issues/117/labels{/name},https://api.github.com/repos/galaxyproject/gxabm/issues/117/comments,https://api.github.com/repos/galaxyproject/gxabm/issues/117/events,https://github.com/galaxyproject/gxabm/issues/117,1293748388,I_kwDOF0HyJ85NHQik,117,Upload Dataset Name,ksuderman,enhancement,closed,False,ksuderman,ksuderman,2.2.0,1,2022-07-05T03:47:06Z,2022-10-04T13:34:59Z,2022-10-04T13:34:58Z,COLLABORATOR,"When uploading a dataset from a URL the `file_name` should be set to the file part of the URL.

"
https://api.github.com/repos/galaxyproject/gxabm/issues/115,https://api.github.com/repos/galaxyproject/gxabm,https://api.github.com/repos/galaxyproject/gxabm/issues/115/labels{/name},https://api.github.com/repos/galaxyproject/gxabm/issues/115/comments,https://api.github.com/repos/galaxyproject/gxabm/issues/115/events,https://github.com/galaxyproject/gxabm/issues/115,1293425165,I_kwDOF0HyJ85NGBoN,115,Run experiments with no rules,ksuderman,enhancement,closed,False,,,2.1.0,0,2022-07-04T17:19:59Z,2022-08-16T19:31:59Z,2022-08-16T19:31:58Z,COLLABORATOR,"Currently experiments assume that `abm` will reconfigure the `container_mapper_rules` via `kubectl`, which is not always the case.  Allow experiments to be run that do not specify any job rule files and that will not attempt to reconfigure the node (instance)."
https://api.github.com/repos/galaxyproject/gxabm/issues/113,https://api.github.com/repos/galaxyproject/gxabm,https://api.github.com/repos/galaxyproject/gxabm/issues/113/labels{/name},https://api.github.com/repos/galaxyproject/gxabm/issues/113/comments,https://api.github.com/repos/galaxyproject/gxabm/issues/113/events,https://github.com/galaxyproject/gxabm/issues/113,1290643194,I_kwDOF0HyJ85M7ab6,113,validate benchmark with no inputs,ksuderman,bug,closed,False,,,2.1.0,0,2022-06-30T21:08:13Z,2022-07-04T20:23:45Z,2022-07-04T20:23:45Z,COLLABORATOR,Validating a benchmark with no input datasets fails as `abm` assumes all workflows take at least one input resulting in a NPE when it attempts to iterate over a NoneType.
https://api.github.com/repos/galaxyproject/gxabm/issues/111,https://api.github.com/repos/galaxyproject/gxabm,https://api.github.com/repos/galaxyproject/gxabm/issues/111/labels{/name},https://api.github.com/repos/galaxyproject/gxabm/issues/111/comments,https://api.github.com/repos/galaxyproject/gxabm/issues/111/events,https://github.com/galaxyproject/gxabm/issues/111,1194657366,I_kwDOF0HyJ85HNQZW,111,Command usage,ksuderman,"bug, enhancement",closed,False,ksuderman,ksuderman,2.1.0,0,2022-04-06T13:57:21Z,2022-05-12T13:57:03Z,2022-05-12T13:57:03Z,COLLABORATOR,The usage command displays the full path to the executable `sys.argv[0]` on the current machine.  This should be changed to just display `abm`.
https://api.github.com/repos/galaxyproject/gxabm/issues/110,https://api.github.com/repos/galaxyproject/gxabm,https://api.github.com/repos/galaxyproject/gxabm/issues/110/labels{/name},https://api.github.com/repos/galaxyproject/gxabm/issues/110/comments,https://api.github.com/repos/galaxyproject/gxabm/issues/110/events,https://github.com/galaxyproject/gxabm/issues/110,1190366462,I_kwDOF0HyJ85G84z-,110,Workflow upload from S3 bucket,ksuderman,enhancement,closed,False,,,2.2.0,0,2022-04-01T23:12:08Z,2022-10-04T22:34:27Z,2022-10-04T22:34:27Z,COLLABORATOR,"Allow workflows to be uploaded from a S3 bucket similar to the way `history import dna` works. Workflow URLs should be defined in a `~/.abm/workflows.yml` file.

"
https://api.github.com/repos/galaxyproject/gxabm/issues/109,https://api.github.com/repos/galaxyproject/gxabm,https://api.github.com/repos/galaxyproject/gxabm/issues/109/labels{/name},https://api.github.com/repos/galaxyproject/gxabm/issues/109/comments,https://api.github.com/repos/galaxyproject/gxabm/issues/109/events,https://github.com/galaxyproject/gxabm/issues/109,1190304515,I_kwDOF0HyJ85G8psD,109,Include experiment timing,ksuderman,enhancement,closed,False,,,2.1.0,1,2022-04-01T21:52:42Z,2022-06-30T21:11:39Z,2022-06-30T21:11:38Z,COLLABORATOR,When running an experiment the total run time (wall clock) should be printed/saved when the experiment completes.
https://api.github.com/repos/galaxyproject/gxabm/issues/108,https://api.github.com/repos/galaxyproject/gxabm,https://api.github.com/repos/galaxyproject/gxabm/issues/108/labels{/name},https://api.github.com/repos/galaxyproject/gxabm/issues/108/comments,https://api.github.com/repos/galaxyproject/gxabm/issues/108/events,https://github.com/galaxyproject/gxabm/issues/108,1181062362,I_kwDOF0HyJ85GZZTa,108,Add `apply` command to the `kube` handler,ksuderman,enhancement,open,False,,,,0,2022-03-25T17:37:37Z,2023-06-03T01:18:14Z,,COLLABORATOR,"At times, eg adding an instance to Rancher, it is convenient to be able to *apply* a Kubernetes manifest to a running cluster.  Adding the functionality to `abm` leverages its ability to manage the *kubeconfig* files."
https://api.github.com/repos/galaxyproject/gxabm/issues/104,https://api.github.com/repos/galaxyproject/gxabm,https://api.github.com/repos/galaxyproject/gxabm/issues/104/labels{/name},https://api.github.com/repos/galaxyproject/gxabm/issues/104/comments,https://api.github.com/repos/galaxyproject/gxabm/issues/104/events,https://github.com/galaxyproject/gxabm/issues/104,1176912272,I_kwDOF0HyJ85GJkGQ,104,KeyError when parsing local histories.yml file,ksuderman,bug,closed,False,,,2.0.1,0,2022-03-22T14:55:42Z,2022-03-22T15:56:08Z,2022-03-22T15:56:08Z,COLLABORATOR,
https://api.github.com/repos/galaxyproject/gxabm/issues/103,https://api.github.com/repos/galaxyproject/gxabm,https://api.github.com/repos/galaxyproject/gxabm/issues/103/labels{/name},https://api.github.com/repos/galaxyproject/gxabm/issues/103/comments,https://api.github.com/repos/galaxyproject/gxabm/issues/103/events,https://github.com/galaxyproject/gxabm/issues/103,1171729667,I_kwDOF0HyJ85F1y0D,103,KeyError - `benchmark.wait_for_jobs` assumes fields that may not be present,ksuderman,bug,closed,False,,,2.0.1,0,2022-03-17T00:31:33Z,2022-03-22T15:56:08Z,2022-03-22T15:56:08Z,COLLABORATOR,"Some fields in the `invocations` dictionary are only present when the benchmark is run as part of an experiment. These fields should be set to reasonable defaults if they are not present.

A proper solution would refactor the `wait_for_jobs` into `wait_for_jobs` and `write_metrics_data` methods as right now `wait_for_jobs` is doing both."
https://api.github.com/repos/galaxyproject/gxabm/issues/102,https://api.github.com/repos/galaxyproject/gxabm,https://api.github.com/repos/galaxyproject/gxabm/issues/102/labels{/name},https://api.github.com/repos/galaxyproject/gxabm/issues/102/comments,https://api.github.com/repos/galaxyproject/gxabm/issues/102/events,https://github.com/galaxyproject/gxabm/issues/102,1170258449,I_kwDOF0HyJ85FwLoR,102,Delete multiple configs at once,ksuderman,"enhancement, good first issue",closed,False,,,2.2.0,0,2022-03-15T20:54:42Z,2022-09-25T18:41:32Z,2022-09-25T18:41:32Z,COLLABORATOR,"the `abm config rm` command only allows one configuration to be deleted at a time.  Add support for:
```
abm config rm cloud1 cloud2 ... cloudN
```"
https://api.github.com/repos/galaxyproject/gxabm/issues/101,https://api.github.com/repos/galaxyproject/gxabm,https://api.github.com/repos/galaxyproject/gxabm/issues/101/labels{/name},https://api.github.com/repos/galaxyproject/gxabm/issues/101/comments,https://api.github.com/repos/galaxyproject/gxabm/issues/101/events,https://github.com/galaxyproject/gxabm/issues/101,1170031050,I_kwDOF0HyJ85FvUHK,101,Give relative path to rules YAML files.,ksuderman,enhancement,open,False,,,3.0.0,0,2022-03-15T18:24:47Z,2022-03-15T18:24:47Z,,COLLABORATOR,Currently the `abm` program expects to file the rules configuration files in a directory named `rules` in the current directory.  The algorithm for locating these files should be enhanced so that it is easier to share these file between experiments.
https://api.github.com/repos/galaxyproject/gxabm/issues/100,https://api.github.com/repos/galaxyproject/gxabm,https://api.github.com/repos/galaxyproject/gxabm/issues/100/labels{/name},https://api.github.com/repos/galaxyproject/gxabm/issues/100/comments,https://api.github.com/repos/galaxyproject/gxabm/issues/100/events,https://github.com/galaxyproject/gxabm/issues/100,1169011675,I_kwDOF0HyJ85FrbPb,100,The `kube url` command returns the wrong URL,ksuderman,"bug, on hold",open,False,,,,1,2022-03-14T23:19:26Z,2023-03-10T19:49:20Z,,COLLABORATOR,"Currently `abm cloud kube url` only works for AnVIL installations and returns an incorrect URL the rest of the time. A more robust way of determining the URL of the Galaxy server is needed.
"
https://api.github.com/repos/galaxyproject/gxabm/issues/95,https://api.github.com/repos/galaxyproject/gxabm,https://api.github.com/repos/galaxyproject/gxabm/issues/95/labels{/name},https://api.github.com/repos/galaxyproject/gxabm/issues/95/comments,https://api.github.com/repos/galaxyproject/gxabm/issues/95/events,https://github.com/galaxyproject/gxabm/issues/95,1144072398,I_kwDOF0HyJ85EMSjO,95,Histories File,ksuderman,enhancement,closed,False,,,2.1.0,0,2022-02-19T01:05:07Z,2022-03-05T20:12:14Z,2022-03-05T20:12:14Z,COLLABORATOR,Support loading a history URLs from a `~/.abm/histories.yml` file.
https://api.github.com/repos/galaxyproject/gxabm/issues/89,https://api.github.com/repos/galaxyproject/gxabm,https://api.github.com/repos/galaxyproject/gxabm/issues/89/labels{/name},https://api.github.com/repos/galaxyproject/gxabm/issues/89/comments,https://api.github.com/repos/galaxyproject/gxabm/issues/89/events,https://github.com/galaxyproject/gxabm/issues/89,1131067446,I_kwDOF0HyJ85Darg2,89,helm upgrade parameters,ksuderman,enhancement,closed,False,,,2.1.0,0,2022-02-10T21:55:45Z,2022-02-14T17:02:05Z,2022-02-14T17:02:05Z,COLLABORATOR,"The parameters for `helm upgrade` should follow the same format as the command line version.  

```
abm cloud helm upgrade -f values.yml -n namespace CHART
```"
https://api.github.com/repos/galaxyproject/gxabm/issues/88,https://api.github.com/repos/galaxyproject/gxabm,https://api.github.com/repos/galaxyproject/gxabm/issues/88/labels{/name},https://api.github.com/repos/galaxyproject/gxabm/issues/88/comments,https://api.github.com/repos/galaxyproject/gxabm/issues/88/events,https://github.com/galaxyproject/gxabm/issues/88,1125097697,I_kwDOF0HyJ85DD6Dh,88,Standalone commands,ksuderman,enhancement,closed,False,,,2.2.0,0,2022-02-06T04:00:44Z,2022-09-25T14:47:03Z,2022-09-25T14:47:02Z,COLLABORATOR,"Some commands do not require a *cloud* parameter which makes the command line parsing slightly different.  Current the list of these commands is hard coded at the top of the `__main__.py` file in the **abm** package.  These commands should be specified in the `abm/lib/menu.yml` file.  Something like:

```yams
- name: [config]
  help: config commands do not require a <cloud> as the second parameter
  stand_alone: true
  menu:
  
```
The `stand_alone`  parameter should default to *false* if not specified in the YAML configuration."
https://api.github.com/repos/galaxyproject/gxabm/issues/85,https://api.github.com/repos/galaxyproject/gxabm,https://api.github.com/repos/galaxyproject/gxabm/issues/85/labels{/name},https://api.github.com/repos/galaxyproject/gxabm/issues/85/comments,https://api.github.com/repos/galaxyproject/gxabm/issues/85/events,https://github.com/galaxyproject/gxabm/issues/85,1123776166,I_kwDOF0HyJ85C-3am,85,Master API key,ksuderman,enhancement,open,False,,,2.x,0,2022-02-04T03:39:53Z,2023-06-03T22:26:58Z,,COLLABORATOR,The Galaxy master API key should be specified on the command line and/or a configuration file.
https://api.github.com/repos/galaxyproject/gxabm/issues/82,https://api.github.com/repos/galaxyproject/gxabm,https://api.github.com/repos/galaxyproject/gxabm/issues/82/labels{/name},https://api.github.com/repos/galaxyproject/gxabm/issues/82/comments,https://api.github.com/repos/galaxyproject/gxabm/issues/82/events,https://github.com/galaxyproject/gxabm/issues/82,1115227061,I_kwDOF0HyJ85CeQO1,82,Update configuration (profile.yml) via abm commands.,ksuderman,enhancement,closed,False,ksuderman,ksuderman,v2.0.0,0,2022-01-26T16:37:17Z,2022-03-14T23:13:33Z,2022-03-14T23:13:33Z,COLLABORATOR,"Enable setting fields in the `~/.abm/profile.yml` file to be set with `abm` commands.

```
abm config add <cloud> <KUBECONFIG>
abm config set url <URL>
abm config set key <KEY>
```"
https://api.github.com/repos/galaxyproject/gxabm/issues/81,https://api.github.com/repos/galaxyproject/gxabm,https://api.github.com/repos/galaxyproject/gxabm/issues/81/labels{/name},https://api.github.com/repos/galaxyproject/gxabm/issues/81/comments,https://api.github.com/repos/galaxyproject/gxabm/issues/81/events,https://github.com/galaxyproject/gxabm/issues/81,1115202720,I_kwDOF0HyJ85CeKSg,81,Write experiment outputs to separate directories,ksuderman,"enhancement, good first issue",closed,False,ksuderman,ksuderman,v2.0.0,0,2022-01-26T16:14:52Z,2022-03-14T23:14:12Z,2022-03-14T23:14:12Z,COLLABORATOR,"Output files from running an experiment should be written to a directory specific to that experiment.  The directory name should be derived from the name of the experiment, or possibly from a parameter in the experiment configuration file."
https://api.github.com/repos/galaxyproject/gxabm/issues/80,https://api.github.com/repos/galaxyproject/gxabm,https://api.github.com/repos/galaxyproject/gxabm/issues/80/labels{/name},https://api.github.com/repos/galaxyproject/gxabm/issues/80/comments,https://api.github.com/repos/galaxyproject/gxabm/issues/80/events,https://github.com/galaxyproject/gxabm/issues/80,1115183596,I_kwDOF0HyJ85CeFns,80,Allow TSV files as output from `experiment summary`,ksuderman,"enhancement, good first issue",closed,False,,,v2.0.0,0,2022-01-26T15:57:28Z,2022-01-26T19:19:27Z,2022-01-26T19:19:27Z,COLLABORATOR,"Add an option to generate either .tsv or .csv generation from the `experiment summarize` command:

```bash
abm experiment summarize [-t|--tsv]
abm experiment summarize [-c|--csv]
```

If not specified the output should be CSV (current behaviour)."
https://api.github.com/repos/galaxyproject/gxabm/issues/60,https://api.github.com/repos/galaxyproject/gxabm,https://api.github.com/repos/galaxyproject/gxabm/issues/60/labels{/name},https://api.github.com/repos/galaxyproject/gxabm/issues/60/comments,https://api.github.com/repos/galaxyproject/gxabm/issues/60/events,https://github.com/galaxyproject/gxabm/issues/60,1076003363,I_kwDOF0HyJ85AIoIj,60,Bootstrap: Adjust command line parsing,bcarr15,,open,False,,,,0,2021-12-09T20:51:30Z,2021-12-09T20:51:30Z,,COLLABORATOR,
https://api.github.com/repos/galaxyproject/gxabm/issues/56,https://api.github.com/repos/galaxyproject/gxabm,https://api.github.com/repos/galaxyproject/gxabm/issues/56/labels{/name},https://api.github.com/repos/galaxyproject/gxabm/issues/56/comments,https://api.github.com/repos/galaxyproject/gxabm/issues/56/events,https://github.com/galaxyproject/gxabm/issues/56,1075937385,I_kwDOF0HyJ85AIYBp,56,Wait for history.import ,ksuderman,enhancement,closed,False,bcarr15,bcarr15,,1,2021-12-09T19:43:35Z,2022-01-04T23:41:44Z,2022-01-04T23:41:43Z,COLLABORATOR,"The `history.import` method does not block so we will have to manually wait for the job to complete.

Depends on #54 "
https://api.github.com/repos/galaxyproject/gxabm/issues/54,https://api.github.com/repos/galaxyproject/gxabm,https://api.github.com/repos/galaxyproject/gxabm/issues/54/labels{/name},https://api.github.com/repos/galaxyproject/gxabm/issues/54/comments,https://api.github.com/repos/galaxyproject/gxabm/issues/54/events,https://github.com/galaxyproject/gxabm/issues/54,1075904128,I_kwDOF0HyJ85AIP6A,54,history.import return job id,ksuderman,enhancement,closed,False,ksuderman,ksuderman,,0,2021-12-09T19:07:21Z,2022-01-04T23:52:10Z,2022-01-04T23:52:10Z,COLLABORATOR,The `history.import()` method should return the job ID as calling code will need to wait on this job.
https://api.github.com/repos/galaxyproject/gxabm/issues/53,https://api.github.com/repos/galaxyproject/gxabm,https://api.github.com/repos/galaxyproject/gxabm/issues/53/labels{/name},https://api.github.com/repos/galaxyproject/gxabm/issues/53/comments,https://api.github.com/repos/galaxyproject/gxabm/issues/53/events,https://github.com/galaxyproject/gxabm/issues/53,1075897957,I_kwDOF0HyJ85AIOZl,53,Bootstrap: History and workflow ID values,ksuderman,,closed,False,bcarr15,bcarr15,,0,2021-12-09T18:59:20Z,2021-12-09T19:40:02Z,2021-12-09T19:40:02Z,COLLABORATOR,Load history and workflow ID values from a yaml configuration file.
https://api.github.com/repos/galaxyproject/gxabm/issues/42,https://api.github.com/repos/galaxyproject/gxabm,https://api.github.com/repos/galaxyproject/gxabm/issues/42/labels{/name},https://api.github.com/repos/galaxyproject/gxabm/issues/42/comments,https://api.github.com/repos/galaxyproject/gxabm/issues/42/events,https://github.com/galaxyproject/gxabm/issues/42,1029255238,I_kwDOF0HyJ849WTBG,42,History /show should return JSON,ksuderman,enhancement,closed,False,,,v2.0.0,0,2021-10-18T15:11:57Z,2022-01-04T23:59:40Z,2022-01-04T23:59:40Z,COLLABORATOR,"The /show method prints the object return with the `pprint` method.  Either output JSON, or support an output flag to enable JSON output."
https://api.github.com/repos/galaxyproject/gxabm/issues/41,https://api.github.com/repos/galaxyproject/gxabm,https://api.github.com/repos/galaxyproject/gxabm/issues/41/labels{/name},https://api.github.com/repos/galaxyproject/gxabm/issues/41/comments,https://api.github.com/repos/galaxyproject/gxabm/issues/41/events,https://github.com/galaxyproject/gxabm/issues/41,1028464390,I_kwDOF0HyJ849TR8G,41,Rename workflows,ksuderman,enhancement,closed,False,,,,2,2021-10-17T23:13:54Z,2022-09-30T22:23:17Z,2022-09-30T22:23:17Z,COLLABORATOR,"Allow workflows to be renamed. Also rename workflows that are uploaded so they match the original name, that is, remove the '(uploaded workflow...)' text added by Galaxy to the workflow name"
https://api.github.com/repos/galaxyproject/gxabm/issues/40,https://api.github.com/repos/galaxyproject/gxabm,https://api.github.com/repos/galaxyproject/gxabm/issues/40/labels{/name},https://api.github.com/repos/galaxyproject/gxabm/issues/40/comments,https://api.github.com/repos/galaxyproject/gxabm/issues/40/events,https://github.com/galaxyproject/gxabm/issues/40,1028464132,I_kwDOF0HyJ849TR4E,40,Rename histories,ksuderman,enhancement,closed,False,,,,1,2021-10-17T23:12:45Z,2022-10-01T15:25:15Z,2022-10-01T15:25:15Z,COLLABORATOR,"Allow histories to be renamed. Also rename histories that are uploaded so they match the original name, that is, remove the '(uploaded history...)' text added by Galaxy to the history name"
https://api.github.com/repos/galaxyproject/gxabm/issues/39,https://api.github.com/repos/galaxyproject/gxabm,https://api.github.com/repos/galaxyproject/gxabm/issues/39/labels{/name},https://api.github.com/repos/galaxyproject/gxabm/issues/39/comments,https://api.github.com/repos/galaxyproject/gxabm/issues/39/events,https://github.com/galaxyproject/gxabm/issues/39,1028450511,I_kwDOF0HyJ849TOjP,39,Make exported history public,ksuderman,invalid,closed,False,,,,1,2021-10-17T22:09:20Z,2022-01-05T00:53:27Z,2022-01-05T00:53:27Z,COLLABORATOR,"After exporting a history with `abm cloud history export <history_id>` the user must login to the Galaxy instance to make the exported history accessible.
"
https://api.github.com/repos/galaxyproject/gxabm/issues/38,https://api.github.com/repos/galaxyproject/gxabm,https://api.github.com/repos/galaxyproject/gxabm/issues/38/labels{/name},https://api.github.com/repos/galaxyproject/gxabm/issues/38/comments,https://api.github.com/repos/galaxyproject/gxabm/issues/38/events,https://github.com/galaxyproject/gxabm/issues/38,1028449726,I_kwDOF0HyJ849TOW-,38,Unable to access GVL instance,ksuderman,bug,closed,False,,,,1,2021-10-17T22:05:47Z,2021-10-18T14:05:52Z,2021-10-18T14:05:52Z,COLLABORATOR,"When attempting to access a GVL instance (ie. launched with Cloudlaunch) any attempt to access the API via BioBlend is redirected to the keycloak login page.
"
https://api.github.com/repos/galaxyproject/gxabm/issues/35,https://api.github.com/repos/galaxyproject/gxabm,https://api.github.com/repos/galaxyproject/gxabm/issues/35/labels{/name},https://api.github.com/repos/galaxyproject/gxabm/issues/35/comments,https://api.github.com/repos/galaxyproject/gxabm/issues/35/events,https://github.com/galaxyproject/gxabm/issues/35,1006850929,I_kwDOF0HyJ848A1Nx,35,Save location where job was run,ksuderman,enhancement,closed,False,,,v2.0.0,1,2021-09-24T21:54:26Z,2022-01-26T18:00:34Z,2022-01-26T18:00:34Z,COLLABORATOR,Data saved for an invocation (benchmarking run) needs to indicate which Galaxy instance the invocation is from.  The easiest solution is likely to create a directory for each Galaxy instance in the `invocations` directory.
https://api.github.com/repos/galaxyproject/gxabm/issues/26,https://api.github.com/repos/galaxyproject/gxabm,https://api.github.com/repos/galaxyproject/gxabm/issues/26/labels{/name},https://api.github.com/repos/galaxyproject/gxabm/issues/26/comments,https://api.github.com/repos/galaxyproject/gxabm/issues/26/events,https://github.com/galaxyproject/gxabm/issues/26,961211961,MDU6SXNzdWU5NjEyMTE5NjE=,26,Reference workflows and datasets by name,ksuderman,enhancement,closed,False,,,,1,2021-08-04T23:31:34Z,2021-09-24T20:52:48Z,2021-09-24T20:52:48Z,COLLABORATOR,"Currently workflows and datasets are referenced by their API ID which is not (may not) be stable across Galaxy instances.  Add ability to reference these by name.  It is safe to assume, for now, that workflow and dataset names are unique."
https://api.github.com/repos/galaxyproject/gxabm/issues/23,https://api.github.com/repos/galaxyproject/gxabm,https://api.github.com/repos/galaxyproject/gxabm/issues/23/labels{/name},https://api.github.com/repos/galaxyproject/gxabm/issues/23/comments,https://api.github.com/repos/galaxyproject/gxabm/issues/23/events,https://github.com/galaxyproject/gxabm/issues/23,959452536,MDU6SXNzdWU5NTk0NTI1MzY=,23,Don't assume hda inputs,ksuderman,enhancement,open,False,,,,0,2021-08-03T20:00:56Z,2021-08-03T20:00:56Z,,COLLABORATOR,"The `workflow.py` script assumes that all datasets can be found in histories as history dataset associations (hda).  However the `invoke_workflow` method also supports:
- **ld** Library Dataset
- **ldda** LibraryDataset Dataset Association
- **hdca** History Dataset Collection Association"
https://api.github.com/repos/galaxyproject/gxabm/issues/22,https://api.github.com/repos/galaxyproject/gxabm,https://api.github.com/repos/galaxyproject/gxabm/issues/22/labels{/name},https://api.github.com/repos/galaxyproject/gxabm/issues/22/comments,https://api.github.com/repos/galaxyproject/gxabm/issues/22/events,https://github.com/galaxyproject/gxabm/issues/22,958589705,MDU6SXNzdWU5NTg1ODk3MDU=,22,Update YAML input format,ksuderman,enhancement,closed,False,ksuderman,ksuderman,,0,2021-08-02T23:44:13Z,2021-10-12T02:20:12Z,2021-10-12T02:20:12Z,COLLABORATOR,
https://api.github.com/repos/galaxyproject/gxabm/issues/21,https://api.github.com/repos/galaxyproject/gxabm,https://api.github.com/repos/galaxyproject/gxabm/issues/21/labels{/name},https://api.github.com/repos/galaxyproject/gxabm/issues/21/comments,https://api.github.com/repos/galaxyproject/gxabm/issues/21/events,https://github.com/galaxyproject/gxabm/issues/21,958471021,MDU6SXNzdWU5NTg0NzEwMjE=,21,Upload data,ksuderman,enhancement,closed,False,bcarr15,bcarr15,,0,2021-08-02T20:10:42Z,2021-10-12T02:19:47Z,2021-10-12T02:19:47Z,COLLABORATOR,"Add support for `upload`, `download`, and `list` commands for datasets.  [Skeleton functions](https://github.com/ksuderman/bioblend-scripts/blob/51a9c173c66fb27b7787645d5bba8987e391e79f/uploader.py#L179) with empty implementations already exist for all methods.  The similarly named [workflow related functions](https://github.com/ksuderman/bioblend-scripts/blob/51a9c173c66fb27b7787645d5bba8987e391e79f/uploader.py#L133) can be used for reference.

See the [BioBlend API documentation](https://bioblend.readthedocs.io/en/latest/api_docs/galaxy/all.html#module-bioblend.galaxy.datasets) for technical details.

"
https://api.github.com/repos/galaxyproject/gxabm/issues/13,https://api.github.com/repos/galaxyproject/gxabm,https://api.github.com/repos/galaxyproject/gxabm/issues/13/labels{/name},https://api.github.com/repos/galaxyproject/gxabm/issues/13/comments,https://api.github.com/repos/galaxyproject/gxabm/issues/13/events,https://github.com/galaxyproject/gxabm/issues/13,956304292,MDU6SXNzdWU5NTYzMDQyOTI=,13,Add version command,ksuderman,enhancement,closed,False,,,,0,2021-07-30T00:40:54Z,2021-07-30T05:52:27Z,2021-07-30T05:52:27Z,COLLABORATOR,"Start versioning the script and expose the version via the CLI.

`./workflow.py [-v|--version|version]`

"
https://api.github.com/repos/galaxyproject/gxabm/issues/9,https://api.github.com/repos/galaxyproject/gxabm,https://api.github.com/repos/galaxyproject/gxabm/issues/9/labels{/name},https://api.github.com/repos/galaxyproject/gxabm/issues/9/comments,https://api.github.com/repos/galaxyproject/gxabm/issues/9/events,https://github.com/galaxyproject/gxabm/issues/9,956229593,MDU6SXNzdWU5NTYyMjk1OTM=,9,Upload workflows,ksuderman,enhancement,closed,False,ksuderman,ksuderman,,1,2021-07-29T21:45:43Z,2021-09-24T20:54:24Z,2021-09-24T20:54:23Z,COLLABORATOR,Add an upload command (e.g. `./workflow.py upload /path/to/workflow.ga`) to upload a workflow file to be used in the benchmark tests.  I am not sure if the workflow IDs will be stable across Galaxy instances as they do not seem to be stable across Galaxy restarts...
https://api.github.com/repos/galaxyproject/gxabm/issues/7,https://api.github.com/repos/galaxyproject/gxabm,https://api.github.com/repos/galaxyproject/gxabm/issues/7/labels{/name},https://api.github.com/repos/galaxyproject/gxabm/issues/7/comments,https://api.github.com/repos/galaxyproject/gxabm/issues/7/events,https://github.com/galaxyproject/gxabm/issues/7,955315635,MDU6SXNzdWU5NTUzMTU2MzU=,7,Get invocation status,ksuderman,enhancement,closed,False,ksuderman,ksuderman,,0,2021-07-28T23:49:47Z,2021-07-30T03:08:57Z,2021-07-30T03:08:57Z,COLLABORATOR,"See what run information (time, cpu) is available from the invocation status.  See #2 "
https://api.github.com/repos/galaxyproject/gxabm/issues/4,https://api.github.com/repos/galaxyproject/gxabm,https://api.github.com/repos/galaxyproject/gxabm/issues/4/labels{/name},https://api.github.com/repos/galaxyproject/gxabm/issues/4/comments,https://api.github.com/repos/galaxyproject/gxabm/issues/4/events,https://github.com/galaxyproject/gxabm/issues/4,955286131,MDU6SXNzdWU5NTUyODYxMzE=,4,Update Readme,ksuderman,documentation,closed,False,ksuderman,ksuderman,,0,2021-07-28T22:39:17Z,2021-07-30T03:09:57Z,2021-07-30T03:09:57Z,COLLABORATOR,"Document how to:

- [x] list all workflows
- [x] list all histories
- [x] run a workflow
- [x] configure runtime parameters for a workflow"
https://api.github.com/repos/galaxyproject/gxabm/issues/3,https://api.github.com/repos/galaxyproject/gxabm,https://api.github.com/repos/galaxyproject/gxabm/issues/3/labels{/name},https://api.github.com/repos/galaxyproject/gxabm/issues/3/comments,https://api.github.com/repos/galaxyproject/gxabm/issues/3/events,https://github.com/galaxyproject/gxabm/issues/3,955285194,MDU6SXNzdWU5NTUyODUxOTQ=,3,Add script to scrape workflow results,ksuderman,on hold,closed,False,,,,4,2021-07-28T22:36:58Z,2023-12-19T23:44:45Z,2023-12-19T23:44:45Z,COLLABORATOR,"Develop a way to scrape the results of running a workflow from the Galaxy instance.  This could either be another standalone script, or another command in the existing `workflow.py` script."
https://api.github.com/repos/galaxyproject/gxabm/issues/2,https://api.github.com/repos/galaxyproject/gxabm,https://api.github.com/repos/galaxyproject/gxabm/issues/2/labels{/name},https://api.github.com/repos/galaxyproject/gxabm/issues/2/comments,https://api.github.com/repos/galaxyproject/gxabm/issues/2/events,https://github.com/galaxyproject/gxabm/issues/2,955284330,MDU6SXNzdWU5NTUyODQzMzA=,2,Save workflow invocation,ksuderman,enhancement,closed,False,ksuderman,ksuderman,,0,2021-07-28T22:34:55Z,2021-07-29T22:01:12Z,2021-07-29T22:01:12Z,COLLABORATOR,Save the JSON data returned from `gi.workflows.invoke_workflow()` so later the status of the workflow invocation can be determined.
https://api.github.com/repos/galaxyproject/gxabm/issues/1,https://api.github.com/repos/galaxyproject/gxabm,https://api.github.com/repos/galaxyproject/gxabm/issues/1/labels{/name},https://api.github.com/repos/galaxyproject/gxabm/issues/1/comments,https://api.github.com/repos/galaxyproject/gxabm/issues/1/events,https://github.com/galaxyproject/gxabm/issues/1,955283306,MDU6SXNzdWU5NTUyODMzMDY=,1,Load parameters from YAML,ksuderman,,closed,False,ksuderman,ksuderman,,0,2021-07-28T22:32:30Z,2021-07-29T22:00:35Z,2021-07-29T22:00:35Z,COLLABORATOR,Load the runtime configuration from YAML config files.
