URL,Repository URL,Labels URL,Comments URL,Events URL,HTML URL,ID,Node ID,Number,Title,User,Labels,State,Locked,Assignee,Assignees,Milestone,Comments,Created At,Updated At,Closed At,Author Association,Body
https://api.github.com/repos/galaxyproject/ansible-mailman3/issues/2,https://api.github.com/repos/galaxyproject/ansible-mailman3,https://api.github.com/repos/galaxyproject/ansible-mailman3/issues/2/labels{/name},https://api.github.com/repos/galaxyproject/ansible-mailman3/issues/2/comments,https://api.github.com/repos/galaxyproject/ansible-mailman3/issues/2/events,https://github.com/galaxyproject/ansible-mailman3/issues/2,777618681,MDU6SXNzdWU3Nzc2MTg2ODE=,2,Webservice shouldn't run as root,jsievertde,,open,False,,,,0,2021-01-03T11:22:30Z,2021-01-03T11:22:30Z,,NONE,"In our deployment of Mailman3 we aren't running the webservice as root because it doesn't need to run as that.

I would say that for debian the webservice should run as www-data and for redhat as apache or nginx.

If there is a reason why you decided to run the webservice as root let me know."
