URL,Repository URL,Labels URL,Comments URL,Events URL,HTML URL,ID,Node ID,Number,Title,User,Labels,State,Locked,Assignee,Assignees,Milestone,Comments,Created At,Updated At,Closed At,Author Association,Body
https://api.github.com/repos/celery/sphinx_celery/issues/59,https://api.github.com/repos/celery/sphinx_celery,https://api.github.com/repos/celery/sphinx_celery/issues/59/labels{/name},https://api.github.com/repos/celery/sphinx_celery/issues/59/comments,https://api.github.com/repos/celery/sphinx_celery/issues/59/events,https://github.com/celery/sphinx_celery/issues/59,1939783046,I_kwDOA1J6cM5znr2G,59,New CI based on GHA,auvipy,,open,False,,,v2.1.0,1,2023-10-12T11:26:15Z,2024-01-18T23:22:18Z,,MEMBER,
https://api.github.com/repos/celery/sphinx_celery/issues/48,https://api.github.com/repos/celery/sphinx_celery,https://api.github.com/repos/celery/sphinx_celery/issues/48/labels{/name},https://api.github.com/repos/celery/sphinx_celery/issues/48/comments,https://api.github.com/repos/celery/sphinx_celery/issues/48/events,https://github.com/celery/sphinx_celery/issues/48,1599657919,I_kwDOA1J6cM5fWNe_,48,not all arguments converted during string formatting in extlinks,papoteur-mga,,open,False,,,v2.1.0,7,2023-02-25T10:50:41Z,2024-01-18T23:27:00Z,,NONE,"Trying to build the documentation of python-vine, I get this error:
```
# Platform:         linux; (Linux-5.15.88-desktop-1.mga8-x86_64-with-glibc2.36)
# Sphinx version:   6.1.3
# Python version:   3.10.9 (CPython)
# Docutils version: 0.19
# Jinja2 version:   3.0.3
# Pygments version: 2.13.0

# Last messages:
#   loading intersphinx inventory from https://docs.python.org/dev/objects.inv...
#   loading intersphinx inventory from https://www.sphinx-doc.org/en/stable/objects.inv...
#   building [mo]: targets for 0 po files that are out of date
#   writing output...
#   
#   building [html]: targets for 8 source files that are out of date
#   updating environment:
#   [new config]
#   8 added, 0 changed, 0 removed
#   reading sources... [ 12%] changelog

# Loaded extensions:
#   sphinx.ext.mathjax (6.1.3)
#   sphinxcontrib.applehelp (1.0.2)
#   sphinxcontrib.devhelp (1.0.2)
#   sphinxcontrib.htmlhelp (2.0.0)
#   sphinxcontrib.serializinghtml (1.1.5)
#   sphinxcontrib.qthelp (1.0.3)
#   alabaster (0.7.12)
#   sphinx.ext.autodoc.preserve_defaults (6.1.3)
#   sphinx.ext.autodoc.type_comment (6.1.3)
#   sphinx.ext.autodoc.typehints (6.1.3)
#   sphinx.ext.autodoc (6.1.3)
#   sphinx.ext.intersphinx (6.1.3)
#   sphinx.ext.todo (6.1.3)
#   sphinx.ext.coverage (6.1.3)
#   sphinx.ext.imgmath (6.1.3)
#   sphinx.ext.ifconfig (6.1.3)
#   sphinx.ext.viewcode (6.1.3)
#   sphinx.ext.extlinks (6.1.3)
#   sphinx_celery.autodocargspec (unknown version)
#   sphinx_celery.github_issues (unknown version)
#   sphinx_celery.signal_crossref (unknown version)
#   sphinx_celery.setting_crossref (unknown version)
#   sphinx_celery.apicheck (unknown version)
#   sphinx_celery.configcheck (unknown version)
#   sphinx_celery (unknown version)

# Traceback:
Traceback (most recent call last):
  File ""/usr/lib/python3.10/site-packages/sphinx/cmd/build.py"", line 284, in build_main
    app.build(args.force_all, args.filenames)
  File ""/usr/lib/python3.10/site-packages/sphinx/application.py"", line 347, in build
    self.builder.build_update()
  File ""/usr/lib/python3.10/site-packages/sphinx/builders/__init__.py"", line 311, in build_update
    self.build(to_build,
  File ""/usr/lib/python3.10/site-packages/sphinx/builders/__init__.py"", line 327, in build
    updated_docnames = set(self.read())
  File ""/usr/lib/python3.10/site-packages/sphinx/builders/__init__.py"", line 434, in read
    self._read_serial(docnames)
  File ""/usr/lib/python3.10/site-packages/sphinx/builders/__init__.py"", line 455, in _read_serial
    self.read_doc(docname)
  File ""/usr/lib/python3.10/site-packages/sphinx/builders/__init__.py"", line 511, in read_doc
    publisher.publish()
  File ""/usr/lib/python3.10/site-packages/docutils/core.py"", line 224, in publish
    self.document = self.reader.read(self.source, self.parser,
  File ""/usr/lib/python3.10/site-packages/sphinx/io.py"", line 105, in read
    self.parse()
  File ""/usr/lib/python3.10/site-packages/docutils/readers/__init__.py"", line 76, in parse
    self.parser.parse(self.input, document)
  File ""/usr/lib/python3.10/site-packages/sphinx/parsers.py"", line 80, in parse
    self.statemachine.run(inputlines, document, inliner=self.inliner)
  File ""/usr/lib/python3.10/site-packages/docutils/parsers/rst/states.py"", line 169, in run
    results = StateMachineWS.run(self, input_lines, input_offset,
  File ""/usr/lib/python3.10/site-packages/docutils/statemachine.py"", line 233, in run
    context, next_state, result = self.check_line(
  File ""/usr/lib/python3.10/site-packages/docutils/statemachine.py"", line 445, in check_line
    return method(match, context, next_state)
  File ""/usr/lib/python3.10/site-packages/docutils/parsers/rst/states.py"", line 2785, in underline
    self.section(title, source, style, lineno - 1, messages)
  File ""/usr/lib/python3.10/site-packages/docutils/parsers/rst/states.py"", line 325, in section
    self.new_subsection(title, lineno, messages)
  File ""/usr/lib/python3.10/site-packages/docutils/parsers/rst/states.py"", line 391, in new_subsection
    newabsoffset = self.nested_parse(
  File ""/usr/lib/python3.10/site-packages/docutils/parsers/rst/states.py"", line 279, in nested_parse
    state_machine.run(block, input_offset, memo=self.memo,
  File ""/usr/lib/python3.10/site-packages/docutils/parsers/rst/states.py"", line 195, in run
    results = StateMachineWS.run(self, input_lines, input_offset)
  File ""/usr/lib/python3.10/site-packages/docutils/statemachine.py"", line 233, in run
    context, next_state, result = self.check_line(
  File ""/usr/lib/python3.10/site-packages/docutils/statemachine.py"", line 445, in check_line
    return method(match, context, next_state)
  File ""/usr/lib/python3.10/site-packages/docutils/parsers/rst/states.py"", line 1273, in bullet
    i, blank_finish = self.list_item(match.end())
  File ""/usr/lib/python3.10/site-packages/docutils/parsers/rst/states.py"", line 1295, in list_item
    self.nested_parse(indented, input_offset=line_offset,
  File ""/usr/lib/python3.10/site-packages/docutils/parsers/rst/states.py"", line 279, in nested_parse
    state_machine.run(block, input_offset, memo=self.memo,
  File ""/usr/lib/python3.10/site-packages/docutils/parsers/rst/states.py"", line 195, in run
    results = StateMachineWS.run(self, input_lines, input_offset)
  File ""/usr/lib/python3.10/site-packages/docutils/statemachine.py"", line 233, in run
    context, next_state, result = self.check_line(
  File ""/usr/lib/python3.10/site-packages/docutils/statemachine.py"", line 445, in check_line
    return method(match, context, next_state)
  File ""/usr/lib/python3.10/site-packages/docutils/parsers/rst/states.py"", line 2716, in blank
    paragraph, literalnext = self.paragraph(
  File ""/usr/lib/python3.10/site-packages/docutils/parsers/rst/states.py"", line 416, in paragraph
    textnodes, messages = self.inline_text(text, lineno)
  File ""/usr/lib/python3.10/site-packages/docutils/parsers/rst/states.py"", line 425, in inline_text
    nodes, messages = self.inliner.parse(text, lineno,
  File ""/usr/lib/python3.10/site-packages/docutils/parsers/rst/states.py"", line 649, in parse
    before, inlines, remaining, sysmessages = method(self, match,
  File ""/usr/lib/python3.10/site-packages/docutils/parsers/rst/states.py"", line 792, in interpreted_or_phrase_ref
    nodelist, messages = self.interpreted(rawsource, escaped, role,
  File ""/usr/lib/python3.10/site-packages/docutils/parsers/rst/states.py"", line 889, in interpreted
    nodes, messages2 = role_fn(role, rawsource, text, lineno, self)
  File ""/usr/lib/python3.10/site-packages/sphinx/ext/extlinks.py"", line 103, in role
    title = caption % part
TypeError: not all arguments converted during string formatting
```

It seems that the error is due to the combination of sphinx 6 and sphinx_celery. The behaviour of extlinks seems to have changed. See https://github.com/sphinx-doc/sphinx/issues/11094"
https://api.github.com/repos/celery/sphinx_celery/issues/41,https://api.github.com/repos/celery/sphinx_celery,https://api.github.com/repos/celery/sphinx_celery/issues/41/labels{/name},https://api.github.com/repos/celery/sphinx_celery/issues/41/comments,https://api.github.com/repos/celery/sphinx_celery/issues/41/events,https://github.com/celery/sphinx_celery/issues/41,1387027411,I_kwDOA1J6cM5SrFvT,41,Please release a new version,goatwu1993,,closed,False,,,,2,2022-09-27T03:38:06Z,2022-09-27T03:48:31Z,2022-09-27T03:48:31Z,NONE,"Hi. Please kindly release a new version.

[django-celery-beat](https://github.com/celery/django-celery-beat) try to [release a new version](https://github.com/celery/django-celery-beat/pull/567) but failed because sphinx_celery warning, which has been solved in #40 

I believe the version should be 2.0.1 since most commits between 2.0.0 and HEAD are fixes"
https://api.github.com/repos/celery/sphinx_celery/issues/27,https://api.github.com/repos/celery/sphinx_celery,https://api.github.com/repos/celery/sphinx_celery/issues/27/labels{/name},https://api.github.com/repos/celery/sphinx_celery/issues/27/comments,https://api.github.com/repos/celery/sphinx_celery/issues/27/events,https://github.com/celery/sphinx_celery/issues/27,1091746447,I_kwDOA1J6cM5BErqP,27,get rid of six & python 2 code shims,auvipy,,open,False,auvipy,auvipy,v2.1.0,2,2022-01-01T05:19:06Z,2024-01-18T23:23:12Z,,MEMBER,
https://api.github.com/repos/celery/sphinx_celery/issues/9,https://api.github.com/repos/celery/sphinx_celery,https://api.github.com/repos/celery/sphinx_celery/issues/9/labels{/name},https://api.github.com/repos/celery/sphinx_celery/issues/9/comments,https://api.github.com/repos/celery/sphinx_celery/issues/9/events,https://github.com/celery/sphinx_celery/issues/9,437899531,MDU6SXNzdWU0Mzc4OTk1MzE=,9,SSLError for celery ,liquidpele,,closed,False,,,,1,2019-04-27T03:06:09Z,2021-11-05T08:17:44Z,2021-11-05T08:17:44Z,NONE,"""https://docs.celeryproject.org/en/master/"" is listed in the config here:

https://github.com/celery/sphinx_celery/blob/master/sphinx_celery/conf.py#L36

However, the SSL cert for that URL is invalid as it's listed for ""*.readthedocs.org"", causing SSLError to be thrown when trying to use the URL when doing the travis-ci doc build for celery-beat.  

```
loading intersphinx inventory from https://docs.celeryproject.org/en/master/objects.inv...
Warning, treated as error:
failed to reach any of the inventories with the following issues:
intersphinx inventory 'https://docs.celeryproject.org/en/master/objects.inv' not fetchable due to <class 'requests.exceptions.SSLError'>: HTTPSConnectionPool(host='docs.celeryproject.org', port=443): Max retries exceeded with url: /en/master/objects.inv (Caused by SSLError(CertificateError(""hostname 'docs.celeryproject.org' doesn't match either of '*.readthedocs.org', 'readthedocs.org'"",),))
```"
https://api.github.com/repos/celery/sphinx_celery/issues/8,https://api.github.com/repos/celery/sphinx_celery,https://api.github.com/repos/celery/sphinx_celery/issues/8/labels{/name},https://api.github.com/repos/celery/sphinx_celery/issues/8/comments,https://api.github.com/repos/celery/sphinx_celery/issues/8/events,https://github.com/celery/sphinx_celery/issues/8,427714989,MDU6SXNzdWU0Mjc3MTQ5ODk=,8,Sphinx-Celery does not work with Sphinx 2.0.0,thedrow,bug,closed,False,,,,1,2019-04-01T13:46:36Z,2021-11-05T08:16:55Z,2021-11-05T08:16:55Z,MEMBER,"I've tried fixing this in a previous version but that didn't do the trick.
We get the following warning on Sphinx 1.8.5:
```
/home/omer/.local/share/virtualenvs/amqp/lib/python3.7/site-packages/sphinx/theming.py:248: RemovedInSphinx20Warning: ``sphinx_themes`` entry point is now deprecated. Please use ``sphinx.html_themes`` instead.
  RemovedInSphinx20Warning)
```
@ask Any ideas?"
https://api.github.com/repos/celery/sphinx_celery/issues/6,https://api.github.com/repos/celery/sphinx_celery,https://api.github.com/repos/celery/sphinx_celery/issues/6/labels{/name},https://api.github.com/repos/celery/sphinx_celery/issues/6/comments,https://api.github.com/repos/celery/sphinx_celery/issues/6/events,https://github.com/celery/sphinx_celery/issues/6,374109118,MDU6SXNzdWUzNzQxMDkxMTg=,6,intersphinx mapping for gevent does not resolve properly,nthall,,closed,False,,,,0,2018-10-25T20:01:43Z,2018-12-23T10:06:41Z,2018-12-23T10:06:41Z,CONTRIBUTOR,"gevent has changed their server settings so that http://gevent.org redirects to http://www.gevent.org; sphinx is not successfully following the redirect. I'm not sure that this matters at all, except for generating a warning when trying to build the docs for celery. But for better or worse, I got it into my head to fix all the warnings when building the docs, so now I'm trying to do that."
https://api.github.com/repos/celery/sphinx_celery/issues/4,https://api.github.com/repos/celery/sphinx_celery,https://api.github.com/repos/celery/sphinx_celery/issues/4/labels{/name},https://api.github.com/repos/celery/sphinx_celery/issues/4/comments,https://api.github.com/repos/celery/sphinx_celery/issues/4/events,https://github.com/celery/sphinx_celery/issues/4,280812534,MDU6SXNzdWUyODA4MTI1MzQ=,4,Enable parallel reading,thedrow,,closed,False,,,,0,2017-12-10T14:18:15Z,2017-12-10T15:25:46Z,2017-12-10T15:25:46Z,MEMBER,"Sphinx provides a mechanism for processing files in parallel.
The extensions provided in this package have not been marked as parallel-enabled extensions.
We need to find out if they can run in parallel and if they can't refactor the extensions to do so."
https://api.github.com/repos/celery/sphinx_celery/issues/3,https://api.github.com/repos/celery/sphinx_celery,https://api.github.com/repos/celery/sphinx_celery/issues/3/labels{/name},https://api.github.com/repos/celery/sphinx_celery/issues/3/comments,https://api.github.com/repos/celery/sphinx_celery/issues/3/events,https://github.com/celery/sphinx_celery/issues/3,280810202,MDU6SXNzdWUyODA4MTAyMDI=,3,Release new version,thedrow,,closed,False,ask,ask,,1,2017-12-10T13:43:20Z,2019-03-29T17:12:33Z,2019-03-29T17:12:32Z,MEMBER,"We have fixed a problem with sphinx and currently the version on PyPi still fails for us.

Unfortunately I don't have the permissions to release this package.
@ask ping :)"
