URL,Repository URL,Labels URL,Comments URL,Events URL,HTML URL,ID,Node ID,Number,Title,User,Labels,State,Locked,Assignee,Assignees,Milestone,Comments,Created At,Updated At,Closed At,Author Association,Body
https://api.github.com/repos/celery/jumpstarter/issues/40,https://api.github.com/repos/celery/jumpstarter,https://api.github.com/repos/celery/jumpstarter/issues/40/labels{/name},https://api.github.com/repos/celery/jumpstarter/issues/40/comments,https://api.github.com/repos/celery/jumpstarter/issues/40/events,https://github.com/celery/jumpstarter/issues/40,1192561641,I_kwDOE4KdZs5HFQvp,40,HFSM <-> PlantUML,TraeDbot,enhancement,open,False,,,,1,2022-04-05T03:34:00Z,2022-04-06T13:29:44Z,,NONE,"This is a tangent, an opportunity to leverage a UML & state graph visualization engine called [PlantUML](https://github.com/plantuml/plantuml). That project is actively maintained with many users, and is driven by markdown extensions. Well,  honestly, I think they left planet markdown long ago, but defining state machine graphs is pretty simple on that platform.

I came here looking for seamless binding between Celery and a state machine package such as pytransitions or python-statemachine. Both of those I am a novice with, and so I'm searching first for a state machine package expressly supportive of being serialized and executed across a distributed system such as Celery, which I have been using in a complex system."
https://api.github.com/repos/celery/jumpstarter/issues/39,https://api.github.com/repos/celery/jumpstarter,https://api.github.com/repos/celery/jumpstarter/issues/39/labels{/name},https://api.github.com/repos/celery/jumpstarter/issues/39/comments,https://api.github.com/repos/celery/jumpstarter/issues/39/events,https://github.com/celery/jumpstarter/issues/39,1030977443,I_kwDOE4KdZs49c3ej,39,what happend to this repo?,nitishxp,,closed,False,,,,6,2021-10-20T05:04:49Z,2021-10-20T10:59:28Z,2021-10-20T10:59:28Z,NONE,Is this repo still alive?
https://api.github.com/repos/celery/jumpstarter/issues/29,https://api.github.com/repos/celery/jumpstarter,https://api.github.com/repos/celery/jumpstarter/issues/29/labels{/name},https://api.github.com/repos/celery/jumpstarter/issues/29/comments,https://api.github.com/repos/celery/jumpstarter/issues/29/events,https://github.com/celery/jumpstarter/issues/29,807167871,MDU6SXNzdWU4MDcxNjc4NzE=,29,Set Up ReadTheDocs,thedrow,,open,False,thedrow,thedrow,v0.1,1,2021-02-12T11:41:12Z,2021-03-14T15:14:52Z,,MEMBER,"- [x] Activate readthedocs hook
- [x] Integrate readthedocs with poetry
- [ ] https://github.com/readthedocs/readthedocs.org/issues/7554
- [ ] Provide link
"
https://api.github.com/repos/celery/jumpstarter/issues/25,https://api.github.com/repos/celery/jumpstarter,https://api.github.com/repos/celery/jumpstarter/issues/25/labels{/name},https://api.github.com/repos/celery/jumpstarter/issues/25/comments,https://api.github.com/repos/celery/jumpstarter/issues/25/events,https://github.com/celery/jumpstarter/issues/25,795913880,MDU6SXNzdWU3OTU5MTM4ODA=,25,Actor State Persistence,thedrow,,open,False,thedrow,thedrow,v0.2,0,2021-01-28T11:19:41Z,2021-01-28T11:19:41Z,,MEMBER,
https://api.github.com/repos/celery/jumpstarter/issues/21,https://api.github.com/repos/celery/jumpstarter,https://api.github.com/repos/celery/jumpstarter/issues/21/labels{/name},https://api.github.com/repos/celery/jumpstarter/issues/21/comments,https://api.github.com/repos/celery/jumpstarter/issues/21/events,https://github.com/celery/jumpstarter/issues/21,790051682,MDU6SXNzdWU3OTAwNTE2ODI=,21,Create an Enum that specifies the available triggers,thedrow,,open,False,ahopkins,ahopkins,v0.1,0,2021-01-20T14:54:33Z,2021-01-20T14:55:28Z,,MEMBER,"Currently, we use strings as the trigger names.
We can use an `Enum` which specifies the list of available triggers for the state machine and use it in our codebase.

Example:
```python
class ActorStateMachineTriggers(str, Enum):
    def _generate_next_value_(name, *args):
        return name.lower()

    initialize = auto()
    start = auto()
    stop = auto()
    restart = auto()
    report_error = auto()
```"
https://api.github.com/repos/celery/jumpstarter/issues/17,https://api.github.com/repos/celery/jumpstarter,https://api.github.com/repos/celery/jumpstarter/issues/17/labels{/name},https://api.github.com/repos/celery/jumpstarter/issues/17/comments,https://api.github.com/repos/celery/jumpstarter/issues/17/events,https://github.com/celery/jumpstarter/issues/17,789058187,MDU6SXNzdWU3ODkwNTgxODc=,17,Parallelize releasing resources,thedrow,,open,False,thedrow,thedrow,v0.2,0,2021-01-19T14:14:08Z,2021-01-19T14:14:08Z,,MEMBER,"The `AsyncExitStack` currently exits each context manager iteratively.
Its `__aexit__` method can be parallelized to achieve better performance and stop the actor faster."
https://api.github.com/repos/celery/jumpstarter/issues/15,https://api.github.com/repos/celery/jumpstarter,https://api.github.com/repos/celery/jumpstarter/issues/15/labels{/name},https://api.github.com/repos/celery/jumpstarter/issues/15/comments,https://api.github.com/repos/celery/jumpstarter/issues/15/events,https://github.com/celery/jumpstarter/issues/15,788194197,MDU6SXNzdWU3ODgxOTQxOTc=,15,Set up CI,thedrow,,closed,False,thedrow,thedrow,v0.1,9,2021-01-18T11:38:03Z,2021-02-04T17:39:23Z,2021-02-04T17:39:23Z,MEMBER,"It's time we start continuously testing this repository to ensure we don't break anything in the future.

- [x] Implement testing matrix using [nox](https://nox.thea.codes/) & [nox-poetry](https://github.com/cjolowicz/nox-poetry)
- [x] Implement continuous integration using Github Actions
- [x] Integrate with codecov for coverage reporting
- [x] Integrate with [deepcode](https://pypi.org/project/deepcode/) for code improvement suggestions"
https://api.github.com/repos/celery/jumpstarter/issues/13,https://api.github.com/repos/celery/jumpstarter,https://api.github.com/repos/celery/jumpstarter/issues/13/labels{/name},https://api.github.com/repos/celery/jumpstarter/issues/13/comments,https://api.github.com/repos/celery/jumpstarter/issues/13/events,https://github.com/celery/jumpstarter/issues/13,787745238,MDU6SXNzdWU3ODc3NDUyMzg=,13,Implement the ThreadedContextManager for synchronous resources,thedrow,,closed,False,thedrow,thedrow,v0.1,0,2021-01-17T16:45:22Z,2021-01-19T12:21:48Z,2021-01-19T12:21:48Z,MEMBER,"Since synchronous resources are by definition synchronous, we need to acquire & release them using a thread pool.
Therefore, we must wrap them in a `ThreadedContextManager` which schedules `__enter__` and `__exit__` in the thread pool.

The `ThreadedContextManager` follows the classic [Adapter design pattern](https://refactoring.guru/design-patterns/adapter).

By default, we use a global [`CapacityLimiter`](https://anyio.readthedocs.io/en/stable/synchronization.html#capacity-limiters) passed into the [`anyio.run_sync_in_worker_thread()`](https://anyio.readthedocs.io/en/stable/api.html#anyio.run_sync_in_worker_thread).
The capacity limiter is set to the current number of CPUs.

You may optionally pass another `CapacityLimiter` instance."
https://api.github.com/repos/celery/jumpstarter/issues/11,https://api.github.com/repos/celery/jumpstarter,https://api.github.com/repos/celery/jumpstarter/issues/11/labels{/name},https://api.github.com/repos/celery/jumpstarter/issues/11/comments,https://api.github.com/repos/celery/jumpstarter/issues/11/events,https://github.com/celery/jumpstarter/issues/11,783307335,MDU6SXNzdWU3ODMzMDczMzU=,11,Test coverage missing for starting the actor when it is in stopped state,thedrow,good first issue,closed,False,ahopkins,ahopkins,v0.1,8,2021-01-11T11:53:02Z,2021-01-13T15:54:04Z,2021-01-13T15:54:04Z,MEMBER,"Currently, it is possible to transition from the `stopped` state back to the `starting` state using the `start` trigger.
However, there is currently no test that verifies that such a transition is possible.

The test should `start()` the actor, `stop()` it and then `start()` it again."
https://api.github.com/repos/celery/jumpstarter/issues/10,https://api.github.com/repos/celery/jumpstarter,https://api.github.com/repos/celery/jumpstarter/issues/10/labels{/name},https://api.github.com/repos/celery/jumpstarter/issues/10/comments,https://api.github.com/repos/celery/jumpstarter/issues/10/events,https://github.com/celery/jumpstarter/issues/10,782862826,MDU6SXNzdWU3ODI4NjI4MjY=,10,Task Incoming Stream(s),thedrow,,open,False,thedrow,thedrow,v0.1,0,2021-01-10T17:13:35Z,2021-01-10T20:04:37Z,,MEMBER,
https://api.github.com/repos/celery/jumpstarter/issues/9,https://api.github.com/repos/celery/jumpstarter,https://api.github.com/repos/celery/jumpstarter/issues/9/labels{/name},https://api.github.com/repos/celery/jumpstarter/issues/9/comments,https://api.github.com/repos/celery/jumpstarter/issues/9/events,https://github.com/celery/jumpstarter/issues/9,782862393,MDU6SXNzdWU3ODI4NjIzOTM=,9,Task Outgoing Stream(s),thedrow,,open,False,thedrow,thedrow,v0.1,0,2021-01-10T17:11:19Z,2021-01-10T20:04:36Z,,MEMBER,
https://api.github.com/repos/celery/jumpstarter/issues/8,https://api.github.com/repos/celery/jumpstarter,https://api.github.com/repos/celery/jumpstarter/issues/8/labels{/name},https://api.github.com/repos/celery/jumpstarter/issues/8/comments,https://api.github.com/repos/celery/jumpstarter/issues/8/events,https://github.com/celery/jumpstarter/issues/8,782835064,MDU6SXNzdWU3ODI4MzUwNjQ=,8,Actor Inheritance,thedrow,,closed,False,thedrow,thedrow,v0.1,0,2021-01-10T14:55:00Z,2021-02-07T16:25:17Z,2021-02-07T16:25:17Z,MEMBER,"The usual class inheritance mechanism is not sufficient for us.
Each actor has a state machine (see #3).
The actor's dependencies (see #5), resources (see #6) & tasks (see #7) are controlled by the state machine callbacks.
Therefore, each child actor must copy the state machine of the parent actor before applying the decorators which register callbacks on the child actor's state machine.

In that way, the child actor inherits the dependencies, resources and tasks of the parent actor.

Currently, actors support only single inheritance."
https://api.github.com/repos/celery/jumpstarter/issues/7,https://api.github.com/repos/celery/jumpstarter,https://api.github.com/repos/celery/jumpstarter/issues/7/labels{/name},https://api.github.com/repos/celery/jumpstarter/issues/7/comments,https://api.github.com/repos/celery/jumpstarter/issues/7/events,https://github.com/celery/jumpstarter/issues/7,782834019,MDU6SXNzdWU3ODI4MzQwMTk=,7,Actor Tasks,thedrow,,open,False,thedrow,thedrow,v0.1,0,2021-01-10T14:49:38Z,2021-01-28T16:36:15Z,,MEMBER,"An actor repeatedly runs tasks to fulfill its purpose. Using tasks, the user implements the business logic of the Actor.
A task can be synchronous or asynchronous.
If the task is synchronous, the task is run in a thread pool. If it is asynchronous, the task runs using the event loop.

Currently, there are three types of tasks. There may be more in the future.

### Continuous Tasks

These types of tasks continually run after `start()` until the actor is `stopping -> tasks_stopped`.
After each iteration they yield control back to the event loop so that other co-routines may run.

The tasks are run as long as the cancel scope is not canceled which happens just before reaching the `stopping -> tasks_done` state. This allows us to either cancel after an iteration was made or if we we're in the midst of an I/O operation.

### Periodic Tasks

These type of tasks run every specified interval until the actor is `stopping -> tasks_stopped`.

The tasks are scheduled using APScheduler 4.0 which is not ready for production at the time being. Follow https://github.com/agronholm/apscheduler/issues/465 for updates.

The tasks are run as long as the scheduler is running and the cancel scope is not canceled which happens just before reaching the `stopping -> tasks_done` state.

### Conditional Tasks

These type of tasks run only when the actor is in a certain state(s).
A conditional task has its own shielded cancel scope which is canceled whenever the actor transitions to a state which prevents the task from running.

If we cancel the uppermost cancel scope, we must cancel these type of tasks manually.

A conditional task can also be combined with a periodic task or with a continuous task.
This is useful for later on when we introduce circuit breakers and health checks."
https://api.github.com/repos/celery/jumpstarter/issues/6,https://api.github.com/repos/celery/jumpstarter,https://api.github.com/repos/celery/jumpstarter/issues/6/labels{/name},https://api.github.com/repos/celery/jumpstarter/issues/6/comments,https://api.github.com/repos/celery/jumpstarter/issues/6/events,https://github.com/celery/jumpstarter/issues/6,782831037,MDU6SXNzdWU3ODI4MzEwMzc=,6,Actor Resources,thedrow,,open,False,thedrow,thedrow,v0.1,0,2021-01-10T14:33:45Z,2021-05-02T18:37:04Z,,MEMBER,"Actors have resources they manage during their lifetime, such as:

- Connections to databases and message brokers
- File Handles
- Synchronization Mechanisms (useful for short-lived actors)

A resource is a context manager or an asynchronous context manager.
It is entered whenever the Actor is `starting,` specifically just before the state machine transitions to the `starting -> resources_acquired` state.
It is exited whenever the Actor is `stopping,` specifically just before the state machine transitions to the `starting -> resources_released` state (See #3 for details regarding the lifecycle states and transitions).

### The `@resource` decorator

The `@resource` decorator is the API used to acquire and release the actor's resources.
Resources are simply context managers, asynchronous, or synchronous, which are returned from the decorated method.

When resources are acquired, the context manager's `__enter__` or `__aenter__` method is called.
When they are released, the context manager's `__exit__` or `__aexit__` method is called.

The context managers are entered and exited together concurrently using an [`AsyncExitStack`](https://docs.python.org/3/library/contextlib.html#contextlib.AsyncExitStack) instance attached to the actor.

#### Exceptions

|Name|Description|
|-|-|
|`NotAResourceError`|Raised when the decorated function returns an object which isn't a context manager or an asynchronous context manager|
|`ResourceAlreadyExistsError`|Raised when attempting to acquire the same resource more than once|
|`ResourceUnavailable`|Some resources are optional. Raised when we should skip acquiring the resource|
|`TypeError`|Raised while acquiring a synchronous resource with a timeout specified|

#### Keyword Arguments

|Name|Type|Description|
|-|-|-|
|`timeout`|`float` or `int`|After the provided amount of time has passed, raise a `TimeoutError` if the resource is not yet acquired|

### Synchronous Resources

Synchronous resources are context managers, that is objects with the `__enter__` and `__exit__` methods defined on them.
Synchronous resources do not support timeouts.

They are defined as follows:

```python
from pathlib import Path

from jumpstarter import Actor, resource

class FileHeadActor(Actor):
  def __init__(self, file_path: Path):
    self.file_path = file_path

  @resource
  def log_file(self):
    return open(file_path)
```

Since synchronous resources are by definition synchronous, we need to acquire & release them using a thread pool.
Therefore, we must wrap those objects in a `ThreadedContextManager` which schedules `__enter__` and `__exit__` in the thread pool.

- [x] See #13 for more details.
- [x] See implementation in #16.

### Asynchronous Resources

Asynchronous resources are context managers, that is objects with the `__aenter__` and `__aexit__` methods defined on them.
They are defined as follows:

```python
from anyio import open_file
from pathlib import Path

from jumpstarter import Actor, resource

class FileHeadActor(Actor):
  def __init__(self, file_path: Path):
    self.file_path = file_path

  @resource
  async def log_file(self):
    return await open_file(file_path)
```

They are already implemented in the `actor` branch.

### Internal Resources

Some resources are already defined for each actor.
They are acquired and released automatically as they are crucial for the actor's functionality.

There are currently only three internal resources for each actor: an actor state store, a cancel scope and a task group. Both the cancel scope and the task group are essential for implementing #7.
The actor state store is essential for implementing #25.
Other such resources may be defined in future versions.

#### Actor State Store

The actor state store is an object for persisting state of actors.
It is useful for persisting data that should survive a process shutdown or a crash.
See #25 for more information.

#### Task Group

A [task group](https://anyio.readthedocs.io/en/stable/tasks.html#creating-and-managing-tasks) is an asynchronous context manager that allows you to schedule coroutines as background tasks.

All tasks must finish before the task group is released.
By default, a new task group is created if it is not passed as an argument to the `start()` trigger.

#### Cancel Scope

A [cancel scope](https://anyio.readthedocs.io/en/stable/cancellation.html) is an asynchronous context manager that allows you to cancel coroutines scheduled in the innermost task group that proceeds it.

We use the cancel scope's `cancel()` method to force the shutdown of the actor."
https://api.github.com/repos/celery/jumpstarter/issues/5,https://api.github.com/repos/celery/jumpstarter,https://api.github.com/repos/celery/jumpstarter/issues/5/labels{/name},https://api.github.com/repos/celery/jumpstarter/issues/5/comments,https://api.github.com/repos/celery/jumpstarter/issues/5/events,https://github.com/celery/jumpstarter/issues/5,782829679,MDU6SXNzdWU3ODI4Mjk2Nzk=,5,Actor Dependencies,thedrow,,open,False,thedrow,thedrow,v0.1,0,2021-01-10T14:26:45Z,2021-01-10T14:34:02Z,,MEMBER,
https://api.github.com/repos/celery/jumpstarter/issues/4,https://api.github.com/repos/celery/jumpstarter,https://api.github.com/repos/celery/jumpstarter/issues/4/labels{/name},https://api.github.com/repos/celery/jumpstarter/issues/4/comments,https://api.github.com/repos/celery/jumpstarter/issues/4/events,https://github.com/celery/jumpstarter/issues/4,782829494,MDU6SXNzdWU3ODI4Mjk0OTQ=,4,Dependency Inversion for Actors using an IoC Container,thedrow,,open,False,thedrow,thedrow,v0.1,0,2021-01-10T14:25:41Z,2021-01-10T14:34:02Z,,MEMBER,
https://api.github.com/repos/celery/jumpstarter/issues/3,https://api.github.com/repos/celery/jumpstarter,https://api.github.com/repos/celery/jumpstarter/issues/3/labels{/name},https://api.github.com/repos/celery/jumpstarter/issues/3/comments,https://api.github.com/repos/celery/jumpstarter/issues/3/events,https://github.com/celery/jumpstarter/issues/3,782825709,MDU6SXNzdWU3ODI4MjU3MDk=,3,Lifecycle States & Transitions,thedrow,,open,False,thedrow,"thedrow, ahopkins, matusvalo, xirdneh, auvipy, MicahLyle",v0.1,2,2021-01-10T14:06:13Z,2022-01-26T17:32:57Z,,MEMBER,"### State Machine

I defined an hierarchical state machine to model the lifecycle of the actor. Other states and transitions between them may be added in the future.

The [transitions](https://github.com/pytransitions/transitions) library allows you to append callbacks to the different events of the state machine. Please refer to their [documentation](https://github.com/pytransitions/transitions#callback-execution-order) if you'd like to find out which callbacks are available and their order of execution.

The following diagram defines the fundamental actor states and how to transition between them:
![Actor Lifecycle State Machine](https://user-images.githubusercontent.com/48936/107506089-43225a00-6ba6-11eb-810e-0ac14bf0e1e9.png)


### States

The state machine has states which define where the actor is during his lifecycle.

The following tables describes all current states:

#### Actor State Machine

|State Name|Description|
|---|---|
|`initializing`|The initial state of the actor when created.|
|`initialized`|The state of the actor when we start it for the very first time|
|`starting`|The state of the actor immediately after calling `actor.start()`|
|`starting -> dependencies_started`|The state of the actor after all of the actor's dependencies have been started|
|`starting -> resources_acquired`|The state of the actor after all resources have been acquired|
|`starting -> tasks_started`|The state of the actor after all tasks have been started|
|`started`|The state of the actor after it has finished all startup activities|
|`started -> running`|The state of the actor when all tasks are running|
|`started -> paused`|The state of the actor when all tasks are halted without shutting down the entire actor|
|`started -> running -> healthy`|The state of the actor when the actor is functioning properly|
|`started -> running -> degraded`|The state of the actor when the actor is not functioning properly but is still able to perform some of its duties|
|`started -> running -> unhealthy`|The state of the actor when the actor is temporarily not functioning|
|`stopping`|The state of the actor immediately after calling `actor.stop()`|
|`stopping -> tasks_stopped`|The state of the actor after all tasks have been stopped|
|`stopping -> resources_released`|The state of the actor after all resources have been released|
|`stopping -> dependencies_stopped`|all of the actor's dependencies have been stopped|
|`stopped`|The state of the actor after it has finished all shutdown activities|
|`crashed`|The state of the actor after an exception was raised during startup or shutdown|

#### Actor Restart State Machine

|State Name|Description|
|---|---|
|`ignore`|A special state which is ignored by the Actor|
|`restarting`|The state of the actor once it has begun restarting|
|`restarting -> stopping`|The state of the actor while stopping during a restart|
|`restarting -> starting`|The state of the actor while starting during a restart|
|`restarted`|The state of the actor after it has been restarted|

#### TODOs

- [x] The crashed state is currently not in use, it is pending the completion of https://github.com/pytransitions/transitions/issues/485 or another solution.
- [x] There should be a way to restart the actor, modeled as a state.

### Triggers

Triggers are the API the state machine exposes to trigger a transition between states.

The following triggers are already defined:
|Trigger Name|Description|
|---|---|
|`initialize()`|Initializes the actor without starting it|
|`start()`|Starts the actor|
|`pause()`|Pauses the actor's tasks without shutting it down completely|
|`resume()`|Resumes the actor's tasks after it has been paused|
|`stop()`|Stops the actor|
|`restart()`|Restarts the actor|
|`report_error()`|Report that an error has occurred while starting or stopping the actor|
|`report_warning()`|Report an issue with the actor which interferes with some of the actor's functionality|
|`report_problem()`|Report an issue with the actor which causes the actor to be temporarily malfunctioning|
|`recover()`|Recover from a degraded or unhealthy states|

### Transitions

The after transition callback allows us to progress the state machine until the desired state by repeatedly calling the `start()` or `stop()` triggers until the desired state is reached.
We use the before transition callbacks to manage the lifecycle of the actor.

The following table describe what the current side effects from transitions:
|From State|To State|Description|
|---|---|---|
|`starting`|`starting -> dependencies_started`|Before this transition, all the actor's dependencies are transitioned to the `started` state|
|`starting -> dependencies_started`|`starting -> resources_acquired`|Before this transition, all the actor's resources are acquired|
|`starting -> resources_acquired`|`starting -> tasks_started`|Before this transition, all the actor's tasks are started|
|`stopping -> tasked_stopped`|`stopping -> resources_released`|Before this transition, all the actor's resources are released|
|`stopping -> resources_released`|`stopping -> dependencies_stopped`|Before this transition, all the actor's dependencies are transitioned to the `stopped` state|

The rest of the transitions have no use currently other than stepping into the next step.
In the future we will introduce a public API to let the users use them.

#### TODOs

- [x] The transition between `stopped` and `starting` requires test coverage -  #11.
- [x] Sometimes actor can recover from crashes. We should define a transition between `crashed` and `starting` using the `start()` trigger."
https://api.github.com/repos/celery/jumpstarter/issues/2,https://api.github.com/repos/celery/jumpstarter,https://api.github.com/repos/celery/jumpstarter/issues/2/labels{/name},https://api.github.com/repos/celery/jumpstarter/issues/2/comments,https://api.github.com/repos/celery/jumpstarter/issues/2/events,https://github.com/celery/jumpstarter/issues/2,780575184,MDU6SXNzdWU3ODA1NzUxODQ=,2,Configuration,thedrow,,open,False,thedrow,thedrow,,0,2021-01-06T14:03:11Z,2021-01-10T14:34:01Z,,MEMBER,
https://api.github.com/repos/celery/jumpstarter/issues/1,https://api.github.com/repos/celery/jumpstarter,https://api.github.com/repos/celery/jumpstarter/issues/1/labels{/name},https://api.github.com/repos/celery/jumpstarter/issues/1/comments,https://api.github.com/repos/celery/jumpstarter/issues/1/events,https://github.com/celery/jumpstarter/issues/1,780572851,MDU6SXNzdWU3ODA1NzI4NTE=,1,Actor,thedrow,,open,False,thedrow,"thedrow, ahopkins, matusvalo, georgepsarakis, xirdneh, auvipy",v0.1,7,2021-01-06T13:59:42Z,2021-06-06T19:22:43Z,,MEMBER,"Jumpstarter is based on the [Actor model](https://en.wikipedia.org/wiki/Actor_model).
It aims to help define self-contained pieces of business logic and facilitate communication between them while maintaining a separation of concerns.

The `Actor` class, along with its domain specific language, is the main public API of this package.

This issue serves as a milestone and as a basic draft for the documentation and the CEP.

# The State Machine

At the heart of each Actor lies a state machine and not just any ordinary state machine!
It is an [Hierarchical State Machine](https://www.eventhelix.com/RealtimeMantra/HierarchicalStateMachine.htm) :smile:.

In summary, the difference is that a state machine is consistent from states and transitions between them, but in an hierarchical state machine, states can also have their own sub-state machines.

I picked this design to model the lifecycle of the `Actor,` but we can, and we will use this design to facilitate further features, as I will later demonstrate.

Since implementing a state machine library with hierarchical states support and async callbacks is way too hard for this project to succeed in a timely manner, I picked the rather mature [transitions](https://github.com/pytransitions/transitions) library.
However, since transitions only supported asyncio as the event loop for its async variant, together with @aleneum, we created [transitions-anyio](https://github.com/pytransitions/transitions-anyio).
He did most of the technical work as he is more familiar with the codebase and the theory. I fixed a few bugs, provided feedback, and took care of productizing it.

So thank you @aleneum, you will be given credit for this project.

For a description of the Actor's lifecycle states and transitions, please refer to #3.

### Event Loop

Jumpstarter supports both the asyncio and the trio event loops using the [anyio](https://github.com/agronholm/anyio) package.
There's no apparent design limitation that prevents us from supporting both at the moment, so I think we should meet as many use-cases as possible to reach a broader audience.

Of course, Celery can still only support trio if we finalize that decision (as currently agreed in https://github.com/celery/ceps/blob/bad1c9efeb866ddb225b9ee2674dd15db8051674/draft/high-level-architecture.rst). Still, at the time being, there is no reason to do so as we haven't written any of the clients, so we can't know for certain if they require trio directly.

In any case, this seems to me like a good decision. If you disagree, please open a separate issue about it.

### Dependencies

Actors may depend on other actors to run before starting themselves.
In some cases, they must depend on another actor if an actor consumes messages from another actor's stream.

The suggested public API is as follows:

```python
from jumpstarter import Actor, depends_on

class AccountBalanceActor(Actor):
  def __init__(self, user_id: int):
    self.user_id = user_id

class AccountBookkeepingActor(Actor):
  def __init__(self, user_id: int, account_balance_actor: AccountBalanceActor):
    self._account_balance_actor = account_balance_actor

  @depends_on
  def account_balance_actor(self):
    return account_balance_actor
```

In this example, the `AccountBalanceActor` maintains the balance in a single user ID's account. The `AccountBookkeepingActor` is responsible for logging and auditing withdrawals and income, possibly passing these audit logs to another actor responsible for detecting fraud.

You can also use a factory method or initialize a brand new `AccountBalanceActor` inside the body of the `account_balance_actor` method.
You may also return a subclass of `Actor,` and it will be initialized for you, provided all the arguments available for that actor. Please refer to #4 for more details on inversion of control.

For more information on actor dependencies, please refer to #5.

### Resources

Actors have resources they manage during their lifetime, such as:

- Connections to databases and message brokers
- File Handles
- Synchronization Mechanisms (useful for short-lived actors)

There may be more use cases, but these are enough to warrant implementing this feature.
In fact, Jumpstarter relies on this feature to manage the Actor itself, as we will soon demonstrate.

A resource is a context manager or an asynchronous context manager.
It is entered whenever the Actor is `starting,` specifically just before the state machine transitions to the `starting -> resources_acquired` state.
It is exited whenever the Actor is `stopping,` specifically just before the state machine transitions to the `starting -> resources_released` state (See #3 for details regarding the lifecycle states and transitions).

The cancel scope, which is crucial for cold-shutting the worker, is itself an asynchronous context manager as is `anyio.TaskGroup` used to run the Actor's background tasks.
These are some of the internal resources the actor uses.
Therefore, we need to support this feature.

The proposed (and already implemented) public API is:

```python
from pathlib import Path

from jumpstarter import Actor, resource

class FileHeadActor(Actor):
  def __init__(self, file_path: Path):
    self.file_path = file_path

  @resource
  def log_file(self):
    return open(file_path)
```

For more information on resources, please refer to #6.

### Tasks

An actor repeatedly runs tasks to fulfill their purpose. Using tasks, the user implements the business logic of the Actor.
A task can be synchronous or asynchronous.
If the task is synchronous, the task is run in a thread pool. If it is asynchronous, the task runs using the event loop.

The proposed (and prototyped in the [actor-tasks](https://github.com/celery/jumpstarter/tree/actor-tasks) branch) public API is:

```python
from jumpstarter import Actor, task
from jumpstarter.tasks import Success

class CountingActor(Actor):
  def __init__(self):
    self.i: int = 0

  @task
  def count_to_ten(self):
    self.i += 1
    print(self.i)

    if self.i == 10:
      return Success()
```

When you `start` the actor, specifically before the transition to `starting -> tasks_running,` the `count_to_ten` method is repeatedly called until you `stop` the actor (which in turn triggers the cancel scope).
This actor counts to 10 and prints the current count. When it reaches 10, the task stops running as it was successful.

There are two types of tasks: continuous and periodic. There may be more types in the future.

For more information on tasks, please refer to #7.

### Producers

Tasks can produce results for other Actors to consume.
They do so by returning a value other than `Success()`, `Failure()`, `Retry()` or `Skip()`.

For example:

```python
from pathlib import Path

from jumpstarter import Actor, resource, Success

class FileHeadActor(Actor):
  def __init__(self, file_path: Path, number_of_lines: int = 250):
    self.file_path = file_path
    self.i = 0
    self.number_of_lines = number_of_lines

  @resource
  def log_file(self):
    return open(file_path)

  @task
  def lines(self):
    line = self.log_file.readline()
    if line:
      self.i += 1
      return line
   if self.i == self.i number_of_lines:
     return Success()
```

This actor opens a file and reads the first 250 lines from it.

For more information on producers, please refer to #9.

### Consumers

Tasks can consume results from other actors' task.

```python
from jumpstarter import Actor, task
from special_crptography_library import encrypt

from myproject import FileHeadActor

class LogEncryptionActor(Actor):
  @task(consume_from=FileHeadActor.lines)
  def encrypt(self, line):
    return encrypt(line)
```

When you consume from an actor, you must depend on it.
The code above must produce an error.

```python
from jumpstarter import Actor, depends_on, task
from special_crptography_library import encrypt

from myproject import FileHeadActor

class LogEncryptionActor(Actor):
   @depends_on
   def file_head_actor(self):
     return FileHeadActor

  @task(consume_from=FileHeadActor.lines)
  def encrypt(self, line):
    return encrypt(line)
```

Now the actor should work correctly and produce its own stream.
Note that the `encrypt` task is both a consumer **and** a producer.

Potentially, both actors could pass messages back & forth, each doing its part.

For more information on consumers, please refer to #10."
