URL,Repository URL,Labels URL,Comments URL,Events URL,HTML URL,ID,Node ID,Number,Title,User,Labels,State,Locked,Assignee,Assignees,Milestone,Comments,Created At,Updated At,Closed At,Author Association,Body
https://api.github.com/repos/celery/pytest-celery/issues/294,https://api.github.com/repos/celery/pytest-celery,https://api.github.com/repos/celery/pytest-celery/issues/294/labels{/name},https://api.github.com/repos/celery/pytest-celery/issues/294/comments,https://api.github.com/repos/celery/pytest-celery/issues/294/events,https://github.com/celery/pytest-celery/issues/294,2252519624,I_kwDOEQDZWs6GQrjI,294,version 1.0.0 - celery tasks not executed inside tests,ARROM2405,bug,open,False,,,,1,2024-04-19T09:29:08Z,2024-04-19T11:38:05Z,,NONE,"Since updating pytest-celery to version 1.0.0 I cannot get async celery tasks to be executed in test.


```
...
@pytest.fixture(autouse=True)
    def setUp(self, transactional_db):
          ...

@shared_task
def some_celery_task(a, b):
    return a + b

@pytest.mark.celery(task_always_eager=True)
def test_celery_task(
    self,
    celery_app,
    celery_worker,
):
    res = some_celery_task.apply_async((2, 3))
    res.collect()
```


When I checked what celery apps are used in the test I see that application created by the celery_app fixture, app used for the celery_worker fixture, app for the task and app used for my project are all different apps. 

```
(
<Celery ecomm at 0x109eb6f30>,
<Celery celery.tests at 0x113bdbc20>, 
<Celery celery_test_app at 0x113c50c20>, 
<Celery celery_test_app at 0x113bd86e0>
)
```

I do not have any custom setup for the pytest related to the celery."
https://api.github.com/repos/celery/pytest-celery/issues/288,https://api.github.com/repos/celery/pytest-celery,https://api.github.com/repos/celery/pytest-celery/issues/288/labels{/name},https://api.github.com/repos/celery/pytest-celery/issues/288/comments,https://api.github.com/repos/celery/pytest-celery/issues/288/events,https://github.com/celery/pytest-celery/issues/288,2240479093,I_kwDOEQDZWs6Fiv91,288, No module named 'docker.models',asosnovsky-sumologic,bug,closed,False,,,,2,2024-04-12T16:18:23Z,2024-04-12T17:02:24Z,2024-04-12T16:30:27Z,NONE,"Since yesterday's update we are now getting this issue:


```
2024-04-12 16:15:07.446 [error]   File ""/home/vscode/.local/lib/python3.12/site-packages/pytest_docker_tools/utils.py"", line 10, in <module>
    from docker.models.containers import Container

2024-04-12 16:15:07.447 [error] ModuleNotFoundError: No module named 'docker.models'
```

It seems to me that you should pin yourself to docker==6.1.3"
https://api.github.com/repos/celery/pytest-celery/issues/205,https://api.github.com/repos/celery/pytest-celery,https://api.github.com/repos/celery/pytest-celery/issues/205/labels{/name},https://api.github.com/repos/celery/pytest-celery/issues/205/comments,https://api.github.com/repos/celery/pytest-celery/issues/205/events,https://github.com/celery/pytest-celery/issues/205,2133328143,I_kwDOEQDZWs5_KAEP,205,[bug] missing 'memcache' dependency in 1.0.0b2,woutdenolf,bug,closed,False,,,,15,2024-02-14T00:05:55Z,2024-03-04T20:17:22Z,2024-02-28T15:19:44Z,NONE,"This works

```
pip install ""pytest-celery==1.0.0b1"" celery
pytest -h
```

This fails

```
pip install ""pytest-celery==1.0.0b2"" celery
pytest -h
```

```python
  File ""/home/denolf/virtualenvs/pybox_9uxen5/lib/python3.8/site-packages/_pytest/assertion/rewrite.py"", line 175, in exec_module
    exec(co, module.__dict__)
  File ""/home/denolf/virtualenvs/pybox_9uxen5/lib/python3.8/site-packages/pytest_celery/__init__.py"", line 28, in <module>
    from pytest_celery.vendors.memcached.container import *
  File ""/home/denolf/virtualenvs/pybox_9uxen5/lib/python3.8/site-packages/_pytest/assertion/rewrite.py"", line 175, in exec_module
    exec(co, module.__dict__)
  File ""/home/denolf/virtualenvs/pybox_9uxen5/lib/python3.8/site-packages/pytest_celery/vendors/memcached/container.py"", line 9, in <module>
    import memcache
ModuleNotFoundError: No module named 'memcache'
```

celery 5.3.6 and pytest 8.0.0 in both cases."
https://api.github.com/repos/celery/pytest-celery/issues/87,https://api.github.com/repos/celery/pytest-celery,https://api.github.com/repos/celery/pytest-celery/issues/87/labels{/name},https://api.github.com/repos/celery/pytest-celery/issues/87/comments,https://api.github.com/repos/celery/pytest-celery/issues/87/events,https://github.com/celery/pytest-celery/issues/87,2001554088,I_kwDOEQDZWs53TUqo,87,Adding a basic Readme for better describing the project,auvipy,,closed,False,,,,7,2023-11-20T07:39:35Z,2023-11-20T10:16:19Z,2023-11-20T08:08:18Z,MEMBER,I might start a draft one unless otherwise Nusnus add one
https://api.github.com/repos/celery/pytest-celery/issues/39,https://api.github.com/repos/celery/pytest-celery,https://api.github.com/repos/celery/pytest-celery/issues/39/labels{/name},https://api.github.com/repos/celery/pytest-celery/issues/39/comments,https://api.github.com/repos/celery/pytest-celery/issues/39/events,https://github.com/celery/pytest-celery/issues/39,1829152187,I_kwDOEQDZWs5tBqW7,39,Create new release,gdvalderrama,management,closed,False,Nusnus,Nusnus,,12,2023-07-31T13:05:39Z,2024-04-12T00:40:56Z,2024-02-12T22:37:00Z,NONE,"Looks like new versions have been released, but not pushed to pypi.
The [latest change](https://pypi.org/project/pytest-celery/#history) there is from over 3 years ago."
https://api.github.com/repos/celery/pytest-celery/issues/12,https://api.github.com/repos/celery/pytest-celery,https://api.github.com/repos/celery/pytest-celery/issues/12/labels{/name},https://api.github.com/repos/celery/pytest-celery/issues/12/comments,https://api.github.com/repos/celery/pytest-celery/issues/12/events,https://github.com/celery/pytest-celery/issues/12,1183473084,I_kwDOEQDZWs5Gil28,12,Some new error with redis result backend,arashm404,,closed,False,,,,0,2022-03-28T13:49:00Z,2022-03-28T14:37:36Z,2022-03-28T14:37:36Z,NONE,"Hello
My config file is
result_backend = 'redis://localhost:6379/0'
broker_url = ""amqp://guest:guest@localhost:1928//""
my celery version is 5.1.2 (sun-harmonics)
my python version is 3.9.5
this is my task

@app.task(bind=True)
def prt(self):
    
    print(""Yes im alive"")
    
    if randint(0,1):
        
        self.update_state(
            state = states.FAILURE,
            meta = 'Test'
        )
        
    else:
        
        self.update_state(
            state = states.SUCCESS,
            meta = 'Test'
        )
        
       first problem when i run this taks in group result i seem something unknown error (command executed successfully i guess)

       [2022-03-28 15:41:17,651: ERROR/MainProcess] Pool callback raised exception: AttributeError(""'str' object has no attribute 'get'"")
Traceback (most recent call last):
  File ""/usr/local/lib/python3.9/dist-packages/billiard/pool.py"", line 1796, in safe_apply_callback
    fun(*args, **kwargs)
  File ""/usr/local/lib/python3.9/dist-packages/celery/worker/request.py"", line 571, in on_failure
    self.task.backend.mark_as_failure(
  File ""/usr/local/lib/python3.9/dist-packages/celery/backends/base.py"", line 171, in mark_as_failure
    self.store_result(task_id, exc, state,
  File ""/usr/local/lib/python3.9/dist-packages/celery/backends/base.py"", line 482, in store_result
    self._store_result(task_id, result, state, traceback,
  File ""/usr/local/lib/python3.9/dist-packages/celery/backends/base.py"", line 903, in _store_result
    current_meta = self._get_task_meta_for(task_id)
  File ""/usr/local/lib/python3.9/dist-packages/celery/backends/base.py"", line 928, in _get_task_meta_for
    return self.decode_result(meta)
  File ""/usr/local/lib/python3.9/dist-packages/celery/backends/base.py"", line 384, in decode_result
    return self.meta_from_decoded(self.decode(payload))
  File ""/usr/local/lib/python3.9/dist-packages/celery/backends/base.py"", line 380, in meta_from_decoded
    meta['result'] = self.exception_to_python(meta['result'])
  File ""/usr/local/lib/python3.9/dist-packages/celery/backends/base.py"", line 337, in exception_to_python
    exc_module = exc.get('exc_module')
<img width=""1355"" alt=""Screen Shot 1401-01-08 at 18 16 39"" src=""https://user-images.githubusercontent.com/75903249/160411726-6e1fac84-4235-417e-9d5c-d0c631f03db7.png"">

AttributeError: 'str' object has no attribute 'get'
second thing i did not receive any result in groupresult.restore with sqlite3 resultbackend i change my result backend to redis and i faced with this 
<img width=""1724"" alt=""Screen Shot 1401-01-08 at 18 18 37"" src=""https://user-images.githubusercontent.com/75903249/160412207-61f7349b-a3a6-4311-89fa-6e874b07dc5c.png"">

thank you and have good day"
https://api.github.com/repos/celery/pytest-celery/issues/4,https://api.github.com/repos/celery/pytest-celery,https://api.github.com/repos/celery/pytest-celery/issues/4/labels{/name},https://api.github.com/repos/celery/pytest-celery/issues/4/comments,https://api.github.com/repos/celery/pytest-celery/issues/4/events,https://github.com/celery/pytest-celery/issues/4,712675823,MDU6SXNzdWU3MTI2NzU4MjM=,4,Create a not-pre release?,mathiasose,,closed,False,,,,5,2020-10-01T09:39:37Z,2021-05-06T14:17:59Z,2021-05-06T14:15:45Z,NONE,"Thanks for your work on Celery!

Now that Celery 5 is out I want to use this package as a dev dependency (with `pipenv`), but since the latest release is `0.0.0a1` I have to set `allow_prereleases = true` in my `Pipfile` to use it.

Perhaps this package is ready to be re-released as `1.0.0`?"
https://api.github.com/repos/celery/pytest-celery/issues/1,https://api.github.com/repos/celery/pytest-celery,https://api.github.com/repos/celery/pytest-celery/issues/1/labels{/name},https://api.github.com/repos/celery/pytest-celery/issues/1/comments,https://api.github.com/repos/celery/pytest-celery/issues/1/events,https://github.com/celery/pytest-celery/issues/1,694430414,MDU6SXNzdWU2OTQ0MzA0MTQ=,1,Move to celery's organization,thedrow,,closed,False,,,,2,2020-09-06T15:54:13Z,2020-10-06T20:01:27Z,2020-10-06T20:01:27Z,MEMBER,"Since this is an official celery project now, we should move it to Celery's organization."
