URL,Repository URL,Labels URL,Comments URL,Events URL,HTML URL,ID,Node ID,Number,Title,User,Labels,State,Locked,Assignee,Assignees,Milestone,Comments,Created At,Updated At,Closed At,Author Association,Body
https://api.github.com/repos/celery/Celery-Kubernetes-Operator/issues/25,https://api.github.com/repos/celery/Celery-Kubernetes-Operator,https://api.github.com/repos/celery/Celery-Kubernetes-Operator/issues/25/labels{/name},https://api.github.com/repos/celery/Celery-Kubernetes-Operator/issues/25/comments,https://api.github.com/repos/celery/Celery-Kubernetes-Operator/issues/25/events,https://github.com/celery/Celery-Kubernetes-Operator/issues/25,1043833705,I_kwDODvYV184-N6Np,25,explore https://github.com/canonical/operator,auvipy,,open,False,,,,0,2021-11-03T16:44:27Z,2021-11-03T16:44:27Z,,MEMBER,https://github.com/canonical/operator
https://api.github.com/repos/celery/Celery-Kubernetes-Operator/issues/22,https://api.github.com/repos/celery/Celery-Kubernetes-Operator,https://api.github.com/repos/celery/Celery-Kubernetes-Operator/issues/22/labels{/name},https://api.github.com/repos/celery/Celery-Kubernetes-Operator/issues/22/comments,https://api.github.com/repos/celery/Celery-Kubernetes-Operator/issues/22/events,https://github.com/celery/Celery-Kubernetes-Operator/issues/22,861421940,MDU6SXNzdWU4NjE0MjE5NDA=,22,Explore Crossplane,thedrow,,open,False,,,,0,2021-04-19T15:14:11Z,2021-04-19T15:14:11Z,,MEMBER,"This is very interesting and it might be useful for us later on.
https://github.com/crossplane/crossplane"
https://api.github.com/repos/celery/Celery-Kubernetes-Operator/issues/12,https://api.github.com/repos/celery/Celery-Kubernetes-Operator,https://api.github.com/repos/celery/Celery-Kubernetes-Operator/issues/12/labels{/name},https://api.github.com/repos/celery/Celery-Kubernetes-Operator/issues/12/comments,https://api.github.com/repos/celery/Celery-Kubernetes-Operator/issues/12/events,https://github.com/celery/Celery-Kubernetes-Operator/issues/12,688664315,MDU6SXNzdWU2ODg2NjQzMTU=,12,Architecture discussion for building production ready operator,gautamp8,,open,False,,,,0,2020-08-30T06:33:33Z,2021-01-28T11:24:00Z,,COLLABORATOR,"Here's a preliminary architecture proposal for the operator - https://github.com/celery/ceps/blob/master/draft/celery-kubernetes-operator.rst
 
This issue is for any discussion regarding extending/implementation of the same."
https://api.github.com/repos/celery/Celery-Kubernetes-Operator/issues/9,https://api.github.com/repos/celery/Celery-Kubernetes-Operator,https://api.github.com/repos/celery/Celery-Kubernetes-Operator/issues/9/labels{/name},https://api.github.com/repos/celery/Celery-Kubernetes-Operator/issues/9/comments,https://api.github.com/repos/celery/Celery-Kubernetes-Operator/issues/9/events,https://github.com/celery/Celery-Kubernetes-Operator/issues/9,653964391,MDU6SXNzdWU2NTM5NjQzOTE=,9,Filter on message queue length publisher timer,gautamp8,bug,open,False,,,,0,2020-07-09T10:50:05Z,2020-07-09T10:50:05Z,,COLLABORATOR,"Right now, there's no filter on Timer handler which publishes message queue length to parent's status. If the operator is created and parent CR doesn't exist, it will not be able to communicate to flower svc and show initial failure logs.
"
https://api.github.com/repos/celery/Celery-Kubernetes-Operator/issues/8,https://api.github.com/repos/celery/Celery-Kubernetes-Operator,https://api.github.com/repos/celery/Celery-Kubernetes-Operator/issues/8/labels{/name},https://api.github.com/repos/celery/Celery-Kubernetes-Operator/issues/8/comments,https://api.github.com/repos/celery/Celery-Kubernetes-Operator/issues/8/events,https://github.com/celery/Celery-Kubernetes-Operator/issues/8,650913116,MDU6SXNzdWU2NTA5MTMxMTY=,8,Add deployment spec for the operator,gautamp8,enhancement,closed,False,,,,0,2020-07-04T15:49:35Z,2020-08-30T06:29:42Z,2020-08-30T06:29:42Z,COLLABORATOR,Add spec for deploying the operator on a Kubernetes cluster
https://api.github.com/repos/celery/Celery-Kubernetes-Operator/issues/7,https://api.github.com/repos/celery/Celery-Kubernetes-Operator,https://api.github.com/repos/celery/Celery-Kubernetes-Operator/issues/7/labels{/name},https://api.github.com/repos/celery/Celery-Kubernetes-Operator/issues/7/comments,https://api.github.com/repos/celery/Celery-Kubernetes-Operator/issues/7/events,https://github.com/celery/Celery-Kubernetes-Operator/issues/7,646867315,MDU6SXNzdWU2NDY4NjczMTU=,7,Plan till first production release,gautamp8,enhancement,open,False,,,,2,2020-06-28T08:07:33Z,2021-03-21T10:32:49Z,,COLLABORATOR,"Here's the accepted CEP for the project - https://github.com/celery/ceps/blob/master/draft/celery-kubernetes-operator.rst
This issue is to outline the TODOs and plan the first production-ready release for the operator.

- [x] Define the goals for the first release
- [x] Finalize the CRD template, add documentation
- [ ] Improve the handlers code and project structure/layering (Use classes to represent Celery/Flower deployments)
- [ ] Add tests for all the handlers, include coverage plugins, bring >95% test coverage
- [ ] Test the operator operations in a Kubernetes cluster under production traffic for two weeks
- [ ] Improve readme, documentation and prepare for the first release"
https://api.github.com/repos/celery/Celery-Kubernetes-Operator/issues/6,https://api.github.com/repos/celery/Celery-Kubernetes-Operator,https://api.github.com/repos/celery/Celery-Kubernetes-Operator/issues/6/labels{/name},https://api.github.com/repos/celery/Celery-Kubernetes-Operator/issues/6/comments,https://api.github.com/repos/celery/Celery-Kubernetes-Operator/issues/6/events,https://github.com/celery/Celery-Kubernetes-Operator/issues/6,646866536,MDU6SXNzdWU2NDY4NjY1MzY=,6,Implement autoscale/downscale workers based on queue length,gautamp8,enhancement,closed,False,,,,0,2020-06-28T08:02:36Z,2020-08-30T06:28:36Z,2020-08-30T06:28:36Z,COLLABORATOR,"We can probably use metrics exposed by flower such as queue length to scale/downscale the number of workers. A discussion on the usage of daemon feature provided by Kopf is going on in [issues](https://github.com/zalando-incubator/kopf/issues/379) for the implementation of same.

Awaiting reply from Sergey there."
https://api.github.com/repos/celery/Celery-Kubernetes-Operator/issues/5,https://api.github.com/repos/celery/Celery-Kubernetes-Operator,https://api.github.com/repos/celery/Celery-Kubernetes-Operator/issues/5/labels{/name},https://api.github.com/repos/celery/Celery-Kubernetes-Operator/issues/5/comments,https://api.github.com/repos/celery/Celery-Kubernetes-Operator/issues/5/events,https://github.com/celery/Celery-Kubernetes-Operator/issues/5,646865743,MDU6SXNzdWU2NDY4NjU3NDM=,5,Add support for specifying flower service type in CRD,gautamp8,enhancement,closed,False,,,,0,2020-06-28T07:57:15Z,2021-03-21T10:30:42Z,2021-03-21T10:30:42Z,COLLABORATOR,"It is important to give the support for service type(Default, NodePort, LB) needed for the flower service this operator creates. "
https://api.github.com/repos/celery/Celery-Kubernetes-Operator/issues/4,https://api.github.com/repos/celery/Celery-Kubernetes-Operator,https://api.github.com/repos/celery/Celery-Kubernetes-Operator/issues/4/labels{/name},https://api.github.com/repos/celery/Celery-Kubernetes-Operator/issues/4/comments,https://api.github.com/repos/celery/Celery-Kubernetes-Operator/issues/4/events,https://github.com/celery/Celery-Kubernetes-Operator/issues/4,646865398,MDU6SXNzdWU2NDY4NjUzOTg=,4,Re-organize the project files by taking reference from the other operator projects,gautamp8,enhancement,open,False,,,,0,2020-06-28T07:55:11Z,2020-06-28T07:55:32Z,,COLLABORATOR,"Standardization in the way the project is built(directory structure, naming conventions etc) is good to have. Need to explore other operator project and do some reorganization."
https://api.github.com/repos/celery/Celery-Kubernetes-Operator/issues/3,https://api.github.com/repos/celery/Celery-Kubernetes-Operator,https://api.github.com/repos/celery/Celery-Kubernetes-Operator/issues/3/labels{/name},https://api.github.com/repos/celery/Celery-Kubernetes-Operator/issues/3/comments,https://api.github.com/repos/celery/Celery-Kubernetes-Operator/issues/3/events,https://github.com/celery/Celery-Kubernetes-Operator/issues/3,646865135,MDU6SXNzdWU2NDY4NjUxMzU=,3,Add operator test cases,gautamp8,enhancement,open,False,,,,0,2020-06-28T07:53:40Z,2020-06-28T07:53:40Z,,COLLABORATOR,Adding test cases is a must for this project. Explore how operator can be tested from kopf documentation and write tests.
https://api.github.com/repos/celery/Celery-Kubernetes-Operator/issues/2,https://api.github.com/repos/celery/Celery-Kubernetes-Operator,https://api.github.com/repos/celery/Celery-Kubernetes-Operator/issues/2/labels{/name},https://api.github.com/repos/celery/Celery-Kubernetes-Operator/issues/2/comments,https://api.github.com/repos/celery/Celery-Kubernetes-Operator/issues/2/events,https://github.com/celery/Celery-Kubernetes-Operator/issues/2,646864803,MDU6SXNzdWU2NDY4NjQ4MDM=,2,Add support for readiness probes for worker and flower deployments,gautamp8,enhancement,closed,False,,,,0,2020-06-28T07:51:19Z,2021-03-21T10:30:53Z,2021-03-21T10:30:52Z,COLLABORATOR,kubelet uses readiness probes to know when a container is ready to start accepting traffic. Including them to know when celery and flower are actually up would be a good addition.
https://api.github.com/repos/celery/Celery-Kubernetes-Operator/issues/1,https://api.github.com/repos/celery/Celery-Kubernetes-Operator,https://api.github.com/repos/celery/Celery-Kubernetes-Operator/issues/1/labels{/name},https://api.github.com/repos/celery/Celery-Kubernetes-Operator/issues/1/comments,https://api.github.com/repos/celery/Celery-Kubernetes-Operator/issues/1/events,https://github.com/celery/Celery-Kubernetes-Operator/issues/1,646864400,MDU6SXNzdWU2NDY4NjQ0MDA=,1,Add support for more celery and flower CLI parameters,gautamp8,enhancement,closed,False,,,,0,2020-06-28T07:48:31Z,2020-08-30T06:29:15Z,2020-08-30T06:29:15Z,COLLABORATOR,CRD needs to support all configuration parameters which celery and flower command line support
