URL,Repository URL,Labels URL,Comments URL,Events URL,HTML URL,ID,Node ID,Number,Title,User,Labels,State,Locked,Assignee,Assignees,Milestone,Comments,Created At,Updated At,Closed At,Author Association,Body
https://api.github.com/repos/celery/celerytest/issues/3,https://api.github.com/repos/celery/celerytest,https://api.github.com/repos/celery/celerytest/issues/3/labels{/name},https://api.github.com/repos/celery/celerytest/issues/3/comments,https://api.github.com/repos/celery/celerytest/issues/3/events,https://github.com/celery/celerytest/issues/3,1654706922,I_kwDOAsMRkc5ioNLq,3,No module named `config`,thearod5,,open,False,,,,0,2023-04-04T23:32:32Z,2023-04-05T02:42:18Z,,NONE,"Hello, I am trying to setup celerytest to work with Django. I have tried following all the steps but got stuck trying to setup a unit test. Specifically, when importing `from celerytest import setup_celery_worker` the `__init__.py` file at the root of the repo is not able to find the package `config`. When checking out the repo this makes sense to have worked locally but when packaged through pip it is trying to find `config` through my local files. Below is my stack trace and code file.

Traceback (most recent call last):
```
  File ""/Library/Developer/CommandLineTools/Library/Frameworks/Python3.framework/Versions/3.9/lib/python3.9/unittest/loader.py"", line 154, in loadTestsFromName
    module = __import__(module_name)
  File ""/Users/albertorodriguez/Projects/SAFA/tgen-api/api/views/tests/test_prediction_view.py"", line 1, in <module>
    from tests.api_base_test import ApiBaseTest
  File ""/Users/albertorodriguez/Projects/SAFA/tgen-api/api/tests/api_base_test.py"", line 5, in <module>
    from celerytest import setup_celery_worker
  File ""/Users/albertorodriguez/Projects/SAFA/tgen-api/venv/lib/python3.9/site-packages/celerytest/__init__.py"", line 1, in <module>
    from config import CELERY_TEST_BACKEND_CONFIG, CELERY_TEST_CONFIG
ModuleNotFoundError: No module named 'config'
```
Code:

```
import json
from typing import Dict
from unittest import TestCase

from celerytest import setup_celery_worker
from celerytest.testcase import CeleryTestCaseMixin
from django.core.wsgi import get_wsgi_application
from django.test import Client
from dotenv import load_dotenv

from server.celery import app

setup_celery_worker(app)  # need to setup worker outside


class ApiBaseTest(CeleryTestCaseMixin, TestCase):
    """"""
    The common unit test for API layer.
    """"""
    celery_app = app
    celery_concurrency = 4

    def setUp(self) -> None:
        """"""
        Sets up the django environment.
        """"""
        load_dotenv()
        get_wsgi_application()
```"
https://api.github.com/repos/celery/celerytest/issues/2,https://api.github.com/repos/celery/celerytest,https://api.github.com/repos/celery/celerytest/issues/2/labels{/name},https://api.github.com/repos/celery/celerytest/issues/2/comments,https://api.github.com/repos/celery/celerytest/issues/2/events,https://github.com/celery/celerytest/issues/2,1091801677,I_kwDOAsMRkc5BE5JN,2,keep it up to date,auvipy,,closed,False,,,,1,2022-01-01T11:53:20Z,2022-01-02T14:46:30Z,2022-01-02T14:46:30Z,MEMBER,ref https://github.com/RentMethod/celerytest/pull/7
