URL,Repository URL,Labels URL,Comments URL,Events URL,HTML URL,ID,Node ID,Number,Title,User,Labels,State,Locked,Assignee,Assignees,Milestone,Comments,Created At,Updated At,Closed At,Author Association,Body
https://api.github.com/repos/celery/ceps/issues/35,https://api.github.com/repos/celery/ceps,https://api.github.com/repos/celery/ceps/issues/35/labels{/name},https://api.github.com/repos/celery/ceps/issues/35/comments,https://api.github.com/repos/celery/ceps/issues/35/events,https://github.com/celery/ceps/issues/35,1440272761,I_kwDOBu5gYs5V2NF5,35,RabbitMQ Streams,auvipy,,open,False,,,,0,2022-11-08T14:07:52Z,2022-11-08T14:07:52Z,,MEMBER,
https://api.github.com/repos/celery/ceps/issues/31,https://api.github.com/repos/celery/ceps,https://api.github.com/repos/celery/ceps/issues/31/labels{/name},https://api.github.com/repos/celery/ceps/issues/31/comments,https://api.github.com/repos/celery/ceps/issues/31/events,https://github.com/celery/ceps/issues/31,865225470,MDU6SXNzdWU4NjUyMjU0NzA=,31,Jumpstarter,thedrow,,open,False,thedrow,"thedrow, ahopkins, MicahLyle",,3,2021-04-22T17:20:19Z,2021-05-07T01:05:10Z,,MEMBER,We need to write a design CEP for Jumpstarter.
https://api.github.com/repos/celery/ceps/issues/30,https://api.github.com/repos/celery/ceps,https://api.github.com/repos/celery/ceps/issues/30/labels{/name},https://api.github.com/repos/celery/ceps/issues/30/comments,https://api.github.com/repos/celery/ceps/issues/30/events,https://github.com/celery/ceps/issues/30,771360158,MDU6SXNzdWU3NzEzNjAxNTg=,30,Open points for Kubernetes operator,gautamp8,,open,False,,,,3,2020-12-19T11:07:47Z,2021-06-24T08:40:58Z,,COLLABORATOR,"https://github.com/celery/ceps/pull/29 describes the first draft of Celery Kubernetes operator. This issue describes some of the open points for the implementation that need exploration.

- [ ]  Add detailed documentation for CRD spec for Celery - An exhaustive list of parameters to be supported and their use-cases
- [ ] Deep dive into autoscaling implementation and parameters on which it should be triggered
- [ ] Deployment and distribution approach to be able to install the preferred broker + results backend along with the operator
- [ ] Any other use-cases the operator should support"
https://api.github.com/repos/celery/ceps/issues/26,https://api.github.com/repos/celery/ceps,https://api.github.com/repos/celery/ceps/issues/26/labels{/name},https://api.github.com/repos/celery/ceps/issues/26/comments,https://api.github.com/repos/celery/ceps/issues/26/events,https://github.com/celery/ceps/issues/26,604472304,MDU6SXNzdWU2MDQ0NzIzMDQ=,26,Reconsider communication channels for getting help,georgepsarakis,project-governance,open,False,,,,3,2020-04-22T05:41:54Z,2020-04-28T16:37:23Z,,NONE,"Several requests for help or debugging are opened as GitHub issues. The recommended communication methods are listed [here](https://docs.celeryproject.org/en/stable/getting-started/resources.html#getting-help), and possibly some of them are outdated, for example the `Wiki` link.

Some suggestions for possibly improving the communication between Celery users and also maintainers:
1. Instead of using IRC only, introduce [Gitter](https://gitter.im/) or [Slack](https://slack.com/intl/en-gr/).
2. Add an entry for opening StackOverflow questions with specific tags."
https://api.github.com/repos/celery/ceps/issues/24,https://api.github.com/repos/celery/ceps,https://api.github.com/repos/celery/ceps/issues/24/labels{/name},https://api.github.com/repos/celery/ceps/issues/24/comments,https://api.github.com/repos/celery/ceps/issues/24/events,https://github.com/celery/ceps/issues/24,493450333,MDU6SXNzdWU0OTM0NTAzMzM=,24,Kubernetes operator for Celery,jmdacruz,,open,False,auvipy,auvipy,Celery 5.0,25,2019-09-13T18:01:59Z,2020-08-30T13:07:28Z,,NONE,"This proposal is about having a Kubernetes operator (see [here](https://kubernetes.io/docs/concepts/extend-kubernetes/operator/) and [here](https://coreos.com/operators/)). The scope of the operator would be the following:
* Defining a [CRD](https://kubernetes.io/docs/concepts/extend-kubernetes/api-extension/custom-resources/) for a `CeleryApplication`. This resource would contain the configuration for the cluster (e.g., container resource requests/limits, number of replicas), Celery configuration (e.g., broker and result backend configuration), Docker image with the code and launch parameters (e.g., location of the code inside the container, virtualenv)
  * As an alternative, the CRD could include a URL for downloading a Python package with the code of the application, instead of the Docker image.
* The operator itself would manage the control loop of the `CeleryApplication` CRD, and would spawn a Kubernetes `Deployment` for the cluster, and also a `Deployment` for running `flower`. It would also create a Kubernetes `Service` so that we can access the `flower` UI/API
* Broker and result backend configuration would be out of scope of the operator, these have to be created before hand. A set of `CeleryApplication` resources should be able to use a shared broker and result backend, but they can pick their own broker configuration too.

This idea is inspired by the Flink Kubernetes Operator developed by Lyft: https://github.com/lyft/flinkk8soperator"
https://api.github.com/repos/celery/ceps/issues/23,https://api.github.com/repos/celery/ceps,https://api.github.com/repos/celery/ceps/issues/23/labels{/name},https://api.github.com/repos/celery/ceps/issues/23/comments,https://api.github.com/repos/celery/ceps/issues/23/events,https://github.com/celery/ceps/issues/23,461448791,MDU6SXNzdWU0NjE0NDg3OTE=,23,Any ETA on the CEP 1 document?,dejlek,,closed,False,,,,1,2019-06-27T10:27:15Z,2019-06-27T10:28:35Z,2019-06-27T10:28:35Z,NONE,"As the title says...
How can we write any enhancement proposal if we do not have the CEP 1? :)"
https://api.github.com/repos/celery/ceps/issues/22,https://api.github.com/repos/celery/ceps,https://api.github.com/repos/celery/ceps/issues/22/labels{/name},https://api.github.com/repos/celery/ceps/issues/22/comments,https://api.github.com/repos/celery/ceps/issues/22/events,https://github.com/celery/ceps/issues/22,438591341,MDU6SXNzdWU0Mzg1OTEzNDE=,22,AsyncIO Roadmap - start with client?,epruesse,,closed,False,,,,2,2019-04-30T03:28:18Z,2019-06-27T12:24:43Z,2019-06-27T12:24:43Z,NONE,"# Checklist
- [x] I have checked the [issues list](https://github.com/celery/celery/issues?utf8=%E2%9C%93&q=is%3Aissue+label%3A%22Issue+Type%3A+Feature+Request%22+)  for similar or identical feature requests.
- [x] I have checked the [pull requests list](https://github.com/celery/celery/pulls?utf8=%E2%9C%93&q=is%3Apr+label%3A%22PR+Type%3A+Feature%22+)  for existing proposed implementations of this feature.
- [x] I have checked the [commit log](https://github.com/celery/celery/commits/master)  to find out if the if the same feature was already implemented in the master branch.
- [x] I have included all related issues and possible duplicate issues in this issue (If there are none, check this box anyway).

## Related Issues and Possible Duplicates

#### Related Issues

- Billard replacement #4407
- Release Cycle #4957

#### Possible Duplicates

- #3883, ...

#### Related Projects:

- Asyncio Celery Client: https://github.com/mher/tornado-celery
- Asyncio Celery Alternative: https://github.com/cr0hn/aiotasks

# Brief Summary

It would be great to have support for async scheduling of tasks.

Obviously, support for Python `asyncio` is already the list, and full support will need a lot of work. Perhaps a roadmap or TODO list with items that people can work on would help?

#### Worker - not essential?
The worker runs already parallel, starting a loop is trivially possible with a custom Task class and often enough, things done in a task may not lend themselves to easy `asyncio`-ization. So personally, I think this is less critical. If desired, I can provide a PR to allow

```python
@task()
async def just_sleep(time):
    await asyncio.sleep(time)
```

#### Client - start with this?

Blocking calls on the client side, however, are more cumbersome. When scheduling tasks from e.g. an `aiohttp` web server, calling `some_task.async_apply()` blocks and naive calls to `get()` also block. Not sure if using `Executor`s helps - for now I myself have carefully implemented things so that I never ever wait for a result of a task on the client side.



# Design

I don't understand the internals of Celery enough for this. Perhaps like so:

1. Implement an `Executor` based wrapper for backends
2. Add co-routines to interface that use executor for async task scheduling and result checking
3. Add internal loop management for sync calls
4. Rewrite backend by backend to become asyncio capable

Code churn is likely preferable over a big rewrite that will never finish. So adding an asyncio API by just using threads/processes internally and iteratively working out the internal details sounds like an approach that might also allow sharing the work with more ""stakeholders""?

## Architectural Considerations

Lots...

## Proposed Behavior

It would be a great first step if it was possible to `await` task results from an asyncio loop. At some future point, it would be great if celery was async native not only in the coding style the tasks demand, but also in the way it works internally.

## Proposed UI/UX

```python
task  = await some_task.s(arg).awaitable_async_apply()
res = await task.awaitable_get()

res = await.some_task.s(arg).awaitable_apply()
```

It's a bit tough that `async_apply()` is already taken, having a hard time coming up with good names as the usual approach for sync/async alternate API is to prefix with `async_`. 

## Diagrams
N/A

## Alternatives
None
"
https://api.github.com/repos/celery/ceps/issues/18,https://api.github.com/repos/celery/ceps,https://api.github.com/repos/celery/ceps/issues/18/labels{/name},https://api.github.com/repos/celery/ceps/issues/18/comments,https://api.github.com/repos/celery/ceps/issues/18/events,https://github.com/celery/ceps/issues/18,430147462,MDU6SXNzdWU0MzAxNDc0NjI=,18,Celery Next gen Architecture,thedrow,,open,False,thedrow,thedrow,Celery 5.0,4,2019-04-07T13:44:34Z,2021-12-14T16:12:35Z,,MEMBER,"Points for Discussion
- [ ] Celery Router
- [ ] Celery Controller
- [ ] Celery Worker

See (in progress) [Draw.io diagram](https://github.com/celery/ceps/blob/master/draft/celery-5-architecture)."
https://api.github.com/repos/celery/ceps/issues/17,https://api.github.com/repos/celery/ceps,https://api.github.com/repos/celery/ceps/issues/17/labels{/name},https://api.github.com/repos/celery/ceps/issues/17/comments,https://api.github.com/repos/celery/ceps/issues/17/events,https://github.com/celery/ceps/issues/17,429635919,MDU6SXNzdWU0Mjk2MzU5MTk=,17,Modernized Website for Celery 5.0,thedrow,,open,False,,,Celery 5.0,2,2019-04-05T08:17:43Z,2020-04-19T18:15:16Z,,MEMBER,"Celery's website looks outdated and probably contains a lot of irrelevant/outdated information.
We should redesign it and ensure it fits our demands and promotes our projects (and more importantly the funding to those projects) accordingly."
https://api.github.com/repos/celery/ceps/issues/16,https://api.github.com/repos/celery/ceps,https://api.github.com/repos/celery/ceps/issues/16/labels{/name},https://api.github.com/repos/celery/ceps/issues/16/comments,https://api.github.com/repos/celery/ceps/issues/16/events,https://github.com/celery/ceps/issues/16,429385454,MDU6SXNzdWU0MjkzODU0NTQ=,16,Release Procedure,thedrow,,open,False,,,Proposals for CEPs,5,2019-04-04T16:57:47Z,2020-03-16T18:44:06Z,,MEMBER,"Points for discussion:
- [ ] Release Issue
- [ ] Release Milestone
- [ ] Release Instructions Documentation
- [ ] Release Schedule
- [ ] Notification Channels
- [ ] Versioning Standards
- [ ] Automation & Bots"
https://api.github.com/repos/celery/ceps/issues/15,https://api.github.com/repos/celery/ceps,https://api.github.com/repos/celery/ceps/issues/15/labels{/name},https://api.github.com/repos/celery/ceps/issues/15/comments,https://api.github.com/repos/celery/ceps/issues/15/events,https://github.com/celery/ceps/issues/15,429382369,MDU6SXNzdWU0MjkzODIzNjk=,15,CI/CD Standards for Code Libraries,thedrow,,open,False,,,Proposals for CEPs,10,2019-04-04T16:50:17Z,2020-08-02T11:35:15Z,,MEMBER,"Points for discussion:

### CI
- [ ] Code Linters
- [ ] Test Runner & Required Plugins
- [ ] Definition of Unit Tests
- [ ] Definition of Functional Tests
- [ ] Definition of Integration/Acceptance Tests
- [ ] Test Coverage Target
- [ ] Build Stages
- [ ] Reporting Results
- [ ] Required Checks
- [ ] Optional Checks
- [ ] CI Services

### CD
- [ ] Nightly Build
- [ ] Trigger Releases Using Tags
- [ ] Standards for Releases (When to fail to release)"
https://api.github.com/repos/celery/ceps/issues/14,https://api.github.com/repos/celery/ceps,https://api.github.com/repos/celery/ceps/issues/14/labels{/name},https://api.github.com/repos/celery/ceps/issues/14/comments,https://api.github.com/repos/celery/ceps/issues/14/events,https://github.com/celery/ceps/issues/14,429312175,MDU6SXNzdWU0MjkzMTIxNzU=,14,Formalize the Core Developers team,thedrow,,closed,False,,,Initial Steps,21,2019-04-04T14:29:50Z,2019-12-16T15:50:18Z,2019-12-16T14:35:58Z,MEMBER,"As described in [CEP-1](https://github.com/celery/ceps/blob/master/draft/0001-cep-process.rst) we need to form a Core Developers team which will have commit access to all repositories of the project.
I think that in order to ensure the longevity of the project and as a way to express our gratitude, @ask should remain a core developer for life. 

Please check your username if you have permission to do so or comment if you'd like to be part of the core developers team:
- [x] @ask 
- [x] @thedrow
- [x] @auvipy 
- [x] @georgepsarakis
- [ ] ~@ionelmc~ 
- [ ] @matusvalo
- [ ] @mher 
- [ ] ~@steeve~
- [x] @xirdneh

If you were pinged by accident, I apologize and you may ignore it :)

If you are not on the list and would like to volunteer, please comment here to nominate yourself.
You may also nominate others if they wish to participate.
The existing members will vote to elect new members.

If you'd like to be removed from this list, comment here as well and we will remove you.

If you ignore this issue, in 90 days you will be removed from the list.
You may re-submit yourself at a later time."
https://api.github.com/repos/celery/ceps/issues/13,https://api.github.com/repos/celery/ceps,https://api.github.com/repos/celery/ceps/issues/13/labels{/name},https://api.github.com/repos/celery/ceps/issues/13/comments,https://api.github.com/repos/celery/ceps/issues/13/events,https://github.com/celery/ceps/issues/13,429256455,MDU6SXNzdWU0MjkyNTY0NTU=,13,Recruit the Technical Board,thedrow,,closed,False,thedrow,thedrow,Initial Steps,34,2019-04-04T12:41:06Z,2019-08-18T14:42:11Z,2019-08-18T13:47:54Z,MEMBER,"As described in [CEP-1](https://github.com/celery/ceps/blob/master/draft/0001-cep-process.rst) we need to form a Technical Board to review the technical choices for this project.

The goal of the technical board is to review new CEPs and ensure they are technically sound.
No hands on work is required, although it's certainly encouraged.

@celery/technical-board @celery/core @celery/umbrella @celery/django-celery @celery/kombu 

Below are mentioned current developers with commit rights and the most frequent contributors to each of our repositories.

Please check your username if you have permission to do so or comment if you'd like to be part of the technical board:

### Accepted
- [x] @thedrow
- [x] @georgepsarakis 
- [x] @auvipy
- [x] @frankwiles
- [x] @othalla
- [x] @berkerpeksag
- [x] @alukach
- [x] @jezdez
- [x] @clokep
- [x] @PMickael

### Pending
- [ ] @halfdan
- [ ] @ionelmc
- [ ] @jdufresne
- [ ] @matusvalo
- [ ] @mher 
- [ ] ~@steeve~ 
- [x] @xirdneh
- [ ] @bmbouter
- [ ] @flaper87
- [ ] @AlexHill
- [ ] @andrewsnowden
- [ ] @daevaorn
- [ ] @fireantology
- [ ] @lorenabrams
- [ ] @pelme
- [ ] @rumineykova 
- [ ] @piotrmaslanka
- [ ] @nvie
- [ ] @lorenabrams
- [ ] @heyman
- [ ] @jkozera 
- [ ] @acdha
- [ ] @DXist
- [ ] @toofishes
- [ ] @brianmay
- [ ] @gcachet
- [ ] @streeter
- [ ] @dcramer
- [ ] @Anarchist666
- [ ] @fredj
- [ ] @gthb
- [ ] @brosner
- [ ] @atombrella
- [ ] @nazavode 
- [ ] @dctrwatson
- [ ] @mahendra
- [ ] @beav
- [ ] @reclaro

If you were pinged by accident, I apologize and you may ignore it :)

If you are not on the list and would like to volunteer, please comment here to nominate yourself.
You may also nominate others if they wish to participate.
The existing members will vote to elect new members.

If you'd like to be removed from this list, comment here as well and we will remove you.

If you ignore this issue, in 90 days you will be removed from the list.
You may re-submit yourself at a later time."
https://api.github.com/repos/celery/ceps/issues/12,https://api.github.com/repos/celery/ceps,https://api.github.com/repos/celery/ceps/issues/12/labels{/name},https://api.github.com/repos/celery/ceps/issues/12/comments,https://api.github.com/repos/celery/ceps/issues/12/events,https://github.com/celery/ceps/issues/12,429194508,MDU6SXNzdWU0MjkxOTQ1MDg=,12,Set up readthedocs,thedrow,,open,False,,,Initial Steps,4,2019-04-04T10:12:46Z,2022-04-30T07:15:27Z,,MEMBER,"- [x] Create sphinx configuration.
- [x] Enable readthedocs.
- [ ] Create a subdomain.
- [ ] Ensure HTTPS works properly.
- [ ] Add a link to Celery's documentation that points to that subdomain."
https://api.github.com/repos/celery/ceps/issues/11,https://api.github.com/repos/celery/ceps,https://api.github.com/repos/celery/ceps/issues/11/labels{/name},https://api.github.com/repos/celery/ceps/issues/11/comments,https://api.github.com/repos/celery/ceps/issues/11/events,https://github.com/celery/ceps/issues/11,429193624,MDU6SXNzdWU0MjkxOTM2MjQ=,11,Set up CI,thedrow,,closed,False,,,Initial Steps,0,2019-04-04T10:10:41Z,2019-04-22T09:13:44Z,2019-04-22T09:13:44Z,MEMBER,"The CI process for ceps should run:
- [x] [proselint](https://github.com/amperser/proselint)
- [x] A spell checker
- [x] A sphinx build step with `-W` specified."
https://api.github.com/repos/celery/ceps/issues/10,https://api.github.com/repos/celery/ceps,https://api.github.com/repos/celery/ceps/issues/10/labels{/name},https://api.github.com/repos/celery/ceps/issues/10/comments,https://api.github.com/repos/celery/ceps/issues/10/events,https://github.com/celery/ceps/issues/10,377123227,MDU6SXNzdWUzNzcxMjMyMjc=,10,Re-write kombu v6 to be Python 3.10+ async friendly way / or add partial async support beside sync,auvipy,,open,False,,,Proposals for CEPs,2,2018-11-04T05:37:05Z,2023-11-13T05:09:25Z,,MEMBER,
https://api.github.com/repos/celery/ceps/issues/9,https://api.github.com/repos/celery/ceps,https://api.github.com/repos/celery/ceps/issues/9/labels{/name},https://api.github.com/repos/celery/ceps/issues/9/comments,https://api.github.com/repos/celery/ceps/issues/9/events,https://github.com/celery/ceps/issues/9,324689031,MDU6SXNzdWUzMjQ2ODkwMzE=,9,Apache Kafka Support design docs,auvipy,,open,False,auvipy,auvipy,Proposals for CEPs,4,2018-05-20T07:08:04Z,2022-05-04T08:35:08Z,,MEMBER,
https://api.github.com/repos/celery/ceps/issues/8,https://api.github.com/repos/celery/ceps,https://api.github.com/repos/celery/ceps/issues/8/labels{/name},https://api.github.com/repos/celery/ceps/issues/8/comments,https://api.github.com/repos/celery/ceps/issues/8/events,https://github.com/celery/ceps/issues/8,297166816,MDU6SXNzdWUyOTcxNjY4MTY=,8,"AMQP, lower TTL on event queues",carlhoerberg,,open,False,,,Proposals for CEPs,0,2018-02-14T16:46:22Z,2019-04-04T10:14:00Z,,NONE,"Default event_queue_expires = 60
The default of 24h is not good because sometimes when ev-queues are not consumed from they wouldn't be deleted until 24h later, and that could case tens of thousands of queues to accumulate, casuing out of memory on the server and crashing it. "
https://api.github.com/repos/celery/ceps/issues/7,https://api.github.com/repos/celery/ceps,https://api.github.com/repos/celery/ceps/issues/7/labels{/name},https://api.github.com/repos/celery/ceps/issues/7/comments,https://api.github.com/repos/celery/ceps/issues/7/events,https://github.com/celery/ceps/issues/7,297166538,MDU6SXNzdWUyOTcxNjY1Mzg=,7,"AMQP RPC, use direct-reply-to",carlhoerberg,,open,False,,,Proposals for CEPs,0,2018-02-14T16:45:37Z,2019-04-04T10:14:00Z,,NONE,"The RPC backend should use the very fast direct-reply feature in RabbitMQ: https://www.rabbitmq.com/direct-reply-to.html instead of creating a new queue for each result. Especially for clustered server creating a deleting queues is a very slow process, crippling the RPC throughput to a few requests/s. "
https://api.github.com/repos/celery/ceps/issues/6,https://api.github.com/repos/celery/ceps,https://api.github.com/repos/celery/ceps/issues/6/labels{/name},https://api.github.com/repos/celery/ceps/issues/6/comments,https://api.github.com/repos/celery/ceps/issues/6/events,https://github.com/celery/ceps/issues/6,297166193,MDU6SXNzdWUyOTcxNjYxOTM=,6,"AMQP, disable connection pooling",carlhoerberg,,open,False,,,Proposals for CEPs,2,2018-02-14T16:44:38Z,2019-08-19T11:31:43Z,,NONE,Default to broker_pool_limit = 1. There is no point in having many connections to a RabbitMQ server from a single process. Instead each worker/thread should have their own channel. 
https://api.github.com/repos/celery/ceps/issues/5,https://api.github.com/repos/celery/ceps,https://api.github.com/repos/celery/ceps/issues/5/labels{/name},https://api.github.com/repos/celery/ceps/issues/5/comments,https://api.github.com/repos/celery/ceps/issues/5/events,https://github.com/celery/ceps/issues/5,297165819,MDU6SXNzdWUyOTcxNjU4MTk=,5,"AMQP, prefetch limit 1",carlhoerberg,,open,False,,,Proposals for CEPs,0,2018-02-14T16:43:36Z,2019-04-04T10:14:00Z,,NONE,"Default to worker_prefetch_multiplier = 1
Most celery workers doesn't have a throughput that justifies a large prefetch amount, and second, you use AMQP global prefetch instead of consumer level prefetch, which is A LOT heavier for the server: https://www.rabbitmq.com/consumer-prefetch.html"
https://api.github.com/repos/celery/ceps/issues/4,https://api.github.com/repos/celery/ceps,https://api.github.com/repos/celery/ceps/issues/4/labels{/name},https://api.github.com/repos/celery/ceps/issues/4/comments,https://api.github.com/repos/celery/ceps/issues/4/events,https://github.com/celery/ceps/issues/4,297165489,MDU6SXNzdWUyOTcxNjU0ODk=,4,"AMQP, disable heartbeats by default",carlhoerberg,,open,False,,,Proposals for CEPs,0,2018-02-14T16:42:47Z,2019-04-04T10:14:00Z,,NONE,"With many workers, and each sending a heartbeat message every 2s the accumulated throughput can be tens of thousands of msgs/s just for just heartbeats, which are completely redundant, as there are much more efficient heartbeat messages on both the AMQP protocol level AND the TCP level (TCP keepalive). "
https://api.github.com/repos/celery/ceps/issues/3,https://api.github.com/repos/celery/ceps,https://api.github.com/repos/celery/ceps/issues/3/labels{/name},https://api.github.com/repos/celery/ceps/issues/3/comments,https://api.github.com/repos/celery/ceps/issues/3/events,https://github.com/celery/ceps/issues/3,295643216,MDU6SXNzdWUyOTU2NDMyMTY=,3,Support for persisted callbacks / chaining,jmdacruz,,open,False,,,Proposals for CEPs,2,2018-02-08T19:50:25Z,2020-04-11T14:19:13Z,,NONE,"I've recently been looking at using celery for chained tasks or tasks with callbacks, where one or more of the tasks in the chain interacts with an external service that supports asynchronous callbacks for long duration tasks (e.g., a REST API to which you provide a URL to call you back when results are ready). This is even more critical in workloads where celery tasks spend a lot of time interacting with these types of services, because having the tasks wait for these responses hurts scalability (the longer the external service takes to response, the more celery tasks will be accumulated wasting resources, just waiting, so memory and CPU become the choke point).

We tackled this problem with Celery as-is. The approach we took was to break the chain of tasks in two pieces, ""head"" and ""tail"", where the ""head"" is the task performing the call to the external service, and the ""tail"" is the entrypoint for the callback. The ""head"" does a few things:
1) It serializes the ""tail"" (basically, getting the signature of the celery task in the callback and pickling it, including parameters), and stores this serialized version in a datastore (e.g., Redis) generating a URL that represents a callback to this ""sleeping"" task.
2) It calls the external service providing the URL callback.

When the external service finishes its work, it calls this callback URL causing the code behind it to retrieve the task from cold storage and invoke it with whatever was sent by the service. At this stage there are things that are common to any external service (e.g., retrieving the task from ""cold storage"", rehydrating it, and calling it), and things that might be specific to each service (e.g., manipulating the results from the callback, transformations).

This solution allows us to have a very large number of tasks waiting for external services (millions), only limited by database capacity and not by memory or CPU usage. **The question then is**: would it make sense to make any of this part of the standard Celery workflow? I believe that this is different from asyncio support (#1), since the requirement here is that these tasks should be dropped from memory completely in order for the solution to scale, but I'm not familiar with asyncio and what's possible.
 "
https://api.github.com/repos/celery/ceps/issues/2,https://api.github.com/repos/celery/ceps,https://api.github.com/repos/celery/ceps/issues/2/labels{/name},https://api.github.com/repos/celery/ceps/issues/2/comments,https://api.github.com/repos/celery/ceps/issues/2/events,https://github.com/celery/ceps/issues/2,288560433,MDU6SXNzdWUyODg1NjA0MzM=,2,Design strategy to include cell into kombu,auvipy,,open,False,auvipy,auvipy,Proposals for CEPs,0,2018-01-15T11:18:40Z,2019-04-04T10:14:00Z,,MEMBER,
https://api.github.com/repos/celery/ceps/issues/1,https://api.github.com/repos/celery/ceps,https://api.github.com/repos/celery/ceps/issues/1/labels{/name},https://api.github.com/repos/celery/ceps/issues/1/comments,https://api.github.com/repos/celery/ceps/issues/1/events,https://github.com/celery/ceps/issues/1,288558945,MDU6SXNzdWUyODg1NTg5NDU=,1,Write proposal for designing asyncio support,auvipy,,open,False,,,Proposals for CEPs,2,2018-01-15T11:12:58Z,2019-04-04T10:14:00Z,,MEMBER,https://github.com/erdewit/distex this could be a good candidate
