URL,Repository URL,Labels URL,Comments URL,Events URL,HTML URL,ID,Node ID,Number,Title,User,Labels,State,Locked,Assignee,Assignees,Milestone,Comments,Created At,Updated At,Closed At,Author Association,Body
https://api.github.com/repos/knime/knime-base/issues/2,https://api.github.com/repos/knime/knime-base,https://api.github.com/repos/knime/knime-base/issues/2/labels{/name},https://api.github.com/repos/knime/knime-base/issues/2/comments,https://api.github.com/repos/knime/knime-base/issues/2/events,https://github.com/knime/knime-base/issues/2,1007807172,I_kwDOCcydfc48EerE,2,Import knime-base to Eclipse workspace,mbio16,,open,False,,,,0,2021-09-27T07:39:24Z,2021-09-27T07:40:19Z,,NONE,"Hi, 

I have setup Eclipse workspace with knime SDK and I am able to run example project. I would like to make a node with FileSystemPortObject but I cannot find how to import knime-base to be able see this type of connection type in workspace. 

Thanks, for any suggestions.
"
https://api.github.com/repos/knime/knime-base/issues/1,https://api.github.com/repos/knime/knime-base,https://api.github.com/repos/knime/knime-base/issues/1/labels{/name},https://api.github.com/repos/knime/knime-base/issues/1/comments,https://api.github.com/repos/knime/knime-base/issues/1/events,https://github.com/knime/knime-base/issues/1,735081817,MDU6SXNzdWU3MzUwODE4MTc=,1,"failed to build on AArch64, CentOS 8 ",LutzWeischerFujitsu,,open,False,,,,0,2020-11-03T07:16:05Z,2020-11-03T07:16:05Z,,NONE,"mvn install -DskipTests

results in 

[WARNING] The POM for com.nuance.clu.maven:maven-feature-branch-extension:jar:0.6.0 is missing, no dependency information available
[WARNING] Failed to read extensions descriptor /data/jw/knime/knime-base/.mvn/extensions.xml: Plugin com.nuance.clu.maven:maven-feature-branch-extension:0.6.0 or one of its dependencies could not be resolved: Failure to find com.nuance.clu.maven:maven-feature-branch-extension:jar:0.6.0 in https://repo.maven.apache.org/maven2 was cached in the local repository, resolution will not be reattempted until the update interval of central has elapsed or updates are forced
[INFO] Scanning for projects...
[ERROR] [ERROR] Some problems were encountered while processing the POMs:
[FATAL] Non-resolvable parent POM for org.knime:knime-base:${revision}${changelist}: Could not transfer artifact org.knime.maven:ap.parent:pom:4.3.0 from/to p2-knime-core (${knime.core.p2}): Cannot access ${knime.core.p2} with type p2 using the available connector factories: BasicRepositoryConnectorFactory and 'parent.relativePath' points at wrong local POM @ line 5, column 10
 @
[ERROR] The build could not read 1 project -> [Help 1]
[ERROR]
[ERROR]   The project org.knime:knime-base:${revision}${changelist} (/data/jw/knime/knime-base/pom.xml) has 1 error
[ERROR]     Non-resolvable parent POM for org.knime:knime-base:${revision}${changelist}: Could not transfer artifact org.knime.maven:ap.parent:pom:4.3.0 from/to p2-knime-core (${knime.core.p2}): Cannot access ${knime.core.p2} with type p2 using the available connector factories: BasicRepositoryConnectorFactory and 'parent.relativePath' points at wrong local POM @ line 5, column 10: Cannot access ${knime.core.p2} with type p2 using the available layout factories: Maven2RepositoryLayoutFactory: Unsupported repository layout p2 -> [Help 2]
[ERROR]
[ERROR] To see the full stack trace of the errors, re-run Maven with the -e switch.
[ERROR] Re-run Maven using the -X switch to enable full debug logging.
[ERROR]
[ERROR] For more information about the errors and possible solutions, please read the following articles:
[ERROR] [Help 1] http://cwiki.apache.org/confluence/display/MAVEN/ProjectBuildingException
[ERROR] [Help 2] http://cwiki.apache.org/confluence/display/MAVEN/UnresolvableModelException"
https://api.github.com/repos/knime/knimepy/issues/33,https://api.github.com/repos/knime/knimepy,https://api.github.com/repos/knime/knimepy/issues/33/labels{/name},https://api.github.com/repos/knime/knimepy/issues/33/comments,https://api.github.com/repos/knime/knimepy/issues/33/events,https://github.com/knime/knimepy/issues/33,1227343822,I_kwDOCHps8s5JJ8fO,33,ChildProcessError when running process with Container Output Table,zunction,,open,False,,,,1,2022-05-06T02:13:34Z,2023-04-17T18:22:22Z,,NONE,"Hi, I run into this error when I try to run `wf.execute()`. particularly it has this message:

```
FileNotFoundError: [Errno 2] No such file or directory: 'C:\\Users\\S11006~1\\AppData\\Local\\Temp\\tmpaz0gcomo\\output_19.json'
```

My workflow is simple in this form

<img width=""259"" alt=""image"" src=""https://user-images.githubusercontent.com/9048944/167055364-17dcb0c1-21e0-4827-8321-8d5c589003dc.png"">

I have another workflow which does not run into any issues and it looks like this:

<img width=""415"" alt=""image"" src=""https://user-images.githubusercontent.com/9048944/167055467-208ddb46-95b4-4024-a094-0f06b95be824.png"">



Can i get some help on why this is happening?"
https://api.github.com/repos/knime/knimepy/issues/32,https://api.github.com/repos/knime/knimepy,https://api.github.com/repos/knime/knimepy/issues/32/labels{/name},https://api.github.com/repos/knime/knimepy/issues/32/comments,https://api.github.com/repos/knime/knimepy/issues/32/events,https://github.com/knime/knimepy/issues/32,892829172,MDU6SXNzdWU4OTI4MjkxNzI=,32,python KNIME  error,choa0707,,closed,False,,,,1,2021-05-17T02:20:17Z,2021-05-25T14:18:09Z,2021-05-25T14:18:08Z,NONE,"I tried to execute knime workflow but I received this:
WARNING:root:Return code from KNIME execution was non-zero
WARNING:root:captured stdout: b'CompilerOracle: exclude javax/swing/text/GlyphView.getBreakSpot\nInstall location:\n    file:/c:/Program Files/KNIME/\r\nConfiguration file:\n    file:/c:/Program Files/KNIME/configuration/config.ini loaded\r\nConfiguration location:\n    file:/c:/Program Files/KNIME/configuration/\r\nFramework located:\n    file:/c:/Program Files/KNIME/plugins/org.eclipse.osgi_3.15.200.v20200214-1600.jar\r\nLoading extension: reference:file:org.eclipse.osgi.compatibility.state_1.1.700.v20200207-2156.jar\r\n\teclipse.properties not found\r\nLoading extension: reference:file:javax.transaction_1.1.1.v201105210645.jar\r\n\teclipse.properties not found\r\nFramework classpath:\r\n    file:/c:/Program Files/KNIME/plugins/org.eclipse.osgi_3.15.200.v20200214-1600.jar\r\n    file:/c:/Program Files/KNIME/plugins/\r\n    file:/c:/Program Files/KNIME/plugins/org.eclipse.osgi.compatibility.state_1.1.700.v20200207-2156.jar\r\n    file:/c:/Program Files/KNIME/plugins/javax.transaction_1.1.1.v201105210645.jar\r\nDebug options:\n    
..........
..........
..........

This is my code in python : 
import knime
knime.executable_path = r""C:\Program Files\KNIME\knime.exe""
with knime.Workflow(r""C:\Users\Choa\Desktop\test.knwf"") as wf:
    wf.execute()

and my workflow is simply read csv and csv writer."
https://api.github.com/repos/knime/knimepy/issues/31,https://api.github.com/repos/knime/knimepy,https://api.github.com/repos/knime/knimepy/issues/31/labels{/name},https://api.github.com/repos/knime/knimepy/issues/31/comments,https://api.github.com/repos/knime/knimepy/issues/31/events,https://github.com/knime/knimepy/issues/31,876201769,MDU6SXNzdWU4NzYyMDE3Njk=,31,Throw exception when remote workflow execution fails,AlexanderFillbrunn,enhancement,open,False,applio,applio,,3,2021-05-05T08:28:58Z,2021-05-10T06:36:56Z,,NONE,"Currently, when I call a workflow on KNIME Server and the workflow fails for whatever reason, the output table is a table with some default columns and the execute method just returns without any indication that something went wrong.

```
column-string  column-int  column-double  column-long  column-boolean  \
0        value1           1            1.5         1000            True   
1        value2           2            2.5         2000           False   

  column-localdate     column-localdatetime  \
0       2018-03-27  2018-03-27T08:30:45.111   
1       2018-03-28  2018-03-28T08:30:45.111   

                          column-zoneddatetime  
0  2018-03-27T08:30:45.111+01:00[Europe/Paris]  
1  2018-03-28T08:30:45.111+01:00[Europe/Paris]
```

It would be much better if an exception was thrown or the execute method returned some status object so we do not have to rely on checking the column names of the output table to know if an error occurred."
https://api.github.com/repos/knime/knimepy/issues/30,https://api.github.com/repos/knime/knimepy,https://api.github.com/repos/knime/knimepy/issues/30/labels{/name},https://api.github.com/repos/knime/knimepy/issues/30/comments,https://api.github.com/repos/knime/knimepy/issues/30/events,https://github.com/knime/knimepy/issues/30,803361085,MDU6SXNzdWU4MDMzNjEwODU=,30,Add encoding argument to open,k-ujihara,,open,False,,,,1,2021-02-08T09:12:36Z,2021-07-16T12:32:00Z,,NONE,"`settings.xml` can contain non-ASCII characters such as"" ⇒ "", but it cannot be read by systems whose default encoding is not UTF-8.

This can be resolved by adding `encoding =""utf_8""` argument to `open` function. Character encoding is embedded in XML, so following it is more desirable .

https://github.com/knime/knimepy/blob/fc10f3840f80f5625d8c10bedceeda5476fc5096/knime.py#L71

Currently below workaround is required.
```bat
set PYTHONUTF8=1
```"
https://api.github.com/repos/knime/knimepy/issues/29,https://api.github.com/repos/knime/knimepy,https://api.github.com/repos/knime/knimepy/issues/29/labels{/name},https://api.github.com/repos/knime/knimepy/issues/29/comments,https://api.github.com/repos/knime/knimepy/issues/29/events,https://github.com/knime/knimepy/issues/29,757817932,MDU6SXNzdWU3NTc4MTc5MzI=,29,Consider eliminating use of requests for remote workflow functionality,applio,bug,open,False,,,,1,2020-12-06T01:04:25Z,2020-12-07T05:37:34Z,,COLLABORATOR,"With the merging of PR #12, there is now a dependency on the `requests` module for remote workflow functionality.  While the use of this popular module is very appropriate, it does deviate from the goal of having `knime.py` not depend upon anything outside of Python itself.  Even the `pandas` module is purely optional but when it comes to remote workflow functionality the same can not be said for `requests`.

Either this functionality should be supplied by the Python Standard Library's `urllib.request` and related modules or the stated goal of depending upon nothing more than a standard Python installation should be updated."
https://api.github.com/repos/knime/knimepy/issues/28,https://api.github.com/repos/knime/knimepy,https://api.github.com/repos/knime/knimepy/issues/28/labels{/name},https://api.github.com/repos/knime/knimepy/issues/28/comments,https://api.github.com/repos/knime/knimepy/issues/28/events,https://github.com/knime/knimepy/issues/28,752272343,MDU6SXNzdWU3NTIyNzIzNDM=,28,Run workflow in .knwf file,imagejan,,open,False,,,,0,2020-11-27T13:57:52Z,2020-11-27T13:57:52Z,,NONE,"As far as I can see, the workflow called by `knime.Workflow()` needs to be a directory (e.g. in a KNIME workspace) containing the workflow, right?

Is there a possibility to call a workflow from a `.knwf` file directly?
"
https://api.github.com/repos/knime/knimepy/issues/27,https://api.github.com/repos/knime/knimepy,https://api.github.com/repos/knime/knimepy/issues/27/labels{/name},https://api.github.com/repos/knime/knimepy/issues/27/comments,https://api.github.com/repos/knime/knimepy/issues/27/events,https://github.com/knime/knimepy/issues/27,731443969,MDU6SXNzdWU3MzE0NDM5Njk=,27,Get the Output names and order after execution,mpattadkal,,open,False,,,,1,2020-10-28T13:30:49Z,2020-12-06T00:57:33Z,,NONE,"I have 3 outputs in my KNIME workflow, and after running the workflow via Jupyter, I have to manually check wf.data_table_outputs[0], wf.data_table_outputs[1], wf.data_table_outputs[2] to understand which outputs correspond to which ""Container output (table)"" node. It would be useful to have a ""wf.data_table_outputs_names"" variable to understand the order of outputs.
![image (1)](https://user-images.githubusercontent.com/73595676/97442437-24b38e00-192a-11eb-9ca8-6fc2ec48efa1.png)
"
https://api.github.com/repos/knime/knimepy/issues/25,https://api.github.com/repos/knime/knimepy,https://api.github.com/repos/knime/knimepy/issues/25/labels{/name},https://api.github.com/repos/knime/knimepy/issues/25/comments,https://api.github.com/repos/knime/knimepy/issues/25/events,https://github.com/knime/knimepy/issues/25,719457112,MDU6SXNzdWU3MTk0NTcxMTI=,25,Use subprocess.Popen() instead of subprocess.run(),nithinth7,enhancement,open,False,applio,applio,,2,2020-10-12T15:12:20Z,2020-12-22T15:05:03Z,,NONE,"It would be great if there is an enhancement to knimepy by using subprocess.Popen() instead of subprocess.run() with the option to use subprocess.SW_HIDE on Windows platforms. The main advantage of this in my point of view, there won't be any additional window opening up everytime I execute KNIME from python.

Based on: https://forum.knime.com/t/execute-knime-from-python/27903/2"
https://api.github.com/repos/knime/knimepy/issues/24,https://api.github.com/repos/knime/knimepy,https://api.github.com/repos/knime/knimepy/issues/24/labels{/name},https://api.github.com/repos/knime/knimepy/issues/24/comments,https://api.github.com/repos/knime/knimepy/issues/24/events,https://github.com/knime/knimepy/issues/24,711919813,MDU6SXNzdWU3MTE5MTk4MTM=,24,Raise a Warning when an input is still set to None,applio,"bug, enhancement",closed,False,applio,applio,,2,2020-09-30T12:51:36Z,2020-10-23T12:04:04Z,2020-10-23T12:04:04Z,COLLABORATOR,"The behavior out of locally-executed KNIME has changed over time when attempting to run a workflow expecting one or more inputs but no input is supplied (from Python or equivalently on the command-line to KNIME).  Because the error message out of KNIME in these situations can be difficult to interpret, perhaps we should raise a Warning (but not an Exception) when execute() is called on a knime.Workflow but the default value of None is still set for one or more of the expected inputs.

Such warnings can be suppressed with a quick with-statement, whenever appropriate.

This would save users needing to parse the error log from KNIME and help quickly highlight a common potential reason for a failed execution."
https://api.github.com/repos/knime/knimepy/issues/23,https://api.github.com/repos/knime/knimepy,https://api.github.com/repos/knime/knimepy/issues/23/labels{/name},https://api.github.com/repos/knime/knimepy/issues/23/comments,https://api.github.com/repos/knime/knimepy/issues/23/events,https://github.com/knime/knimepy/issues/23,506671913,MDU6SXNzdWU1MDY2NzE5MTM=,23,Custom mapping of pandas DataFrame columns to KNIME types,applio,enhancement,open,False,,,,0,2019-10-14T13:59:04Z,2019-10-14T13:59:04Z,,COLLABORATOR,"knimepy should support custom mapping of `pandas.DataFrame` columns to particular KNIME types via an optional dict-like object.

I further suggest that we create an example for one of these dict-like objects, ideally suited for chemical data (especially SMILES data and other KNIME types typically coming from tools like RDKit) that can be used from knimepy out-of-the-box by lots of people without modification.  This example would recognize a column name pattern of '*_smiles' and the like for other formats.  Per @greglandrum suggestion:  also match the plain form of each. So ""^smiles$"", ""^smarts$"", etc."
https://api.github.com/repos/knime/knimepy/issues/22,https://api.github.com/repos/knime/knimepy,https://api.github.com/repos/knime/knimepy/issues/22/labels{/name},https://api.github.com/repos/knime/knimepy/issues/22/comments,https://api.github.com/repos/knime/knimepy/issues/22/events,https://github.com/knime/knimepy/issues/22,506265289,MDU6SXNzdWU1MDYyNjUyODk=,22,Support manual supplement to command line for batch executor,applio,"enhancement, question",open,False,applio,applio,,1,2019-10-13T02:50:19Z,2019-10-13T02:51:28Z,,COLLABORATOR,"As suggested in the forum (https://forum.knime.com/t/failure-to-run-workflows-with-database-connector-oracle-from-jupyter-notebook/18579), it might provide future flexibility to expose a way to manually supplement the command line that invokes KNIME's batch executor on local workflows.

This raises questions:  Is this a good general solution when the problem should otherwise be solved by adding formal support for missing functionality?  Should the entirety of the command line be manipulatable instead of merely permitting a supplement tacked on the end?  Will enough users find it reasonably easy to come up with their own manual supplements to the command line?"
https://api.github.com/repos/knime/knimepy/issues/20,https://api.github.com/repos/knime/knimepy,https://api.github.com/repos/knime/knimepy/issues/20/labels{/name},https://api.github.com/repos/knime/knimepy/issues/20/comments,https://api.github.com/repos/knime/knimepy/issues/20/events,https://github.com/knime/knimepy/issues/20,502401797,MDU6SXNzdWU1MDI0MDE3OTc=,20,Trap mistake of executing workflow while still open in KNIME GUI,applio,enhancement,closed,False,applio,applio,,1,2019-10-04T03:15:22Z,2020-10-15T03:26:12Z,2020-10-15T03:26:11Z,COLLABORATOR,"The often innocent but common mistake of attempting to launch a KNIME workflow via knimepy while that workflow is still open in the KNIME GUI is not as easy to recognize as it could be.

Making this mistake (launching an already open workflow via knimepy) currently results in an exception as expected.  The captured stderr (made available through knimepy currently) does also contain the error message from KNIME objecting that the workflow is locked by another KNIME instance.  But this requires the user to read through the somewhat jumbled output captured from stdout/stderr to find the one line explaining this.

The proposal is to specifically trap this error condition and raise a more communicative exception that highlights the cause (workflow is locked by another running KNIME instance).

While there are many potential situations where we could consider custom traps for different known stderr messages, this particular situation perhaps occurs more frequently than any other cause of failed workflow executions from knimepy (at least based upon the number of reports on forum.knime.com)."
https://api.github.com/repos/knime/knimepy/issues/18,https://api.github.com/repos/knime/knimepy,https://api.github.com/repos/knime/knimepy/issues/18/labels{/name},https://api.github.com/repos/knime/knimepy/issues/18/comments,https://api.github.com/repos/knime/knimepy/issues/18/events,https://github.com/knime/knimepy/issues/18,489931730,MDU6SXNzdWU0ODk5MzE3MzA=,18,Handle passing of missing values,applio,,closed,False,applio,applio,,0,2019-09-05T18:36:42Z,2020-06-16T20:47:04Z,2020-06-16T20:47:04Z,COLLABORATOR,"When a pandas DataFrame contains `NaN` values (which can often be used to represent missing values), attempts to use it as an input for a Container Input (Table) node result in failure.  If these `NaN` values are properly converted to `null` values in the JSON payload to KNIME, then the Container Input (Table) node will successfully parse them and represent them as Missing Value cells."
https://api.github.com/repos/knime/knimepy/issues/17,https://api.github.com/repos/knime/knimepy,https://api.github.com/repos/knime/knimepy/issues/17/labels{/name},https://api.github.com/repos/knime/knimepy/issues/17/comments,https://api.github.com/repos/knime/knimepy/issues/17/events,https://github.com/knime/knimepy/issues/17,489561794,MDU6SXNzdWU0ODk1NjE3OTQ=,17,Aid identification of which output is which in wf.data_table_outputs,applio,enhancement,open,False,,,,0,2019-09-05T06:51:19Z,2019-09-05T06:51:19Z,,COLLABORATOR,"In workflows with more than a single Container Table (Output) node, it would be super helpful to have a label or other way of identifying which entry is which in the `knime.Workflow.data_table_outputs` attribute.

At least one request for this has appeared on forum.knime.com.

Suggestion:  perhaps either the `parameterName` or `customDescription` can be exposed from a node's settings, so long as that information is available both for local and remote KNIME workflows."
https://api.github.com/repos/knime/knimepy/issues/16,https://api.github.com/repos/knime/knimepy,https://api.github.com/repos/knime/knimepy/issues/16/labels{/name},https://api.github.com/repos/knime/knimepy/issues/16/comments,https://api.github.com/repos/knime/knimepy/issues/16/events,https://github.com/knime/knimepy/issues/16,485107271,MDU6SXNzdWU0ODUxMDcyNzE=,16,Can't execute workflow on Ubuntu 18.04,gokhangerdan,,closed,False,,,,2,2019-08-26T08:12:36Z,2019-09-05T07:52:15Z,2019-09-05T07:52:15Z,NONE,"I tried to execute knime workflow with and without input/output container but I received this:

WARNING:root:Return code from KNIME execution was non-zero
WARNING:root:captured stdout: b''
WARNING:root:captured stderr: b'/bin/sh: 1: /home/ggerdan/knime_4.0.0.linux.gtk.x86_64/knime_4.0.0: Permission denied\n'"
https://api.github.com/repos/knime/knimepy/issues/14,https://api.github.com/repos/knime/knimepy,https://api.github.com/repos/knime/knimepy/issues/14/labels{/name},https://api.github.com/repos/knime/knimepy/issues/14/comments,https://api.github.com/repos/knime/knimepy/issues/14/events,https://github.com/knime/knimepy/issues/14,439809401,MDU6SXNzdWU0Mzk4MDk0MDE=,14,Async execution of jobs on remote KNIME Server,applio,enhancement,open,False,applio,applio,,0,2019-05-02T22:08:19Z,2019-05-02T22:08:19Z,,COLLABORATOR,Add support for the asynchronous launching of jobs on the remote KNIME Server such that one can choose to optionally check to see if results are available yet (the job finished) or block until those results are indeed available.
https://api.github.com/repos/knime/knimepy/issues/11,https://api.github.com/repos/knime/knimepy,https://api.github.com/repos/knime/knimepy/issues/11/labels{/name},https://api.github.com/repos/knime/knimepy/issues/11/comments,https://api.github.com/repos/knime/knimepy/issues/11/events,https://github.com/knime/knimepy/issues/11,433021468,MDU6SXNzdWU0MzMwMjE0Njg=,11,Execute/access remote workflows on KNIME Server,applio,enhancement,closed,False,applio,applio,,4,2019-04-14T19:19:22Z,2020-12-05T23:26:42Z,2020-12-05T23:26:42Z,COLLABORATOR,It would be useful to be able to mirror the existing functionality for working with local KNIME Workflows to be able to work with remote Workflows on a KNIME Server.
https://api.github.com/repos/knime/knimepy/issues/10,https://api.github.com/repos/knime/knimepy,https://api.github.com/repos/knime/knimepy/issues/10/labels{/name},https://api.github.com/repos/knime/knimepy/issues/10/comments,https://api.github.com/repos/knime/knimepy/issues/10/events,https://github.com/knime/knimepy/issues/10,393129972,MDU6SXNzdWUzOTMxMjk5NzI=,10,Failing test: test_container_1_input_1_output_mismatched_input_datatypes,applio,,closed,False,applio,applio,,1,2018-12-20T16:54:10Z,2020-06-16T20:46:35Z,2020-06-16T20:46:35Z,COLLABORATOR,"The test_container_1_input_1_output_mismatched_input_datatypes unit test passes against KNIME 3.6 but is failing against KNIME 3.7.

In KNIME 3.7, the behavior of the json parsers changed to throw errors if certain unexpected inputs are provided whereas in earlier versions it silently swallowed these issues and generically placed data into a String.

This test should be updated to expect the behavior of KNIME 3.7 while still passing when run against KNIME 3.6."
https://api.github.com/repos/knime/knimepy/issues/9,https://api.github.com/repos/knime/knimepy,https://api.github.com/repos/knime/knimepy/issues/9/labels{/name},https://api.github.com/repos/knime/knimepy/issues/9/comments,https://api.github.com/repos/knime/knimepy/issues/9/events,https://github.com/knime/knimepy/issues/9,377456656,MDU6SXNzdWUzNzc0NTY2NTY=,9,Add unit tests for multiple container table inputs/outputs and no container table inputs/outputs,applio,,open,False,,,,0,2018-11-05T15:42:14Z,2018-11-05T15:42:14Z,,COLLABORATOR,
https://api.github.com/repos/knime/knimepy/issues/8,https://api.github.com/repos/knime/knimepy,https://api.github.com/repos/knime/knimepy/issues/8/labels{/name},https://api.github.com/repos/knime/knimepy/issues/8/comments,https://api.github.com/repos/knime/knimepy/issues/8/events,https://github.com/knime/knimepy/issues/8,375730560,MDU6SXNzdWUzNzU3MzA1NjA=,8,Post to PyPI,applio,,closed,False,applio,applio,,1,2018-10-30T23:04:22Z,2018-12-20T16:51:20Z,2018-12-20T16:51:20Z,COLLABORATOR,"Once the publicly accessible url is known, publish availability to pypi.python.org to enable simple installation via:
pip install knime

(Current https://bitbucket.org/KNIME/knimepy is private.)"
https://api.github.com/repos/knime/knimepy/issues/7,https://api.github.com/repos/knime/knimepy,https://api.github.com/repos/knime/knimepy/issues/7/labels{/name},https://api.github.com/repos/knime/knimepy/issues/7/comments,https://api.github.com/repos/knime/knimepy/issues/7/events,https://github.com/knime/knimepy/issues/7,375081914,MDU6SXNzdWUzNzUwODE5MTQ=,7,Expose node description metadata,applio,enhancement,open,False,,,,5,2018-10-29T15:44:53Z,2018-10-31T22:18:02Z,,COLLABORATOR,"Greg comment:
Figure out what we want to do about the node annotations/titles thing. This might have different answers on the server and locally."
https://api.github.com/repos/knime/knimepy/issues/6,https://api.github.com/repos/knime/knimepy,https://api.github.com/repos/knime/knimepy/issues/6/labels{/name},https://api.github.com/repos/knime/knimepy/issues/6/comments,https://api.github.com/repos/knime/knimepy/issues/6/events,https://github.com/knime/knimepy/issues/6,375080600,MDU6SXNzdWUzNzUwODA2MDA=,6,Alter Workflow to accept workspace separately from workflow,applio,,closed,False,,,,1,2018-10-29T15:42:21Z,2018-10-30T21:20:30Z,2018-10-30T21:20:29Z,COLLABORATOR,"Per Greg's request:

Fix the way workflows are referenced. I believe that we should do:
wf = knime.Workflow(workspace=""/path/to/workspace"",workflow=""/path/in/workflow_repo"")
so that it's consistent with the way KNIME works.
When we start supporting the server in a future version, this is then something like:
wf = knime.Workflow(server=""https://the_url"",workflow=""/path/in/workflow_repo"")  
"
https://api.github.com/repos/knime/knimepy/issues/5,https://api.github.com/repos/knime/knimepy,https://api.github.com/repos/knime/knimepy/issues/5/labels{/name},https://api.github.com/repos/knime/knimepy/issues/5/comments,https://api.github.com/repos/knime/knimepy/issues/5/events,https://github.com/knime/knimepy/issues/5,375079863,MDU6SXNzdWUzNzUwNzk4NjM=,5,Migrate to bitbucket and set license,applio,,closed,False,applio,applio,,1,2018-10-29T15:40:54Z,2018-10-30T22:41:52Z,2018-10-30T22:41:52Z,COLLABORATOR,
https://api.github.com/repos/knime/knimepy/issues/4,https://api.github.com/repos/knime/knimepy,https://api.github.com/repos/knime/knimepy/issues/4/labels{/name},https://api.github.com/repos/knime/knimepy/issues/4/comments,https://api.github.com/repos/knime/knimepy/issues/4/events,https://github.com/knime/knimepy/issues/4,375076016,MDU6SXNzdWUzNzUwNzYwMTY=,4,Add test for KNIME's behavior when user improperly labels types on input,applio,enhancement,closed,False,,,,1,2018-10-29T15:33:06Z,2018-10-30T21:43:47Z,2018-10-30T21:43:47Z,COLLABORATOR,"If the types are improperly declared by the user, then hopefully it bombs out and doesn't try to change everything into a String in the service table input node but I have not yet tested this to see what it does (we should test it to find out)."
https://api.github.com/repos/knime/knimepy/issues/3,https://api.github.com/repos/knime/knimepy,https://api.github.com/repos/knime/knimepy/issues/3/labels{/name},https://api.github.com/repos/knime/knimepy/issues/3/comments,https://api.github.com/repos/knime/knimepy/issues/3/events,https://github.com/knime/knimepy/issues/3,375074274,MDU6SXNzdWUzNzUwNzQyNzQ=,3,Mechanism for providing variable inputs to workflows,applio,enhancement,open,False,,,,2,2018-10-29T15:29:41Z,2021-05-25T13:13:59Z,,COLLABORATOR,"Greg Landrum originally wrote:
We also need some way to provide variable inputs to the workflow.
Is that best done:   wf.set_variable_inputs(**kwargs)"
https://api.github.com/repos/knime/knimepy/issues/2,https://api.github.com/repos/knime/knimepy,https://api.github.com/repos/knime/knimepy/issues/2/labels{/name},https://api.github.com/repos/knime/knimepy/issues/2/comments,https://api.github.com/repos/knime/knimepy/issues/2/events,https://github.com/knime/knimepy/issues/2,361129829,MDU6SXNzdWUzNjExMjk4Mjk=,2,Default behavior should not be to save workflow after execution,applio,,closed,False,applio,applio,,1,2018-09-18T04:19:08Z,2018-10-29T15:09:59Z,2018-10-29T15:09:59Z,COLLABORATOR,"Option should be exposed to control this behavior but by default it should be ""no save""."
