URL,Repository URL,Labels URL,Comments URL,Events URL,HTML URL,ID,Node ID,Number,Title,User,Labels,State,Locked,Assignee,Assignees,Milestone,Comments,Created At,Updated At,Closed At,Author Association,Body
https://api.github.com/repos/knime/knime-base/issues/2,https://api.github.com/repos/knime/knime-base,https://api.github.com/repos/knime/knime-base/issues/2/labels{/name},https://api.github.com/repos/knime/knime-base/issues/2/comments,https://api.github.com/repos/knime/knime-base/issues/2/events,https://github.com/knime/knime-base/issues/2,1007807172,I_kwDOCcydfc48EerE,2,Import knime-base to Eclipse workspace,mbio16,,open,False,,,,0,2021-09-27T07:39:24Z,2021-09-27T07:40:19Z,,NONE,"Hi, 

I have setup Eclipse workspace with knime SDK and I am able to run example project. I would like to make a node with FileSystemPortObject but I cannot find how to import knime-base to be able see this type of connection type in workspace. 

Thanks, for any suggestions.
"
https://api.github.com/repos/knime/knime-base/issues/1,https://api.github.com/repos/knime/knime-base,https://api.github.com/repos/knime/knime-base/issues/1/labels{/name},https://api.github.com/repos/knime/knime-base/issues/1/comments,https://api.github.com/repos/knime/knime-base/issues/1/events,https://github.com/knime/knime-base/issues/1,735081817,MDU6SXNzdWU3MzUwODE4MTc=,1,"failed to build on AArch64, CentOS 8 ",LutzWeischerFujitsu,,open,False,,,,0,2020-11-03T07:16:05Z,2020-11-03T07:16:05Z,,NONE,"mvn install -DskipTests

results in 

[WARNING] The POM for com.nuance.clu.maven:maven-feature-branch-extension:jar:0.6.0 is missing, no dependency information available
[WARNING] Failed to read extensions descriptor /data/jw/knime/knime-base/.mvn/extensions.xml: Plugin com.nuance.clu.maven:maven-feature-branch-extension:0.6.0 or one of its dependencies could not be resolved: Failure to find com.nuance.clu.maven:maven-feature-branch-extension:jar:0.6.0 in https://repo.maven.apache.org/maven2 was cached in the local repository, resolution will not be reattempted until the update interval of central has elapsed or updates are forced
[INFO] Scanning for projects...
[ERROR] [ERROR] Some problems were encountered while processing the POMs:
[FATAL] Non-resolvable parent POM for org.knime:knime-base:${revision}${changelist}: Could not transfer artifact org.knime.maven:ap.parent:pom:4.3.0 from/to p2-knime-core (${knime.core.p2}): Cannot access ${knime.core.p2} with type p2 using the available connector factories: BasicRepositoryConnectorFactory and 'parent.relativePath' points at wrong local POM @ line 5, column 10
 @
[ERROR] The build could not read 1 project -> [Help 1]
[ERROR]
[ERROR]   The project org.knime:knime-base:${revision}${changelist} (/data/jw/knime/knime-base/pom.xml) has 1 error
[ERROR]     Non-resolvable parent POM for org.knime:knime-base:${revision}${changelist}: Could not transfer artifact org.knime.maven:ap.parent:pom:4.3.0 from/to p2-knime-core (${knime.core.p2}): Cannot access ${knime.core.p2} with type p2 using the available connector factories: BasicRepositoryConnectorFactory and 'parent.relativePath' points at wrong local POM @ line 5, column 10: Cannot access ${knime.core.p2} with type p2 using the available layout factories: Maven2RepositoryLayoutFactory: Unsupported repository layout p2 -> [Help 2]
[ERROR]
[ERROR] To see the full stack trace of the errors, re-run Maven with the -e switch.
[ERROR] Re-run Maven using the -X switch to enable full debug logging.
[ERROR]
[ERROR] For more information about the errors and possible solutions, please read the following articles:
[ERROR] [Help 1] http://cwiki.apache.org/confluence/display/MAVEN/ProjectBuildingException
[ERROR] [Help 2] http://cwiki.apache.org/confluence/display/MAVEN/UnresolvableModelException"
